{"image": "00042020-759b-11ee-80d2-fcb3bc5cd112.jpg", "bboxes": [[0.4293924050632911, 0.29713924050632906, 0.4749620253164555, 0.3541012658227848], [0.46989873417721517, 0.2996708860759493, 0.5205316455696203, 0.34524050632911396], [0.3698987341772152, 0.27562025316455696, 0.4053417721518986, 0.31486075949367087]], "class": 3}