{"image": "00042020-759b-11ee-80d2-fcb3bc5cd112.jpg", "bboxes": [[0.27703797468354446, 0.29713924050632906, 0.3226075949367089, 0.3541012658227848], [0.2314683544303797, 0.2996708860759493, 0.28210126582278483, 0.34524050632911396], [0.3466582278481014, 0.27562025316455696, 0.38210126582278486, 0.31486075949367087]], "class": 3}