{"image": "00042020-759b-11ee-80d2-fcb3bc5cd112.jpg", "bboxes": [[0.1473924050632911, 0.6498987341772152, 0.19296202531645557, 0.7068607594936709], [0.18789873417721514, 0.658759493670886, 0.23853164556962025, 0.7043291139240506], [0.08789873417721517, 0.6891392405063291, 0.12334177215189857, 0.728379746835443]], "class": 3}