{"image": "00042020-759b-11ee-80d2-fcb3bc5cd112.jpg", "bboxes": [[0.9674683544303797, 0.32167088607594935, 1.0, 0.3672405063291139]], "class": 1}