{"image": "00042020-759b-11ee-80d2-fcb3bc5cd112.jpg", "bboxes": [[0.8830379746835445, 0.3311392405063291, 0.9286075949367089, 0.3881012658227848], [0.8374683544303797, 0.33367088607594936, 0.8881012658227848, 0.37924050632911394], [0.9526582278481014, 0.309620253164557, 0.9881012658227849, 0.34886075949367085]], "class": 3}