{"image": "00042020-759b-11ee-80d2-fcb3bc5cd112.jpg", "bboxes": [[0.6600379746835444, 0.6208987341772152, 0.7056075949367089, 0.677860759493671], [0.6144683544303797, 0.6297594936708861, 0.6651012658227848, 0.6753291139240507], [0.7296582278481014, 0.6601392405063291, 0.7651012658227848, 0.699379746835443]], "class": 3}