{"image": "00042020-759b-11ee-80d2-fcb3bc5cd112.jpg", "bboxes": [[0.5563924050632911, 0.2551392405063291, 0.6019620253164555, 0.3121012658227848], [0.5968987341772152, 0.25767088607594935, 0.6475316455696203, 0.3032405063291139], [0.4968987341772152, 0.23362025316455698, 0.5323417721518986, 0.27286075949367083]], "class": 3}