{"image": "00042020-759b-11ee-80d2-fcb3bc5cd112.jpg", "bboxes": [[0.8210379746835444, 0.30613924050632907, 0.8666075949367089, 0.3631012658227848], [0.7754683544303796, 0.30867088607594934, 0.8261012658227849, 0.35424050632911397], [0.8906582278481014, 0.28462025316455697, 0.9261012658227848, 0.3238607594936709]], "class": 3}