{"image": "00042020-759b-11ee-80d2-fcb3bc5cd112.jpg", "bboxes": [[0.6423924050632911, 0.6558987341772152, 0.6879620253164556, 0.7128607594936709], [0.6828987341772151, 0.664759493670886, 0.7335316455696204, 0.7103291139240506], [0.5828987341772152, 0.6951392405063291, 0.6183417721518986, 0.734379746835443]], "class": 3}