{"image": "00042020-759b-11ee-80d2-fcb3bc5cd112.jpg", "bboxes": [[0.9874683544303797, 0.6827594936708861, 1.0, 0.7283291139240506]], "class": 1}