{"image": "00042020-759b-11ee-80d2-fcb3bc5cd112.jpg", "bboxes": [[0.7420379746835445, 0.6168987341772152, 0.7876075949367088, 0.673860759493671], [0.6964683544303797, 0.6257594936708861, 0.7471012658227848, 0.6713291139240507], [0.8116582278481015, 0.6561392405063291, 0.8471012658227849, 0.695379746835443]], "class": 3}