{"image": "00042020-759b-11ee-80d2-fcb3bc5cd112.jpg", "bboxes": [[0.16739240506329112, 0.6758987341772151, 0.21296202531645558, 0.7328607594936709], [0.20789873417721516, 0.6847594936708861, 0.25853164556962027, 0.7303291139240506], [0.10789873417721518, 0.7151392405063292, 0.14334177215189858, 0.7543797468354431]], "class": 3}