{"image": "01ff08e9-759b-11ee-b5b3-fcb3bc5cd112.jpg", "bboxes": [[0.6751518987341774, 0.3885316455696203, 0.7181898734177214, 0.4328354430379747], [0.7093291139240506, 0.3923291139240506, 0.7523670886075949, 0.42650632911392405], [0.7624936708860759, 0.38979746835443035, 0.7941392405063291, 0.4239746835443038], [0.6384430379746835, 0.34675949367088604, 0.673886075949367, 0.37840506329113927]], "class": 4}