{"image": "01ff08e9-759b-11ee-b5b3-fcb3bc5cd112.jpg", "bboxes": [[0.6551518987341773, 0.3905316455696203, 0.6981898734177215, 0.4348354430379747], [0.6893291139240506, 0.3943291139240506, 0.732367088607595, 0.42850632911392406], [0.742493670886076, 0.39179746835443036, 0.7741392405063291, 0.4259746835443038], [0.6184430379746835, 0.34875949367088604, 0.653886075949367, 0.38040506329113927]], "class": 4}