{"image": "01ff08e9-759b-11ee-b5b3-fcb3bc5cd112.jpg", "bboxes": [[0.1061518987341773, 0.41053164556962024, 0.1491898734177215, 0.4548354430379747], [0.14032911392405056, 0.4143291139240506, 0.18336708860759499, 0.448506329113924], [0.19349367088607594, 0.4117974683544304, 0.22513924050632905, 0.4459746835443038], [0.06944303797468343, 0.36875949367088606, 0.10488607594936694, 0.40040506329113923]], "class": 4}