{"image": "01ff08e9-759b-11ee-b5b3-fcb3bc5cd112.jpg", "bboxes": [[0.030810126582278486, 0.39953164556962023, 0.07384810126582272, 0.4438354430379747], [0.0, 0.4033291139240506, 0.039670886075949395, 0.43750632911392406], [0.07511392405063305, 0.35775949367088605, 0.11055696202531658, 0.3894050632911392]], "class": 3}