{"image": "01ff08e9-759b-11ee-b5b3-fcb3bc5cd112.jpg", "bboxes": [[0.5631518987341773, 0.37953164556962027, 0.6061898734177216, 0.4238354430379747], [0.5973291139240506, 0.3833291139240506, 0.640367088607595, 0.41750632911392405], [0.650493670886076, 0.38079746835443035, 0.6821392405063291, 0.4149746835443038], [0.5264430379746834, 0.33775949367088604, 0.5618860759493669, 0.36940506329113926]], "class": 4}