{"image": "01ff08e9-759b-11ee-b5b3-fcb3bc5cd112.jpg", "bboxes": [[0.13481012658227848, 0.40053164556962023, 0.17784810126582273, 0.4448354430379747], [0.10063291139240504, 0.4043291139240506, 0.1436708860759494, 0.43850632911392406], [0.058860759493670915, 0.40179746835443036, 0.09050632911392403, 0.4359746835443038], [0.17911392405063303, 0.35875949367088605, 0.21455696202531657, 0.3904050632911392]], "class": 4}