{"image": "01ff08e9-759b-11ee-b5b3-fcb3bc5cd112.jpg", "bboxes": [[0.7171518987341773, 0.41853164556962025, 0.7601898734177215, 0.4628354430379747], [0.7513291139240506, 0.4223291139240506, 0.794367088607595, 0.456506329113924], [0.8044936708860759, 0.4197974683544303, 0.836139240506329, 0.4539746835443038], [0.6804430379746834, 0.37675949367088607, 0.7158860759493669, 0.40840506329113924]], "class": 4}