{"image": "01ff08e9-759b-11ee-b5b3-fcb3bc5cd112.jpg", "bboxes": [[0.6688101265822785, 0.36753164556962026, 0.7118481012658228, 0.4118354430379747], [0.6346329113924051, 0.3713291139240506, 0.6776708860759494, 0.40550632911392404], [0.5928607594936709, 0.36879746835443034, 0.624506329113924, 0.40297468354430377], [0.713113924050633, 0.3257594936708861, 0.7485569620253166, 0.35740506329113925]], "class": 4}