{"image": "01ff08e9-759b-11ee-b5b3-fcb3bc5cd112.jpg", "bboxes": [[0.6621518987341772, 0.43653164556962026, 0.7051898734177215, 0.4808354430379747], [0.6963291139240506, 0.4403291139240506, 0.7393670886075949, 0.47450632911392404], [0.749493670886076, 0.43779746835443034, 0.7811392405063291, 0.4719746835443038], [0.6254430379746834, 0.3947594936708861, 0.6608860759493669, 0.42640506329113925]], "class": 4}