{"image": "02feb736-759c-11ee-bd31-fcb3bc5cd112.jpg", "bboxes": [[0.2849493670886077, 0.7086582278481013, 0.33811392405063306, 0.756759493670886], [0.24317721518987342, 0.6985316455696202, 0.28621518987341776, 0.7542278481012659], [0.4748227848101267, 0.5428354430379747, 0.5621645569620255, 0.6263797468354431], [0.4001392405063292, 0.5377721518987342, 0.4925443037974685, 0.6251139240506329]], "class": 4}