{"image": "02feb736-759c-11ee-bd31-fcb3bc5cd112.jpg", "bboxes": [[0.6949493670886077, 0.24024050632911395, 0.748113924050633, 0.2883417721518987], [0.6531772151898735, 0.2427721518987342, 0.6962151898734178, 0.2984683544303797], [0.8848227848101267, 0.370620253164557, 0.9721645569620254, 0.4541645569620253], [0.8101392405063292, 0.37188607594936707, 0.9025443037974685, 0.4592278481012658]], "class": 4}