{"image": "02feb736-759c-11ee-bd31-fcb3bc5cd112.jpg", "bboxes": [[0.4809493670886077, 0.21224050632911395, 0.5341139240506331, 0.26034177215189874], [0.43917721518987346, 0.2147721518987342, 0.48221518987341777, 0.27046835443037975], [0.6708227848101267, 0.34262025316455696, 0.7581645569620254, 0.4261645569620253], [0.5961392405063292, 0.34388607594936704, 0.6885443037974684, 0.4312278481012658]], "class": 4}