{"image": "02feb736-759c-11ee-bd31-fcb3bc5cd112.jpg", "bboxes": [[0.867886075949367, 0.26024050632911394, 0.9210506329113923, 0.30834177215189873], [0.9197848101265822, 0.2627721518987342, 0.9628227848101265, 0.31846835443037974], [0.6438354430379745, 0.39062025316455695, 0.7311772151898733, 0.4741645569620253], [0.7134556962025316, 0.3918860759493671, 0.8058607594936709, 0.4792278481012658]], "class": 4}