{"image": "02feb736-759c-11ee-bd31-fcb3bc5cd112.jpg", "bboxes": [[0.8629493670886077, 0.23124050632911394, 0.9161139240506331, 0.27934177215189876], [0.8211772151898734, 0.23377215189873418, 0.8642151898734178, 0.28946835443037977], [0.9781392405063292, 0.36288607594936706, 1.0, 0.4502278481012658]], "class": 3}