{"image": "02feb736-759c-11ee-bd31-fcb3bc5cd112.jpg", "bboxes": [[0.32294936708860766, 0.25124050632911393, 0.37611392405063304, 0.2993417721518987], [0.28117721518987343, 0.2537721518987342, 0.3242151898734178, 0.30946835443037973], [0.5128227848101267, 0.38162025316455694, 0.6001645569620254, 0.4651645569620253], [0.4381392405063292, 0.3828860759493671, 0.5305443037974685, 0.47022784810126583]], "class": 4}