{"image": "02feb736-759c-11ee-bd31-fcb3bc5cd112.jpg", "bboxes": [[0.628886075949367, 0.23624050632911395, 0.6820506329113923, 0.28434177215189876], [0.6807848101265822, 0.2387721518987342, 0.7238227848101266, 0.2944683544303798], [0.4048354430379745, 0.366620253164557, 0.49217721518987334, 0.4501645569620253], [0.4744556962025315, 0.36788607594936706, 0.5668607594936708, 0.4552278481012658]], "class": 4}