{"image": "02feb736-759c-11ee-bd31-fcb3bc5cd112.jpg", "bboxes": [[0.14588607594936698, 0.6786582278481013, 0.19905063291139236, 0.7267594936708861], [0.19778481012658222, 0.6685316455696202, 0.24082278481012653, 0.7242278481012658], [0.0, 0.5128354430379747, 0.009177215189873356, 0.596379746835443], [0.0, 0.5077721518987341, 0.08386075949367078, 0.5951139240506329]], "class": 4}