{"image": "02feb736-759c-11ee-bd31-fcb3bc5cd112.jpg", "bboxes": [[0.0, 0.7436582278481012, 0.03311392405063304, 0.791759493670886], [0.16982278481012666, 0.5778354430379746, 0.25716455696202545, 0.661379746835443], [0.0951392405063292, 0.5727721518987342, 0.1875443037974685, 0.6601139240506328]], "class": 3}