{"image": "02feb736-759c-11ee-bd31-fcb3bc5cd112.jpg", "bboxes": [[0.5659493670886077, 0.7006582278481013, 0.619113924050633, 0.7487594936708861], [0.5241772151898735, 0.6905316455696202, 0.5672151898734178, 0.7462278481012659], [0.7558227848101267, 0.5348354430379747, 0.8431645569620255, 0.6183797468354431], [0.6811392405063292, 0.5297721518987342, 0.7735443037974685, 0.6171139240506329]], "class": 4}