{"image": "02feb736-759c-11ee-bd31-fcb3bc5cd112.jpg", "bboxes": [[0.742886075949367, 0.6876582278481013, 0.7960506329113923, 0.735759493670886], [0.7947848101265822, 0.6775316455696203, 0.8378227848101265, 0.7332278481012657], [0.5188354430379745, 0.5218354430379747, 0.6061772151898733, 0.605379746835443], [0.5884556962025316, 0.5167721518987343, 0.6808607594936709, 0.6041139240506329]], "class": 4}