{"image": "0301e55a-6b43-11ee-acc5-fcb3bc5cd112.jpg", "bboxes": [[0.003268292682927054, 0.4917560975609756, 0.09473170731707314, 0.5685853658536586], [0.07643902439024397, 0.48565853658536584, 0.175219512195122, 0.5600487804878048], [0.226439024390244, 0.5527317073170732, 0.29351219512195126, 0.5978536585365855]], "class": 3}