{"image": "0301e55a-6b43-11ee-acc5-fcb3bc5cd112.jpg", "bboxes": [[0.8842682926829268, 0.4877560975609756, 0.9757317073170729, 0.5645853658536586], [0.803780487804878, 0.48165853658536584, 0.902560975609756, 0.5560487804878048], [0.6854878048780488, 0.5487317073170732, 0.752560975609756, 0.5938536585365854]], "class": 3}