{"image": "045d3699-759c-11ee-ba6f-fcb3bc5cd112.jpg", "bboxes": [[0.9139367088607595, 0.7053291139240507, 0.9506455696202532, 0.7521645569620253], [0.8784936708860759, 0.709126582278481, 0.9202658227848101, 0.758493670886076], [0.7569746835443036, 0.6065949367088608, 0.8139367088607595, 0.6787468354430379], [0.8088734177215189, 0.6078607594936709, 0.8671012658227846, 0.6648227848101266]], "class": 4}