{"image": "045d3699-759c-11ee-ba6f-fcb3bc5cd112.jpg", "bboxes": [[0.6513544303797468, 0.2548354430379747, 0.6880632911392405, 0.30167088607594933], [0.6817341772151899, 0.24850632911392403, 0.7235063291139242, 0.297873417721519], [0.7880632911392405, 0.328253164556962, 0.8450253164556963, 0.40040506329113923], [0.7348987341772154, 0.34217721518987343, 0.7931265822784811, 0.3991392405063291]], "class": 4}