{"image": "045d3699-759c-11ee-ba6f-fcb3bc5cd112.jpg", "bboxes": [[0.3999367088607595, 0.2218354430379747, 0.43664556962025314, 0.26867088607594936], [0.36449367088607587, 0.21550632911392403, 0.40626582278481005, 0.264873417721519], [0.24297468354430363, 0.29525316455696204, 0.2999367088607595, 0.36740506329113926], [0.29487341772151887, 0.30917721518987346, 0.35310126582278467, 0.36613924050632907]], "class": 4}