{"image": "045d3699-759c-11ee-ba6f-fcb3bc5cd112.jpg", "bboxes": [[0.08235443037974688, 0.7243291139240506, 0.11906329113924051, 0.7711645569620253], [0.1127341772151899, 0.728126582278481, 0.15450632911392415, 0.777493670886076], [0.2190632911392405, 0.6255949367088607, 0.2760253164556964, 0.6977468354430381], [0.16589873417721537, 0.6268607594936709, 0.22412658227848112, 0.6838227848101266]], "class": 4}