{"image": "045d3699-759c-11ee-ba6f-fcb3bc5cd112.jpg", "bboxes": [[0.9329367088607595, 0.6773291139240507, 0.9696455696202532, 0.7241645569620253], [0.8974936708860759, 0.681126582278481, 0.9392658227848101, 0.730493670886076], [0.7759746835443037, 0.5785949367088608, 0.8329367088607595, 0.6507468354430379], [0.8278734177215189, 0.5798607594936709, 0.8861012658227846, 0.6368227848101266]], "class": 4}