{"image": "06ee2717-6b44-11ee-9e71-fcb3bc5cd112.jpg", "bboxes": [[0.3646829268292681, 0.47636585365853656, 0.40492682926829254, 0.5092926829268292], [0.3659024390243901, 0.47636585365853656, 0.4146829268292681, 0.5202682926829268]], "class": 2}