{"image": "06ee2717-6b44-11ee-9e71-fcb3bc5cd112.jpg", "bboxes": [[0.4440731707317075, 0.4997073170731708, 0.4843170731707319, 0.5326341463414634], [0.43431707317073187, 0.4887317073170731, 0.48309756097560985, 0.5326341463414634]], "class": 2}