{"image": "06ee2717-6b44-11ee-9e71-fcb3bc5cd112.jpg", "bboxes": [[0.2826829268292681, 0.45370731707317075, 0.3229268292682925, 0.4866341463414634], [0.2839024390243901, 0.4427317073170731, 0.33268292682926814, 0.4866341463414634]], "class": 2}