{"image": "06ee2717-6b44-11ee-9e71-fcb3bc5cd112.jpg", "bboxes": [[0.0, 0.47236585365853656, 0.008317073170731826, 0.5052926829268292], [0.0, 0.47236585365853656, 0.007097560975609873, 0.5162682926829268]], "class": 2}