{"image": "06ee2717-6b44-11ee-9e71-fcb3bc5cd112.jpg", "bboxes": [[0.7296829268292682, 0.5097073170731707, 0.7699268292682925, 0.5426341463414635], [0.7309024390243901, 0.4987317073170731, 0.7796829268292681, 0.5426341463414635]], "class": 2}