{"image": "06ee2717-6b44-11ee-9e71-fcb3bc5cd112.jpg", "bboxes": [[0.7316829268292682, 0.47870731707317077, 0.7719268292682925, 0.5116341463414634], [0.7329024390243901, 0.46773170731707314, 0.7816829268292681, 0.5116341463414634]], "class": 2}