{"image": "06ee2717-6b44-11ee-9e71-fcb3bc5cd112.jpg", "bboxes": [[0.1990731707317075, 0.4997073170731708, 0.23931707317073192, 0.5326341463414634], [0.18931707317073188, 0.4887317073170731, 0.23809756097560986, 0.5326341463414634]], "class": 2}