{"image": "06ee2717-6b44-11ee-9e71-fcb3bc5cd112.jpg", "bboxes": [[0.8376829268292681, 0.47536585365853656, 0.8779268292682926, 0.5082926829268293], [0.8389024390243901, 0.47536585365853656, 0.8876829268292681, 0.5192682926829268]], "class": 2}