{"image": "06ee2717-6b44-11ee-9e71-fcb3bc5cd112.jpg", "bboxes": [[0.6070731707317074, 0.5063658536585366, 0.6473170731707318, 0.5392926829268292], [0.5973170731707318, 0.5063658536585366, 0.6460975609756099, 0.5502682926829269]], "class": 2}