{"image": "06ee2717-6b44-11ee-9e71-fcb3bc5cd112.jpg", "bboxes": [[0.3410731707317075, 0.5117073170731707, 0.3813170731707318, 0.5446341463414635], [0.3313170731707319, 0.5007317073170732, 0.38009756097560987, 0.5446341463414635]], "class": 2}