{"image": "07150af8-759c-11ee-917e-fcb3bc5cd112.jpg", "bboxes": [[0.8777974683544305, 0.5460379746835443, 0.9575443037974685, 0.633379746835443]], "class": 1}