{"image": "07150af8-759c-11ee-917e-fcb3bc5cd112.jpg", "bboxes": [[0.4984556962025315, 0.34862025316455697, 0.5782025316455695, 0.4359620253164557]], "class": 1}