{"image": "07150af8-759c-11ee-917e-fcb3bc5cd112.jpg", "bboxes": [[0.21245569620253146, 0.5480379746835443, 0.29220253164556953, 0.635379746835443]], "class": 1}