{"image": "07150af8-759c-11ee-917e-fcb3bc5cd112.jpg", "bboxes": [[0.2434556962025315, 0.5570379746835443, 0.32320253164556945, 0.6443797468354431]], "class": 1}