{"image": "07150af8-759c-11ee-917e-fcb3bc5cd112.jpg", "bboxes": [[0.8437974683544305, 0.379620253164557, 0.9235443037974685, 0.4669620253164557]], "class": 1}