{"image": "086839fd-759c-11ee-95e8-fcb3bc5cd112.jpg", "bboxes": [[0.35572151898734183, 0.2880886075949367, 0.5025569620253166, 0.43618987341772153]], "class": 1}