{"image": "086839fd-759c-11ee-95e8-fcb3bc5cd112.jpg", "bboxes": [[0.5857215189873418, 0.2730886075949367, 0.7325569620253166, 0.4211898734177215]], "class": 1}