{"image": "086839fd-759c-11ee-95e8-fcb3bc5cd112.jpg", "bboxes": [[0.41572151898734183, 0.6058101265822785, 0.5625569620253166, 0.7539113924050633]], "class": 1}