{"image": "086839fd-759c-11ee-95e8-fcb3bc5cd112.jpg", "bboxes": [[0.42872151898734184, 0.5998101265822785, 0.5755569620253166, 0.7479113924050633]], "class": 1}