{"image": "086839fd-759c-11ee-95e8-fcb3bc5cd112.jpg", "bboxes": [[0.4234430379746834, 0.5598101265822785, 0.5702784810126582, 0.7079113924050633]], "class": 1}