{"image": "097c8f2b-6b42-11ee-820c-fcb3bc5cd112.jpg", "bboxes": [[0.0, 0.3808780487804878, 0.013926829268292695, 0.4430731707317073], [0.3980731707317072, 0.4186829268292683, 0.4700243902439024, 0.45770731707317075], [0.8919756097560976, 0.3406341463414634, 0.933439024390244, 0.3686829268292683], [0.8480731707317073, 0.3296585365853658, 0.8883170731707317, 0.3711219512195122]], "class": 4}