{"image": "097c8f2b-6b42-11ee-820c-fcb3bc5cd112.jpg", "bboxes": [[0.6719756097560976, 0.4036829268292683, 0.7439268292682928, 0.4427073170731708], [0.2085609756097561, 0.3256341463414634, 0.2500243902439025, 0.3536829268292683], [0.2536829268292683, 0.3146585365853658, 0.29392682926829267, 0.3561219512195122]], "class": 3}