{"image": "097c8f2b-6b42-11ee-820c-fcb3bc5cd112.jpg", "bboxes": [[0.7840731707317072, 0.3918780487804878, 0.8913902439024389, 0.45407317073170733], [0.3279756097560976, 0.4296829268292683, 0.39992682926829276, 0.46870731707317076]], "class": 2}