{"image": "097c8f2b-6b42-11ee-820c-fcb3bc5cd112.jpg", "bboxes": [[0.0066097560975610925, 0.5009268292682927, 0.11392682926829278, 0.5631219512195123], [0.4980731707317072, 0.48629268292682926, 0.5700243902439024, 0.5253170731707317], [0.9919756097560976, 0.5753170731707318, 1.0, 0.6033658536585366], [0.9480731707317073, 0.5728780487804879, 0.9883170731707317, 0.6143414634146342]], "class": 4}