{"image": "09c21796-759c-11ee-9c3f-fcb3bc5cd112.jpg", "bboxes": [[0.7917974683544303, 0.34362025316455697, 0.837367088607595, 0.39805063291139237], [0.7398987341772152, 0.3385569620253165, 0.798126582278481, 0.3929873417721519], [0.3854683544303795, 0.4474177215189874, 0.4728101265822784, 0.5309620253164556], [0.3183797468354428, 0.43855696202531647, 0.4069873417721517, 0.5170379746835443]], "class": 4}