{"image": "09c21796-759c-11ee-9c3f-fcb3bc5cd112.jpg", "bboxes": [[0.45079746835443024, 0.5959493670886076, 0.49636708860759493, 0.6503797468354431], [0.3988987341772152, 0.6010126582278481, 0.457126582278481, 0.6554430379746835], [0.04446835443037955, 0.46303797468354435, 0.13181012658227842, 0.5465822784810126], [0.0, 0.4769620253164558, 0.06598734177215171, 0.5554430379746835]], "class": 4}