{"image": "09c21796-759c-11ee-9c3f-fcb3bc5cd112.jpg", "bboxes": [[0.6566329113924051, 0.6029493670886077, 0.7022025316455697, 0.657379746835443], [0.695873417721519, 0.6080126582278481, 0.7541012658227847, 0.6624430379746835]], "class": 2}