{"image": "09c21796-759c-11ee-9c3f-fcb3bc5cd112.jpg", "bboxes": [[0.7037974683544304, 0.33162025316455696, 0.7493670886075949, 0.38605063291139236], [0.6518987341772153, 0.3265569620253165, 0.710126582278481, 0.3809873417721519], [0.29746835443037956, 0.4354177215189874, 0.3848101265822784, 0.5189620253164556], [0.23037974683544282, 0.42655696202531646, 0.3189873417721517, 0.5050379746835443]], "class": 4}