{"image": "09c21796-759c-11ee-9c3f-fcb3bc5cd112.jpg", "bboxes": [[0.15363291139240504, 0.6049493670886077, 0.1992025316455697, 0.659379746835443], [0.192873417721519, 0.6100126582278481, 0.25110126582278475, 0.6644430379746835], [0.5181898734177216, 0.47203797468354436, 0.6055316455696205, 0.5555822784810126], [0.5840126582278483, 0.4859620253164557, 0.6726202531645572, 0.5644430379746835]], "class": 4}