{"image": "09c21796-759c-11ee-9c3f-fcb3bc5cd112.jpg", "bboxes": [[0.726632911392405, 0.5749493670886077, 0.7722025316455697, 0.629379746835443], [0.765873417721519, 0.5800126582278482, 0.8241012658227848, 0.6344430379746835]], "class": 2}