{"image": "09c21796-759c-11ee-9c3f-fcb3bc5cd112.jpg", "bboxes": [[0.23663291139240505, 0.40862025316455697, 0.2822025316455697, 0.46305063291139237], [0.27587341772151897, 0.4035569620253165, 0.33410126582278477, 0.4579873417721519], [0.6011898734177217, 0.5124177215189873, 0.6885316455696204, 0.5959620253164557], [0.6670126582278483, 0.5035569620253164, 0.7556202531645572, 0.5820379746835442]], "class": 4}