{"image": "09c21796-759c-11ee-9c3f-fcb3bc5cd112.jpg", "bboxes": [[0.608632911392405, 0.5419493670886076, 0.6542025316455697, 0.596379746835443], [0.647873417721519, 0.5470126582278481, 0.7061012658227848, 0.6014430379746836], [0.9731898734177217, 0.4090379746835443, 1.0, 0.49258227848101266]], "class": 3}