{"image": "09c21796-759c-11ee-9c3f-fcb3bc5cd112.jpg", "bboxes": [[0.8297974683544302, 0.356620253164557, 0.8753670886075949, 0.4110506329113924], [0.7778987341772152, 0.35155696202531644, 0.836126582278481, 0.40598734177215184], [0.42346835443037956, 0.46041772151898736, 0.5108101265822784, 0.5439620253164557], [0.3563797468354428, 0.4515569620253165, 0.4449873417721517, 0.5300379746835442]], "class": 4}