{"image": "09c21796-759c-11ee-9c3f-fcb3bc5cd112.jpg", "bboxes": [[0.9477974683544304, 0.39962025316455696, 0.9933670886075949, 0.45405063291139236], [0.8958987341772152, 0.3945569620253165, 0.954126582278481, 0.4489873417721519], [0.5414683544303796, 0.5034177215189873, 0.6288101265822783, 0.5869620253164557], [0.4743797468354428, 0.49455696202531646, 0.5629873417721517, 0.5730379746835442]], "class": 4}