{"image": "0a4f3f04-6b44-11ee-857c-fcb3bc5cd112.jpg", "bboxes": [[0.47121951219512176, 0.15739024390243905, 0.565121951219512, 0.258609756097561], [0.6529268292682925, 0.14519512195121953, 0.7504878048780486, 0.26958536585365855]], "class": 2}