{"image": "0a4f3f04-6b44-11ee-857c-fcb3bc5cd112.jpg", "bboxes": [[0.5792195121951218, 0.19539024390243898, 0.6731219512195121, 0.296609756097561], [0.7609268292682925, 0.18319512195121956, 0.8584878048780485, 0.3075853658536586]], "class": 2}