{"image": "0a4f3f04-6b44-11ee-857c-fcb3bc5cd112.jpg", "bboxes": [[0.2328780487804879, 0.15239024390243905, 0.32678048780487823, 0.253609756097561], [0.047512195121951484, 0.14019512195121953, 0.14507317073170745, 0.26458536585365855]], "class": 2}