{"image": "0a4f3f04-6b44-11ee-857c-fcb3bc5cd112.jpg", "bboxes": [[0.7052195121951218, 0.749390243902439, 0.7991219512195121, 0.850609756097561], [0.8869268292682925, 0.7384146341463415, 0.9844878048780485, 0.8628048780487805]], "class": 2}