{"image": "0a4f3f04-6b44-11ee-857c-fcb3bc5cd112.jpg", "bboxes": [[0.6732195121951218, 0.741390243902439, 0.7671219512195121, 0.842609756097561], [0.8549268292682926, 0.7304146341463414, 0.9524878048780485, 0.8548048780487805]], "class": 2}