{"image": "0a4f3f04-6b44-11ee-857c-fcb3bc5cd112.jpg", "bboxes": [[0.0, 0.764390243902439, 0.0487804878048782, 0.865609756097561]], "class": 1}