{"image": "0a4f3f04-6b44-11ee-857c-fcb3bc5cd112.jpg", "bboxes": [[0.5002195121951217, 0.695390243902439, 0.5941219512195121, 0.796609756097561], [0.6819268292682925, 0.6844146341463414, 0.7794878048780486, 0.8088048780487804]], "class": 2}