{"image": "0b357c6e-759c-11ee-b88b-fcb3bc5cd112.jpg", "bboxes": [[0.6683670886075948, 0.654620253164557, 0.7063417721518988, 0.7001898734177215], [0.6278607594936708, 0.6495569620253165, 0.6683670886075948, 0.6976582278481013], [0.4683670886075947, 0.5115822784810127, 0.5354556962025314, 0.5900632911392405], [0.4000126582278478, 0.5103164556962025, 0.4721645569620252, 0.5799367088607594]], "class": 4}