{"image": "0b357c6e-759c-11ee-b88b-fcb3bc5cd112.jpg", "bboxes": [[0.8043670886075948, 0.667620253164557, 0.8423417721518986, 0.7131898734177216], [0.7638607594936708, 0.6625569620253164, 0.8043670886075948, 0.7106582278481013], [0.6043670886075947, 0.5245822784810126, 0.6714556962025315, 0.6030632911392405], [0.5360126582278478, 0.5233164556962024, 0.6081645569620253, 0.5929367088607596]], "class": 4}