{"image": "0b357c6e-759c-11ee-b88b-fcb3bc5cd112.jpg", "bboxes": [[0.04365822784810132, 0.7026202531645569, 0.08163291139240528, 0.7481898734177215], [0.08163291139240528, 0.6975569620253165, 0.1221392405063292, 0.7456582278481012], [0.2145443037974685, 0.5595822784810126, 0.28163291139240526, 0.6380632911392405], [0.27783544303797475, 0.5583164556962026, 0.3499873417721521, 0.6279367088607595]], "class": 4}