{"image": "0b357c6e-759c-11ee-b88b-fcb3bc5cd112.jpg", "bboxes": [[0.4036582278481013, 0.649620253164557, 0.4416329113924053, 0.6951898734177215], [0.4416329113924053, 0.6445569620253164, 0.4821392405063292, 0.6926582278481013], [0.5745443037974685, 0.5065822784810126, 0.6416329113924053, 0.5850632911392405], [0.6378354430379748, 0.5053164556962025, 0.7099873417721522, 0.5749367088607595]], "class": 4}