{"image": "0b357c6e-759c-11ee-b88b-fcb3bc5cd112.jpg", "bboxes": [[0.7666582278481013, 0.2778101265822785, 0.8046329113924052, 0.323379746835443], [0.8046329113924052, 0.28034177215189876, 0.8451392405063292, 0.32844303797468355], [0.9375443037974684, 0.3879367088607595, 1.0, 0.46641772151898736]], "class": 3}