{"image": "0b357c6e-759c-11ee-b88b-fcb3bc5cd112.jpg", "bboxes": [[0.5973670886075948, 0.639620253164557, 0.6353417721518987, 0.6851898734177215], [0.5568607594936708, 0.6345569620253164, 0.5973670886075948, 0.6826582278481013], [0.39736708860759473, 0.49658227848101266, 0.46445569620253147, 0.5750632911392405], [0.32901265822784787, 0.49531645569620253, 0.40116455696202524, 0.5649367088607595]], "class": 4}