{"image": "0b357c6e-759c-11ee-b88b-fcb3bc5cd112.jpg", "bboxes": [[0.7123670886075948, 0.2918101265822785, 0.7503417721518987, 0.33737974683544303], [0.6718607594936707, 0.2943417721518987, 0.7123670886075948, 0.34244303797468356], [0.5123670886075947, 0.4019367088607595, 0.5794556962025315, 0.4804177215189874], [0.44401265822784786, 0.4120632911392405, 0.5161645569620252, 0.48168354430379745]], "class": 4}