{"image": "0b357c6e-759c-11ee-b88b-fcb3bc5cd112.jpg", "bboxes": [[0.32065822784810133, 0.687620253164557, 0.3586329113924053, 0.7331898734177216], [0.3586329113924053, 0.6825569620253165, 0.3991392405063292, 0.7306582278481013], [0.4915443037974685, 0.5445822784810126, 0.5586329113924052, 0.6230632911392405], [0.5548354430379747, 0.5433164556962025, 0.6269873417721521, 0.6129367088607596]], "class": 4}