{"image": "0b8aac9a-6b43-11ee-a27b-fcb3bc5cd112.jpg", "bboxes": [[0.10292682926829277, 0.07578048780487805, 0.27, 0.2391951219512195], [0.0, 0.06846341463414635, 0.10170731707317082, 0.2184634146341463]], "class": 2}