{"image": "0b8aac9a-6b43-11ee-a27b-fcb3bc5cd112.jpg", "bboxes": [[0.879, 0.7328048780487805, 1.0, 0.896219512195122]], "class": 1}