{"image": "0b8aac9a-6b43-11ee-a27b-fcb3bc5cd112.jpg", "bboxes": [[0.178, 0.7588048780487805, 0.34507317073170723, 0.922219512195122], [0.34629268292682924, 0.7795365853658537, 0.5036097560975609, 0.9295365853658537]], "class": 2}