{"image": "0b8aac9a-6b43-11ee-a27b-fcb3bc5cd112.jpg", "bboxes": [[0.1459268292682927, 0.059780487804878046, 0.31299999999999994, 0.22319512195121952], [0.0, 0.052463414634146346, 0.14470731707317075, 0.20246341463414633]], "class": 2}