{"image": "0b8aac9a-6b43-11ee-a27b-fcb3bc5cd112.jpg", "bboxes": [[0.5269268292682927, 0.06778048780487805, 0.694, 0.2311951219512195], [0.36839024390243913, 0.06046341463414635, 0.5257073170731708, 0.2104634146341463]], "class": 2}