{"image": "0b8aac9a-6b43-11ee-a27b-fcb3bc5cd112.jpg", "bboxes": [[0.684, 0.09178048780487805, 0.8510731707317073, 0.2551951219512195], [0.8522926829268292, 0.08446341463414635, 1.0, 0.23446341463414633]], "class": 2}