{"image": "0b8aac9a-6b43-11ee-a27b-fcb3bc5cd112.jpg", "bboxes": [[0.537, 0.7408048780487805, 0.7040731707317073, 0.904219512195122], [0.7052926829268292, 0.7615365853658537, 0.8626097560975609, 0.9115365853658537]], "class": 2}