{"image": "0b8aac9a-6b43-11ee-a27b-fcb3bc5cd112.jpg", "bboxes": [[0.04992682926829273, 0.06978048780487806, 0.21699999999999997, 0.2331951219512195], [0.0, 0.06246341463414635, 0.048707317073170775, 0.2124634146341463]], "class": 2}