{"image": "0b8aac9a-6b43-11ee-a27b-fcb3bc5cd112.jpg", "bboxes": [[0.748, 0.6978048780487804, 0.9150731707317072, 0.8612195121951219], [0.9162926829268292, 0.7185365853658536, 1.0, 0.8685365853658537]], "class": 2}