{"image": "0b8aac9a-6b43-11ee-a27b-fcb3bc5cd112.jpg", "bboxes": [[0.769, 0.13578048780487806, 0.9360731707317073, 0.2991951219512195], [0.9372926829268292, 0.12846341463414634, 1.0, 0.2784634146341463]], "class": 2}