{"image": "0d8df88d-759c-11ee-b6ce-fcb3bc5cd112.jpg", "bboxes": [[0.666746835443038, 0.3433291139240506, 0.7123164556962025, 0.3901645569620253]], "class": 1}