{"image": "0d8df88d-759c-11ee-b6ce-fcb3bc5cd112.jpg", "bboxes": [[0.7498227848101264, 0.5529240506329114, 0.8321012658227847, 0.6453291139240507], [0.6827341772151897, 0.5858354430379746, 0.7738734177215187, 0.6643164556962025]], "class": 2}