{"image": "0d8df88d-759c-11ee-b6ce-fcb3bc5cd112.jpg", "bboxes": [[0.5098227848101264, 0.3556708860759493, 0.5921012658227847, 0.4480759493670886], [0.4427341772151897, 0.3366835443037975, 0.5338734177215188, 0.4151645569620253], [0.9186835443037975, 0.2683291139240506, 0.964253164556962, 0.3151645569620253]], "class": 3}