{"image": "0d8df88d-759c-11ee-b6ce-fcb3bc5cd112.jpg", "bboxes": [[0.8608987341772154, 0.48792405063291144, 0.9431772151898735, 0.5803291139240507], [0.9191265822784812, 0.5208354430379747, 1.0, 0.5993164556962025], [0.488746835443038, 0.6208354430379748, 0.5343164556962026, 0.6676708860759494]], "class": 3}