{"image": "0d8df88d-759c-11ee-b6ce-fcb3bc5cd112.jpg", "bboxes": [[0.0778227848101265, 0.3616708860759493, 0.1601012658227846, 0.45407594936708856], [0.010734177215189655, 0.3426835443037975, 0.10187341772151881, 0.4211645569620253], [0.48668354430379746, 0.2743291139240506, 0.532253164556962, 0.3211645569620253]], "class": 3}