{"image": "0d8df88d-759c-11ee-b6ce-fcb3bc5cd112.jpg", "bboxes": [[0.6877468354430379, 0.6698354430379747, 0.7333164556962025, 0.7166708860759494]], "class": 1}