{"image": "0d8df88d-759c-11ee-b6ce-fcb3bc5cd112.jpg", "bboxes": [[0.7018987341772154, 0.36967088607594933, 0.7841772151898736, 0.46207594936708857], [0.7601265822784813, 0.3506835443037975, 0.8512658227848103, 0.4291645569620253], [0.32974683544303796, 0.2823291139240506, 0.37531645569620253, 0.3291645569620253]], "class": 3}