{"image": "0d8df88d-759c-11ee-b6ce-fcb3bc5cd112.jpg", "bboxes": [[0.6308227848101264, 0.5249240506329114, 0.7131012658227847, 0.6173291139240507], [0.5637341772151897, 0.5578354430379747, 0.6548734177215187, 0.6363164556962025]], "class": 2}