{"image": "0dde260f-759e-11ee-bee4-fcb3bc5cd112.jpg", "bboxes": [[0.3446582278481012, 0.5704303797468355, 0.39022784810126576, 0.6172658227848102], [0.6054177215189873, 0.61473417721519, 0.6395949367088607, 0.6387848101265823], [0.6623797468354431, 0.6311898734177215, 0.6978227848101266, 0.6527088607594937], [0.7408607594936708, 0.6387848101265823, 0.7687088607594936, 0.6641012658227847], [0.7636455696202531, 0.6400506329113924, 0.7889620253164557, 0.6641012658227847], [0.8357974683544303, 0.6337215189873417, 0.8598481012658227, 0.6603037974683544]], "class": 6}