{"image": "0dde260f-759e-11ee-bee4-fcb3bc5cd112.jpg", "bboxes": [[0.15065822784810123, 0.5614303797468354, 0.1962278481012657, 0.6082658227848101], [0.41141772151898726, 0.6057341772151899, 0.44559493670886074, 0.6297848101265823], [0.46837974683544303, 0.6221898734177216, 0.5038227848101265, 0.6437088607594936], [0.5468607594936707, 0.6297848101265823, 0.5747088607594937, 0.6551012658227848], [0.5696455696202531, 0.6310506329113924, 0.5949620253164556, 0.6551012658227848], [0.6417974683544303, 0.6247215189873417, 0.6658481012658226, 0.6513037974683544], [0.8734430379746834, 0.6500379746835443, 0.8962278481012657, 0.667759493670886], [0.8911645569620252, 0.6500379746835443, 0.9101518987341771, 0.666493670886076], [0.9924303797468353, 0.6614303797468355, 1.0, 0.6728227848101266]], "class": 9}