{"image": "0dde260f-759e-11ee-bee4-fcb3bc5cd112.jpg", "bboxes": [[0.7577721518987343, 0.40773417721518984, 0.8033417721518988, 0.45456962025316455], [0.5084050632911393, 0.38621518987341774, 0.5425822784810127, 0.4102658227848101], [0.4501772151898734, 0.37229113924050633, 0.485620253164557, 0.3938101265822785], [0.3792911392405064, 0.3608987341772152, 0.4071392405063292, 0.38621518987341774], [0.35903797468354437, 0.3608987341772152, 0.38435443037974687, 0.38494936708860755], [0.28815189873417735, 0.36469620253164553, 0.3122025316455697, 0.3912784810126582], [0.05777215189873431, 0.34824050632911396, 0.08055696202531658, 0.3659620253164557], [0.043848101265822864, 0.34950632911392404, 0.06283544303797475, 0.3659620253164557]], "class": 8}