{"image": "0dde260f-759e-11ee-bee4-fcb3bc5cd112.jpg", "bboxes": [[0.21365822784810118, 0.5884303797468354, 0.25922784810126576, 0.6352658227848101], [0.4744177215189873, 0.6327341772151899, 0.5085949367088607, 0.6567848101265823], [0.5313797468354431, 0.6491898734177215, 0.5668227848101266, 0.6707088607594938], [0.6098607594936708, 0.6567848101265823, 0.6377088607594936, 0.6821012658227847], [0.6326455696202531, 0.6580506329113924, 0.6579620253164556, 0.6821012658227847], [0.7047974683544302, 0.6517215189873418, 0.7288481012658227, 0.6783037974683545], [0.9364430379746834, 0.6770379746835443, 0.9592278481012657, 0.6947594936708861], [0.9541645569620253, 0.6770379746835443, 0.9731518987341772, 0.6934936708860759]], "class": 8}