{"image": "0e9e9f4b-6b43-11ee-812c-fcb3bc5cd112.jpg", "bboxes": [[0.9489024390243902, 0.47685365853658535, 0.9757317073170731, 0.5036829268292682], [0.9147560975609756, 0.4805121951219512, 0.9403658536585366, 0.509780487804878], [0.7452439024390243, 0.535390243902439, 0.7623170731707316, 0.561], [0.7647560975609756, 0.5378292682926828, 0.7867073170731707, 0.5597804878048781], [0.8220731707317073, 0.5451463414634147, 0.8391463414634146, 0.5622195121951219], [0.8415853658536585, 0.5390487804878048, 0.8610975609756096, 0.5634390243902438]], "class": 6}