{"image": "0e9e9f4b-6b43-11ee-812c-fcb3bc5cd112.jpg", "bboxes": [[0.2532682926829269, 0.48785365853658536, 0.2800975609756098, 0.5146829268292683], [0.2886341463414634, 0.4915121951219512, 0.3142439024390244, 0.5207804878048781], [0.4666829268292684, 0.5463902439024391, 0.4837560975609757, 0.5720000000000001], [0.44229268292682933, 0.5488292682926829, 0.4642439024390244, 0.5707804878048781], [0.3898536585365854, 0.5561463414634147, 0.40692682926829277, 0.5732195121951219], [0.36790243902439035, 0.5500487804878048, 0.38741463414634153, 0.574439024390244]], "class": 6}