{"image": "0e9e9f4b-6b43-11ee-812c-fcb3bc5cd112.jpg", "bboxes": [[0.04026829268292687, 0.46285365853658533, 0.06709756097560979, 0.4896829268292683], [0.07563414634146341, 0.4665121951219512, 0.1012439024390244, 0.49578048780487805], [0.25368292682926835, 0.5213902439024389, 0.27075609756097574, 0.547], [0.22929268292682933, 0.5238292682926828, 0.2512439024390244, 0.5457804878048781], [0.17685365853658538, 0.5311463414634147, 0.19392682926829274, 0.5482195121951219], [0.15490243902439033, 0.5250487804878048, 0.17441463414634154, 0.5494390243902438]], "class": 6}