{"image": "0e9e9f4b-6b43-11ee-812c-fcb3bc5cd112.jpg", "bboxes": [[0.9752439024390243, 0.509390243902439, 0.9923170731707317, 0.535], [0.9947560975609756, 0.5118292682926828, 1.0, 0.5337804878048781]], "class": 2}