{"image": "0e9e9f4b-6b43-11ee-812c-fcb3bc5cd112.jpg", "bboxes": [[0.5849024390243902, 0.49431707317073176, 0.6117317073170732, 0.5211463414634147], [0.5507560975609755, 0.488219512195122, 0.5763658536585365, 0.5174878048780488], [0.3812439024390243, 0.43699999999999994, 0.3983170731707316, 0.462609756097561], [0.40075609756097563, 0.4382195121951219, 0.42270731707317066, 0.46017073170731715], [0.4580731707317073, 0.4357804878048781, 0.4751463414634146, 0.4528536585365853], [0.4775853658536584, 0.4345609756097561, 0.49709756097560964, 0.45895121951219514]], "class": 6}