{"image": "0f5ac55c-759e-11ee-869c-fcb3bc5cd112.jpg", "bboxes": [[0.14770886075949374, 0.2512278481012658, 0.24897468354430385, 0.3790759493670886], [0.9831518987341774, 0.3119873417721519, 1.0, 0.44363291139240507]], "class": 2}