{"image": "0f5ac55c-759e-11ee-869c-fcb3bc5cd112.jpg", "bboxes": [[0.025708860759493746, 0.6199240506329113, 0.12697468354430386, 0.7477721518987341], [0.9776075949367089, 0.5705569620253165, 1.0, 0.6920759493670886], [0.8611518987341774, 0.555367088607595, 0.9826708860759495, 0.6870126582278481]], "class": 3}