{"image": "0f5ac55c-759e-11ee-869c-fcb3bc5cd112.jpg", "bboxes": [[0.28270886075949375, 0.2202278481012658, 0.38397468354430386, 0.3480759493670886]], "class": 1}