{"image": "0f5ac55c-759e-11ee-869c-fcb3bc5cd112.jpg", "bboxes": [[0.009708860759493745, 0.2582278481012658, 0.11097468354430384, 0.38607594936708856], [0.9616075949367089, 0.3139240506329114, 1.0, 0.43544303797468353], [0.8451518987341774, 0.31898734177215193, 0.9666708860759495, 0.450632911392405]], "class": 3}