{"image": "0fa01fc2-759c-11ee-b33b-fcb3bc5cd112.jpg", "bboxes": [[0.22698734177215193, 0.5567215189873418, 0.2598987341772154, 0.5946962025316456], [0.2105316455696203, 0.4871012658227849, 0.2548354430379746, 0.5415316455696203], [0.17762025316455696, 0.4250759493670886, 0.7193924050632914, 0.5314050632911393], [0.16749367088607597, 0.48203797468354437, 0.21686075949367092, 0.5326708860759495]], "class": 4}