{"image": "0fa01fc2-759c-11ee-b33b-fcb3bc5cd112.jpg", "bboxes": [[0.6479873417721519, 0.5427215189873418, 0.6808987341772154, 0.5806962025316456], [0.6315316455696203, 0.4731012658227849, 0.6758354430379746, 0.5275316455696203], [0.598620253164557, 0.4110759493670886, 1.0, 0.5174050632911393], [0.588493670886076, 0.46803797468354436, 0.6378607594936709, 0.5186708860759495]], "class": 4}