{"image": "0fa01fc2-759c-11ee-b33b-fcb3bc5cd112.jpg", "bboxes": [[0.8231012658227846, 0.4523037974683545, 0.8560126582278481, 0.4902784810126582], [0.8281645569620253, 0.5054683544303797, 0.8724683544303797, 0.5598987341772151], [0.3636075949367087, 0.5155949367088607, 0.905379746835443, 0.6219240506329115], [0.8661392405063291, 0.5143291139240506, 0.915506329113924, 0.5649620253164557]], "class": 4}