{"image": "0fa01fc2-759c-11ee-b33b-fcb3bc5cd112.jpg", "bboxes": [[0.8779873417721519, 0.49172151898734184, 0.9108987341772153, 0.5296962025316456], [0.8615316455696204, 0.42210126582278484, 0.9058354430379747, 0.47653164556962035], [0.828620253164557, 0.36007594936708853, 1.0, 0.4664050632911393], [0.8184936708860759, 0.4170379746835443, 0.8678607594936709, 0.4676708860759494]], "class": 4}