{"image": "100ecce6-6b42-11ee-bd14-fcb3bc5cd112.jpg", "bboxes": [[0.9308780487804877, 0.5534634146341464, 1.0, 0.637609756097561], [0.6503902439024389, 0.39736585365853655, 0.7503902439024389, 0.47175609756097553], [0.5247804878048782, 0.3937073170731707, 0.5930731707317073, 0.46199999999999997]], "class": 3}