{"image": "100ecce6-6b42-11ee-bd14-fcb3bc5cd112.jpg", "bboxes": [[0.2157560975609758, 0.5224634146341464, 0.30112195121951235, 0.606609756097561], [0.48160975609756107, 0.3663658536585365, 0.581609756097561, 0.44075609756097556], [0.6389268292682928, 0.3627073170731707, 0.7072195121951219, 0.43099999999999994]], "class": 3}