{"image": "100ecce6-6b42-11ee-bd14-fcb3bc5cd112.jpg", "bboxes": [[0.11475609756097582, 0.5264634146341464, 0.20012195121951226, 0.610609756097561], [0.3806097560975611, 0.3703658536585365, 0.48060975609756107, 0.44475609756097556], [0.5379268292682928, 0.3667073170731707, 0.6062195121951219, 0.43499999999999994]], "class": 3}