{"image": "100ecce6-6b42-11ee-bd14-fcb3bc5cd112.jpg", "bboxes": [[0.9787804878048781, 0.535, 1.0, 0.6032926829268292]], "class": 1}