{"image": "100ecce6-6b42-11ee-bd14-fcb3bc5cd112.jpg", "bboxes": [[0.9537804878048781, 0.5870000000000001, 1.0, 0.6552926829268293]], "class": 1}