{"image": "100ecce6-6b42-11ee-bd14-fcb3bc5cd112.jpg", "bboxes": [[0.1997560975609758, 0.343390243902439, 0.28512195121951234, 0.4275365853658536], [0.46560975609756106, 0.5092439024390245, 0.565609756097561, 0.5836341463414635], [0.6229268292682928, 0.5190000000000001, 0.6912195121951219, 0.5872926829268292]], "class": 3}