{"image": "100ecce6-6b42-11ee-bd14-fcb3bc5cd112.jpg", "bboxes": [[0.5748780487804876, 0.40339024390243905, 0.6602439024390242, 0.48753658536585365], [0.2943902439024389, 0.5692439024390245, 0.3943902439024389, 0.6436341463414634], [0.16878048780487814, 0.5790000000000001, 0.23707317073170725, 0.6472926829268293]], "class": 3}