{"image": "11066c66-7598-11ee-85c8-fcb3bc5cd112.jpg", "bboxes": [[0.0, 0.3815443037974685, 0.09441772151898731, 0.48787341772151904], [0.19441772151898729, 0.5600253164556962, 0.2539113924050632, 0.6106582278481012], [0.15897468354430366, 0.6334430379746836, 0.20074683544303773, 0.6701518987341772], [0.2880886075949366, 0.637240506329114, 0.32479746835443035, 0.6828101265822784], [0.3184683544303797, 0.6245822784810127, 0.3653037974683543, 0.6764810126582278]], "class": 5}