{"image": "11066c66-7598-11ee-85c8-fcb3bc5cd112.jpg", "bboxes": [[0.5865822784810127, 0.3775443037974685, 0.6954430379746837, 0.48387341772151904], [0.6827848101265824, 0.404126582278481, 0.7815189873417724, 0.49653164556962026], [0.4270886075949368, 0.5560253164556962, 0.4865822784810127, 0.6066582278481012], [0.48025316455696226, 0.6294430379746836, 0.5220253164556964, 0.6661518987341772], [0.3562025316455696, 0.633240506329114, 0.39291139240506345, 0.6788101265822784], [0.31569620253164565, 0.6205822784810127, 0.3625316455696203, 0.6724810126582279]], "class": 6}