{"image": "11066c66-7598-11ee-85c8-fcb3bc5cd112.jpg", "bboxes": [[0.33858227848101274, 0.530126582278481, 0.44744303797468366, 0.6364556962025315], [0.43478481012658243, 0.5174683544303796, 0.5335189873417724, 0.609873417721519], [0.17908860759493678, 0.40734177215189876, 0.23858227848101274, 0.45797468354430376], [0.23225316455696224, 0.3478481012658228, 0.2740253164556964, 0.3845569620253165], [0.10820253164556959, 0.33518987341772155, 0.14491139240506345, 0.3807594936708861], [0.06769620253164567, 0.34151898734177216, 0.11453164556962031, 0.3934177215189873]], "class": 6}