{"image": "11066c66-7598-11ee-85c8-fcb3bc5cd112.jpg", "bboxes": [[0.2715569620253163, 0.3675443037974685, 0.38041772151898723, 0.47387341772151903], [0.1854810126582277, 0.39412658227848096, 0.28421518987341754, 0.48653164556962036], [0.4804177215189873, 0.5460253164556962, 0.5399113924050633, 0.5966582278481012], [0.4449746835443036, 0.6194430379746836, 0.48674683544303776, 0.6561518987341772], [0.5740886075949365, 0.623240506329114, 0.6107974683544304, 0.6688101265822785], [0.6044683544303797, 0.6105822784810127, 0.6513037974683543, 0.6624810126582279]], "class": 6}