{"image": "11066c66-7598-11ee-85c8-fcb3bc5cd112.jpg", "bboxes": [[0.34858227848101275, 0.3465443037974685, 0.45744303797468366, 0.452873417721519], [0.44478481012658244, 0.37312658227848106, 0.5435189873417724, 0.46553164556962034], [0.1890886075949368, 0.5250253164556962, 0.24858227848101275, 0.5756582278481013], [0.24225316455696225, 0.5984430379746835, 0.2840253164556964, 0.6351518987341772], [0.1182025316455696, 0.602240506329114, 0.15491139240506346, 0.6478101265822784], [0.07769620253164566, 0.5895822784810127, 0.1245316455696203, 0.6414810126582278]], "class": 6}