{"image": "11066c66-7598-11ee-85c8-fcb3bc5cd112.jpg", "bboxes": [[0.0, 0.605240506329114, 0.010797468354430406, 0.6508101265822784], [0.0044683544303797396, 0.5925822784810126, 0.05130379746835434, 0.6444810126582279]], "class": 2}