{"image": "11066c66-7598-11ee-85c8-fcb3bc5cd112.jpg", "bboxes": [[0.8695822784810128, 0.41054430379746853, 0.9784430379746837, 0.5168734177215191], [0.9657848101265825, 0.437126582278481, 1.0, 0.5295316455696203], [0.7100886075949367, 0.5890253164556962, 0.7695822784810127, 0.6396582278481013], [0.7632531645569622, 0.6624430379746835, 0.8050253164556964, 0.6991518987341772], [0.6392025316455696, 0.6662405063291139, 0.6759113924050635, 0.7118101265822785], [0.5986962025316457, 0.6535822784810127, 0.6455316455696203, 0.7054810126582278]], "class": 6}