{"image": "11a5b54c-759c-11ee-9138-fcb3bc5cd112.jpg", "bboxes": [[0.0532405063291137, 0.352746835443038, 0.1545063291139238, 0.43755696202531646], [0.1228607594936707, 0.352746835443038, 0.22412658227848092, 0.4502151898734177], [0.33425316455696197, 0.20337974683544302, 0.3772911392405063, 0.24768354430379746], [0.37222784810126575, 0.2071772151898734, 0.41146835443037966, 0.26034177215189874]], "class": 4}