{"image": "11a5b54c-759c-11ee-9138-fcb3bc5cd112.jpg", "bboxes": [[0.5472405063291137, 0.350746835443038, 0.6485063291139238, 0.43555696202531646], [0.6168607594936707, 0.350746835443038, 0.7181265822784809, 0.4482151898734177], [0.828253164556962, 0.20137974683544302, 0.8712911392405063, 0.24568354430379746], [0.8662278481012657, 0.2051772151898734, 0.9054683544303797, 0.25834177215189874]], "class": 4}