{"image": "11a5b54c-759c-11ee-9138-fcb3bc5cd112.jpg", "bboxes": [[0.4704936708860762, 0.358746835443038, 0.5717594936708863, 0.44355696202531647], [0.4008734177215191, 0.358746835443038, 0.5021392405063293, 0.4562151898734177], [0.24770886075949375, 0.20937974683544303, 0.290746835443038, 0.25368354430379747], [0.21353164556962032, 0.21317721518987337, 0.25277215189873425, 0.26634177215189875]], "class": 4}