{"image": "11a5b54c-759c-11ee-9138-fcb3bc5cd112.jpg", "bboxes": [[0.6722405063291137, 0.40674683544303797, 0.7735063291139238, 0.49155696202531646], [0.7418607594936707, 0.40674683544303797, 0.8431265822784809, 0.5042151898734176], [0.953253164556962, 0.257379746835443, 0.9962911392405063, 0.30168354430379746], [0.9912278481012657, 0.26117721518987336, 1.0, 0.31434177215189874]], "class": 4}