{"image": "11a5b54c-759c-11ee-9138-fcb3bc5cd112.jpg", "bboxes": [[0.9284936708860762, 0.40574683544303797, 1.0, 0.49055696202531646], [0.8588734177215192, 0.40574683544303797, 0.9601392405063293, 0.5032151898734176], [0.7057088607594938, 0.256379746835443, 0.748746835443038, 0.30068354430379746], [0.6715316455696203, 0.26017721518987336, 0.7107721518987342, 0.31334177215189873]], "class": 4}