{"image": "11a5b54c-759c-11ee-9138-fcb3bc5cd112.jpg", "bboxes": [[0.057240506329113705, 0.416746835443038, 0.15850632911392382, 0.5015569620253164], [0.1268607594936707, 0.416746835443038, 0.22812658227848093, 0.5142151898734176], [0.33825316455696197, 0.267379746835443, 0.3812911392405063, 0.31168354430379747], [0.37622784810126575, 0.27117721518987337, 0.41546835443037966, 0.32434177215189874]], "class": 4}