{"image": "11a5b54c-759c-11ee-9138-fcb3bc5cd112.jpg", "bboxes": [[0.9488734177215191, 0.363746835443038, 1.0, 0.4612151898734177], [0.7957088607594938, 0.21437974683544303, 0.838746835443038, 0.2586835443037975], [0.7615316455696203, 0.21817721518987337, 0.8007721518987343, 0.27134177215189875]], "class": 3}