{"image": "11a5b54c-759c-11ee-9138-fcb3bc5cd112.jpg", "bboxes": [[0.44349367088607616, 0.356746835443038, 0.5447594936708863, 0.44155696202531647], [0.3738734177215191, 0.356746835443038, 0.47513924050632933, 0.4542151898734177], [0.22070886075949375, 0.20737974683544302, 0.263746835443038, 0.25168354430379747], [0.18653164556962032, 0.21117721518987337, 0.22577215189873426, 0.26434177215189875]], "class": 4}