{"image": "11a5b54c-759c-11ee-9138-fcb3bc5cd112.jpg", "bboxes": [[0.21049367088607618, 0.34174683544303797, 0.3117594936708863, 0.42655696202531646], [0.1408734177215191, 0.34174683544303797, 0.24213924050632932, 0.4392151898734177], [0.0, 0.19237974683544304, 0.03074683544303798, 0.23668354430379748]], "class": 3}