{"image": "11a5b54c-759c-11ee-9138-fcb3bc5cd112.jpg", "bboxes": [[0.4352405063291137, 0.39974683544303796, 0.5365063291139238, 0.48455696202531645], [0.5048607594936707, 0.39974683544303796, 0.6061265822784809, 0.4972151898734177], [0.7162531645569621, 0.250379746835443, 0.7592911392405063, 0.29468354430379745], [0.7542278481012658, 0.2541772151898734, 0.7934683544303797, 0.30734177215189873]], "class": 4}