{"image": "11a5b54c-759c-11ee-9138-fcb3bc5cd112.jpg", "bboxes": [[0.23524050632911375, 0.376746835443038, 0.33650632911392386, 0.4615569620253165], [0.30486075949367064, 0.376746835443038, 0.40612658227848086, 0.47421518987341765], [0.516253164556962, 0.22737974683544304, 0.5592911392405062, 0.2716835443037975], [0.5542278481012657, 0.2311772151898734, 0.5934683544303797, 0.28434177215189876]], "class": 4}