{"image": "11a5b54c-759c-11ee-9138-fcb3bc5cd112.jpg", "bboxes": [[0.23024050632911375, 0.5614430379746835, 0.33150632911392386, 0.646253164556962], [0.29986075949367064, 0.5487848101265823, 0.40112658227848086, 0.646253164556962], [0.511253164556962, 0.7513164556962025, 0.5542911392405063, 0.795620253164557], [0.5492278481012658, 0.7386582278481013, 0.5884683544303797, 0.7918227848101267]], "class": 4}