{"image": "11a621cb-6b44-11ee-b399-fcb3bc5cd112.jpg", "bboxes": [[0.6642439024390244, 0.12746341463414634, 0.7605853658536585, 0.23356097560975608]], "class": 1}