{"image": "11a621cb-6b44-11ee-b399-fcb3bc5cd112.jpg", "bboxes": [[0.2642439024390244, 0.7674390243902439, 0.3605853658536586, 0.8735365853658537]], "class": 1}