{"image": "11a621cb-6b44-11ee-b399-fcb3bc5cd112.jpg", "bboxes": [[0.7844146341463414, 0.740439024390244, 0.8807560975609756, 0.8465365853658536]], "class": 1}