{"image": "11a621cb-6b44-11ee-b399-fcb3bc5cd112.jpg", "bboxes": [[0.8714146341463415, 0.7864390243902439, 0.9677560975609756, 0.8925365853658537]], "class": 1}