{"image": "11a621cb-6b44-11ee-b399-fcb3bc5cd112.jpg", "bboxes": [[0.4842439024390244, 0.1764634146341464, 0.5805853658536586, 0.282560975609756]], "class": 1}