{"image": "11a621cb-6b44-11ee-b399-fcb3bc5cd112.jpg", "bboxes": [[0.9664146341463414, 0.7574390243902439, 1.0, 0.8635365853658536]], "class": 1}