{"image": "12a97bcf-759e-11ee-b4b1-fcb3bc5cd112.jpg", "bboxes": [[0.9482151898734178, 0.5750886075949366, 0.9975822784810128, 0.6269873417721519], [0.9102405063291141, 0.5750886075949366, 0.9482151898734178, 0.6269873417721519], [0.7494810126582279, 0.5257215189873419, 0.7874556962025318, 0.5826835443037974], [0.7089746835443038, 0.5219240506329116, 0.7545443037974684, 0.5750886075949366], [0.7950506329113924, 0.4864810126582279, 0.8216329113924052, 0.5130632911392405], [0.7747974683544304, 0.4801518987341772, 0.8039113924050634, 0.5155949367088607], [0.6216329113924052, 0.4902784810126582, 0.6558101265822784, 0.5193924050632911], [0.6001139240506329, 0.487746835443038, 0.6266962025316457, 0.5168607594936709]], "class": 8}