{"image": "12a97bcf-759e-11ee-b4b1-fcb3bc5cd112.jpg", "bboxes": [[0.6089240506329113, 0.6204303797468355, 0.6709493670886075, 0.6837215189873417], [0.6582911392405062, 0.6153670886075949, 0.7203164556962024, 0.6875189873417721], [0.7684177215189872, 0.5330886075949367, 0.8177848101265822, 0.584987341772152], [0.8177848101265822, 0.5330886075949367, 0.8557594936708859, 0.584987341772152], [0.9785443037974683, 0.48372151898734184, 1.0, 0.5406835443037975], [0.9443670886075948, 0.44448101265822787, 0.9709493670886076, 0.4710632911392405], [0.9620886075949366, 0.43815189873417715, 0.9912025316455696, 0.4735949367088607]], "class": 7}