{"image": "12a97bcf-759e-11ee-b4b1-fcb3bc5cd112.jpg", "bboxes": [[0.5180506329113925, 0.3022784810126583, 0.5800759493670887, 0.36556962025316453], [0.4686835443037976, 0.2984810126582279, 0.5307088607594938, 0.37063291139240506], [0.3712151898734178, 0.40101265822784804, 0.42058227848101276, 0.4529113924050633], [0.3332405063291142, 0.40101265822784804, 0.3712151898734178, 0.4529113924050633], [0.17248101265822788, 0.4453164556962025, 0.21045569620253174, 0.5022784810126582], [0.13197468354430383, 0.4529113924050633, 0.17754430379746838, 0.5060759493670886], [0.21805063291139243, 0.5149367088607595, 0.24463291139240528, 0.5415189873417721], [0.1977974683544304, 0.5124050632911392, 0.22691139240506333, 0.5478481012658228], [0.04463291139240516, 0.5086075949367088, 0.07881012658227848, 0.5377215189873419], [0.023113924050632933, 0.5111392405063291, 0.04969620253164567, 0.540253164556962]], "class": 10}