{"image": "12a97bcf-759e-11ee-b4b1-fcb3bc5cd112.jpg", "bboxes": [[0.5079240506329112, 0.6884303797468354, 0.5699493670886074, 0.7517215189873417], [0.5572911392405062, 0.683367088607595, 0.6193164556962024, 0.7555189873417721], [0.6674177215189873, 0.6010886075949367, 0.7167848101265822, 0.6529873417721519], [0.7167848101265822, 0.6010886075949367, 0.7547594936708858, 0.6529873417721519], [0.8775443037974683, 0.5517215189873418, 0.9155189873417722, 0.6086835443037975], [0.9104556962025316, 0.5479240506329115, 0.9560253164556961, 0.6010886075949367], [0.8433670886075947, 0.5124810126582279, 0.8699493670886076, 0.5390632911392405], [0.8610886075949367, 0.5061518987341772, 0.8902025316455696, 0.5415949367088607]], "class": 8}