{"image": "12a97bcf-759e-11ee-b4b1-fcb3bc5cd112.jpg", "bboxes": [[0.5259240506329113, 0.3122784810126583, 0.5879493670886075, 0.37556962025316454], [0.5752911392405062, 0.3084810126582279, 0.6373164556962024, 0.38063291139240507], [0.6854177215189873, 0.41101265822784805, 0.7347848101265821, 0.4629113924050633], [0.7347848101265821, 0.41101265822784805, 0.7727594936708858, 0.4629113924050633], [0.8955443037974683, 0.4553164556962025, 0.9335189873417721, 0.5122784810126582], [0.9284556962025317, 0.4629113924050633, 0.9740253164556961, 0.5160759493670884], [0.8613670886075947, 0.5249367088607595, 0.8879493670886076, 0.5515189873417721], [0.8790886075949367, 0.5224050632911392, 0.9082025316455696, 0.5578481012658228]], "class": 8}