{"image": "12a97bcf-759e-11ee-b4b1-fcb3bc5cd112.jpg", "bboxes": [[0.4390506329113925, 0.26227848101265827, 0.5010759493670887, 0.3255696202531645], [0.3896835443037976, 0.25848101265822787, 0.45170886075949374, 0.330632911392405], [0.29221518987341777, 0.3610126582278481, 0.34158227848101275, 0.41291139240506336], [0.25424050632911416, 0.3610126582278481, 0.29221518987341777, 0.41291139240506336], [0.09348101265822788, 0.40531645569620256, 0.13145569620253172, 0.4622784810126582], [0.05297468354430385, 0.41291139240506336, 0.09854430379746838, 0.4660759493670885], [0.1390506329113924, 0.47493670886075945, 0.16563291139240527, 0.5015189873417721], [0.1187974683544304, 0.4724050632911393, 0.14791139240506335, 0.5078481012658229]], "class": 8}