{"image": "12dc26ff-7598-11ee-a3b6-fcb3bc5cd112.jpg", "bboxes": [[0.8732264150943395, 0.35196226415094345, 0.9024716981132076, 0.3830943396226415], [0.8505849056603773, 0.3510188679245284, 0.8760566037735849, 0.3830943396226415], [0.7939811320754716, 0.3529056603773586, 0.8222830188679245, 0.37932075471698123], [0.7307735849056602, 0.3510188679245284, 0.7637924528301886, 0.3812075471698114], [0.7034150943396226, 0.35007547169811326, 0.7336037735849057, 0.3783773584905661], [0.8920943396226414, 0.40290566037735853, 0.918509433962264, 0.4217735849056604]], "class": 6}