{"image": "12dc26ff-7598-11ee-a3b6-fcb3bc5cd112.jpg", "bboxes": [[0.7605283018867924, 0.36996226415094347, 0.7897735849056605, 0.4010943396226415], [0.7869433962264152, 0.3690188679245284, 0.8124150943396228, 0.4010943396226415], [0.8407169811320755, 0.3709056603773586, 0.8690188679245284, 0.39732075471698125], [0.8992075471698114, 0.3690188679245284, 0.9322264150943397, 0.39920754716981144], [0.9293962264150943, 0.3680754716981133, 0.9595849056603775, 0.3963773584905661], [0.744490566037736, 0.42090566037735855, 0.7709056603773585, 0.43977358490566043]], "class": 6}