{"image": "12dc26ff-7598-11ee-a3b6-fcb3bc5cd112.jpg", "bboxes": [[0.3345283018867924, 0.37296226415094347, 0.3637735849056605, 0.4040943396226415], [0.36094339622641514, 0.37201886792452843, 0.38641509433962273, 0.4040943396226415], [0.41471698113207545, 0.3739056603773586, 0.4430188679245284, 0.40032075471698125], [0.4732075471698114, 0.37201886792452843, 0.5062264150943396, 0.40220754716981144], [0.5033962264150944, 0.3710754716981133, 0.5335849056603774, 0.3993773584905661], [0.31849056603773607, 0.42390566037735855, 0.3449056603773586, 0.44277358490566043]], "class": 6}