{"image": "12dc26ff-7598-11ee-a3b6-fcb3bc5cd112.jpg", "bboxes": [[0.6785283018867925, 0.6439056603773584, 0.7077735849056606, 0.6750377358490565], [0.7049433962264151, 0.6439056603773584, 0.7304150943396228, 0.6759811320754716], [0.7587169811320755, 0.6476792452830188, 0.7870188679245285, 0.6740943396226414], [0.8172075471698114, 0.6457924528301886, 0.8502264150943397, 0.6759811320754716], [0.8473962264150944, 0.6486226415094339, 0.8775849056603775, 0.6769245283018868], [0.662490566037736, 0.6052264150943396, 0.6889056603773586, 0.6240943396226414]], "class": 6}