{"image": "12dc26ff-7598-11ee-a3b6-fcb3bc5cd112.jpg", "bboxes": [[0.25452830188679243, 0.5789056603773585, 0.2837735849056605, 0.6100377358490565], [0.2809433962264152, 0.5789056603773585, 0.3064150943396228, 0.6109811320754716], [0.3347169811320755, 0.5826792452830187, 0.3630188679245284, 0.6090943396226415], [0.39320754716981143, 0.5807924528301887, 0.4262264150943397, 0.6109811320754716], [0.42339622641509433, 0.583622641509434, 0.45358490566037746, 0.6119245283018868], [0.238490566037736, 0.5402264150943396, 0.2649056603773585, 0.5590943396226414]], "class": 6}