{"image": "12dc26ff-7598-11ee-a3b6-fcb3bc5cd112.jpg", "bboxes": [[0.5982264150943395, 0.6139056603773585, 0.6274716981132076, 0.6450377358490565], [0.5755849056603772, 0.6139056603773585, 0.6010566037735848, 0.6459811320754716], [0.5189811320754716, 0.6176792452830188, 0.5472830188679245, 0.6440943396226414], [0.4557735849056603, 0.6157924528301886, 0.48879245283018863, 0.6459811320754716], [0.42841509433962255, 0.6186226415094339, 0.4586037735849056, 0.6469245283018867], [0.6170943396226414, 0.5752264150943396, 0.643509433962264, 0.5940943396226415]], "class": 6}