{"image": "13a21778-759c-11ee-b0cb-fcb3bc5cd112.jpg", "bboxes": [[0.7117341772151897, 0.6269113924050633, 0.7573037974683543, 0.6699493670886076], [0.7522405063291138, 0.6205822784810127, 0.8016075949367087, 0.6661518987341772], [0.5370506329113923, 0.5661518987341772, 0.5914810126582277, 0.6180506329113924], [0.5851518987341772, 0.5560253164556962, 0.6383164556962025, 0.6167848101265823]], "class": 4}