{"image": "13a21778-759c-11ee-b0cb-fcb3bc5cd112.jpg", "bboxes": [[0.4706962025316457, 0.34405063291139243, 0.5162658227848103, 0.38708860759493674], [0.42639240506329124, 0.3478481012658228, 0.47575949367088616, 0.3934177215189873], [0.6365189873417723, 0.39594936708860756, 0.6909493670886077, 0.4478481012658228], [0.5896835443037974, 0.39721518987341775, 0.6428481012658228, 0.45797468354430376]], "class": 4}