{"image": "13a21778-759c-11ee-b0cb-fcb3bc5cd112.jpg", "bboxes": [[0.0, 0.28405063291139243, 0.024265822784810213, 0.32708860759493674], [0.14451898734177224, 0.33594936708860756, 0.1989493670886077, 0.3878481012658228], [0.09768354430379747, 0.33721518987341775, 0.15084810126582282, 0.39797468354430376]], "class": 3}