{"image": "13a21778-759c-11ee-b0cb-fcb3bc5cd112.jpg", "bboxes": [[0.7037341772151897, 0.35205063291139244, 0.7493037974683543, 0.3950886075949367], [0.7442405063291138, 0.3558481012658228, 0.7936075949367087, 0.4014177215189873], [0.5290506329113923, 0.40394936708860757, 0.5834810126582277, 0.4558481012658228], [0.5771518987341772, 0.4052151898734177, 0.6303164556962025, 0.46597468354430377]], "class": 4}