{"image": "13a21778-759c-11ee-b0cb-fcb3bc5cd112.jpg", "bboxes": [[0.9767341772151897, 0.6159113924050632, 1.0, 0.6589493670886075], [0.8020506329113923, 0.5551518987341771, 0.8564810126582277, 0.6070506329113925], [0.8501518987341772, 0.5450253164556962, 0.9033164556962026, 0.6057848101265823]], "class": 3}