{"image": "14d1a01f-7598-11ee-80d0-fcb3bc5cd112.jpg", "bboxes": [[0.9338354430379747, 0.4552278481012658, 0.9819367088607596, 0.5045949367088607], [0.8882658227848104, 0.4539620253164557, 0.9401645569620255, 0.5020632911392405], [0.7452278481012659, 0.4134556962025316, 0.7844683544303797, 0.4514303797468355], [0.7059873417721519, 0.4134556962025316, 0.7502911392405065, 0.4501645569620253], [0.6034556962025317, 0.43624050632911393, 0.6502911392405064, 0.4805443037974684], [0.5654810126582279, 0.43877215189873425, 0.6097848101265824, 0.47801265822784805]], "class": 6}