{"image": "14d1a01f-7598-11ee-80d0-fcb3bc5cd112.jpg", "bboxes": [[0.06153164556962032, 0.3964556962025316, 0.10077215189873412, 0.43443037974683546], [0.09570886075949347, 0.3964556962025316, 0.14001265822784803, 0.4331645569620253], [0.19570886075949367, 0.4192405063291139, 0.24254430379746827, 0.46354430379746836], [0.23621518987341772, 0.42177215189873424, 0.28051898734177216, 0.4610126582278481]], "class": 4}