{"image": "14d1a01f-7598-11ee-80d0-fcb3bc5cd112.jpg", "bboxes": [[0.0, 0.25487341772151895, 0.048645569620253126, 0.3460126582278481], [0.2220632911392404, 0.4574050632911393, 0.27016455696202524, 0.5067721518987343], [0.26383544303797457, 0.45993670886075955, 0.3157341772151897, 0.5080379746835443], [0.4195316455696203, 0.5105696202531645, 0.4587721518987341, 0.5485443037974684], [0.45370886075949357, 0.5118354430379747, 0.4980126582278481, 0.5485443037974684], [0.5537088607594937, 0.4814556962025316, 0.6005443037974683, 0.525759493670886], [0.5942151898734176, 0.48398734177215197, 0.638518987341772, 0.5232278481012658]], "class": 7}