{"image": "14d1a01f-7598-11ee-80d0-fcb3bc5cd112.jpg", "bboxes": [[0.6391645569620255, 0.3218101265822785, 0.7151139240506329, 0.4129493670886075], [0.5543544303797469, 0.326873417721519, 0.6442278481012659, 0.41801265822784806], [0.33283544303797474, 0.5294050632911393, 0.3809367088607596, 0.5787721518987342], [0.28726582278481033, 0.5319367088607595, 0.33916455696202547, 0.5800379746835442], [0.14422784810126588, 0.5825696202531645, 0.1834683544303797, 0.6205443037974684], [0.10498734177215192, 0.5838354430379746, 0.1492911392405065, 0.6205443037974684], [0.002455696202531726, 0.5534556962025317, 0.04929113924050637, 0.5977594936708861], [0.0, 0.5559873417721519, 0.008784810126582328, 0.5952278481012657]], "class": 8}