{"image": "14d1a01f-7598-11ee-80d0-fcb3bc5cd112.jpg", "bboxes": [[0.0, 0.49593670886075947, 0.03673417721518968, 0.5440379746835443], [0.14053164556962028, 0.5465696202531645, 0.1797721518987342, 0.5845443037974685], [0.17470886075949354, 0.5478354430379747, 0.2190126582278481, 0.5845443037974685], [0.27470886075949363, 0.5174556962025316, 0.32154430379746823, 0.5617594936708861], [0.3152151898734177, 0.5199873417721519, 0.3595189873417721, 0.5592278481012658]], "class": 5}