{"image": "14d1a01f-7598-11ee-80d0-fcb3bc5cd112.jpg", "bboxes": [[0.14906329113924044, 0.4482278481012658, 0.19716455696202528, 0.4975949367088607], [0.1908354430379745, 0.44696202531645574, 0.24273417721518964, 0.4950632911392405], [0.34653164556962035, 0.40645569620253164, 0.38577215189873415, 0.44443037974683547], [0.3807088607594935, 0.40645569620253164, 0.42501265822784806, 0.4431645569620253], [0.4807088607594936, 0.4292405063291139, 0.5275443037974683, 0.47354430379746837], [0.5212151898734176, 0.43177215189873425, 0.5655189873417721, 0.4710126582278481]], "class": 6}