{"image": "14d1a01f-7598-11ee-80d0-fcb3bc5cd112.jpg", "bboxes": [[0.0, 0.6339873417721519, 0.022645569620253103, 0.725126582278481], [0.19606329113924037, 0.4732278481012658, 0.24416455696202521, 0.5225949367088607], [0.23783544303797455, 0.4719620253164557, 0.2897341772151897, 0.5200632911392405], [0.3935316455696203, 0.4314556962025316, 0.4327721518987342, 0.46943037974683544], [0.42770886075949355, 0.4314556962025316, 0.4720126582278481, 0.4681645569620253], [0.5277088607594936, 0.45424050632911395, 0.5745443037974682, 0.4985443037974684], [0.5682151898734177, 0.45677215189873427, 0.6125189873417721, 0.49601265822784807]], "class": 7}