{"image": "14d1a01f-7598-11ee-80d0-fcb3bc5cd112.jpg", "bboxes": [[0.9693544303797469, 0.288873417721519, 1.0, 0.38001265822784813], [0.7478354430379748, 0.4914050632911393, 0.7959367088607596, 0.5407721518987342], [0.7022658227848103, 0.49393670886075947, 0.7541645569620254, 0.5420379746835443], [0.5592278481012659, 0.5445696202531645, 0.5984683544303797, 0.5825443037974685], [0.5199873417721519, 0.5458354430379747, 0.5642911392405064, 0.5825443037974685], [0.4174556962025317, 0.5154556962025316, 0.46429113924050636, 0.5597594936708861], [0.37948101265822787, 0.5179873417721519, 0.4237848101265823, 0.5572278481012658]], "class": 7}