{"image": "14e97ade-759e-11ee-adae-fcb3bc5cd112.jpg", "bboxes": [[0.0, 0.45508860759493663, 0.029569620253164453, 0.5386329113924051], [0.010582278481012564, 0.46015189873417717, 0.0852658227848101, 0.5449620253164557], [0.1637468354430378, 0.4512911392405063, 0.23210126582278467, 0.5183797468354431], [0.31564556962025314, 0.38546835443037974, 0.3688101265822784, 0.4487594936708861], [0.36248101265822763, 0.3892658227848101, 0.41311392405063274, 0.4487594936708861], [0.5017215189873416, 0.3867341772151898, 0.5586835443037974, 0.4525569620253165], [0.5675443037974683, 0.3652151898734177, 0.6207088607594935, 0.42091139240506326], [0.6688101265822783, 0.39559493670886076, 0.7194430379746835, 0.4474936708860759], [0.7434936708860759, 0.3664810126582278, 0.7915949367088607, 0.40698734177215184], [0.7865316455696202, 0.37154430379746833, 0.8358987341772152, 0.4133164556962025], [0.8396962025316456, 0.38420253164556967, 0.8852658227848101, 0.43863291139240507], [0.8789367088607595, 0.38420253164556967, 0.9295696202531646, 0.43736708860759493], [0.873873417721519, 0.28040506329113923, 0.9055189873417722, 0.30445569620253166], [0.8991898734177215, 0.2829367088607595, 0.9295696202531646, 0.31458227848101267], [0.9776708860759493, 0.27407594936708857, 1.0, 0.30445569620253166], [0.9979240506329113, 0.27787341772151897, 1.0, 0.3057215189873418]], "class": 16}