{"image": "14e97ade-759e-11ee-adae-fcb3bc5cd112.jpg", "bboxes": [[0.0, 0.4272911392405063, 0.031101265822784607, 0.49437974683544306], [0.11464556962025307, 0.3614683544303797, 0.16781012658227834, 0.42475949367088606], [0.16148101265822767, 0.3652658227848101, 0.21211392405063267, 0.42475949367088606], [0.30072151898734156, 0.36273417721518986, 0.35768354430379734, 0.42855696202531646], [0.3665443037974683, 0.3412151898734177, 0.41970886075949354, 0.3969113924050633], [0.4678101265822784, 0.37159493670886073, 0.5184430379746834, 0.4234936708860759], [0.5424936708860759, 0.34248101265822783, 0.5905949367088608, 0.3829873417721519], [0.5855316455696202, 0.3475443037974683, 0.6348987341772152, 0.38931645569620255], [0.6386962025316456, 0.36020253164556965, 0.6842658227848101, 0.41463291139240505], [0.6779367088607595, 0.36020253164556965, 0.7285696202531645, 0.41336708860759497], [0.672873417721519, 0.25640506329113927, 0.7045189873417721, 0.2804556962025317], [0.6981898734177215, 0.2589367088607595, 0.7285696202531645, 0.2905822784810127], [0.7766708860759493, 0.2500759493670886, 0.8045189873417722, 0.2804556962025317], [0.7969240506329113, 0.253873417721519, 0.8247721518987341, 0.28172151898734177]], "class": 14}