{"image": "14e97ade-759e-11ee-adae-fcb3bc5cd112.jpg", "bboxes": [[0.9078987341772153, 0.4812911392405063, 0.9762531645569622, 0.548379746835443], [0.7711898734177216, 0.41546835443037977, 0.8243544303797469, 0.47875949367088605], [0.7268860759493673, 0.4192658227848101, 0.7775189873417724, 0.47875949367088605], [0.5813164556962026, 0.41673417721518985, 0.6382784810126584, 0.48255696202531645], [0.5192911392405065, 0.39521518987341775, 0.5724556962025317, 0.4509113924050633], [0.42055696202531656, 0.4255949367088608, 0.4711898734177216, 0.4774936708860759], [0.3484050632911393, 0.3964810126582278, 0.39650632911392414, 0.43698734177215187], [0.30410126582278485, 0.4015443037974683, 0.3534683544303798, 0.44331645569620254], [0.2547341772151899, 0.41420253164556964, 0.30030379746835445, 0.46863291139240504], [0.21043037974683546, 0.41420253164556964, 0.2610632911392405, 0.46736708860759496], [0.23448101265822788, 0.31040506329113926, 0.266126582278481, 0.3344556962025317], [0.21043037974683546, 0.31293670886075947, 0.2408101265822785, 0.3445822784810127], [0.13448101265822787, 0.3040759493670886, 0.16232911392405072, 0.3344556962025317], [0.11422784810126586, 0.307873417721519, 0.1420759493670887, 0.33572151898734176]], "class": 14}