{"image": "14e97ade-759e-11ee-adae-fcb3bc5cd112.jpg", "bboxes": [[0.07064556962025315, 0.5742405063291139, 0.12381012658227841, 0.6375316455696203], [0.11748101265822763, 0.5742405063291139, 0.16811392405063275, 0.6337341772151899], [0.25672151898734163, 0.5704430379746835, 0.3136835443037974, 0.6362658227848101], [0.32254430379746823, 0.6020886075949368, 0.3757088607594935, 0.6577848101265823], [0.42381012658227835, 0.5755063291139241, 0.47444303797468346, 0.6274050632911392], [0.4984936708860759, 0.6160126582278481, 0.5465949367088607, 0.6565189873417722], [0.5415316455696202, 0.6096835443037975, 0.5908987341772152, 0.6514556962025317], [0.5946962025316456, 0.5843670886075949, 0.6402658227848101, 0.6387974683544304], [0.6339367088607595, 0.585632911392405, 0.6845696202531646, 0.6387974683544304], [0.628873417721519, 0.7185443037974684, 0.6605189873417721, 0.7425949367088607], [0.6541898734177215, 0.7084177215189873, 0.6845696202531646, 0.7400632911392405], [0.7326708860759492, 0.7185443037974684, 0.7605189873417721, 0.7489240506329113], [0.7529240506329113, 0.7172784810126582, 0.7807721518987342, 0.7451265822784809]], "class": 13}