{"image": "14e97ade-759e-11ee-adae-fcb3bc5cd112.jpg", "bboxes": [[0.0, 0.48103797468354437, 0.006265822784810138, 0.5658481012658229], [0.08474683544303774, 0.507620253164557, 0.1531012658227846, 0.5747088607594937], [0.23664556962025318, 0.577240506329114, 0.28981012658227834, 0.6405316455696203], [0.28348101265822767, 0.577240506329114, 0.33411392405063267, 0.6367341772151899], [0.42272151898734156, 0.5734430379746835, 0.47968354430379734, 0.6392658227848101], [0.48854430379746827, 0.6050886075949367, 0.5417088607594935, 0.6607848101265823], [0.5898101265822784, 0.5785063291139241, 0.6404430379746835, 0.6304050632911393], [0.6644936708860758, 0.6190126582278481, 0.7125949367088606, 0.6595189873417722], [0.7075316455696201, 0.6126835443037975, 0.7568987341772151, 0.6544556962025316], [0.7606962025316455, 0.587367088607595, 0.8062658227848101, 0.6417974683544303], [0.7999367088607595, 0.588632911392405, 0.8505696202531645, 0.6417974683544303], [0.794873417721519, 0.7215443037974683, 0.8265189873417721, 0.7455949367088608], [0.8201898734177215, 0.7114177215189873, 0.8505696202531645, 0.7430632911392405], [0.8986708860759492, 0.7215443037974683, 0.9265189873417721, 0.7519240506329115], [0.9189240506329113, 0.7202784810126582, 0.9467721518987341, 0.7481265822784811]], "class": 15}