{"image": "14e97ade-759e-11ee-adae-fcb3bc5cd112.jpg", "bboxes": [[0.9902911392405065, 0.37521518987341773, 1.0, 0.43091139240506326], [0.8915569620253165, 0.40559493670886076, 0.9421898734177216, 0.4574936708860759], [0.8194050632911393, 0.3764810126582278, 0.8675063291139241, 0.41698734177215185], [0.7751012658227848, 0.38154430379746834, 0.8244683544303798, 0.4233164556962025], [0.72573417721519, 0.3942025316455697, 0.7713037974683544, 0.4486329113924051], [0.6814303797468354, 0.3942025316455697, 0.7320632911392405, 0.44736708860759494], [0.7054810126582279, 0.29040506329113924, 0.737126582278481, 0.31445569620253166], [0.6814303797468354, 0.2929367088607595, 0.7118101265822785, 0.3245822784810127], [0.6054810126582278, 0.2840759493670886, 0.6333291139240507, 0.31445569620253166], [0.5852278481012658, 0.287873417721519, 0.6130759493670886, 0.31572151898734174]], "class": 10}