{"image": "14e97ade-759e-11ee-adae-fcb3bc5cd112.jpg", "bboxes": [[0.9694303797468355, 0.46608860759493664, 1.0, 0.549632911392405], [0.9137341772151899, 0.4711518987341772, 0.9884177215189875, 0.5559620253164557], [0.7668987341772153, 0.4622911392405063, 0.8352531645569623, 0.529379746835443], [0.6301898734177216, 0.39646835443037975, 0.6833544303797469, 0.45975949367088603], [0.5858860759493673, 0.4002658227848101, 0.6365189873417724, 0.45975949367088603], [0.44031645569620265, 0.39773417721518983, 0.4972784810126584, 0.4635569620253165], [0.3782911392405065, 0.37621518987341773, 0.4314556962025317, 0.43191139240506327], [0.2795569620253166, 0.40659493670886077, 0.3301898734177216, 0.4584936708860759], [0.2074050632911393, 0.3774810126582278, 0.2555063291139242, 0.41798734177215185], [0.16310126582278486, 0.38254430379746834, 0.2124683544303798, 0.4243164556962025], [0.1137341772151899, 0.3952025316455697, 0.15930379746835444, 0.449632911392405], [0.06943037974683545, 0.3952025316455697, 0.12006329113924051, 0.44836708860759494], [0.09348101265822788, 0.29140506329113924, 0.125126582278481, 0.31545569620253167], [0.06943037974683545, 0.2939367088607595, 0.09981012658227849, 0.3255822784810127], [0.0, 0.2850759493670886, 0.021329113924050715, 0.31545569620253167], [0.0, 0.288873417721519, 0.0010759493670886968, 0.31672151898734174]], "class": 16}