{"image": "14e97ade-759e-11ee-adae-fcb3bc5cd112.jpg", "bboxes": [[0.9035569620253165, 0.41259493670886077, 0.9541898734177217, 0.4644936708860759], [0.8314050632911393, 0.3834810126582278, 0.8795063291139241, 0.42398734177215186], [0.7871012658227848, 0.38854430379746835, 0.8364683544303798, 0.4303164556962025], [0.7377341772151899, 0.4012025316455696, 0.7833037974683544, 0.455632911392405], [0.6934303797468354, 0.4012025316455696, 0.7440632911392405, 0.45436708860759495], [0.7174810126582278, 0.29740506329113925, 0.7491265822784811, 0.32145569620253167], [0.6934303797468354, 0.2999367088607595, 0.7238101265822785, 0.3315822784810127], [0.6174810126582279, 0.2910759493670886, 0.6453291139240507, 0.32145569620253167], [0.5972278481012658, 0.294873417721519, 0.6250759493670887, 0.32272151898734175]], "class": 9}