{"image": "14e97ade-759e-11ee-adae-fcb3bc5cd112.jpg", "bboxes": [[0.16282278481012646, 0.43208860759493667, 0.24256962025316442, 0.5156329113924051], [0.22358227848101253, 0.43715189873417715, 0.29826582278481006, 0.5219620253164556], [0.3767468354430378, 0.4282911392405063, 0.44510126582278464, 0.495379746835443], [0.5286455696202531, 0.3624683544303797, 0.5818101265822784, 0.42575949367088606], [0.5754810126582277, 0.3662658227848101, 0.6261139240506327, 0.42575949367088606], [0.7147215189873416, 0.36373417721518986, 0.7716835443037974, 0.42955696202531646], [0.7805443037974683, 0.3422151898734177, 0.8337088607594936, 0.3979113924050633], [0.8818101265822784, 0.37259493670886074, 0.9324430379746834, 0.4244936708860759], [0.9564936708860758, 0.34348101265822784, 1.0, 0.3839873417721519], [0.9995316455696202, 0.3485443037974683, 1.0, 0.39031645569620255]], "class": 10}