{"image": "14e97ade-759e-11ee-adae-fcb3bc5cd112.jpg", "bboxes": [[0.9978860759493673, 0.5502405063291139, 1.0, 0.6097341772151899], [0.8523164556962026, 0.5464430379746835, 0.9092784810126584, 0.6122658227848101], [0.7902911392405065, 0.5780886075949367, 0.8434556962025317, 0.6337848101265823], [0.6915569620253166, 0.5515063291139242, 0.7421898734177216, 0.6034050632911392], [0.6194050632911393, 0.5920126582278482, 0.6675063291139242, 0.6325189873417723], [0.5751012658227849, 0.5856835443037975, 0.6244683544303798, 0.6274556962025317], [0.5257341772151899, 0.5603670886075949, 0.5713037974683545, 0.6147974683544304], [0.48143037974683545, 0.561632911392405, 0.5320632911392406, 0.6147974683544304], [0.5054810126582279, 0.6945443037974683, 0.537126582278481, 0.7185949367088608], [0.48143037974683545, 0.6844177215189873, 0.5118101265822785, 0.7160632911392405], [0.4054810126582279, 0.6945443037974683, 0.4333291139240507, 0.7249240506329114], [0.38522784810126587, 0.6932784810126582, 0.4130759493670887, 0.721126582278481]], "class": 12}