{"image": "150b6552-6b44-11ee-8d48-fcb3bc5cd112.jpg", "bboxes": [[0.541951219512195, 0.34087804878048766, 0.6407317073170731, 0.4628292682926829]], "class": 1}