{"image": "150b6552-6b44-11ee-8d48-fcb3bc5cd112.jpg", "bboxes": [[0.545268292682927, 0.5781707317073171, 0.6440487804878049, 0.7001219512195123]], "class": 1}