{"image": "150b6552-6b44-11ee-8d48-fcb3bc5cd112.jpg", "bboxes": [[0.38426829268292695, 0.2688780487804877, 0.483048780487805, 0.39082926829268283]], "class": 1}