{"image": "150b6552-6b44-11ee-8d48-fcb3bc5cd112.jpg", "bboxes": [[0.36426829268292693, 0.33087804878048765, 0.46304878048780496, 0.4528292682926829]], "class": 1}