{"image": "150b6552-6b44-11ee-8d48-fcb3bc5cd112.jpg", "bboxes": [[0.791951219512195, 0.5751707317073171, 0.8907317073170731, 0.6971219512195123]], "class": 1}