{"image": "150b6552-6b44-11ee-8d48-fcb3bc5cd112.jpg", "bboxes": [[0.5952682926829269, 0.6011707317073172, 0.6940487804878049, 0.7231219512195123]], "class": 1}