{"image": "150b6552-6b44-11ee-8d48-fcb3bc5cd112.jpg", "bboxes": [[0.40195121951219503, 0.32487804878048765, 0.5007317073170731, 0.4468292682926829]], "class": 1}