{"image": "150b6552-6b44-11ee-8d48-fcb3bc5cd112.jpg", "bboxes": [[0.37526829268292694, 0.5611707317073171, 0.47404878048780497, 0.6831219512195124]], "class": 1}