{"image": "150b6552-6b44-11ee-8d48-fcb3bc5cd112.jpg", "bboxes": [[0.49926829268292694, 0.5791707317073171, 0.598048780487805, 0.7011219512195123]], "class": 1}