{"image": "15acf68a-6b42-11ee-80c7-fcb3bc5cd112.jpg", "bboxes": [[0.4098536585365854, 0.0, 0.5598536585365854, 0.1390731707317073], [0.2269268292682927, 0.006146341463414643, 0.3513170731707317, 0.1439512195121951]], "class": 2}