{"image": "15acf68a-6b42-11ee-80c7-fcb3bc5cd112.jpg", "bboxes": [[0.8031463414634146, 0.8159268292682926, 0.9531463414634146, 0.9647073170731707]], "class": 1}