{"image": "15acf68a-6b42-11ee-80c7-fcb3bc5cd112.jpg", "bboxes": [[0.3388536585365854, 0.012292682926829272, 0.4888536585365854, 0.1610731707317073], [0.15592682926829268, 0.028146341463414642, 0.2803170731707317, 0.1659512195121951]], "class": 2}