{"image": "15acf68a-6b42-11ee-80c7-fcb3bc5cd112.jpg", "bboxes": [[0.2838536585365854, 0.03329268292682927, 0.43385365853658536, 0.1820731707317073], [0.10092682926829269, 0.04914634146341464, 0.2253170731707317, 0.18695121951219512]], "class": 2}