{"image": "15acf68a-6b42-11ee-80c7-fcb3bc5cd112.jpg", "bboxes": [[0.8851463414634146, 0.8289268292682928, 1.0, 0.9777073170731707]], "class": 1}