{"image": "15acf68a-6b42-11ee-80c7-fcb3bc5cd112.jpg", "bboxes": [[0.7441463414634146, 0.03429268292682927, 0.8941463414634147, 0.1830731707317073], [0.9526829268292683, 0.050146341463414644, 1.0, 0.18795121951219512]], "class": 2}