{"image": "16cc25b8-7598-11ee-98c9-fcb3bc5cd112.jpg", "bboxes": [[0.9805443037974685, 0.41330379746835444, 1.0, 0.458873417721519], [0.9438354430379747, 0.41710126582278484, 0.9856075949367089, 0.46013924050632904], [0.8691518987341774, 0.4652025316455696, 0.8970000000000002, 0.4930506329113924], [0.8539620253164558, 0.46013924050632904, 0.8742151898734177, 0.489253164556962]], "class": 4}