{"image": "16cc25b8-7598-11ee-98c9-fcb3bc5cd112.jpg", "bboxes": [[0.0, 0.493746835443038, 0.013037974683544284, 0.522860759493671]], "class": 1}