{"image": "16cc25b8-7598-11ee-98c9-fcb3bc5cd112.jpg", "bboxes": [[0.021999999999999797, 0.5072025316455696, 0.04984810126582262, 0.5350506329113924], [0.0447848101265822, 0.5021392405063291, 0.06503797468354422, 0.531253164556962]], "class": 2}