{"image": "16cc25b8-7598-11ee-98c9-fcb3bc5cd112.jpg", "bboxes": [[0.9505443037974685, 0.486126582278481, 0.9872531645569622, 0.5316962025316455], [0.9138354430379747, 0.4848607594936709, 0.9556075949367089, 0.5278987341772151], [0.8391518987341774, 0.45194936708860756, 0.8670000000000002, 0.47979746835443043], [0.8239620253164558, 0.45574683544303796, 0.8442151898734178, 0.4848607594936709], [0.9720632911392406, 0.44055696202531647, 1.0, 0.4671392405063291]], "class": 5}