{"image": "172d59e9-759c-11ee-a993-fcb3bc5cd112.jpg", "bboxes": [[0.03740506329113924, 0.496253164556962, 0.13613924050632908, 0.5835949367088606], [0.11335443037974668, 0.496253164556962, 0.22601265822784788, 0.5848607594936709], [0.41841772151898726, 0.32536708860759495, 0.4766455696202532, 0.3810632911392405], [0.46525316455696175, 0.3342278481012658, 0.5209493670886076, 0.386126582278481]], "class": 4}