{"image": "172d59e9-759c-11ee-a993-fcb3bc5cd112.jpg", "bboxes": [[0.9133544303797468, 0.5999367088607594, 0.9715822784810128, 0.6556329113924051], [0.8690506329113924, 0.5948734177215189, 0.9247468354430383, 0.6467721518987342]], "class": 2}