{"image": "172d59e9-759c-11ee-a993-fcb3bc5cd112.jpg", "bboxes": [[0.3854050632911392, 0.517253164556962, 0.48413924050632906, 0.6045949367088607], [0.46135443037974666, 0.517253164556962, 0.5740126582278479, 0.6058607594936709], [0.7664177215189872, 0.34636708860759496, 0.8246455696202531, 0.4020632911392405], [0.8132531645569618, 0.3552278481012658, 0.8689493670886076, 0.40712658227848103]], "class": 4}