{"image": "172d59e9-759c-11ee-a993-fcb3bc5cd112.jpg", "bboxes": [[0.0, 0.500253164556962, 0.02701265822784782, 0.5888607594936709], [0.2194177215189873, 0.32936708860759495, 0.2776455696202531, 0.3850632911392405], [0.2662531645569618, 0.3382278481012658, 0.32194936708860755, 0.390126582278481]], "class": 3}