{"image": "172d59e9-759c-11ee-a993-fcb3bc5cd112.jpg", "bboxes": [[0.07540506329113916, 0.3854050632911393, 0.17413924050632912, 0.47274683544303797], [0.1513544303797466, 0.3841392405063291, 0.2640126582278478, 0.47274683544303797], [0.4564177215189873, 0.5879367088607594, 0.5146455696202532, 0.6436329113924051], [0.5032531645569618, 0.582873417721519, 0.5589493670886077, 0.6347721518987341]], "class": 4}