{"image": "17546e34-759e-11ee-992a-fcb3bc5cd112.jpg", "bboxes": [[0.3381139240506327, 0.6730759493670886, 0.4203924050632911, 0.7591518987341772], [0.40646835443037954, 0.6781392405063291, 0.4925443037974683, 0.7629493670886076], [0.6545696202531645, 0.5958607594936709, 0.7254556962025315, 0.6743417721518987], [0.7267215189873416, 0.598392405063291, 0.7887468354430378, 0.666746835443038], [0.7925443037974682, 0.5325696202531646, 0.8608987341772152, 0.5907974683544304], [0.9381139240506327, 0.5161139240506329, 0.9874810126582277, 0.5642151898734177], [0.9849493670886076, 0.5161139240506329, 1.0, 0.5680126582278482]], "class": 7}