{"image": "17546e34-759e-11ee-992a-fcb3bc5cd112.jpg", "bboxes": [[0.9125443037974685, 0.28465822784810135, 0.9834303797468356, 0.36313924050632906], [0.8492531645569622, 0.29225316455696204, 0.9112784810126584, 0.3606075949367089], [0.7771012658227848, 0.3682025316455696, 0.8454556962025317, 0.4264303797468355], [0.6505189873417723, 0.3947848101265823, 0.6998860759493672, 0.442886075949367], [0.6100126582278482, 0.3909873417721518, 0.6530506329113924, 0.442886075949367], [0.5252025316455697, 0.4175696202531646, 0.5682405063291139, 0.45934177215189875], [0.47330379746835444, 0.39351898734177215, 0.5163417721518988, 0.4378227848101266], [0.4315316455696203, 0.3884556962025316, 0.47963291139240516, 0.43275949367088606], [0.36950632911392417, 0.38592405063291146, 0.40874683544303797, 0.4289620253164558], [0.3340632911392405, 0.38972151898734186, 0.3720379746835443, 0.43529113924050633], [0.26191139240506334, 0.37832911392405055, 0.308746835443038, 0.4302278481012659], [0.2239367088607595, 0.37832911392405055, 0.2733037974683544, 0.4302278481012659], [0.16824050632911394, 0.4061772151898735, 0.20368354430379754, 0.442886075949367], [0.1365949367088608, 0.39731645569620255, 0.17203797468354434, 0.44035443037974686]], "class": 14}