{"image": "17546e34-759e-11ee-992a-fcb3bc5cd112.jpg", "bboxes": [[0.17511392405063275, 0.6550759493670886, 0.2573924050632911, 0.7411518987341772], [0.24346835443037962, 0.6601392405063291, 0.32954430379746824, 0.7449493670886076], [0.4915696202531644, 0.5778607594936709, 0.5624556962025316, 0.6563417721518987], [0.5637215189873416, 0.5803924050632912, 0.6257468354430378, 0.648746835443038], [0.6295443037974683, 0.5145696202531646, 0.6978987341772152, 0.5727974683544305], [0.7751139240506327, 0.49811392405063293, 0.8244810126582278, 0.5462151898734177], [0.8219493670886076, 0.49811392405063293, 0.8649873417721519, 0.5500126582278482], [0.906759493670886, 0.4816582278481012, 0.9497974683544304, 0.5234303797468355], [0.9586582278481012, 0.5031772151898735, 1.0, 0.5474810126582279], [0.9953670886075948, 0.508240506329114, 1.0, 0.5525443037974684]], "class": 10}