{"image": "17546e34-759e-11ee-992a-fcb3bc5cd112.jpg", "bboxes": [[0.0, 0.3662025316455696, 0.04789873417721513, 0.4244303797468355], [0.1251139240506327, 0.3927848101265823, 0.1744810126582278, 0.440886075949367], [0.17194936708860753, 0.3889873417721518, 0.21498734177215184, 0.440886075949367], [0.256759493670886, 0.4155696202531646, 0.29979746835443033, 0.45734177215189875], [0.30865822784810115, 0.39151898734177215, 0.3516962025316456, 0.4358227848101266], [0.3453670886075948, 0.3864556962025316, 0.39346835443037964, 0.43075949367088606], [0.41625316455696204, 0.38392405063291146, 0.45549367088607584, 0.4269620253164558], [0.4529620253164557, 0.38772151898734186, 0.49093670886075946, 0.43329113924050633], [0.516253164556962, 0.37632911392405055, 0.5630886075949366, 0.4282278481012659], [0.5516962025316455, 0.37632911392405055, 0.6010632911392405, 0.4282278481012659], [0.6213164556962025, 0.4041772151898735, 0.656759493670886, 0.440886075949367], [0.6529620253164556, 0.39531645569620255, 0.6884050632911392, 0.43835443037974686]], "class": 12}