{"image": "17546e34-759e-11ee-992a-fcb3bc5cd112.jpg", "bboxes": [[0.17811392405063275, 0.7140759493670886, 0.2603924050632911, 0.8001518987341771], [0.24646835443037962, 0.719139240506329, 0.33254430379746824, 0.8039493670886075], [0.4945696202531644, 0.6368607594936709, 0.5654556962025314, 0.7153417721518986], [0.5667215189873416, 0.6393924050632911, 0.6287468354430378, 0.707746835443038], [0.6325443037974683, 0.5735696202531645, 0.7008987341772152, 0.6317974683544304], [0.7781139240506327, 0.557113924050633, 0.8274810126582277, 0.6052151898734177], [0.8249493670886076, 0.557113924050633, 0.8679873417721518, 0.6090126582278482], [0.909759493670886, 0.5406582278481012, 0.9527974683544302, 0.5824303797468354], [0.9616582278481012, 0.5621772151898734, 1.0, 0.6064810126582278], [0.9983670886075948, 0.5672405063291139, 1.0, 0.6115443037974684]], "class": 10}