{"image": "17546e34-759e-11ee-992a-fcb3bc5cd112.jpg", "bboxes": [[0.05056962025316447, 0.3246582278481013, 0.1214556962025315, 0.4031392405063291], [0.12272151898734163, 0.33225316455696197, 0.18474683544303772, 0.40060759493670894], [0.18854430379746823, 0.40820253164556963, 0.2568987341772151, 0.46643037974683543], [0.33411392405063267, 0.4347848101265823, 0.38348101265822776, 0.48288607594936706], [0.3809493670886076, 0.4309873417721518, 0.4239873417721518, 0.48288607594936706], [0.4657594936708861, 0.4575696202531645, 0.5087974683544303, 0.4993417721518988], [0.5176582278481012, 0.4335189873417721, 0.5606962025316455, 0.4778227848101265], [0.5543670886075949, 0.42845569620253166, 0.6024683544303797, 0.4727594936708861], [0.625253164556962, 0.4259240506329114, 0.6644936708860758, 0.4689620253164558], [0.6619620253164556, 0.4297215189873418, 0.6999367088607595, 0.47529113924050637], [0.725253164556962, 0.4183291139240506, 0.7720886075949367, 0.47022784810126583], [0.7606962025316455, 0.4183291139240506, 0.8100632911392405, 0.47022784810126583], [0.8303164556962025, 0.4461772151898734, 0.8657594936708861, 0.48288607594936706], [0.8619620253164557, 0.4373164556962025, 0.8974050632911392, 0.4803544303797469]], "class": 14}