{"image": "17546e34-759e-11ee-992a-fcb3bc5cd112.jpg", "bboxes": [[0.29611392405063275, 0.2648481012658228, 0.3783924050632911, 0.35092405063291143], [0.3644683544303796, 0.2610506329113924, 0.45054430379746824, 0.3458607594936709], [0.6125696202531644, 0.3496582278481013, 0.6834556962025315, 0.4281392405063291], [0.6847215189873416, 0.357253164556962, 0.7467468354430378, 0.42560759493670886], [0.7505443037974683, 0.43320253164556954, 0.8188987341772151, 0.49143037974683546], [0.8961139240506327, 0.45978481012658234, 0.9454810126582278, 0.5078860759493671], [0.9429493670886075, 0.45598734177215183, 0.9859873417721519, 0.5078860759493671]], "class": 7}