{"image": "17546e34-759e-11ee-992a-fcb3bc5cd112.jpg", "bboxes": [[0.8455443037974685, 0.5868607594936709, 0.9164303797468356, 0.6653417721518987], [0.7822531645569623, 0.5893924050632912, 0.8442784810126585, 0.657746835443038], [0.7101012658227849, 0.5235696202531646, 0.7784556962025317, 0.5817974683544304], [0.5835189873417722, 0.5071139240506329, 0.6328860759493673, 0.5552151898734177], [0.5430126582278482, 0.5071139240506329, 0.5860506329113925, 0.5590126582278482], [0.45820253164556973, 0.4906582278481012, 0.501240506329114, 0.5324303797468355], [0.40630379746835443, 0.5121772151898735, 0.4493417721518988, 0.5564810126582279], [0.3645316455696203, 0.5172405063291139, 0.41263291139240516, 0.5615443037974683], [0.30250632911392417, 0.5210379746835442, 0.34174683544303797, 0.5640759493670886], [0.2670632911392405, 0.5147088607594936, 0.3050379746835443, 0.5602784810126582], [0.19491139240506333, 0.5197721518987342, 0.241746835443038, 0.5716708860759494], [0.1569367088607595, 0.5197721518987342, 0.20630379746835445, 0.5716708860759494], [0.10124050632911394, 0.5071139240506329, 0.13668354430379753, 0.5438227848101266], [0.06959493670886081, 0.5096455696202531, 0.10503797468354435, 0.5526835443037975]], "class": 14}