{"image": "17546e34-759e-11ee-992a-fcb3bc5cd112.jpg", "bboxes": [[0.9196075949367088, 0.2578481012658228, 1.0, 0.3439240506329114], [0.8474556962025317, 0.2540506329113924, 0.9335316455696204, 0.3388607594936709], [0.6145443037974685, 0.3426582278481013, 0.6854303797468355, 0.4211392405063291], [0.5512531645569623, 0.350253164556962, 0.6132784810126584, 0.41860759493670885], [0.47910126582278484, 0.42620253164556954, 0.5474556962025318, 0.48443037974683545], [0.3525189873417722, 0.45278481012658234, 0.4018860759493673, 0.5008860759493671], [0.3120126582278482, 0.4489873417721518, 0.35505063291139244, 0.5008860759493671], [0.2272025316455697, 0.4755696202531645, 0.27024050632911395, 0.5173417721518988], [0.17530379746835445, 0.4515189873417721, 0.2183417721518988, 0.49582278481012654], [0.1335316455696203, 0.44645569620253156, 0.18163291139240517, 0.490759493670886], [0.07150632911392416, 0.4439240506329114, 0.11074683544303798, 0.4869620253164557], [0.036063291139240505, 0.4477215189873418, 0.07403797468354435, 0.4932911392405064], [0.0, 0.4363291139240506, 0.010746835443037981, 0.48822784810126585]], "class": 13}