{"image": "17546e34-759e-11ee-992a-fcb3bc5cd112.jpg", "bboxes": [[0.2441139240506327, 0.6770759493670886, 0.32639240506329115, 0.7631518987341772], [0.31246835443037957, 0.6821392405063291, 0.3985443037974683, 0.7669493670886076], [0.5605696202531645, 0.5998607594936709, 0.6314556962025315, 0.6783417721518987], [0.6327215189873416, 0.6023924050632911, 0.6947468354430377, 0.6707468354430379], [0.6985443037974683, 0.5365696202531646, 0.7668987341772151, 0.5947974683544304], [0.8441139240506327, 0.520113924050633, 0.8934810126582278, 0.5682151898734177], [0.8909493670886076, 0.520113924050633, 0.9339873417721518, 0.5720126582278482], [0.9757594936708861, 0.5036582278481012, 1.0, 0.5454303797468355]], "class": 8}