{"image": "18aa5d59-7598-11ee-8a9a-fcb3bc5cd112.jpg", "bboxes": [[0.6029746835443038, 0.16540506329113935, 0.6384177215189873, 0.2059113924050633], [0.5687974683544305, 0.17426582278481006, 0.6067721518987342, 0.21097468354430382], [0.8523417721518988, 0.23502531645569624, 0.8814556962025317, 0.26287341772151895], [0.8915822784810128, 0.2692025316455696, 0.9156329113924053, 0.2919873417721519], [0.8727083333333335, 0.26831250000000006, 0.8977083333333334, 0.2891458333333333], [0.8372916666666668, 0.2391458333333334, 0.8591666666666666, 0.2631041666666667]], "class": 6}