{"image": "18aa5d59-7598-11ee-8a9a-fcb3bc5cd112.jpg", "bboxes": [[0.22097468354430386, 0.18840506329113926, 0.2564177215189874, 0.2289113924050633], [0.1867974683544304, 0.19726582278481009, 0.22477215189873426, 0.23397468354430384], [0.4703417721518988, 0.25802531645569626, 0.4994556962025317, 0.285873417721519], [0.5095822784810128, 0.29220253164556964, 0.5336329113924053, 0.31498734177215193], [0.49070833333333347, 0.2913125000000001, 0.5157083333333334, 0.31214583333333334], [0.45529166666666676, 0.2621458333333334, 0.47716666666666663, 0.2861041666666667]], "class": 6}