{"image": "18aa5d59-7598-11ee-8a9a-fcb3bc5cd112.jpg", "bboxes": [[0.2925822784810126, 0.7700886075949367, 0.3280253164556961, 0.8105949367088607], [0.3242278481012657, 0.7650253164556962, 0.3622025316455696, 0.8017341772151899], [0.049544303797468325, 0.713126582278481, 0.07865822784810117, 0.7409746835443037], [0.015367088607594726, 0.6840126582278481, 0.03941772151898726, 0.7067974683544304], [0.0332916666666665, 0.6868541666666667, 0.05829166666666652, 0.7076874999999999], [0.07183333333333342, 0.7128958333333333, 0.09370833333333328, 0.7368541666666666]], "class": 6}