{"image": "18aa5d59-7598-11ee-8a9a-fcb3bc5cd112.jpg", "bboxes": [[0.49558227848101266, 0.8040886075949366, 0.5310253164556962, 0.8445949367088607], [0.5272278481012658, 0.7990253164556962, 0.5652025316455696, 0.8357341772151899], [0.2525443037974683, 0.747126582278481, 0.28165822784810124, 0.7749746835443038], [0.21836708860759468, 0.7180126582278481, 0.24241772151898722, 0.7407974683544304], [0.23629166666666657, 0.7208541666666666, 0.2612916666666665, 0.7416874999999998], [0.2748333333333334, 0.7468958333333332, 0.29670833333333324, 0.7708541666666666]], "class": 6}