{"image": "18aa5d59-7598-11ee-8a9a-fcb3bc5cd112.jpg", "bboxes": [[0.0, 0.7770886075949367, 0.006417721518987378, 0.8175949367088607], [0.2203417721518988, 0.720126582278481, 0.24945569620253172, 0.7479746835443037], [0.25958227848101273, 0.6910126582278481, 0.28363291139240526, 0.7137974683544304], [0.2407083333333335, 0.6938541666666667, 0.2657083333333335, 0.7146874999999999], [0.20529166666666673, 0.7198958333333333, 0.22716666666666663, 0.7438541666666666]], "class": 5}