{"image": "18aa5d59-7598-11ee-8a9a-fcb3bc5cd112.jpg", "bboxes": [[0.41097468354430383, 0.7420886075949367, 0.4464177215189874, 0.7825949367088607], [0.3767974683544304, 0.7370253164556961, 0.41477215189873423, 0.7737341772151899], [0.6603417721518988, 0.685126582278481, 0.6894556962025318, 0.7129746835443037], [0.6995822784810127, 0.656012658227848, 0.7236329113924053, 0.6787974683544304], [0.6807083333333335, 0.6588541666666666, 0.7057083333333335, 0.6796874999999999], [0.6452916666666667, 0.6848958333333333, 0.6671666666666666, 0.7088541666666667]], "class": 6}