{"image": "18aa5d59-7598-11ee-8a9a-fcb3bc5cd112.jpg", "bboxes": [[0.8085822784810126, 0.8030886075949366, 0.8440253164556961, 0.8435949367088607], [0.8402278481012657, 0.7980253164556962, 0.8782025316455696, 0.8347341772151899], [0.5655443037974683, 0.746126582278481, 0.5946582278481012, 0.7739746835443038], [0.5313670886075947, 0.7170126582278481, 0.5554177215189873, 0.7397974683544304], [0.5492916666666665, 0.7198541666666667, 0.5742916666666665, 0.7406874999999998], [0.5878333333333334, 0.7458958333333332, 0.6097083333333333, 0.7698541666666666]], "class": 6}