{"image": "18e1a250-759c-11ee-9d03-fcb3bc5cd112.jpg", "bboxes": [[0.22997468354430362, 0.5336455696202531, 0.2957974683544303, 0.5855443037974684], [0.27427848101265817, 0.5336455696202531, 0.3337721518987341, 0.5906075949367089], [0.6363037974683543, 0.6235189873417721, 0.6780759493670886, 0.6652911392405063]], "class": 3}