{"image": "18e1a250-759c-11ee-9d03-fcb3bc5cd112.jpg", "bboxes": [[0.2733037974683543, 0.3547088607594937, 0.3150759493670886, 0.3964810126582278]], "class": 1}