{"image": "18e1a250-759c-11ee-9d03-fcb3bc5cd112.jpg", "bboxes": [[0.2473037974683543, 0.2997088607594937, 0.2890759493670886, 0.34148101265822783]], "class": 1}