{"image": "18e1a250-759c-11ee-9d03-fcb3bc5cd112.jpg", "bboxes": [[0.16997468354430356, 0.4394556962025316, 0.23579746835443027, 0.49135443037974685], [0.21427848101265823, 0.43439240506329113, 0.27377215189873416, 0.49135443037974685], [0.5763037974683543, 0.3597088607594937, 0.6180759493670887, 0.40148101265822783]], "class": 3}