{"image": "18e1a250-759c-11ee-9d03-fcb3bc5cd112.jpg", "bboxes": [[0.8549240506329114, 0.5985189873417722, 0.8966962025316456, 0.6402911392405063]], "class": 1}