{"image": "1a8f88b6-7598-11ee-a95a-fcb3bc5cd112.jpg", "bboxes": [[0.18746835443037957, 0.6178607594936709, 0.2077215189873416, 0.6419113924050632], [0.2039240506329113, 0.619126582278481, 0.22670886075949348, 0.6444430379746835]], "class": 2}