{"image": "1a8f88b6-7598-11ee-a95a-fcb3bc5cd112.jpg", "bboxes": [[0.4714683544303796, 0.4030886075949368, 0.4917215189873416, 0.4271392405063291], [0.48792405063291133, 0.40055696202531643, 0.5107088607594935, 0.425873417721519]], "class": 2}