{"image": "1a8f88b6-7598-11ee-a95a-fcb3bc5cd112.jpg", "bboxes": [[0.8302784810126584, 0.35008860759493676, 0.8505316455696205, 0.3741392405063291], [0.8112911392405064, 0.3475569620253165, 0.8340759493670887, 0.37287341772151894]], "class": 2}