{"image": "1a8f88b6-7598-11ee-a95a-fcb3bc5cd112.jpg", "bboxes": [[0.9012784810126584, 0.3660886075949368, 0.9215316455696204, 0.3901392405063291], [0.8822911392405065, 0.3635569620253165, 0.9050759493670887, 0.38887341772151895]], "class": 2}