{"image": "1a9a914e-759c-11ee-9216-fcb3bc5cd112.jpg", "bboxes": [[0.7300379746835445, 0.6220379746835443, 0.8275063291139243, 0.6941898734177215], [0.6781392405063293, 0.6068481012658228, 0.7667468354430382, 0.6739367088607595], [0.23130379746835444, 0.6739367088607595, 0.2857341772151899, 0.7207721518987342]], "class": 3}