{"image": "1a9a914e-759c-11ee-9216-fcb3bc5cd112.jpg", "bboxes": [[0.6393037974683544, 0.6699367088607595, 0.6937341772151899, 0.7167721518987342]], "class": 1}