{"image": "1a9a914e-759c-11ee-9216-fcb3bc5cd112.jpg", "bboxes": [[0.10049367088607575, 0.30281012658227846, 0.19796202531645557, 0.3749620253164557], [0.16125316455696181, 0.3230632911392405, 0.2498607594936707, 0.3901518987341772], [0.6422658227848101, 0.2762278481012658, 0.6966962025316455, 0.3230632911392405]], "class": 3}