{"image": "1a9a914e-759c-11ee-9216-fcb3bc5cd112.jpg", "bboxes": [[0.6483037974683544, 0.2892278481012658, 0.7027341772151899, 0.3360632911392405]], "class": 1}