{"image": "1a9a914e-759c-11ee-9216-fcb3bc5cd112.jpg", "bboxes": [[0.13049367088607577, 0.3248101265822785, 0.22796202531645549, 0.3969620253164557], [0.19125316455696184, 0.3450632911392405, 0.27986075949367073, 0.41215189873417724], [0.6722658227848102, 0.2982278481012658, 0.7266962025316456, 0.3450632911392405]], "class": 3}