{"image": "1a9a914e-759c-11ee-9216-fcb3bc5cd112.jpg", "bboxes": [[0.49903797468354444, 0.2818101265822785, 0.5965063291139243, 0.3539620253164557], [0.4471392405063293, 0.3020632911392405, 0.5357468354430382, 0.3691518987341772], [0.00030379746835444623, 0.2552278481012658, 0.0547341772151899, 0.3020632911392405]], "class": 3}