{"image": "1c51dc5f-759c-11ee-92da-fcb3bc5cd112.jpg", "bboxes": [[0.9730379746835442, 0.4513544303797469, 1.0, 0.5197088607594936]], "class": 1}