{"image": "1c51dc5f-759c-11ee-92da-fcb3bc5cd112.jpg", "bboxes": [[0.512126582278481, 0.43629113924050633, 0.5589620253164558, 0.5046455696202532], [0.45389873417721527, 0.44894936708860755, 0.5057974683544304, 0.5135063291139241]], "class": 2}