{"image": "1c51dc5f-759c-11ee-92da-fcb3bc5cd112.jpg", "bboxes": [[0.7980379746835442, 0.4862911392405064, 0.844873417721519, 0.5546455696202531], [0.8512025316455696, 0.4989493670886076, 0.9031012658227847, 0.5635063291139242]], "class": 2}