{"image": "1c51dc5f-759c-11ee-92da-fcb3bc5cd112.jpg", "bboxes": [[0.47412658227848103, 0.44135443037974686, 0.5209620253164557, 0.5097088607594936], [0.41589873417721523, 0.43249367088607593, 0.4677974683544304, 0.49705063291139245]], "class": 2}