{"image": "1c51dc5f-759c-11ee-92da-fcb3bc5cd112.jpg", "bboxes": [[0.7810379746835443, 0.5083544303797469, 0.827873417721519, 0.5767088607594937], [0.8342025316455696, 0.4994936708860759, 0.8861012658227847, 0.5640506329113925]], "class": 2}