{"image": "1c51dc5f-759c-11ee-92da-fcb3bc5cd112.jpg", "bboxes": [[0.49203797468354427, 0.4693544303797469, 0.538873417721519, 0.5377088607594936], [0.5452025316455695, 0.4604936708860759, 0.5971012658227848, 0.5250506329113924]], "class": 2}