{"image": "1c68335d-7598-11ee-903d-fcb3bc5cd112.jpg", "bboxes": [[0.24737974683544314, 0.664012658227848, 0.28788607594936727, 0.7007215189873417], [0.2132025316455697, 0.6690759493670886, 0.25117721518987346, 0.7007215189873417], [0.2904177215189875, 0.6273037974683543, 0.3068734177215191, 0.6500886075949367], [0.27016455696202546, 0.6285696202531645, 0.29421518987341777, 0.652620253164557], [0.16636708860759494, 0.622240506329114, 0.18535443037974686, 0.6412278481012658], [0.14737974683544303, 0.6171772151898735, 0.16889873417721527, 0.6374303797468355]], "class": 6}