{"image": "1c68335d-7598-11ee-903d-fcb3bc5cd112.jpg", "bboxes": [[0.20737974683544314, 0.6890126582278481, 0.2478860759493673, 0.7257215189873417], [0.1732025316455697, 0.6940759493670886, 0.21117721518987342, 0.7257215189873417], [0.2504177215189875, 0.6523037974683543, 0.2668734177215191, 0.6750886075949366], [0.23016455696202548, 0.6535696202531646, 0.2542151898734178, 0.677620253164557], [0.12636708860759496, 0.6472405063291139, 0.14535443037974688, 0.6662278481012658], [0.10737974683544303, 0.6421772151898735, 0.12889873417721526, 0.6624303797468355]], "class": 6}