{"image": "1c68335d-7598-11ee-903d-fcb3bc5cd112.jpg", "bboxes": [[0.42937974683544317, 0.656012658227848, 0.4698860759493673, 0.6927215189873417], [0.39520253164556973, 0.6610759493670886, 0.43317721518987345, 0.6927215189873417], [0.4724177215189875, 0.6193037974683543, 0.4888734177215191, 0.6420886075949367], [0.45216455696202545, 0.6205696202531645, 0.47621518987341777, 0.644620253164557], [0.34836708860759497, 0.614240506329114, 0.36735443037974685, 0.6332278481012658], [0.329379746835443, 0.6091772151898734, 0.3508987341772153, 0.6294303797468355]], "class": 6}