{"image": "1c68335d-7598-11ee-903d-fcb3bc5cd112.jpg", "bboxes": [[0.1201139240506327, 0.24827848101265826, 0.16062025316455686, 0.2849873417721519], [0.15682278481012657, 0.24827848101265826, 0.19479746835443035, 0.27992405063291137], [0.10112658227848093, 0.29891139240506337, 0.11758227848101255, 0.32169620253164566], [0.11378481012658226, 0.296379746835443, 0.13783544303797457, 0.3204303797468354], [0.22264556962025317, 0.3077721518987343, 0.24163291139240506, 0.3267594936708861], [0.2391012658227848, 0.3115696202531646, 0.26062025316455695, 0.3318227848101266]], "class": 6}