{"image": "1c68335d-7598-11ee-903d-fcb3bc5cd112.jpg", "bboxes": [[0.5693797468354431, 0.6940126582278481, 0.6098860759493673, 0.7307215189873417], [0.5352025316455697, 0.6990759493670886, 0.5731772151898734, 0.7307215189873417], [0.6124177215189875, 0.6573037974683543, 0.6288734177215191, 0.6800886075949366], [0.5921645569620255, 0.6585696202531646, 0.6162151898734178, 0.682620253164557], [0.4883670886075949, 0.6522405063291139, 0.5073544303797469, 0.6712278481012658], [0.46937974683544303, 0.6471772151898735, 0.49089873417721525, 0.6674303797468355]], "class": 6}