{"image": "1c68335d-7598-11ee-903d-fcb3bc5cd112.jpg", "bboxes": [[0.22437974683544315, 0.6940126582278481, 0.2648860759493673, 0.7307215189873417], [0.19020253164556972, 0.6990759493670886, 0.22817721518987344, 0.7307215189873417], [0.2674177215189875, 0.6573037974683543, 0.2838734177215191, 0.6800886075949366], [0.24716455696202547, 0.6585696202531646, 0.2712151898734178, 0.682620253164557], [0.14336708860759495, 0.6522405063291139, 0.16235443037974687, 0.6712278481012658], [0.12437974683544303, 0.6471772151898735, 0.14589873417721527, 0.6674303797468355]], "class": 6}