{"image": "1c68335d-7598-11ee-903d-fcb3bc5cd112.jpg", "bboxes": [[0.3571139240506327, 0.6970126582278481, 0.39762025316455685, 0.7337215189873417], [0.39382278481012656, 0.7020759493670886, 0.43179746835443034, 0.7337215189873417], [0.3381265822784809, 0.6603037974683543, 0.35458227848101254, 0.6830886075949366], [0.35078481012658225, 0.6615696202531646, 0.37483544303797456, 0.685620253164557], [0.45964556962025316, 0.6552405063291139, 0.47863291139240505, 0.6742278481012658], [0.4761012658227848, 0.6501772151898735, 0.49762025316455694, 0.6704303797468355]], "class": 6}