{"image": "1c68335d-7598-11ee-903d-fcb3bc5cd112.jpg", "bboxes": [[0.08737974683544314, 0.7100126582278481, 0.1278860759493673, 0.7467215189873417], [0.053202531645569706, 0.7150759493670886, 0.09117721518987344, 0.7467215189873417], [0.13041772151898748, 0.6733037974683543, 0.1468734177215191, 0.6960886075949366], [0.11016455696202547, 0.6745696202531646, 0.1342151898734178, 0.698620253164557], [0.006367088607594951, 0.6682405063291139, 0.025354430379746874, 0.6872278481012658], [0.0, 0.6631772151898734, 0.00889873417721526, 0.6834303797468354]], "class": 6}