{"image": "1c68335d-7598-11ee-903d-fcb3bc5cd112.jpg", "bboxes": [[0.6331139240506327, 0.2872784810126583, 0.6736202531645569, 0.32398734177215194], [0.6698227848101266, 0.2872784810126583, 0.7077974683544304, 0.3189240506329114], [0.6141265822784809, 0.3379113924050633, 0.6305822784810124, 0.3606962025316457], [0.6267848101265823, 0.335379746835443, 0.6508354430379746, 0.35943037974683545], [0.7356455696202531, 0.3467721518987342, 0.7546329113924051, 0.365759493670886], [0.7521012658227848, 0.3505696202531645, 0.773620253164557, 0.37082278481012654]], "class": 6}