{"image": "1c68335d-7598-11ee-903d-fcb3bc5cd112.jpg", "bboxes": [[0.6621139240506326, 0.2832784810126583, 0.7026202531645569, 0.31998734177215193], [0.6988227848101265, 0.2832784810126583, 0.7367974683544303, 0.3149240506329114], [0.6431265822784809, 0.3339113924050633, 0.6595822784810126, 0.3566962025316457], [0.6557848101265822, 0.331379746835443, 0.6798354430379745, 0.35543037974683545], [0.7646455696202531, 0.3427721518987342, 0.783632911392405, 0.3617594936708861], [0.7811012658227847, 0.3465696202531645, 0.802620253164557, 0.36682278481012653]], "class": 6}