{"image": "1c68335d-7598-11ee-903d-fcb3bc5cd112.jpg", "bboxes": [[0.7053797468354431, 0.7020126582278481, 0.7458860759493673, 0.7387215189873417], [0.6712025316455698, 0.7070759493670886, 0.7091772151898734, 0.7387215189873417], [0.7484177215189874, 0.6653037974683543, 0.7648734177215191, 0.6880886075949366], [0.7281645569620254, 0.6665696202531646, 0.7522151898734177, 0.690620253164557], [0.6243670886075949, 0.6602405063291139, 0.6433544303797468, 0.6792278481012658], [0.605379746835443, 0.6551772151898735, 0.6268987341772153, 0.6754303797468355]], "class": 6}