{"image": "1c68335d-7598-11ee-903d-fcb3bc5cd112.jpg", "bboxes": [[0.08911392405063268, 0.2922784810126583, 0.12962025316455683, 0.32898734177215194], [0.12582278481012654, 0.2922784810126583, 0.16379746835443032, 0.3239240506329114], [0.0701265822784809, 0.3429113924050633, 0.08658227848101252, 0.3656962025316457], [0.08278481012658223, 0.34037974683544303, 0.10683544303797454, 0.36443037974683545], [0.19164556962025314, 0.35177215189873423, 0.21063291139240503, 0.370759493670886], [0.20810126582278476, 0.3555696202531645, 0.22962025316455692, 0.37582278481012654]], "class": 6}