{"image": "1e02776b-759c-11ee-84c2-fcb3bc5cd112.jpg", "bboxes": [[0.996240506329114, 0.4273083640442237, 1.0, 0.6002911392405064]], "class": 1}