{"image": "1e02776b-759c-11ee-84c2-fcb3bc5cd112.jpg", "bboxes": [[0.0, 0.41730836404422367, 0.07175949367088608, 0.5902911392405064]], "class": 1}