{"image": "1e02776b-759c-11ee-84c2-fcb3bc5cd112.jpg", "bboxes": [[0.0, 0.37930836404422374, 0.03275949367088604, 0.5522911392405063]], "class": 1}