{"image": "1e02776b-759c-11ee-84c2-fcb3bc5cd112.jpg", "bboxes": [[0.0, 0.39330836404422376, 0.07275949367088608, 0.5662911392405063]], "class": 1}