{"image": "1e02776b-759c-11ee-84c2-fcb3bc5cd112.jpg", "bboxes": [[0.0, 0.36030836404422373, 0.08175949367088609, 0.5332911392405063]], "class": 1}