{"image": "1e426650-7598-11ee-bd7c-fcb3bc5cd112.jpg", "bboxes": [[0.3790379746835443, 0.29870886075949377, 0.4157468354430377, 0.34427848101265834], [0.4220759493670885, 0.29870886075949377, 0.4613164556962024, 0.34427848101265834], [0.5068860759493669, 0.37212658227848106, 0.5372658227848099, 0.4012405063291139], [0.5385316455696202, 0.37592405063291146, 0.5689113924050633, 0.4050379746835443], [0.5752405063291137, 0.40630379746835443, 0.6030886075949365, 0.4392151898734178], [0.5992911392405063, 0.4088354430379746, 0.6258734177215188, 0.43794936708860754], [0.6220759493670887, 0.4366835443037975, 0.6410632911392404, 0.4556708860759494], [0.6385316455696204, 0.4366835443037975, 0.6613164556962023, 0.4556708860759494], [0.6752405063291137, 0.4278227848101266, 0.6954936708860758, 0.44934177215189874], [0.6954936708860758, 0.43035443037974686, 0.7144810126582277, 0.45313924050632903]], "class": 10}