{"image": "1e426650-7598-11ee-bd7c-fcb3bc5cd112.jpg", "bboxes": [[0.47303797468354425, 0.3357088607594938, 0.5097468354430377, 0.38127848101265827], [0.5160759493670884, 0.3357088607594938, 0.5553164556962025, 0.38127848101265827], [0.6008860759493668, 0.409126582278481, 0.6312658227848098, 0.43824050632911393], [0.6325316455696202, 0.4129240506329114, 0.6629113924050632, 0.44203797468354433], [0.6692405063291137, 0.44330379746835447, 0.6970886075949365, 0.4762151898734178], [0.6932911392405062, 0.4458354430379746, 0.7198734177215189, 0.4749493670886076], [0.7160759493670885, 0.47368354430379744, 0.7350632911392405, 0.49267088607594944], [0.7325316455696202, 0.47368354430379744, 0.7553164556962024, 0.49267088607594944], [0.7692405063291137, 0.4648227848101265, 0.7894936708860758, 0.4863417721518988], [0.7894936708860758, 0.4673544303797469, 0.8084810126582278, 0.49013924050632907]], "class": 10}