{"image": "1e426650-7598-11ee-bd7c-fcb3bc5cd112.jpg", "bboxes": [[0.8722531645569622, 0.3057088607594938, 0.9089620253164558, 0.35127848101265824], [0.8266835443037975, 0.3057088607594938, 0.8659240506329116, 0.35127848101265824], [0.7507341772151901, 0.37912658227848106, 0.7811139240506332, 0.4082405063291139], [0.7190886075949368, 0.38292405063291146, 0.7494683544303798, 0.4120379746835443], [0.6849113924050635, 0.41330379746835444, 0.7127594936708863, 0.4462151898734178], [0.6621265822784811, 0.4158354430379746, 0.6887088607594938, 0.44494936708860755], [0.6469367088607595, 0.44368354430379753, 0.6659240506329114, 0.4626708860759494], [0.6266835443037976, 0.44368354430379753, 0.6494683544303796, 0.4626708860759494], [0.5925063291139242, 0.4348227848101266, 0.6127594936708863, 0.45634177215189875], [0.5735189873417722, 0.43735443037974686, 0.5925063291139242, 0.46013924050632904]], "class": 10}