{"image": "1e426650-7598-11ee-bd7c-fcb3bc5cd112.jpg", "bboxes": [[0.5740379746835442, 0.6147215189873417, 0.6107468354430378, 0.6602911392405063], [0.6170759493670885, 0.6147215189873417, 0.6563164556962024, 0.6602911392405063], [0.7018860759493668, 0.5577594936708861, 0.7322658227848099, 0.586873417721519], [0.7335316455696201, 0.5539620253164557, 0.7639113924050632, 0.5830759493670886], [0.7702405063291138, 0.5197848101265822, 0.7980886075949365, 0.5526962025316455], [0.7942911392405063, 0.5210506329113924, 0.8208734177215189, 0.5501645569620254], [0.8170759493670886, 0.5033291139240506, 0.8360632911392405, 0.5223164556962026], [0.8335316455696203, 0.5033291139240506, 0.8563164556962024, 0.5223164556962026], [0.8702405063291136, 0.5096582278481012, 0.8904936708860759, 0.5311772151898735], [0.8904936708860759, 0.5058607594936709, 0.9094810126582278, 0.5286455696202531]], "class": 10}