{"image": "1e426650-7598-11ee-bd7c-fcb3bc5cd112.jpg", "bboxes": [[0.35925316455696227, 0.5967215189873417, 0.39596202531645575, 0.6422911392405063], [0.3136835443037976, 0.5967215189873417, 0.35292405063291155, 0.6422911392405063], [0.23773417721519013, 0.539759493670886, 0.26811392405063317, 0.568873417721519], [0.20608860759493677, 0.5359620253164556, 0.2364683544303798, 0.5650759493670886], [0.17191139240506345, 0.5017848101265823, 0.19975949367088627, 0.5346962025316455], [0.14912658227848113, 0.5030506329113924, 0.17570886075949374, 0.5321645569620254], [0.1339367088607595, 0.4853291139240506, 0.15292405063291142, 0.5043164556962025], [0.1136835443037976, 0.4853291139240506, 0.1364683544303797, 0.5043164556962025], [0.07950632911392415, 0.4916582278481012, 0.09975949367088628, 0.5131772151898735], [0.06051898734177223, 0.4878607594936709, 0.07950632911392415, 0.5106455696202531]], "class": 10}