{"image": "1e426650-7598-11ee-bd7c-fcb3bc5cd112.jpg", "bboxes": [[0.0, 0.4459240506329114, 0.014911392405063228, 0.47503797468354436], [0.021240506329113673, 0.4763037974683545, 0.049088607594936495, 0.5092151898734179], [0.045291139240506206, 0.47883544303797465, 0.0718734177215189, 0.5079493670886075], [0.0680759493670886, 0.5066835443037975, 0.0870632911392405, 0.5256708860759494], [0.08453164556962034, 0.5066835443037975, 0.1073164556962024, 0.5256708860759494], [0.12124050632911376, 0.49782278481012654, 0.1414936708860759, 0.5193417721518988], [0.1414936708860759, 0.5003544303797469, 0.16048101265822778, 0.5231392405063291]], "class": 7}