{"image": "1e426650-7598-11ee-bd7c-fcb3bc5cd112.jpg", "bboxes": [[0.4992531645569622, 0.3477088607594937, 0.5359620253164558, 0.3932784810126583], [0.4536835443037976, 0.3477088607594937, 0.4929240506329115, 0.3932784810126583], [0.37773417721519015, 0.421126582278481, 0.4081139240506332, 0.45024050632911394], [0.34608860759493676, 0.4249240506329114, 0.3764683544303798, 0.45403797468354434], [0.31191139240506344, 0.4553037974683545, 0.33975949367088626, 0.48821518987341783], [0.28912658227848115, 0.45783544303797463, 0.3157088607594937, 0.4869493670886076], [0.2739367088607595, 0.48568354430379745, 0.29292405063291144, 0.5046708860759495], [0.2536835443037976, 0.48568354430379745, 0.2764683544303797, 0.5046708860759495], [0.21950632911392415, 0.4768227848101265, 0.23975949367088628, 0.4983417721518988], [0.20051898734177223, 0.4793544303797469, 0.21950632911392415, 0.5021392405063291]], "class": 10}