{"image": "1e426650-7598-11ee-bd7c-fcb3bc5cd112.jpg", "bboxes": [[0.4972531645569622, 0.3177088607594938, 0.5339620253164558, 0.36327848101265825], [0.4516835443037976, 0.3177088607594938, 0.49092405063291156, 0.36327848101265825], [0.37573417721519015, 0.39112658227848096, 0.4061139240506332, 0.4202405063291139], [0.34408860759493676, 0.39492405063291147, 0.3744683544303798, 0.4240379746835443], [0.30991139240506343, 0.42530379746835445, 0.3377594936708863, 0.4582151898734178], [0.28712658227848115, 0.4278354430379746, 0.3137088607594937, 0.45694936708860756], [0.2719367088607595, 0.4556835443037974, 0.29092405063291144, 0.4746708860759494], [0.2516835443037976, 0.4556835443037974, 0.2744683544303797, 0.4746708860759494], [0.21750632911392415, 0.4468227848101266, 0.23775949367088628, 0.46834177215189876], [0.19851898734177223, 0.44935443037974687, 0.21750632911392415, 0.47213924050632905]], "class": 10}