{"image": "1e426650-7598-11ee-bd7c-fcb3bc5cd112.jpg", "bboxes": [[0.40125316455696225, 0.6437215189873418, 0.4379620253164558, 0.6892911392405062], [0.3556835443037976, 0.6437215189873418, 0.3949240506329115, 0.6892911392405062], [0.2797341772151901, 0.5867594936708861, 0.31011392405063315, 0.615873417721519], [0.24808860759493678, 0.5829620253164557, 0.2784683544303798, 0.6120759493670885], [0.21391139240506346, 0.5487848101265822, 0.24175949367088628, 0.5816962025316456], [0.19112658227848112, 0.5500506329113924, 0.21770886075949375, 0.5791645569620254], [0.1759367088607595, 0.5323291139240506, 0.1949240506329114, 0.5513164556962026], [0.15568354430379758, 0.5323291139240506, 0.1784683544303797, 0.5513164556962026], [0.12150632911392416, 0.5386582278481012, 0.14175949367088628, 0.5601772151898734], [0.10251898734177223, 0.534860759493671, 0.12150632911392416, 0.5576455696202531]], "class": 10}