{"image": "1e426650-7598-11ee-bd7c-fcb3bc5cd112.jpg", "bboxes": [[0.0, 0.4977848101265822, 0.0010886075949365637, 0.5306962025316455], [0.0, 0.4990506329113924, 0.023873417721518853, 0.5281645569620254], [0.020075949367088564, 0.4813291139240506, 0.03906329113924045, 0.5003164556962025], [0.0365316455696203, 0.4813291139240506, 0.059316455696202364, 0.5003164556962025], [0.07324050632911372, 0.4876582278481012, 0.09349367088607585, 0.5091772151898735], [0.09349367088607585, 0.4838607594936709, 0.11248101265822774, 0.5066455696202531]], "class": 6}