{"image": "1e426650-7598-11ee-bd7c-fcb3bc5cd112.jpg", "bboxes": [[0.9687341772151902, 0.5647594936708861, 0.9991139240506332, 0.593873417721519], [0.9370886075949367, 0.5609620253164557, 0.9674683544303798, 0.5900759493670886], [0.9029113924050635, 0.5267848101265822, 0.9307594936708863, 0.5596962025316455], [0.8801265822784812, 0.5280506329113924, 0.9067088607594938, 0.5571645569620254], [0.8649367088607595, 0.5103291139240506, 0.8839240506329115, 0.5293164556962026], [0.8446835443037976, 0.5103291139240506, 0.8674683544303797, 0.5293164556962026], [0.8105063291139242, 0.5166582278481012, 0.8307594936708863, 0.5381772151898734], [0.7915189873417723, 0.5128607594936709, 0.8105063291139242, 0.5356455696202531]], "class": 8}