{"image": "1f0e4666-6b45-11ee-8b48-fcb3bc5cd112.jpg", "bboxes": [[0.3463414634146342, 0.39848780487804875, 0.36585365853658536, 0.42653658536585365], [0.30853658536585377, 0.40092682926829265, 0.33658536585365856, 0.42653658536585365], [0.7670731707317072, 0.4131219512195122, 0.797560975609756, 0.4436097560975609], [0.5329268292682927, 0.42165853658536584, 0.5573170731707318, 0.4375121951219512], [0.5585365853658537, 0.42043902439024383, 0.5817073170731708, 0.4362926829268292]], "class": 5}