{"image": "1f0e4666-6b45-11ee-8b48-fcb3bc5cd112.jpg", "bboxes": [[0.9861463414634146, 0.38848780487804874, 1.0, 0.41653658536585364], [0.554439024390244, 0.4031219512195122, 0.5849268292682928, 0.4336097560975609], [0.7946829268292682, 0.41165853658536583, 0.8190731707317073, 0.4275121951219512], [0.7702926829268293, 0.4104390243902438, 0.7934634146341463, 0.4262926829268292]], "class": 4}