{"image": "1f0e4666-6b45-11ee-8b48-fcb3bc5cd112.jpg", "bboxes": [[0.4143414634146342, 0.6024634146341463, 0.43385365853658536, 0.6305121951219512], [0.3765365853658537, 0.6024634146341463, 0.40458536585365856, 0.6280731707317073], [0.8350731707317073, 0.585390243902439, 0.8655609756097561, 0.6158780487804878], [0.6009268292682928, 0.5914878048780488, 0.6253170731707317, 0.6073414634146341], [0.6265365853658538, 0.5927073170731707, 0.6497073170731708, 0.6085609756097561]], "class": 5}