{"image": "1f0e4666-6b45-11ee-8b48-fcb3bc5cd112.jpg", "bboxes": [[0.4163414634146342, 0.5664634146341464, 0.43585365853658536, 0.5945121951219512], [0.3785365853658537, 0.5664634146341464, 0.40658536585365856, 0.5920731707317073], [0.8370731707317073, 0.5493902439024391, 0.8675609756097561, 0.5798780487804878], [0.6029268292682928, 0.5554878048780487, 0.6273170731707317, 0.5713414634146341], [0.6285365853658538, 0.5567073170731708, 0.6517073170731708, 0.5725609756097562]], "class": 5}