{"image": "1f0e4666-6b45-11ee-8b48-fcb3bc5cd112.jpg", "bboxes": [[0.7581463414634146, 0.5764634146341463, 0.7776585365853659, 0.6045121951219512], [0.7874146341463415, 0.5764634146341463, 0.8154634146341463, 0.6020731707317073], [0.32643902439024397, 0.5593902439024391, 0.3569268292682928, 0.5898780487804878], [0.5666829268292682, 0.5654878048780487, 0.5910731707317072, 0.5813414634146341], [0.5422926829268293, 0.5667073170731708, 0.5654634146341463, 0.5825609756097562]], "class": 5}