{"image": "1f0e4666-6b45-11ee-8b48-fcb3bc5cd112.jpg", "bboxes": [[0.36707317073170725, 0.5823902439024391, 0.39756097560975606, 0.6128780487804878], [0.13292682926829275, 0.5884878048780489, 0.15731707317073176, 0.6043414634146342], [0.15853658536585374, 0.5897073170731708, 0.18170731707317078, 0.6055609756097562]], "class": 3}