{"image": "1f0e4666-6b45-11ee-8b48-fcb3bc5cd112.jpg", "bboxes": [[0.6861463414634146, 0.40748780487804875, 0.7056585365853658, 0.4355365853658536], [0.7154146341463414, 0.40992682926829266, 0.7434634146341463, 0.4355365853658536], [0.2544390243902439, 0.4221219512195122, 0.2849268292682927, 0.45260975609756093], [0.4946829268292683, 0.43065853658536585, 0.5190731707317072, 0.4465121951219512], [0.47029268292682924, 0.42943902439024384, 0.4934634146341462, 0.4452926829268292]], "class": 5}