{"image": "1f0e4666-6b45-11ee-8b48-fcb3bc5cd112.jpg", "bboxes": [[0.7224390243902439, 0.4231219512195122, 0.7529268292682927, 0.45360975609756093], [0.9626829268292683, 0.43165853658536585, 0.9870731707317073, 0.44751219512195123], [0.9382926829268292, 0.43043902439024384, 0.9614634146341463, 0.4462926829268292]], "class": 3}