{"image": "1fb787cb-759c-11ee-ab57-fcb3bc5cd112.jpg", "bboxes": [[0.18259493670886073, 0.3800632911392405, 0.22563291139240504, 0.4319620253164557], [0.21803797468354424, 0.395253164556962, 0.2623417721518987, 0.43575949367088607], [0.24968354430379747, 0.33449367088607596, 0.28386075949367084, 0.3623417721518987], [0.2813291139240506, 0.33575949367088603, 0.31044303797468353, 0.3699367088607595]], "class": 4}