{"image": "1fb787cb-759c-11ee-ab57-fcb3bc5cd112.jpg", "bboxes": [[0.015367088607594951, 0.3870632911392405, 0.0584050632911393, 0.43896202531645573], [0.0, 0.40225316455696203, 0.022962025316455765, 0.4427594936708861]], "class": 2}