{"image": "1fb787cb-759c-11ee-ab57-fcb3bc5cd112.jpg", "bboxes": [[0.2785949367088607, 0.5800379746835442, 0.321632911392405, 0.6319367088607595], [0.3140379746835442, 0.5762405063291139, 0.35834177215189866, 0.616746835443038], [0.34568354430379744, 0.6496582278481013, 0.3798607594936708, 0.677506329113924], [0.37732911392405055, 0.6420632911392405, 0.4064430379746835, 0.6762405063291139]], "class": 4}