{"image": "1fb787cb-759c-11ee-ab57-fcb3bc5cd112.jpg", "bboxes": [[0.41436708860759497, 0.3940632911392405, 0.4574050632911393, 0.44596202531645573], [0.3776582278481013, 0.40925316455696203, 0.42196202531645577, 0.4497594936708861], [0.3561392405063292, 0.34849367088607597, 0.39031645569620255, 0.37634177215189873], [0.3295569620253165, 0.34975949367088605, 0.3586708860759494, 0.3839367088607595]], "class": 4}