{"image": "1fb787cb-759c-11ee-ab57-fcb3bc5cd112.jpg", "bboxes": [[0.8583670886075949, 0.5090379746835443, 0.9014050632911393, 0.5609367088607595], [0.8216582278481013, 0.5052405063291139, 0.8659620253164557, 0.5457468354430379], [0.8001392405063292, 0.5786582278481013, 0.8343164556962025, 0.6065063291139241], [0.7735569620253164, 0.5710632911392405, 0.8026708860759494, 0.605240506329114]], "class": 4}