{"image": "1fb787cb-759c-11ee-ab57-fcb3bc5cd112.jpg", "bboxes": [[0.8845949367088607, 0.4290632911392405, 0.927632911392405, 0.4809620253164557], [0.9200379746835442, 0.444253164556962, 0.9643417721518986, 0.48475949367088605], [0.9516835443037974, 0.38349367088607594, 0.9858607594936708, 0.4113417721518987], [0.9833291139240506, 0.3847594936708861, 1.0, 0.4189367088607595]], "class": 4}