{"image": "1fb787cb-759c-11ee-ab57-fcb3bc5cd112.jpg", "bboxes": [[0.6925949367088606, 0.5780379746835442, 0.735632911392405, 0.6299367088607595], [0.7280379746835443, 0.5742405063291139, 0.7723417721518987, 0.614746835443038], [0.7596835443037975, 0.6476582278481013, 0.7938607594936709, 0.675506329113924], [0.7913291139240506, 0.6400632911392405, 0.8204430379746835, 0.6742405063291139]], "class": 4}