{"image": "1fc9ca50-6b44-11ee-a2ed-fcb3bc5cd112.jpg", "bboxes": [[0.4286341463414636, 0.5197804878048781, 0.4835121951219512, 0.5770975609756097], [0.5213170731707317, 0.523439024390244, 0.5652195121951218, 0.5746585365853658]], "class": 2}