{"image": "1fc9ca50-6b44-11ee-a2ed-fcb3bc5cd112.jpg", "bboxes": [[0.7226341463414635, 0.5287804878048781, 0.7775121951219512, 0.5860975609756097], [0.8153170731707317, 0.532439024390244, 0.8592195121951218, 0.5836585365853658]], "class": 2}