{"image": "1fc9ca50-6b44-11ee-a2ed-fcb3bc5cd112.jpg", "bboxes": [[0.5136341463414635, 0.5127804878048781, 0.5685121951219512, 0.5700975609756097], [0.6063170731707317, 0.516439024390244, 0.6502195121951219, 0.5676585365853658]], "class": 2}