{"image": "1fc9ca50-6b44-11ee-a2ed-fcb3bc5cd112.jpg", "bboxes": [[0.7016341463414635, 0.471780487804878, 0.7565121951219512, 0.5290975609756097], [0.7943170731707316, 0.47543902439024405, 0.8382195121951219, 0.5266585365853659]], "class": 2}