{"image": "202bcb7e-7598-11ee-9538-fcb3bc5cd112.jpg", "bboxes": [[0.4743164556962024, 0.44805063291139247, 0.5173544303797466, 0.4771645569620253], [0.5135569620253164, 0.43665822784810127, 0.5477341772151897, 0.4721012658227849], [0.7464683544303796, 0.5227341772151899, 0.7831772151898733, 0.554379746835443], [0.7705189873417722, 0.5176708860759494, 0.8110253164556962, 0.5493164556962025], [0.8452025316455696, 0.5252658227848102, 0.8692531645569618, 0.5493164556962025], [0.9072278481012658, 0.5619746835443038, 0.9338101265822785, 0.5809620253164557], [0.9249493670886075, 0.5556455696202531, 0.9464683544303797, 0.5784303797468355]], "class": 7}