{"image": "202bcb7e-7598-11ee-9538-fcb3bc5cd112.jpg", "bboxes": [[0.9902658227848103, 0.5188987341772151, 1.0, 0.5543417721518987], [0.7548227848101267, 0.436620253164557, 0.7915316455696204, 0.4682658227848101], [0.7269746835443038, 0.44168354430379747, 0.7674810126582279, 0.4733291139240506], [0.6687468354430383, 0.44168354430379747, 0.6927974683544305, 0.4657341772151899], [0.6041898734177216, 0.4100379746835443, 0.6307721518987343, 0.4290253164556962], [0.5915316455696203, 0.41256962025316457, 0.6130506329113924, 0.43535443037974686]], "class": 6}