{"image": "202bcb7e-7598-11ee-9538-fcb3bc5cd112.jpg", "bboxes": [[0.3633164556962024, 0.5638354430379746, 0.4063544303797466, 0.5929493670886076], [0.4025569620253163, 0.5688987341772151, 0.4367341772151897, 0.6043417721518987], [0.6354683544303796, 0.486620253164557, 0.6721772151898733, 0.5182658227848101], [0.6595189873417722, 0.49168354430379746, 0.7000253164556962, 0.5233291139240506], [0.7342025316455696, 0.49168354430379746, 0.7582531645569618, 0.5157341772151899], [0.7962278481012658, 0.4600379746835443, 0.8228101265822785, 0.47902531645569624], [0.8139493670886075, 0.46256962025316456, 0.8354683544303797, 0.48535443037974685]], "class": 7}