{"image": "202bcb7e-7598-11ee-9538-fcb3bc5cd112.jpg", "bboxes": [[0.8046455696202534, 0.4020506329113924, 0.8476835443037976, 0.4311645569620254], [0.7742658227848104, 0.39065822784810134, 0.8084430379746836, 0.42610126582278485], [0.5388227848101267, 0.47673417721518985, 0.5755316455696204, 0.508379746835443], [0.5109746835443039, 0.4716708860759494, 0.5514810126582279, 0.5033164556962025], [0.45274683544303823, 0.4792658227848101, 0.47679746835443043, 0.5033164556962025], [0.3881898734177215, 0.5159746835443038, 0.41477215189873423, 0.5349620253164558], [0.3755316455696203, 0.5096455696202531, 0.3970506329113924, 0.5324303797468355]], "class": 7}