{"image": "202bcb7e-7598-11ee-9538-fcb3bc5cd112.jpg", "bboxes": [[0.0, 0.5508354430379746, 0.0173544303797466, 0.5799493670886076], [0.01355696202531631, 0.5558987341772151, 0.04773417721518969, 0.5913417721518986], [0.24646835443037962, 0.47362025316455697, 0.2831772151898734, 0.5052658227848101], [0.27051898734177215, 0.47868354430379745, 0.3110253164556962, 0.5103291139240506], [0.3452025316455696, 0.47868354430379745, 0.3692531645569618, 0.5027341772151899], [0.4072278481012658, 0.4470379746835443, 0.43381012658227847, 0.4660253164556962], [0.42494936708860753, 0.44956962025316455, 0.4464683544303797, 0.4723544303797469]], "class": 7}