{"image": "202bcb7e-7598-11ee-9538-fcb3bc5cd112.jpg", "bboxes": [[0.17431645569620247, 0.5578354430379746, 0.21735443037974667, 0.5869493670886076], [0.21355696202531638, 0.5628987341772151, 0.24773417721518964, 0.5983417721518987], [0.4464683544303796, 0.480620253164557, 0.48317721518987333, 0.5122658227848101], [0.4705189873417721, 0.48568354430379745, 0.5110253164556962, 0.5173291139240506], [0.5452025316455695, 0.48568354430379745, 0.5692531645569618, 0.5097341772151899], [0.6072278481012657, 0.4540379746835443, 0.6338101265822784, 0.47302531645569623], [0.6249493670886076, 0.45656962025316455, 0.6464683544303798, 0.4793544303797469]], "class": 7}