{"image": "216dcede-759c-11ee-9d6a-fcb3bc5cd112.jpg", "bboxes": [[0.8979493670886077, 0.5351645569620254, 0.9574430379746837, 0.5908607594936709], [0.9447848101265824, 0.5402278481012657, 1.0, 0.5946582278481012]], "class": 2}