{"image": "216dcede-759c-11ee-9d6a-fcb3bc5cd112.jpg", "bboxes": [[0.6846962025316456, 0.46987341772151897, 0.7771012658227848, 0.5445569620253164], [0.6201392405063293, 0.4774683544303797, 0.7087468354430382, 0.5534177215189874], [0.2049493670886077, 0.37113924050632907, 0.26444303797468366, 0.4268354430379747], [0.25178481012658244, 0.3673417721518987, 0.3087468354430382, 0.42177215189873424]], "class": 4}