{"image": "216dcede-759c-11ee-9d6a-fcb3bc5cd112.jpg", "bboxes": [[0.6436962025316457, 0.475873417721519, 0.7361012658227849, 0.5505569620253165], [0.5791392405063294, 0.48346835443037967, 0.6677468354430383, 0.5594177215189874], [0.1639493670886077, 0.3771392405063291, 0.22344303797468365, 0.4328354430379747], [0.21078481012658246, 0.37334177215189873, 0.26774683544303823, 0.42777215189873424]], "class": 4}