{"image": "216dcede-759c-11ee-9d6a-fcb3bc5cd112.jpg", "bboxes": [[0.9276962025316456, 0.471873417721519, 1.0, 0.5465569620253165], [0.8631392405063293, 0.4794683544303797, 0.9517468354430382, 0.5554177215189874], [0.44794936708860766, 0.3731392405063291, 0.5074430379746836, 0.4288354430379747], [0.49478481012658243, 0.36934177215189873, 0.5517468354430382, 0.42377215189873424]], "class": 4}