{"image": "216dcede-759c-11ee-9d6a-fcb3bc5cd112.jpg", "bboxes": [[0.0, 0.481873417721519, 0.04230379746835433, 0.5565569620253165], [0.0182531645569618, 0.48946835443037967, 0.10686075949367069, 0.5654177215189874], [0.4625569620253164, 0.3831392405063291, 0.5220506329113923, 0.4388354430379747], [0.4182531645569618, 0.37934177215189874, 0.4752151898734176, 0.43377215189873425]], "class": 4}