{"image": "2218d13d-7598-11ee-9314-fcb3bc5cd112.jpg", "bboxes": [[0.3902911392405063, 0.4916075949367089, 0.42826582278481007, 0.532113924050633], [0.42826582278481007, 0.4954050632911392, 0.4725696202531644, 0.5371772151898735], [0.5472531645569618, 0.453632911392405, 0.5788987341772152, 0.4954050632911392], [0.5751012658227846, 0.4511012658227848, 0.6092784810126581, 0.492873417721519], [0.6396582278481012, 0.4865443037974684, 0.6814303797468353, 0.5359113924050632], [0.6877594936708858, 0.4789493670886076, 0.7269999999999999, 0.5283164556962026]], "class": 6}