{"image": "2218d13d-7598-11ee-9314-fcb3bc5cd112.jpg", "bboxes": [[0.5132911392405062, 0.47488607594936705, 0.5512658227848102, 0.5153924050632911], [0.5512658227848102, 0.4698227848101265, 0.5955696202531644, 0.5115949367088608], [0.6702531645569618, 0.5115949367088608, 0.7018987341772152, 0.553367088607595], [0.6981012658227846, 0.5141265822784811, 0.7322784810126581, 0.5558987341772152], [0.7626582278481012, 0.47108860759493676, 0.8044303797468353, 0.5204556962025316], [0.8107594936708858, 0.47868354430379745, 0.8499999999999999, 0.5280506329113924]], "class": 6}