{"image": "2218d13d-7598-11ee-9314-fcb3bc5cd112.jpg", "bboxes": [[0.4407341772151899, 0.4756075949367089, 0.47870886075949376, 0.5161139240506329], [0.3964303797468356, 0.4794050632911392, 0.4407341772151899, 0.5211772151898735], [0.29010126582278484, 0.43763291139240507, 0.3217468354430382, 0.4794050632911392], [0.2597215189873418, 0.4351012658227848, 0.29389873417721535, 0.476873417721519], [0.18756962025316465, 0.47054430379746837, 0.2293417721518988, 0.5199113924050632], [0.14200000000000013, 0.46294936708860757, 0.18124050632911418, 0.5123164556962025]], "class": 6}