{"image": "2218d13d-7598-11ee-9314-fcb3bc5cd112.jpg", "bboxes": [[0.18229113924050622, 0.48188607594936705, 0.2202658227848101, 0.5223924050632911], [0.2202658227848101, 0.4768227848101265, 0.26456962025316444, 0.5185949367088608], [0.33925316455696175, 0.5185949367088608, 0.3708987341772152, 0.5603670886075949], [0.3671012658227846, 0.521126582278481, 0.4012784810126582, 0.5628987341772151], [0.43165822784810115, 0.47808860759493677, 0.47343037974683533, 0.5274556962025316], [0.4797594936708859, 0.48568354430379745, 0.5189999999999999, 0.5350506329113924]], "class": 6}