{"image": "2218d13d-7598-11ee-9314-fcb3bc5cd112.jpg", "bboxes": [[0.5512911392405062, 0.4916075949367089, 0.5892658227848101, 0.532113924050633], [0.5892658227848101, 0.4954050632911392, 0.6335696202531644, 0.5371772151898735], [0.7082531645569619, 0.453632911392405, 0.7398987341772152, 0.4954050632911392], [0.7361012658227846, 0.4511012658227848, 0.7702784810126582, 0.492873417721519], [0.8006582278481011, 0.4865443037974684, 0.8424303797468353, 0.5359113924050632], [0.8487594936708858, 0.4789493670886076, 0.8879999999999999, 0.5283164556962026]], "class": 6}