{"image": "2218d13d-7598-11ee-9314-fcb3bc5cd112.jpg", "bboxes": [[0.022253164556961802, 0.46063291139240503, 0.053898734177215135, 0.5024050632911392], [0.050101265822784624, 0.4581012658227848, 0.08427848101265822, 0.499873417721519], [0.1146582278481012, 0.4935443037974684, 0.15643037974683538, 0.5429113924050633], [0.16275949367088582, 0.4859493670886076, 0.20199999999999985, 0.5353164556962026]], "class": 4}