{"image": "23251c97-759c-11ee-8d21-fcb3bc5cd112.jpg", "bboxes": [[0.4488481012658228, 0.5219873417721519, 0.5121392405063293, 0.5865443037974684], [0.4020126582278483, 0.5295822784810126, 0.45770886075949374, 0.5916075949367089], [0.44758227848101273, 0.4599620253164557, 0.4918860759493673, 0.5080632911392405]], "class": 3}