{"image": "23251c97-759c-11ee-8d21-fcb3bc5cd112.jpg", "bboxes": [[0.9168481012658228, 0.3954556962025316, 0.9801392405063293, 0.4600126582278481], [0.8700126582278483, 0.3903924050632911, 0.9257088607594938, 0.4524177215189874], [0.9155822784810127, 0.47393670886075945, 0.9598860759493673, 0.5220379746835443]], "class": 3}