{"image": "23251c97-759c-11ee-8d21-fcb3bc5cd112.jpg", "bboxes": [[0.11286075949367069, 0.5419873417721519, 0.17615189873417714, 0.6065443037974684], [0.1672911392405062, 0.5495822784810126, 0.22298734177215174, 0.6116075949367089], [0.13311392405063271, 0.4799620253164557, 0.17741772151898727, 0.5280632911392406]], "class": 3}