{"image": "23251c97-759c-11ee-8d21-fcb3bc5cd112.jpg", "bboxes": [[0.21186075949367067, 0.4859873417721519, 0.2751518987341771, 0.5505443037974684], [0.2662911392405063, 0.4935822784810126, 0.3219873417721517, 0.5556075949367089], [0.2321139240506327, 0.4239620253164557, 0.27641772151898725, 0.4720632911392405]], "class": 3}