{"image": "23251c97-759c-11ee-8d21-fcb3bc5cd112.jpg", "bboxes": [[0.8728481012658228, 0.40745569620253164, 0.9361392405063294, 0.4720126582278481], [0.8260126582278483, 0.4023924050632911, 0.8817088607594937, 0.4644177215189874], [0.8715822784810128, 0.48593670886075946, 0.9158860759493673, 0.5340379746835443]], "class": 3}