{"image": "23251c97-759c-11ee-8d21-fcb3bc5cd112.jpg", "bboxes": [[0.3958481012658228, 0.39945569620253163, 0.4591392405063293, 0.4640126582278481], [0.3490126582278483, 0.3943924050632911, 0.40470886075949375, 0.4564177215189874], [0.39458227848101274, 0.47793670886075945, 0.4388860759493673, 0.5260379746835443]], "class": 3}