{"image": "23fae508-7598-11ee-b400-fcb3bc5cd112.jpg", "bboxes": [[0.17651898734177207, 0.7227974683544304, 0.2828481012658226, 0.8329240506329114], [0.2777848101265822, 0.7126708860759494, 0.39424050632911367, 0.8202658227848101], [0.4600632911392404, 0.6076075949367089, 0.5296835443037974, 0.6860886075949366], [0.7144936708860757, 0.5114050632911392, 0.7777848101265822, 0.5721645569620254], [0.7689240506329114, 0.5139367088607595, 0.8385443037974682, 0.5835569620253165], [0.8727215189873417, 0.5063417721518987, 0.9233544303797467, 0.5645696202531646], [0.9144936708860759, 0.5101392405063291, 0.9638607594936708, 0.5607721518987341]], "class": 7}