{"image": "23fae508-7598-11ee-b400-fcb3bc5cd112.jpg", "bboxes": [[0.7361518987341774, 0.7297974683544304, 0.8424810126582278, 0.8399240506329114], [0.6247594936708862, 0.7196708860759494, 0.7412151898734178, 0.8272658227848101], [0.48931645569620263, 0.6146075949367089, 0.5589367088607596, 0.6930886075949366], [0.24121518987341778, 0.5184050632911392, 0.3045063291139243, 0.5791645569620254], [0.1804556962025317, 0.5209367088607595, 0.2500759493670887, 0.5905569620253165], [0.09564556962025324, 0.5133417721518987, 0.14627848101265828, 0.5715696202531645], [0.0551392405063292, 0.5171392405063291, 0.10450632911392405, 0.5677721518987341]], "class": 7}