{"image": "23fae508-7598-11ee-b400-fcb3bc5cd112.jpg", "bboxes": [[0.24151898734177213, 0.16907594936708858, 0.34784810126582255, 0.27920253164556963], [0.34278481012658224, 0.18173417721518992, 0.45924050632911373, 0.2893291139240506], [0.5250632911392403, 0.3159113924050634, 0.5946835443037974, 0.3943924050632911], [0.7794936708860758, 0.4298354430379746, 0.8427848101265822, 0.4905949367088608], [0.8339240506329113, 0.4184430379746835, 0.9035443037974683, 0.4880632911392405], [0.9377215189873417, 0.4374303797468354, 0.9883544303797468, 0.4956582278481013], [0.979493670886076, 0.4412278481012659, 1.0, 0.4918607594936709]], "class": 7}