{"image": "23fae508-7598-11ee-b400-fcb3bc5cd112.jpg", "bboxes": [[0.9477594936708863, 0.22873417721518985, 1.0, 0.3363291139240506], [0.8123164556962026, 0.3629113924050633, 0.8819367088607596, 0.44139240506329114], [0.5642151898734178, 0.47683544303797465, 0.6275063291139242, 0.5375949367088608], [0.5034556962025317, 0.46544303797468356, 0.5730759493670887, 0.5350632911392406], [0.41864556962025323, 0.48443037974683545, 0.4692784810126583, 0.5426582278481014], [0.3781392405063292, 0.48822784810126585, 0.42750632911392406, 0.538860759493671], [0.24902531645569628, 0.48443037974683545, 0.3110506329113924, 0.540126582278481], [0.1958607594936709, 0.48063291139240516, 0.2540886075949368, 0.5413924050632911]], "class": 8}