{"image": "23fae508-7598-11ee-b400-fcb3bc5cd112.jpg", "bboxes": [[0.8282151898734178, 0.4458354430379746, 0.8915063291139242, 0.5065949367088608], [0.7674556962025317, 0.43444303797468353, 0.8370759493670887, 0.5040632911392405], [0.6826455696202532, 0.4534303797468354, 0.7332784810126582, 0.5116582278481013], [0.6421392405063292, 0.4572278481012658, 0.6915063291139241, 0.5078607594936709], [0.5130253164556963, 0.4534303797468354, 0.5750506329113925, 0.509126582278481], [0.4598607594936709, 0.44963291139240513, 0.5180886075949368, 0.5103924050632911]], "class": 6}