{"image": "23fae508-7598-11ee-b400-fcb3bc5cd112.jpg", "bboxes": [[0.8192151898734178, 0.4238354430379746, 0.8825063291139242, 0.4845949367088608], [0.7584556962025317, 0.4124430379746835, 0.8280759493670887, 0.4820632911392405], [0.6736455696202532, 0.4314303797468354, 0.7242784810126582, 0.4896582278481013], [0.6331392405063292, 0.4352278481012659, 0.6825063291139241, 0.4858607594936709], [0.5040253164556963, 0.4314303797468354, 0.5660506329113925, 0.48712658227848105], [0.45086075949367094, 0.4276329113924051, 0.5090886075949368, 0.48839240506329107]], "class": 6}