{"image": "23fae508-7598-11ee-b400-fcb3bc5cd112.jpg", "bboxes": [[0.10849367088607575, 0.4994050632911392, 0.1717848101265822, 0.5601645569620254], [0.16292405063291127, 0.5019367088607595, 0.23254430379746827, 0.5715569620253165], [0.26672151898734175, 0.4943417721518987, 0.31735443037974675, 0.5525696202531646], [0.30849367088607593, 0.4981392405063291, 0.3578607594936708, 0.5487721518987342], [0.42494936708860753, 0.496873417721519, 0.48697468354430373, 0.5525696202531646], [0.4819113924050632, 0.4956075949367089, 0.5401392405063291, 0.5563670886075949]], "class": 6}