{"image": "245966d8-759d-11ee-9d33-fcb3bc5cd112.jpg", "bboxes": [[0.7049493670886077, 0.4824810126582279, 0.7517848101265824, 0.5293164556962026], [0.7416582278481013, 0.4761518987341772, 0.7808987341772152, 0.5229873417721519]], "class": 2}