{"image": "245966d8-759d-11ee-9d33-fcb3bc5cd112.jpg", "bboxes": [[0.5529493670886076, 0.4874810126582279, 0.5997848101265824, 0.5343164556962026], [0.5896582278481013, 0.4811518987341772, 0.6288987341772153, 0.5279873417721519]], "class": 2}