{"image": "245966d8-759d-11ee-9d33-fcb3bc5cd112.jpg", "bboxes": [[0.4462151898734177, 0.43948101265822787, 0.4930506329113923, 0.4863164556962025], [0.41710126582278473, 0.43315189873417714, 0.45634177215189864, 0.4799873417721519]], "class": 2}