{"image": "245966d8-759d-11ee-9d33-fcb3bc5cd112.jpg", "bboxes": [[0.41321518987341765, 0.5074810126582279, 0.46005063291139237, 0.5543164556962025], [0.3841012658227847, 0.5011518987341772, 0.4233417721518987, 0.5479873417721519]], "class": 2}