{"image": "245966d8-759d-11ee-9d33-fcb3bc5cd112.jpg", "bboxes": [[0.7912151898734177, 0.4784810126582279, 0.8380506329113924, 0.5253164556962026], [0.7621012658227847, 0.4721518987341772, 0.8013417721518987, 0.5189873417721519]], "class": 2}