{"image": "245966d8-759d-11ee-9d33-fcb3bc5cd112.jpg", "bboxes": [[0.0, 0.44315189873417715, 0.01089873417721526, 0.4899873417721519]], "class": 1}