{"image": "245966d8-759d-11ee-9d33-fcb3bc5cd112.jpg", "bboxes": [[0.2279493670886077, 0.4514810126582279, 0.27478481012658235, 0.49831645569620253], [0.26465822784810134, 0.44515189873417715, 0.30389873417721525, 0.4919873417721519]], "class": 2}