{"image": "245966d8-759d-11ee-9d33-fcb3bc5cd112.jpg", "bboxes": [[0.7062151898734177, 0.4864810126582279, 0.7530506329113923, 0.5333164556962026], [0.6771012658227847, 0.4801518987341772, 0.7163417721518988, 0.5269873417721519]], "class": 2}