{"image": "24e33720-759c-11ee-bdd7-fcb3bc5cd112.jpg", "bboxes": [[0.8208101265822784, 0.559379746835443, 0.8562531645569618, 0.5897594936708861], [0.8511898734177215, 0.5505189873417722, 0.8841012658227846, 0.588493670886076], [0.8524556962025315, 0.48722784810126585, 0.8954936708860759, 0.5315316455696203], [0.8891645569620253, 0.49102531645569625, 0.9296708860759493, 0.539126582278481]], "class": 4}