{"image": "24e33720-759c-11ee-bdd7-fcb3bc5cd112.jpg", "bboxes": [[0.7967468354430383, 0.40224050632911396, 0.8321898734177217, 0.432620253164557], [0.7688987341772153, 0.40350632911392403, 0.8018101265822786, 0.44148101265822787], [0.7575063291139241, 0.4604683544303797, 0.8005443037974685, 0.5047721518987341], [0.7233291139240507, 0.452873417721519, 0.7638354430379747, 0.5009746835443037]], "class": 4}