{"image": "24e33720-759c-11ee-bdd7-fcb3bc5cd112.jpg", "bboxes": [[0.7468101265822784, 0.4272405063291139, 0.7822531645569618, 0.45762025316455696], [0.7771898734177214, 0.42850632911392406, 0.8101012658227846, 0.4664810126582279], [0.7784556962025315, 0.48546835443037967, 0.8214936708860758, 0.5297721518987342], [0.8151645569620254, 0.477873417721519, 0.8556708860759493, 0.5259746835443038]], "class": 4}