{"image": "24e33720-759c-11ee-bdd7-fcb3bc5cd112.jpg", "bboxes": [[0.6918101265822784, 0.44624050632911394, 0.7272531645569618, 0.476620253164557], [0.7221898734177215, 0.447506329113924, 0.7551012658227847, 0.4854810126582279], [0.7234556962025315, 0.5044683544303797, 0.7664936708860759, 0.5487721518987342], [0.7601645569620253, 0.496873417721519, 0.8006708860759493, 0.5449746835443038]], "class": 4}