{"image": "24e33720-759c-11ee-bdd7-fcb3bc5cd112.jpg", "bboxes": [[0.20881012658227838, 0.49637974683544306, 0.24425316455696178, 0.526759493670886], [0.23918987341772135, 0.4875189873417721, 0.2721012658227846, 0.525493670886076], [0.2404556962025315, 0.4242278481012659, 0.2834936708860758, 0.46853164556962035], [0.27716455696202535, 0.4280253164556963, 0.3176708860759493, 0.47612658227848104]], "class": 4}