{"image": "24e33720-759c-11ee-bdd7-fcb3bc5cd112.jpg", "bboxes": [[0.9787468354430382, 0.4262405063291139, 1.0, 0.45662025316455696], [0.9508987341772154, 0.42750632911392406, 0.9838101265822786, 0.4654810126582279], [0.9395063291139242, 0.48446835443037967, 0.9825443037974685, 0.5287721518987342], [0.9053291139240507, 0.476873417721519, 0.9458354430379746, 0.5249746835443038]], "class": 4}