{"image": "24e33720-759c-11ee-bdd7-fcb3bc5cd112.jpg", "bboxes": [[0.5078101265822783, 0.5493797468354431, 0.5432531645569618, 0.5797594936708861], [0.5381898734177214, 0.5405189873417722, 0.5711012658227846, 0.578493670886076], [0.5394556962025314, 0.47722784810126584, 0.5824936708860758, 0.5215316455696203], [0.5761645569620253, 0.48102531645569624, 0.6166708860759493, 0.529126582278481]], "class": 4}