{"image": "25ca353d-759d-11ee-842b-fcb3bc5cd112.jpg", "bboxes": [[0.35391139240506336, 0.5097721518987341, 0.4134050632911393, 0.5907848101265822], [0.300746835443038, 0.508506329113924, 0.36277215189873424, 0.5857215189873417]], "class": 2}