{"image": "25ca915f-7598-11ee-b9c2-fcb3bc5cd112.jpg", "bboxes": [[0.8167088607594938, 0.4475569620253165, 0.8762025316455697, 0.5235063291139241], [0.7470886075949368, 0.452620253164557, 0.8129113924050635, 0.5273037974683544], [0.6331645569620253, 0.5981898734177216, 0.6825316455696203, 0.6437594936708861], [0.5939240506329114, 0.5905949367088608, 0.6331645569620253, 0.642493670886076], [0.43822784810126586, 0.5184430379746836, 0.4926582278481013, 0.583], [0.390126582278481, 0.5209746835443038, 0.44582278481012666, 0.5880632911392405], [0.5217721518987343, 0.6513544303797468, 0.5622784810126583, 0.6943924050632911], [0.4888607594936709, 0.6462911392405063, 0.529367088607595, 0.6893291139240507]], "class": 8}