{"image": "25ca915f-7598-11ee-b9c2-fcb3bc5cd112.jpg", "bboxes": [[0.9355443037974684, 0.2238101265822785, 1.0, 0.3744430379746835], [0.38870886075949374, 0.5035569620253164, 0.4482025316455697, 0.5795063291139241], [0.3190886075949368, 0.508620253164557, 0.38491139240506345, 0.5833037974683544], [0.20516455696202535, 0.6541898734177215, 0.2545316455696203, 0.6997594936708861], [0.1659240506329114, 0.6465949367088608, 0.20516455696202535, 0.698493670886076], [0.010227848101265863, 0.5744430379746835, 0.06465822784810132, 0.639], [0.0, 0.5769746835443038, 0.01782278481012668, 0.6440632911392405], [0.09377215189873425, 0.7073544303797468, 0.1342784810126583, 0.7503924050632912], [0.06086075949367091, 0.7022911392405062, 0.10136708860759495, 0.7453291139240507]], "class": 9}