{"image": "25ca915f-7598-11ee-b9c2-fcb3bc5cd112.jpg", "bboxes": [[0.11779746835443028, 0.4745569620253165, 0.1772911392405062, 0.550506329113924], [0.1810886075949365, 0.4796202531645569, 0.2469113924050632, 0.5543037974683545], [0.3114683544303797, 0.6251898734177215, 0.36083544303797466, 0.670759493670886], [0.36083544303797466, 0.6175949367088607, 0.40007594936708857, 0.6694936708860759], [0.5013417721518987, 0.5454430379746835, 0.5557721518987342, 0.61], [0.5481772151898734, 0.5479746835443038, 0.603873417721519, 0.6150632911392405], [0.4317215189873417, 0.6783544303797469, 0.4722278481012657, 0.7213924050632912], [0.46463291139240503, 0.6732911392405063, 0.5051392405063291, 0.7163291139240506]], "class": 8}