{"image": "25ca915f-7598-11ee-b9c2-fcb3bc5cd112.jpg", "bboxes": [[0.0, 0.4995569620253165, 0.0262911392405063, 0.5755063291139241], [0.03008860759493659, 0.5046202531645569, 0.09591139240506319, 0.5793037974683544], [0.16046835443037966, 0.6501898734177215, 0.20983544303797463, 0.6957594936708861], [0.20983544303797463, 0.6425949367088608, 0.24907594936708854, 0.6944936708860759], [0.35034177215189866, 0.5704430379746835, 0.40477215189873417, 0.635], [0.39717721518987337, 0.5729746835443038, 0.452873417721519, 0.6400632911392405], [0.28072151898734166, 0.7033544303797468, 0.3212278481012657, 0.7463924050632912], [0.313632911392405, 0.6982911392405062, 0.35413924050632906, 0.7413291139240507]], "class": 8}