{"image": "25ca915f-7598-11ee-b9c2-fcb3bc5cd112.jpg", "bboxes": [[0.18979746835443034, 0.4434936708860759, 0.24929113924050628, 0.5194430379746835], [0.25308860759493657, 0.43969620253164554, 0.3189113924050633, 0.5143797468354431], [0.38346835443037974, 0.32324050632911394, 0.4328354430379746, 0.36881012658227846], [0.4328354430379746, 0.324506329113924, 0.47207594936708863, 0.37640506329113926], [0.5733417721518987, 0.384, 0.6277721518987341, 0.4485569620253165], [0.6201772151898733, 0.3789367088607595, 0.675873417721519, 0.4460253164556962], [0.5037215189873416, 0.27260759493670883, 0.5442278481012657, 0.3156455696202532], [0.5366329113924051, 0.27767088607594936, 0.5771392405063291, 0.3207088607594937]], "class": 8}