{"image": "25ca915f-7598-11ee-b9c2-fcb3bc5cd112.jpg", "bboxes": [[0.056797468354430336, 0.4704936708860759, 0.11629113924050627, 0.5464430379746835], [0.12008860759493656, 0.46669620253164557, 0.18591139240506327, 0.541379746835443], [0.25046835443037974, 0.35024050632911397, 0.2998354430379746, 0.3958101265822785], [0.2998354430379746, 0.35150632911392404, 0.3390759493670886, 0.40340506329113923], [0.44034177215189874, 0.411, 0.49477215189873414, 0.47555696202531644], [0.48717721518987334, 0.4059367088607595, 0.542873417721519, 0.47302531645569623], [0.37072151898734174, 0.29960759493670885, 0.4112278481012658, 0.34264556962025317], [0.4036329113924051, 0.30467088607594933, 0.44413924050632914, 0.3477088607594937]], "class": 8}