{"image": "25ca915f-7598-11ee-b9c2-fcb3bc5cd112.jpg", "bboxes": [[0.32479746835443024, 0.4634936708860759, 0.3842911392405063, 0.5394430379746835], [0.3880886075949366, 0.45969620253164556, 0.4539113924050632, 0.534379746835443], [0.5184683544303796, 0.34324050632911396, 0.5678354430379746, 0.3888101265822785], [0.5678354430379746, 0.34450632911392404, 0.6070759493670885, 0.3964050632911392], [0.7083417721518988, 0.404, 0.7627721518987342, 0.4685569620253165], [0.7551772151898734, 0.3989367088607595, 0.810873417721519, 0.4660253164556962], [0.6387215189873416, 0.29260759493670885, 0.6792278481012657, 0.33564556962025316], [0.6716329113924051, 0.2976708860759493, 0.7121392405063292, 0.3407088607594937]], "class": 8}