{"image": "25ca353d-759d-11ee-842b-fcb3bc5cd112.jpg", "bboxes": [[0.6325949367088607, 0.38021518987341774, 0.6920886075949366, 0.4612278481012658], [0.6832278481012657, 0.38527848101265827, 0.745253164556962, 0.46249367088607596]], "class": 2}