{"image": "25ca353d-759d-11ee-842b-fcb3bc5cd112.jpg", "bboxes": [[0.8389113924050633, 0.40821518987341776, 0.8984050632911393, 0.48922784810126585], [0.785746835443038, 0.4132784810126583, 0.8477721518987342, 0.490493670886076]], "class": 2}