{"image": "25ca915f-7598-11ee-b9c2-fcb3bc5cd112.jpg", "bboxes": [[0.5907088607594937, 0.5015569620253164, 0.6502025316455697, 0.5775063291139241], [0.5210886075949368, 0.5066202531645569, 0.5869113924050634, 0.5813037974683544], [0.40716455696202536, 0.6521898734177215, 0.45653164556962034, 0.6977594936708861], [0.3679240506329114, 0.6445949367088608, 0.40716455696202536, 0.6964936708860759], [0.21222784810126585, 0.5724430379746835, 0.26665822784810134, 0.637], [0.164126582278481, 0.5749746835443038, 0.21982278481012668, 0.6420632911392405], [0.29577215189873424, 0.7053544303797468, 0.3362784810126583, 0.7483924050632912], [0.26286075949367094, 0.7002911392405062, 0.3033670886075949, 0.7433291139240507]], "class": 8}