{"image": "25ca353d-759d-11ee-842b-fcb3bc5cd112.jpg", "bboxes": [[0.9935949367088607, 0.5517721518987342, 1.0, 0.6327848101265822]], "class": 1}