{"image": "25ca353d-759d-11ee-842b-fcb3bc5cd112.jpg", "bboxes": [[0.7129113924050633, 0.38521518987341774, 0.7724050632911393, 0.46622784810126583], [0.659746835443038, 0.3902784810126583, 0.7217721518987342, 0.46749367088607596]], "class": 2}