{"image": "25ca915f-7598-11ee-b9c2-fcb3bc5cd112.jpg", "bboxes": [[0.9675443037974685, 0.6865569620253165, 1.0, 0.8371898734177216], [0.42070886075949376, 0.4814936708860759, 0.4802025316455697, 0.5574430379746835], [0.35108860759493676, 0.4776962025316456, 0.4169113924050635, 0.552379746835443], [0.23716455696202535, 0.3612405063291139, 0.2865316455696203, 0.4068101265822785], [0.1979240506329114, 0.36250632911392405, 0.23716455696202535, 0.41440506329113924], [0.04222784810126586, 0.422, 0.09665822784810132, 0.48655696202531645], [0.0, 0.4169367088607595, 0.049822784810126676, 0.4840253164556962], [0.12577215189873425, 0.3106075949367088, 0.1662784810126583, 0.3536455696202532], [0.09286075949367091, 0.31567088607594934, 0.13336708860759494, 0.3587088607594937]], "class": 9}