{"image": "25ca353d-759d-11ee-842b-fcb3bc5cd112.jpg", "bboxes": [[0.32291139240506334, 0.5757721518987341, 0.3824050632911393, 0.6567848101265822], [0.26974683544303796, 0.5745063291139241, 0.33177215189873427, 0.6517215189873418]], "class": 2}