{"image": "25ca353d-759d-11ee-842b-fcb3bc5cd112.jpg", "bboxes": [[0.5549113924050634, 0.38821518987341774, 0.6144050632911393, 0.46922784810126583], [0.501746835443038, 0.3932784810126583, 0.5637721518987342, 0.47049367088607597]], "class": 2}