{"image": "26e808ef-759c-11ee-9af0-fcb3bc5cd112.jpg", "bboxes": [[0.009468354430379522, 0.619746835443038, 0.03858227848101248, 0.6539240506329114]], "class": 1}