{"image": "26e808ef-759c-11ee-9af0-fcb3bc5cd112.jpg", "bboxes": [[0.9172278481012659, 0.46893670886075944, 0.9729240506329115, 0.5183037974683544], [0.8729240506329116, 0.46893670886075944, 0.9260886075949368, 0.5208354430379747], [0.8324177215189875, 0.5537468354430379, 0.8615316455696205, 0.5879240506329114]], "class": 3}