{"image": "26e808ef-759c-11ee-9af0-fcb3bc5cd112.jpg", "bboxes": [[0.7892278481012659, 0.44169620253164554, 0.8449240506329115, 0.4910632911392405], [0.7449240506329116, 0.4391645569620253, 0.7980886075949368, 0.4910632911392405], [0.7044177215189875, 0.3720759493670886, 0.7335316455696205, 0.40625316455696203]], "class": 3}