{"image": "26e808ef-759c-11ee-9af0-fcb3bc5cd112.jpg", "bboxes": [[0.008468354430379632, 0.3750759493670886, 0.03758227848101248, 0.40925316455696203]], "class": 1}