{"image": "26e808ef-759c-11ee-9af0-fcb3bc5cd112.jpg", "bboxes": [[0.8432278481012658, 0.43269620253164554, 0.8989240506329115, 0.4820632911392405], [0.7989240506329115, 0.4301645569620253, 0.8520886075949368, 0.4820632911392405], [0.7584177215189875, 0.3630759493670886, 0.7875316455696204, 0.397253164556962]], "class": 3}