{"image": "26e808ef-759c-11ee-9af0-fcb3bc5cd112.jpg", "bboxes": [[0.9879240506329116, 0.49093670886075946, 1.0, 0.5428354430379747], [0.9474177215189875, 0.575746835443038, 0.9765316455696205, 0.6099240506329114]], "class": 2}