{"image": "26e808ef-759c-11ee-9af0-fcb3bc5cd112.jpg", "bboxes": [[0.3230759493670885, 0.47393670886075945, 0.37877215189873414, 0.5233037974683544], [0.3699113924050632, 0.47393670886075945, 0.4230759493670885, 0.5258354430379747], [0.43446835443037957, 0.558746835443038, 0.4635822784810125, 0.5929240506329114]], "class": 3}