{"image": "26e808ef-759c-11ee-9af0-fcb3bc5cd112.jpg", "bboxes": [[0.6732278481012659, 0.47993670886075945, 0.7289240506329115, 0.5293037974683544], [0.6289240506329116, 0.47993670886075945, 0.6820886075949367, 0.5318354430379747], [0.5884177215189875, 0.564746835443038, 0.6175316455696204, 0.5989240506329114]], "class": 3}