{"image": "26e808ef-759c-11ee-9af0-fcb3bc5cd112.jpg", "bboxes": [[0.1830759493670885, 0.46169620253164556, 0.23877215189873413, 0.5110632911392405], [0.2299113924050632, 0.4591645569620253, 0.28307594936708846, 0.5110632911392405], [0.29446835443037955, 0.39207594936708856, 0.3235822784810125, 0.426253164556962]], "class": 3}