{"image": "26e808ef-759c-11ee-9af0-fcb3bc5cd112.jpg", "bboxes": [[0.24407594936708843, 0.5189367088607595, 0.2997721518987342, 0.5683037974683545], [0.29091139240506325, 0.5189367088607595, 0.3440759493670885, 0.5708354430379747], [0.3554683544303796, 0.603746835443038, 0.38458227848101256, 0.6379240506329114]], "class": 3}