{"image": "2738d1c3-759d-11ee-87eb-fcb3bc5cd112.jpg", "bboxes": [[0.8687215189873418, 0.35101265822784805, 0.8915063291139241, 0.3788607594936709], [0.8484683544303798, 0.34848101265822784, 0.8788481012658227, 0.3763291139240506]], "class": 2}