{"image": "2738d1c3-759d-11ee-87eb-fcb3bc5cd112.jpg", "bboxes": [[0.8444936708860762, 0.5142658227848101, 0.8887974683544305, 0.5699620253164557], [0.7989240506329115, 0.5104683544303797, 0.8533544303797469, 0.5623670886075949], [0.6027215189873418, 0.3940126582278481, 0.6255063291139241, 0.42186075949367086], [0.5824683544303798, 0.3914810126582278, 0.6128481012658227, 0.4193291139240506]], "class": 4}