{"image": "2738d1c3-759d-11ee-87eb-fcb3bc5cd112.jpg", "bboxes": [[0.19720253164556945, 0.4922658227848101, 0.24150632911392378, 0.5479620253164557], [0.23264556962025318, 0.48846835443037967, 0.28707594936708847, 0.5403670886075949], [0.46049367088607585, 0.37201265822784807, 0.48327848101265813, 0.39986075949367084], [0.4731518987341773, 0.3694810126582278, 0.5035316455696202, 0.3973291139240506]], "class": 4}