{"image": "2738d1c3-759d-11ee-87eb-fcb3bc5cd112.jpg", "bboxes": [[0.6524936708860762, 0.45503797468354434, 0.6967974683544306, 0.5107341772151899], [0.6069240506329115, 0.46263291139240514, 0.6613544303797468, 0.5145316455696203], [0.4107215189873418, 0.6031392405063292, 0.43350632911392417, 0.6309873417721519], [0.3904683544303798, 0.6056708860759494, 0.4208481012658227, 0.6335189873417721]], "class": 4}