{"image": "2738d1c3-759d-11ee-87eb-fcb3bc5cd112.jpg", "bboxes": [[0.5282025316455694, 0.4170379746835443, 0.5725063291139239, 0.47273417721518995], [0.5636455696202531, 0.4246329113924051, 0.6180759493670884, 0.47653164556962035], [0.7914936708860758, 0.5651392405063291, 0.8142784810126582, 0.5929873417721518], [0.8041518987341773, 0.5676708860759494, 0.8345316455696202, 0.5955189873417721]], "class": 4}