{"image": "27b5c4b8-7598-11ee-becc-fcb3bc5cd112.jpg", "bboxes": [[0.5721645569620254, 0.3278987341772152, 0.6152025316455697, 0.386126582278481], [0.519, 0.3241012658227848, 0.5746962025316457, 0.3823291139240506], [0.7101392405063292, 0.3304303797468355, 0.7481139240506332, 0.37473417721518987], [0.6620379746835443, 0.3228354430379746, 0.7101392405063292, 0.37093670886075947], [0.6253291139240507, 0.2544810126582278, 0.6620379746835443, 0.28739240506329117]], "class": 5}