{"image": "27b5c4b8-7598-11ee-becc-fcb3bc5cd112.jpg", "bboxes": [[0.7081645569620254, 0.611873417721519, 0.7512025316455697, 0.6701012658227847], [0.655, 0.6156708860759494, 0.7106962025316457, 0.6738987341772151], [0.8461392405063292, 0.6232658227848101, 0.8841139240506332, 0.6675696202531645], [0.7980379746835443, 0.6270632911392405, 0.8461392405063292, 0.6751645569620254], [0.7613291139240507, 0.7106075949367088, 0.7980379746835443, 0.7435189873417722]], "class": 5}