{"image": "27b5c4b8-7598-11ee-becc-fcb3bc5cd112.jpg", "bboxes": [[0.16079746835443032, 0.3648987341772152, 0.20383544303797463, 0.423126582278481], [0.20130379746835436, 0.3611012658227848, 0.257, 0.4193291139240506], [0.027886075949366873, 0.36743037974683546, 0.06586075949367076, 0.41173417721518984], [0.06586075949367076, 0.35983544303797466, 0.1139620253164556, 0.4079367088607595], [0.1139620253164556, 0.29148101265822784, 0.15067088607594925, 0.32439240506329114]], "class": 5}