{"image": "27b5c4b8-7598-11ee-becc-fcb3bc5cd112.jpg", "bboxes": [[0.35579746835443027, 0.34789873417721523, 0.3988354430379747, 0.40612658227848103], [0.3963037974683543, 0.3441012658227848, 0.45199999999999996, 0.40232911392405063], [0.22288607594936682, 0.35043037974683544, 0.2608607594936708, 0.39473417721518983], [0.2608607594936708, 0.34283544303797464, 0.30896202531645567, 0.3909367088607595], [0.30896202531645567, 0.27448101265822783, 0.3456708860759493, 0.3073924050632912]], "class": 5}