{"image": "27b5c4b8-7598-11ee-becc-fcb3bc5cd112.jpg", "bboxes": [[0.4367721518987341, 0.49851898734177214, 0.5101898734177214, 0.5795316455696202], [0.5025949367088606, 0.4858607594936709, 0.5912025316455695, 0.5706708860759494], [0.9987974683544303, 0.3288987341772152, 1.0, 0.387126582278481], [0.8658860759493668, 0.3314303797468355, 0.9038607594936708, 0.37573417721518987], [0.9038607594936708, 0.3238354430379746, 0.9519620253164557, 0.37193670886075947], [0.9519620253164557, 0.2554810126582278, 0.9886708860759493, 0.28839240506329117]], "class": 6}