{"image": "27b5c4b8-7598-11ee-becc-fcb3bc5cd112.jpg", "bboxes": [[0.7541645569620253, 0.6128734177215189, 0.7972025316455698, 0.6711012658227848], [0.701, 0.6166708860759493, 0.7566962025316457, 0.6748987341772152], [0.8921392405063292, 0.6242658227848101, 0.9301139240506332, 0.6685696202531646], [0.8440379746835444, 0.6280632911392405, 0.8921392405063292, 0.6761645569620254], [0.8073291139240507, 0.7116075949367089, 0.8440379746835444, 0.7445189873417721]], "class": 5}