{"image": "27b5c4b8-7598-11ee-becc-fcb3bc5cd112.jpg", "bboxes": [[0.0, 0.37446835443037985, 0.06518987341772142, 0.45548101265822794], [0.05759493670886062, 0.38332911392405056, 0.1462025316455695, 0.46813924050632905], [0.5537974683544302, 0.566873417721519, 0.5968354430379746, 0.6251012658227848], [0.5943037974683543, 0.5706708860759494, 0.65, 0.6288987341772152], [0.4208860759493669, 0.5782658227848101, 0.4588607594936708, 0.6225696202531645], [0.4588607594936708, 0.5820632911392405, 0.5069620253164557, 0.6301645569620253], [0.5069620253164557, 0.6656075949367088, 0.5436708860759493, 0.6985189873417722]], "class": 7}