{"image": "27b5c4b8-7598-11ee-becc-fcb3bc5cd112.jpg", "bboxes": [[0.3727974683544303, 0.601873417721519, 0.4158354430379746, 0.6601012658227847], [0.41330379746835433, 0.6056708860759494, 0.469, 0.6638987341772151], [0.23988607594936684, 0.6132658227848102, 0.27786075949367084, 0.6575696202531646], [0.27786075949367084, 0.6170632911392405, 0.3259620253164557, 0.6651645569620254], [0.3259620253164557, 0.7006075949367088, 0.36267088607594933, 0.7335189873417722]], "class": 5}