{"image": "27b5c4b8-7598-11ee-becc-fcb3bc5cd112.jpg", "bboxes": [[0.6221645569620253, 0.6108734177215189, 0.6652025316455698, 0.6691012658227848], [0.569, 0.6146708860759493, 0.6246962025316457, 0.6728987341772152], [0.7601392405063292, 0.6222658227848101, 0.7981139240506332, 0.6665696202531646], [0.7120379746835444, 0.6260632911392405, 0.7601392405063292, 0.6741645569620254], [0.6753291139240507, 0.7096075949367089, 0.7120379746835444, 0.7425189873417721]], "class": 5}