{"image": "28d57f60-759d-11ee-bf0e-fcb3bc5cd112.jpg", "bboxes": [[0.5115316455696203, 0.5478481012658228, 0.5684936708860759, 0.6086075949367089], [0.46596202531645575, 0.550379746835443, 0.5178607594936709, 0.609873417721519]], "class": 2}