{"image": "28d57f60-759d-11ee-bf0e-fcb3bc5cd112.jpg", "bboxes": [[0.0, 0.5104177215189873, 0.09749367088607575, 0.5901645569620254], [0.778506329113924, 0.4483924050632911, 0.8354683544303797, 0.5091518987341772], [0.8291392405063291, 0.447126582278481, 0.8810379746835443, 0.5066202531645569]], "class": 3}