{"image": "28d57f60-759d-11ee-bf0e-fcb3bc5cd112.jpg", "bboxes": [[0.3965316455696203, 0.5318481012658228, 0.45349367088607595, 0.5926075949367089], [0.35096202531645576, 0.534379746835443, 0.4028607594936709, 0.593873417721519]], "class": 2}