{"image": "28d57f60-759d-11ee-bf0e-fcb3bc5cd112.jpg", "bboxes": [[0.14243037974683537, 0.4498354430379746, 0.24749367088607577, 0.5295822784810127], [0.9285063291139241, 0.5308481012658228, 0.9854683544303797, 0.5916075949367089], [0.9791392405063291, 0.5333797468354431, 1.0, 0.5928734177215189]], "class": 3}