{"image": "28d57f60-759d-11ee-bf0e-fcb3bc5cd112.jpg", "bboxes": [[0.6715316455696203, 0.43739240506329113, 0.728493670886076, 0.49815189873417715], [0.6259620253164557, 0.436126582278481, 0.6778607594936709, 0.495620253164557]], "class": 2}