{"image": "28d57f60-759d-11ee-bf0e-fcb3bc5cd112.jpg", "bboxes": [[0.4695063291139241, 0.5358481012658228, 0.5264683544303796, 0.5966075949367089], [0.5201392405063291, 0.538379746835443, 0.5720379746835442, 0.597873417721519]], "class": 2}