{"image": "28d57f60-759d-11ee-bf0e-fcb3bc5cd112.jpg", "bboxes": [[0.5635063291139241, 0.5198481012658228, 0.6204683544303797, 0.5806075949367089], [0.6141392405063291, 0.522379746835443, 0.6660379746835443, 0.581873417721519]], "class": 2}