{"image": "28d57f60-759d-11ee-bf0e-fcb3bc5cd112.jpg", "bboxes": [[0.3695316455696203, 0.3893924050632911, 0.426493670886076, 0.45015189873417716], [0.3239620253164558, 0.388126582278481, 0.3758607594936709, 0.44762025316455695]], "class": 2}