{"image": "28d57f60-759d-11ee-bf0e-fcb3bc5cd112.jpg", "bboxes": [[0.0054303797468353565, 0.5104177215189873, 0.11049367088607576, 0.5901645569620254], [0.791506329113924, 0.4483924050632911, 0.8484683544303797, 0.5091518987341772], [0.842139240506329, 0.447126582278481, 0.8940379746835443, 0.5066202531645569]], "class": 3}