{"image": "2994e606-7598-11ee-84e5-fcb3bc5cd112.jpg", "bboxes": [[0.06240506329113926, 0.5094683544303797, 0.10417721518987333, 0.5651645569620253], [0.09911392405063268, 0.5132658227848101, 0.14341772151898735, 0.5588354430379747], [0.19658227848101262, 0.5297215189873419, 0.23202531645569613, 0.5676962025316455], [0.16746835443037966, 0.5765569620253165, 0.2041772151898733, 0.6082025316455697]], "class": 4}