{"image": "2994e606-7598-11ee-84e5-fcb3bc5cd112.jpg", "bboxes": [[0.6848227848101267, 0.4408354430379747, 0.7265949367088607, 0.4965316455696202], [0.6455822784810126, 0.4471645569620253, 0.6898860759493674, 0.4927341772151899], [0.5569746835443038, 0.43830379746835446, 0.5924177215189874, 0.4762784810126582], [0.5848227848101267, 0.39779746835443036, 0.6215316455696203, 0.42944303797468353]], "class": 4}