{"image": "2994e606-7598-11ee-84e5-fcb3bc5cd112.jpg", "bboxes": [[0.13082278481012669, 0.4724683544303798, 0.1725949367088607, 0.5281645569620252], [0.09158227848101262, 0.4762658227848101, 0.1358860759493673, 0.5218354430379747], [0.0029746835443038434, 0.49272151898734184, 0.038417721518987376, 0.5306962025316455], [0.030822784810126676, 0.5395569620253164, 0.06753164556962031, 0.5712025316455697]], "class": 4}