{"image": "2994e606-7598-11ee-84e5-fcb3bc5cd112.jpg", "bboxes": [[0.20640506329113928, 0.5144683544303799, 0.24817721518987335, 0.5701645569620253], [0.2431139240506327, 0.51826582278481, 0.28741772151898737, 0.5638354430379747], [0.34058227848101263, 0.5347215189873418, 0.37602531645569615, 0.5726962025316455], [0.3114683544303797, 0.5815569620253165, 0.3481772151898733, 0.6132025316455696]], "class": 4}