{"image": "2994e606-7598-11ee-84e5-fcb3bc5cd112.jpg", "bboxes": [[0.3638227848101267, 0.5134683544303797, 0.4055949367088607, 0.5691645569620253], [0.3245822784810126, 0.5172658227848101, 0.3688860759493673, 0.5628354430379747], [0.23597468354430384, 0.5337215189873419, 0.27141772151898735, 0.5716962025316455], [0.26382278481012666, 0.5805569620253165, 0.3005316455696203, 0.6122025316455697]], "class": 4}