{"image": "2994e606-7598-11ee-84e5-fcb3bc5cd112.jpg", "bboxes": [[0.3554050632911393, 0.4478354430379747, 0.39717721518987337, 0.5035316455696202], [0.3921139240506327, 0.4541645569620253, 0.4364177215189874, 0.4997341772151899], [0.48958227848101266, 0.44530379746835447, 0.5250253164556962, 0.4832784810126582], [0.4604683544303797, 0.40479746835443037, 0.49717721518987334, 0.43644303797468353]], "class": 4}