{"image": "2994e606-7598-11ee-84e5-fcb3bc5cd112.jpg", "bboxes": [[0.39140506329113933, 0.4764683544303798, 0.4331772151898733, 0.5321645569620252], [0.42811392405063275, 0.4802658227848101, 0.4724177215189874, 0.5258354430379747], [0.5255822784810127, 0.49672151898734185, 0.5610253164556962, 0.5346962025316455], [0.49646835443037973, 0.5435569620253164, 0.5331772151898733, 0.5752025316455697]], "class": 4}