{"image": "2994e606-7598-11ee-84e5-fcb3bc5cd112.jpg", "bboxes": [[0.26440506329113933, 0.4644683544303798, 0.3061772151898733, 0.5201645569620252], [0.30111392405063275, 0.4682658227848101, 0.3454177215189874, 0.5138354430379747], [0.3985822784810126, 0.48472151898734184, 0.4340253164556962, 0.5226962025316455], [0.36946835443037973, 0.5315569620253164, 0.4061772151898734, 0.5632025316455697]], "class": 4}