{"image": "2994e606-7598-11ee-84e5-fcb3bc5cd112.jpg", "bboxes": [[0.44040506329113926, 0.4148354430379747, 0.48217721518987333, 0.4705316455696202], [0.4771139240506327, 0.4211645569620253, 0.5214177215189874, 0.4667341772151899], [0.5745822784810126, 0.41230379746835444, 0.6100253164556961, 0.45027848101265816], [0.5454683544303797, 0.37179746835443034, 0.5821772151898733, 0.40344303797468356]], "class": 4}