{"image": "2994e606-7598-11ee-84e5-fcb3bc5cd112.jpg", "bboxes": [[0.18082278481012667, 0.5194683544303798, 0.2225949367088607, 0.5751645569620253], [0.14158227848101262, 0.5232658227848102, 0.1858860759493673, 0.5688354430379747], [0.05297468354430385, 0.5397215189873419, 0.08841772151898737, 0.5776962025316456], [0.08082278481012668, 0.5865569620253165, 0.11753164556962031, 0.6182025316455697]], "class": 4}