{"image": "2a64aed0-759d-11ee-8f16-fcb3bc5cd112.jpg", "bboxes": [[0.004696202531645488, 0.4538101265822785, 0.06798734177215171, 0.5208987341772151], [0.06798734177215171, 0.4576075949367089, 0.12748101265822764, 0.5221645569620254]], "class": 2}