{"image": "2a64aed0-759d-11ee-8f16-fcb3bc5cd112.jpg", "bboxes": [[0.008696202531645492, 0.41710126582278484, 0.07198734177215171, 0.48418987341772146], [0.07198734177215171, 0.4158354430379746, 0.13148101265822765, 0.48039240506329106]], "class": 2}