{"image": "2a64aed0-759d-11ee-8f16-fcb3bc5cd112.jpg", "bboxes": [[0.7120126582278483, 0.4861012658227849, 0.7753037974683545, 0.5531898734177215], [0.6525189873417724, 0.48483544303797466, 0.7120126582278483, 0.5493924050632911]], "class": 2}