{"image": "2aecb5be-6b42-11ee-9466-fcb3bc5cd112.jpg", "bboxes": [[0.6543902439024389, 0.33185365853658544, 0.728780487804878, 0.413560975609756], [0.7397560975609756, 0.3525853658536586, 0.8056097560975609, 0.4099024390243904], [0.6165853658536584, 0.4550243902439024, 0.6592682926829267, 0.49160975609756097]], "class": 3}