{"image": "2aecb5be-6b42-11ee-9466-fcb3bc5cd112.jpg", "bboxes": [[0.451390243902439, 0.573439024390244, 0.525780487804878, 0.6551463414634147], [0.5367560975609755, 0.5770975609756097, 0.602609756097561, 0.6344146341463415], [0.41358536585365846, 0.495390243902439, 0.4562682926829268, 0.5319756097560976]], "class": 3}