{"image": "2aecb5be-6b42-11ee-9466-fcb3bc5cd112.jpg", "bboxes": [[0.663219512195122, 0.5324390243902439, 0.737609756097561, 0.6141463414634146], [0.5863902439024391, 0.5360975609756097, 0.6522439024390244, 0.5934146341463414], [0.7327317073170732, 0.454390243902439, 0.7754146341463415, 0.4909756097560976]], "class": 3}