{"image": "2aecb5be-6b42-11ee-9466-fcb3bc5cd112.jpg", "bboxes": [[0.961390243902439, 0.3988536585365854, 1.0, 0.4805609756097561], [0.9235853658536585, 0.5220243902439023, 0.9662682926829268, 0.5586097560975609]], "class": 2}