{"image": "2aecb5be-6b42-11ee-9466-fcb3bc5cd112.jpg", "bboxes": [[0.344219512195122, 0.3908536585365854, 0.418609756097561, 0.4725609756097561], [0.26739024390243915, 0.41158536585365857, 0.3332439024390244, 0.4689024390243903], [0.4137317073170732, 0.5140243902439023, 0.45641463414634154, 0.5506097560975609]], "class": 3}