{"image": "2aecb5be-6b42-11ee-9466-fcb3bc5cd112.jpg", "bboxes": [[0.509390243902439, 0.35585365853658535, 0.583780487804878, 0.43756097560975604], [0.5947560975609756, 0.37658536585365854, 0.6606097560975609, 0.4339024390243903], [0.4715853658536585, 0.4790243902439024, 0.5142682926829267, 0.515609756097561]], "class": 3}