{"image": "2aecb5be-6b42-11ee-9466-fcb3bc5cd112.jpg", "bboxes": [[0.01921951219512198, 0.3858536585365854, 0.09360975609756099, 0.46756097560975607], [0.0, 0.40658536585365856, 0.008243902439024396, 0.4639024390243903], [0.0887317073170732, 0.5090243902439024, 0.13141463414634155, 0.545609756097561]], "class": 3}