{"image": "2aecb5be-6b42-11ee-9466-fcb3bc5cd112.jpg", "bboxes": [[0.528219512195122, 0.564439024390244, 0.602609756097561, 0.6461463414634147], [0.45139024390243915, 0.5680975609756097, 0.5172439024390244, 0.6254146341463415], [0.5977317073170731, 0.486390243902439, 0.6404146341463416, 0.5229756097560976]], "class": 3}