{"image": "2aecb5be-6b42-11ee-9466-fcb3bc5cd112.jpg", "bboxes": [[0.979390243902439, 0.4018536585365854, 1.0, 0.4835609756097561], [0.9415853658536585, 0.5250243902439025, 0.9842682926829268, 0.561609756097561]], "class": 2}