{"image": "2aecb5be-6b42-11ee-9466-fcb3bc5cd112.jpg", "bboxes": [[0.289219512195122, 0.5444390243902439, 0.36360975609756097, 0.6261463414634146], [0.21239024390243913, 0.5480975609756097, 0.2782439024390244, 0.6054146341463414], [0.3587317073170732, 0.466390243902439, 0.40141463414634154, 0.5029756097560976]], "class": 3}