{"image": "2aecb5be-6b42-11ee-9466-fcb3bc5cd112.jpg", "bboxes": [[0.22221951219512198, 0.5244390243902439, 0.296609756097561, 0.6061463414634146], [0.14539024390243913, 0.5280975609756097, 0.21124390243902438, 0.5854146341463414], [0.2917317073170732, 0.44639024390243903, 0.33441463414634154, 0.4829756097560976]], "class": 3}