{"image": "2aecb5be-6b42-11ee-9466-fcb3bc5cd112.jpg", "bboxes": [[0.40439024390243905, 0.5404390243902439, 0.47878048780487803, 0.6221463414634146], [0.4897560975609756, 0.5440975609756097, 0.5556097560975608, 0.6014146341463414], [0.3665853658536584, 0.462390243902439, 0.40926829268292686, 0.49897560975609756]], "class": 3}