{"image": "2b67e7a6-7598-11ee-9df0-fcb3bc5cd112.jpg", "bboxes": [[0.7486329113924053, 0.4872278481012658, 0.7942025316455698, 0.5416582278481012], [0.6878734177215192, 0.4872278481012658, 0.7385063291139242, 0.5429240506329115], [0.5119240506329115, 0.3872278481012658, 0.5524303797468356, 0.4264683544303797], [0.5536962025316456, 0.3910253164556962, 0.5929367088607594, 0.43153164556962026], [0.4309113924050633, 0.3619113924050632, 0.4625569620253165, 0.4011518987341772], [0.3828101265822785, 0.3897594936708861, 0.4233164556962025, 0.4239367088607595], [0.34863291139240515, 0.3910253164556962, 0.3866075949367089, 0.43153164556962026], [0.2853417721518988, 0.3606455696202532, 0.31951898734177225, 0.3960886075949367], [0.25116455696202533, 0.3606455696202532, 0.28154430379746836, 0.3935569620253165]], "class": 9}