{"image": "2b67e7a6-7598-11ee-9df0-fcb3bc5cd112.jpg", "bboxes": [[0.2607974683544303, 0.4822278481012658, 0.30636708860759476, 0.5366582278481012], [0.3164936708860757, 0.4822278481012658, 0.36712658227848083, 0.5379240506329115], [0.5025696202531644, 0.3822278481012658, 0.5430759493670886, 0.4214683544303797], [0.4620632911392405, 0.3860253164556962, 0.5013037974683543, 0.42653164556962025], [0.5924430379746836, 0.3569113924050632, 0.6240886075949367, 0.3961518987341772], [0.6316835443037975, 0.3847594936708861, 0.6721898734177215, 0.4189367088607595], [0.6683924050632911, 0.3860253164556962, 0.7063670886075948, 0.42653164556962025], [0.7354810126582279, 0.3556455696202532, 0.7696582278481012, 0.39108860759493674], [0.7734556962025316, 0.3556455696202532, 0.8038354430379746, 0.3885569620253165]], "class": 9}