{"image": "2b67e7a6-7598-11ee-9df0-fcb3bc5cd112.jpg", "bboxes": [[0.8614303797468356, 0.5668987341772151, 0.9576329113924053, 0.6517088607594936], [0.45763291139240525, 0.4732278481012658, 0.5032025316455697, 0.5276582278481012], [0.39687341772151924, 0.4732278481012658, 0.44750632911392424, 0.5289240506329115], [0.22092405063291143, 0.3732278481012658, 0.2614303797468356, 0.41246835443037977], [0.26269620253164566, 0.3770253164556962, 0.3019367088607595, 0.41753164556962025], [0.13991139240506334, 0.34791139240506325, 0.17155696202531648, 0.3871518987341772], [0.09181012658227848, 0.37575949367088607, 0.1323164556962025, 0.4099367088607595], [0.057632911392405166, 0.3770253164556962, 0.0956075949367089, 0.41753164556962025], [0.0, 0.34664556962025317, 0.02851898734177223, 0.38208860759493674]], "class": 9}