{"image": "2b67e7a6-7598-11ee-9df0-fcb3bc5cd112.jpg", "bboxes": [[0.8226329113924052, 0.4262278481012658, 0.8682025316455697, 0.4806582278481012], [0.7618734177215192, 0.4262278481012658, 0.8125063291139243, 0.48192405063291155], [0.5859240506329114, 0.3262278481012658, 0.6264303797468356, 0.3654683544303797], [0.6276962025316457, 0.3300253164556962, 0.6669367088607595, 0.37053164556962026], [0.5049113924050633, 0.3009113924050632, 0.5365569620253164, 0.3401518987341772], [0.4568101265822785, 0.3287594936708861, 0.49731645569620253, 0.3629367088607595], [0.42263291139240516, 0.3300253164556962, 0.4606075949367089, 0.37053164556962026], [0.3593417721518988, 0.2996455696202532, 0.3935189873417722, 0.3350886075949367], [0.32516455696202534, 0.2996455696202532, 0.3555443037974684, 0.3325569620253165]], "class": 9}