{"image": "2b67e7a6-7598-11ee-9df0-fcb3bc5cd112.jpg", "bboxes": [[0.1287974683544303, 0.4392278481012658, 0.17436708860759476, 0.4936582278481012], [0.1844936708860757, 0.4392278481012658, 0.23512658227848082, 0.4949240506329115], [0.3705696202531644, 0.3392278481012658, 0.4110759493670886, 0.37846835443037974], [0.3300632911392405, 0.3430253164556962, 0.3693037974683543, 0.38353164556962027], [0.46044303797468356, 0.3139113924050632, 0.49208860759493667, 0.35315189873417724], [0.49968354430379747, 0.34175949367088604, 0.5401898734177215, 0.37593670886075947], [0.5363924050632911, 0.3430253164556962, 0.5743670886075949, 0.38353164556962027], [0.6034810126582277, 0.3126455696202532, 0.6376582278481012, 0.3480886075949367], [0.6414556962025316, 0.3126455696202532, 0.6718354430379747, 0.34555696202531644]], "class": 9}