{"image": "2b67e7a6-7598-11ee-9df0-fcb3bc5cd112.jpg", "bboxes": [[0.8534303797468356, 0.35629113924050637, 0.9496329113924052, 0.44110126582278486], [0.4496329113924053, 0.48034177215189877, 0.4952025316455697, 0.5347721518987342], [0.38887341772151923, 0.4790759493670884, 0.4395063291139243, 0.5347721518987342], [0.21292405063291142, 0.5955316455696202, 0.2534303797468356, 0.6347721518987341], [0.25469620253164565, 0.5904683544303797, 0.2939367088607595, 0.6309746835443037], [0.13191139240506333, 0.6208481012658228, 0.16355696202531647, 0.6600886075949368], [0.08381012658227849, 0.5980632911392405, 0.12431645569620252, 0.6322405063291139], [0.049632911392405166, 0.5904683544303797, 0.08760759493670889, 0.6309746835443037], [0.0, 0.6259113924050632, 0.02051898734177223, 0.6613544303797468]], "class": 9}