{"image": "2b67e7a6-7598-11ee-9df0-fcb3bc5cd112.jpg", "bboxes": [[0.7914303797468356, 0.5158987341772151, 0.8876329113924053, 0.6007088607594936], [0.3876329113924053, 0.4222278481012658, 0.4332025316455697, 0.4766582278481012], [0.32687341772151923, 0.4222278481012658, 0.3775063291139243, 0.47792405063291155], [0.15092405063291142, 0.3222278481012658, 0.19143037974683558, 0.3614683544303797], [0.19269620253164566, 0.3260253164556962, 0.23193670886075948, 0.36653164556962026], [0.06991139240506333, 0.2969113924050632, 0.10155696202531647, 0.3361518987341772], [0.021810126582278485, 0.3247594936708861, 0.062316455696202526, 0.3589367088607595], [0.0, 0.3260253164556962, 0.025607594936708892, 0.36653164556962026]], "class": 8}