{"image": "2bdfd6da-6b44-11ee-9869-fcb3bc5cd112.jpg", "bboxes": [[0.0, 0.0, 0.2523658536585367, 0.5385121951219513]], "class": 1}