{"image": "2bdfd6da-6b44-11ee-9869-fcb3bc5cd112.jpg", "bboxes": [[0.8976341463414633, 0.40748780487804875, 1.0, 0.9660243902439024]], "class": 1}