{"image": "2c42cc63-759d-11ee-b9ec-fcb3bc5cd112.jpg", "bboxes": [[0.7755443037974683, 0.578886075949367, 0.8401012658227847, 0.6421772151898735], [0.8413670886075948, 0.5839493670886076, 0.8983291139240506, 0.6257215189873417], [0.9071898734177215, 0.5700253164556962, 0.9666835443037974, 0.6396455696202531]], "class": 3}