{"image": "2c42cc63-759d-11ee-b9ec-fcb3bc5cd112.jpg", "bboxes": [[0.5835443037974684, 0.569886075949367, 0.6481012658227846, 0.6331772151898735], [0.6493670886075947, 0.5749493670886076, 0.7063291139240506, 0.6167215189873417], [0.7151898734177216, 0.5610253164556962, 0.7746835443037975, 0.6306455696202531], [0.8632911392405063, 0.5179873417721519, 0.9126582278481012, 0.5800126582278482], [0.920253164556962, 0.5141898734177215, 0.9746835443037973, 0.5673544303797469]], "class": 5}