{"image": "2c42cc63-759d-11ee-b9ec-fcb3bc5cd112.jpg", "bboxes": [[0.7188987341772154, 0.39482278481012656, 0.7834556962025317, 0.4581139240506329], [0.6606708860759494, 0.4112784810126583, 0.7176329113924053, 0.45305063291139247], [0.5923164556962025, 0.3973544303797468, 0.6518101265822784, 0.4669746835443038], [0.4543417721518988, 0.4479873417721518, 0.5037088607594937, 0.5100126582278481], [0.39231645569620266, 0.46064556962025316, 0.446746835443038, 0.5138101265822785]], "class": 5}