{"image": "2c42cc63-759d-11ee-b9ec-fcb3bc5cd112.jpg", "bboxes": [[0.24354430379746828, 0.36482278481012653, 0.30810126582278463, 0.428113924050633], [0.30936708860759476, 0.38127848101265827, 0.36632911392405065, 0.42305063291139244], [0.3751898734177215, 0.3673544303797469, 0.4346835443037975, 0.4369746835443038], [0.5232911392405062, 0.4179873417721518, 0.5726582278481012, 0.4800126582278481], [0.580253164556962, 0.43064556962025313, 0.6346835443037974, 0.4838101265822785]], "class": 5}