{"image": "2c42cc63-759d-11ee-b9ec-fcb3bc5cd112.jpg", "bboxes": [[0.5048987341772154, 0.3558227848101265, 0.5694556962025318, 0.41911392405063297], [0.4466708860759494, 0.37227848101265826, 0.5036329113924053, 0.41405063291139244], [0.37831645569620254, 0.3583544303797469, 0.43781012658227847, 0.4279746835443038], [0.2403417721518988, 0.4089873417721518, 0.28970886075949376, 0.4710126582278481], [0.17831645569620264, 0.4216455696202531, 0.23274683544303798, 0.4748101265822785]], "class": 5}