{"image": "2c42cc63-759d-11ee-b9ec-fcb3bc5cd112.jpg", "bboxes": [[0.4395443037974682, 0.39082278481012656, 0.5041012658227846, 0.4541139240506329], [0.5053670886075947, 0.4072784810126583, 0.5623291139240506, 0.44905063291139247], [0.5711898734177215, 0.3933544303797468, 0.6306835443037975, 0.4629746835443038], [0.7192911392405062, 0.4439873417721518, 0.7686582278481012, 0.5060126582278481], [0.776253164556962, 0.45664556962025316, 0.8306835443037974, 0.5098101265822785]], "class": 5}