{"image": "2c42cc63-759d-11ee-b9ec-fcb3bc5cd112.jpg", "bboxes": [[0.9558987341772154, 0.3258227848101266, 1.0, 0.38911392405063294], [0.8976708860759494, 0.34227848101265834, 0.9546329113924052, 0.3840506329113924], [0.8293164556962025, 0.3283544303797469, 0.8888101265822785, 0.3979746835443039], [0.6913417721518988, 0.37898734177215176, 0.7407088607594937, 0.4410126582278481], [0.6293164556962026, 0.3916455696202531, 0.6837468354430379, 0.4448101265822785]], "class": 5}