{"image": "2c42cc63-759d-11ee-b9ec-fcb3bc5cd112.jpg", "bboxes": [[0.2955443037974683, 0.6098860759493671, 0.3601012658227847, 0.6731772151898734], [0.3613670886075947, 0.6149493670886076, 0.4183291139240506, 0.6567215189873417], [0.4271898734177215, 0.6010253164556961, 0.48668354430379746, 0.6706455696202531], [0.5752911392405062, 0.5579873417721519, 0.6246582278481012, 0.6200126582278482], [0.632253164556962, 0.5541898734177215, 0.6866835443037973, 0.6073544303797469]], "class": 5}