{"image": "2c42cc63-759d-11ee-b9ec-fcb3bc5cd112.jpg", "bboxes": [[0.6398987341772153, 0.5358860759493671, 0.7044556962025317, 0.5991772151898734], [0.5816708860759494, 0.5409493670886075, 0.6386329113924053, 0.5827215189873417], [0.5133164556962025, 0.5270253164556962, 0.5728101265822785, 0.5966455696202532], [0.3753417721518988, 0.4839873417721519, 0.42470886075949377, 0.5460126582278482], [0.31331645569620264, 0.4801898734177215, 0.367746835443038, 0.5333544303797468]], "class": 5}