{"image": "2cdab42d-759c-11ee-9b87-fcb3bc5cd112.jpg", "bboxes": [[0.39902531645569617, 0.3048860759493671, 0.5787721518987341, 0.4985569620253165], [0.5977594936708861, 0.29096202531645565, 0.7458607594936708, 0.48083544303797465]], "class": 2}