{"image": "2cdab42d-759c-11ee-9b87-fcb3bc5cd112.jpg", "bboxes": [[0.12822784810126586, 0.5634430379746835, 0.30797468354430385, 0.7571139240506329], [0.0, 0.5811645569620254, 0.10924050632911395, 0.7710379746835444]], "class": 2}