{"image": "2cdab42d-759c-11ee-9b87-fcb3bc5cd112.jpg", "bboxes": [[0.26502531645569616, 0.2838860759493671, 0.4447721518987341, 0.4775569620253165], [0.4637594936708861, 0.26996202531645563, 0.6118607594936708, 0.45983544303797463]], "class": 2}