{"image": "2cdab42d-759c-11ee-9b87-fcb3bc5cd112.jpg", "bboxes": [[0.24122784810126585, 0.2898860759493671, 0.42097468354430384, 0.4835569620253165], [0.0741392405063292, 0.27596202531645564, 0.22224050632911393, 0.46583544303797464]], "class": 2}