{"image": "2cdab42d-759c-11ee-9b87-fcb3bc5cd112.jpg", "bboxes": [[0.5822278481012658, 0.2978860759493671, 0.7619746835443039, 0.4915569620253165], [0.4151392405063292, 0.28396202531645565, 0.5632405063291139, 0.47383544303797465]], "class": 2}