{"image": "2cdab42d-759c-11ee-9b87-fcb3bc5cd112.jpg", "bboxes": [[0.5930253164556962, 0.3068860759493671, 0.7727721518987342, 0.5005569620253165], [0.791759493670886, 0.29296202531645565, 0.9398607594936708, 0.48283544303797465]], "class": 2}