{"image": "2cdab42d-759c-11ee-9b87-fcb3bc5cd112.jpg", "bboxes": [[0.2900253164556962, 0.23388607594936706, 0.4697721518987341, 0.42755696202531646], [0.4887594936708861, 0.2199620253164557, 0.6368607594936708, 0.4098354430379746]], "class": 2}