{"image": "2cdab42d-759c-11ee-9b87-fcb3bc5cd112.jpg", "bboxes": [[0.7870253164556962, 0.5064430379746835, 0.9667721518987341, 0.7001139240506329], [0.9857594936708861, 0.5241645569620254, 1.0, 0.7140379746835444]], "class": 2}