{"image": "2cdab42d-759c-11ee-9b87-fcb3bc5cd112.jpg", "bboxes": [[0.5650253164556962, 0.3098860759493671, 0.7447721518987341, 0.5035569620253164], [0.763759493670886, 0.29596202531645566, 0.9118607594936707, 0.48583544303797466]], "class": 2}