{"image": "2d544a3e-7598-11ee-82d9-fcb3bc5cd112.jpg", "bboxes": [[0.8370126582278479, 0.5073924050632911, 0.8775189873417719, 0.5504303797468355], [0.8699240506329113, 0.44030379746835446, 0.9243544303797467, 0.49473417721518986], [0.9230886075949367, 0.43650632911392406, 0.9673924050632912, 0.48587341772151904]], "class": 3}