{"image": "2d544a3e-7598-11ee-82d9-fcb3bc5cd112.jpg", "bboxes": [[0.7084810126582282, 0.41056962025316457, 0.7489873417721522, 0.4536075949367089], [0.6616455696202532, 0.4662658227848101, 0.7160759493670887, 0.5206962025316455], [0.6186075949367089, 0.47512658227848104, 0.6629113924050634, 0.524493670886076], [0.5426582278481014, 0.44348101265822787, 0.580632911392405, 0.4865189873417721], [0.5008860759493672, 0.4422151898734177, 0.538860759493671, 0.4801898734177215]], "class": 5}