{"image": "2d544a3e-7598-11ee-82d9-fcb3bc5cd112.jpg", "bboxes": [[0.8410126582278479, 0.4175696202531645, 0.8815189873417719, 0.4606075949367089], [0.8739240506329113, 0.4732658227848101, 0.9283544303797467, 0.5276962025316455], [0.9270886075949367, 0.482126582278481, 0.9713924050632912, 0.5314936708860759]], "class": 3}