{"image": "2d544a3e-7598-11ee-82d9-fcb3bc5cd112.jpg", "bboxes": [[0.36748101265822813, 0.5053924050632911, 0.4079873417721521, 0.5484303797468355], [0.32064556962025326, 0.43830379746835446, 0.3750759493670887, 0.49273417721518986], [0.2776075949367089, 0.43450632911392406, 0.32191139240506333, 0.48387341772151904], [0.2016582278481013, 0.47248101265822784, 0.23963291139240506, 0.515518987341772], [0.15988607594936718, 0.4788101265822785, 0.1978607594936709, 0.5167848101265824]], "class": 5}