{"image": "2d544a3e-7598-11ee-82d9-fcb3bc5cd112.jpg", "bboxes": [[0.5784810126582282, 0.5033924050632911, 0.6189873417721522, 0.5464303797468355], [0.5316455696202532, 0.43630379746835446, 0.5860759493670887, 0.49073417721518986], [0.4886075949367089, 0.43250632911392406, 0.5329113924050634, 0.48187341772151904], [0.4126582278481013, 0.47048101265822784, 0.450632911392405, 0.513518987341772], [0.3708860759493672, 0.4768101265822785, 0.4088607594936709, 0.5147848101265824]], "class": 5}