{"image": "2d544a3e-7598-11ee-82d9-fcb3bc5cd112.jpg", "bboxes": [[0.4910126582278479, 0.5483924050632911, 0.5315189873417718, 0.5914303797468354], [0.5239240506329113, 0.4813037974683545, 0.5783544303797468, 0.5357341772151899], [0.5770886075949366, 0.477506329113924, 0.6213924050632911, 0.526873417721519], [0.659367088607595, 0.5154810126582279, 0.6973417721518986, 0.5585189873417722], [0.701139240506329, 0.5218101265822785, 0.7391139240506328, 0.5597848101265823]], "class": 5}