{"image": "2e3d04a2-759d-11ee-889b-fcb3bc5cd112.jpg", "bboxes": [[0.0, 0.3765569620253164, 0.03154430379746831, 0.46643037974683543], [0.18344303797468342, 0.5373164556962025, 0.24293670886075946, 0.6044050632911393], [0.23407594936708853, 0.5474430379746835, 0.3074936708860758, 0.6044050632911393], [0.43660759493670875, 0.5221265822784811, 0.5024303797468354, 0.5942784810126582], [0.49483544303797466, 0.5208607594936709, 0.5517974683544302, 0.5955443037974684], [0.5593924050632911, 0.6284556962025316, 0.6100253164556961, 0.6790886075949367]], "class": 6}