{"image": "2e3d04a2-759d-11ee-889b-fcb3bc5cd112.jpg", "bboxes": [[0.06044303797468342, 0.44459493670886074, 0.11993670886075947, 0.5116835443037975], [0.11107594936708853, 0.44459493670886074, 0.18449367088607582, 0.5015569620253164], [0.31360759493670876, 0.45472151898734176, 0.37943037974683536, 0.526873417721519], [0.37183544303797467, 0.4534556962025316, 0.42879746835443033, 0.5281392405063291], [0.43639240506329113, 0.3699113924050632, 0.48702531645569613, 0.4205443037974683]], "class": 5}