{"image": "2e3d04a2-759d-11ee-889b-fcb3bc5cd112.jpg", "bboxes": [[0.07544303797468344, 0.38059493670886074, 0.13493670886075948, 0.4476835443037975], [0.12607594936708855, 0.38059493670886074, 0.19949367088607584, 0.43755696202531646], [0.32860759493670877, 0.39072151898734175, 0.39443037974683537, 0.46287341772151896], [0.3868354430379747, 0.3894556962025316, 0.44379746835443035, 0.4641392405063291], [0.45139240506329115, 0.3059113924050632, 0.5020253164556961, 0.3565443037974683]], "class": 5}