{"image": "2e3d04a2-759d-11ee-889b-fcb3bc5cd112.jpg", "bboxes": [[0.8609367088607596, 0.40455696202531644, 0.9470126582278483, 0.499493670886076], [0.7824556962025317, 0.40455696202531644, 0.8748607594936709, 0.49443037974683546], [0.5710632911392405, 0.5653164556962025, 0.6305569620253165, 0.6324050632911393], [0.5065063291139241, 0.5754430379746835, 0.5799240506329114, 0.6324050632911393], [0.31156962025316465, 0.550126582278481, 0.37739240506329125, 0.6222784810126583], [0.2622025316455697, 0.548860759493671, 0.31916455696202534, 0.6235443037974684], [0.20397468354430384, 0.6564556962025316, 0.25460759493670887, 0.7070886075949367]], "class": 7}