{"image": "2e3d04a2-759d-11ee-889b-fcb3bc5cd112.jpg", "bboxes": [[0.9569367088607597, 0.3825569620253164, 1.0, 0.47749367088607597], [0.8784556962025317, 0.3825569620253164, 0.9708607594936709, 0.47243037974683544], [0.6670632911392405, 0.5433164556962025, 0.7265569620253166, 0.6104050632911393], [0.6025063291139241, 0.5534430379746835, 0.6759240506329114, 0.6104050632911393], [0.4075696202531647, 0.5281265822784811, 0.4733924050632912, 0.6002784810126582], [0.3582025316455697, 0.526860759493671, 0.41516455696202537, 0.6015443037974684], [0.29997468354430384, 0.6344556962025316, 0.3506075949367089, 0.6850886075949367]], "class": 7}