{"image": "2e3d04a2-759d-11ee-889b-fcb3bc5cd112.jpg", "bboxes": [[0.0384430379746834, 0.4863164556962025, 0.09793670886075945, 0.5534050632911393], [0.08907594936708862, 0.4964430379746836, 0.1624936708860758, 0.5534050632911393], [0.29160759493670874, 0.47112658227848103, 0.35743037974683534, 0.5432784810126583], [0.34983544303797465, 0.4698607594936709, 0.4067974683544303, 0.5445443037974684], [0.4143924050632911, 0.5774556962025317, 0.4650253164556961, 0.6280886075949368]], "class": 5}