{"image": "2e3d04a2-759d-11ee-889b-fcb3bc5cd112.jpg", "bboxes": [[0.4349873417721517, 0.3375569620253165, 0.5210632911392403, 0.43249367088607593], [0.5071392405063291, 0.3375569620253165, 0.5995443037974683, 0.4274303797468355], [0.7514430379746835, 0.49831645569620253, 0.8109367088607595, 0.5654050632911393], [0.8020759493670886, 0.5084430379746836, 0.8754936708860759, 0.5654050632911393]], "class": 4}