{"image": "2f59487c-7598-11ee-88d5-fcb3bc5cd112.jpg", "bboxes": [[0.5630506329113922, 0.49564556962025313, 0.6060886075949365, 0.533620253164557], [0.6048227848101264, 0.4905822784810126, 0.6491265822784809, 0.5310886075949367], [0.7225443037974683, 0.464, 0.7529240506329113, 0.4969113924050632], [0.7427974683544303, 0.4627341772151899, 0.7782405063291137, 0.5007088607594936], [0.8010253164556962, 0.41843037974683545, 0.8238101265822784, 0.43994936708860755], [0.8174810126582277, 0.41843037974683545, 0.8465949367088608, 0.43994936708860755], [0.889632911392405, 0.443746835443038, 0.9124177215189874, 0.4665316455696202], [0.9162151898734177, 0.4450126582278481, 0.9364683544303797, 0.4690632911392405], [0.8731772151898733, 0.40956962025316457, 0.8972278481012658, 0.43235443037974686]], "class": 9}