{"image": "2f59487c-7598-11ee-88d5-fcb3bc5cd112.jpg", "bboxes": [[0.07705063291139236, 0.408379746835443, 0.12008860759493656, 0.44635443037974687], [0.11882278481012643, 0.41091139240506336, 0.16312658227848076, 0.4514177215189874], [0.23654430379746827, 0.44508860759493674, 0.26692405063291136, 0.478], [0.2567974683544303, 0.44129113924050634, 0.2922405063291137, 0.4792658227848101], [0.3150253164556962, 0.5020506329113924, 0.3378101265822784, 0.5235696202531646], [0.3314810126582276, 0.5020506329113924, 0.36059493670886067, 0.5235696202531646], [0.403632911392405, 0.4754683544303798, 0.4264177215189874, 0.498253164556962], [0.43021518987341767, 0.47293670886075945, 0.4504683544303797, 0.49698734177215187], [0.38717721518987336, 0.5096455696202531, 0.4112278481012658, 0.5324303797468355]], "class": 9}