{"image": "2f59487c-7598-11ee-88d5-fcb3bc5cd112.jpg", "bboxes": [[0.6020506329113924, 0.3983797468354431, 0.6450886075949365, 0.43635443037974686], [0.6438227848101264, 0.40091139240506335, 0.6881265822784808, 0.4414177215189874], [0.7615443037974683, 0.4350886075949367, 0.7919240506329113, 0.46799999999999997], [0.7817974683544303, 0.4312911392405063, 0.8172405063291137, 0.4692658227848101], [0.8400253164556961, 0.4920506329113924, 0.8628101265822784, 0.5135696202531645], [0.8564810126582276, 0.4920506329113924, 0.8855949367088607, 0.5135696202531645], [0.9286329113924049, 0.4654683544303798, 0.9514177215189874, 0.488253164556962], [0.9552151898734177, 0.46293670886075955, 0.9754683544303797, 0.48698734177215197], [0.9121772151898733, 0.4996455696202531, 0.9362278481012658, 0.5224303797468355]], "class": 9}