{"image": "2f59487c-7598-11ee-88d5-fcb3bc5cd112.jpg", "bboxes": [[0.5899113924050634, 0.425379746835443, 0.6329493670886077, 0.4633544303797469], [0.5468734177215192, 0.4279113924050634, 0.5911772151898735, 0.4684177215189874], [0.4430759493670887, 0.46208860759493675, 0.47345569620253175, 0.495], [0.4177594936708863, 0.45829113924050635, 0.45320253164556973, 0.49626582278481013], [0.37218987341772164, 0.5190506329113924, 0.3949746835443038, 0.5405696202531645], [0.3494050632911393, 0.5190506329113924, 0.37851898734177236, 0.5405696202531645], [0.28358227848101264, 0.49246835443037984, 0.30636708860759504, 0.515253164556962], [0.25953164556962033, 0.48993670886075946, 0.27978481012658235, 0.5139873417721519], [0.29877215189873424, 0.5266455696202531, 0.32282278481012666, 0.5494303797468354]], "class": 9}