{"image": "2f59487c-7598-11ee-88d5-fcb3bc5cd112.jpg", "bboxes": [[0.9365822784810126, 0.502746835443038, 0.9593670886075951, 0.5255316455696202], [0.9125316455696203, 0.5040126582278481, 0.9327848101265823, 0.5280632911392406], [0.9517721518987342, 0.46856962025316456, 0.9758227848101266, 0.49135443037974685]], "class": 3}