{"image": "2f59487c-7598-11ee-88d5-fcb3bc5cd112.jpg", "bboxes": [[0.19605063291139235, 0.403379746835443, 0.23908860759493655, 0.44135443037974686], [0.23782278481012642, 0.40591139240506335, 0.28212658227848075, 0.4464177215189874], [0.35554430379746826, 0.44008860759493673, 0.38592405063291135, 0.473], [0.3757974683544303, 0.43629113924050633, 0.4112405063291137, 0.4742658227848101], [0.4340253164556962, 0.4970506329113924, 0.4568101265822784, 0.5185696202531646], [0.4504810126582277, 0.4970506329113924, 0.47959493670886066, 0.5185696202531646], [0.5226329113924049, 0.4704683544303798, 0.5454177215189874, 0.493253164556962], [0.5492151898734177, 0.46793670886075944, 0.5694683544303797, 0.491987341772152], [0.5061772151898734, 0.5046455696202532, 0.5302278481012658, 0.5274303797468354]], "class": 9}