{"image": "30010da2-6b42-11ee-8a07-fcb3bc5cd112.jpg", "bboxes": [[0.0, 0.4456829268292683, 0.010073170731707326, 0.478609756097561], [0.24421951219512184, 0.501780487804878, 0.3247073170731707, 0.555439024390244], [0.3295853658536585, 0.503, 0.3954390243902438, 0.5603170731707318], [0.08080487804878045, 0.4286097560975609, 0.12104878048780487, 0.4627560975609755], [0.036902439024390166, 0.427390243902439, 0.0844634146341463, 0.4651951219512195]], "class": 5}