{"image": "30010da2-6b42-11ee-8a07-fcb3bc5cd112.jpg", "bboxes": [[0.011926829268292805, 0.4022926829268292, 0.07656097560975628, 0.4657073170731707], [0.0704634146341464, 0.3864390243902438, 0.16558536585365868, 0.458390243902439], [0.19851219512195117, 0.508390243902439, 0.2460731707317073, 0.5413170731707317], [0.4802195121951218, 0.43156097560975604, 0.5607073170731707, 0.48521951219512194], [0.5655853658536585, 0.4266829268292682, 0.6314390243902439, 0.484], [0.31680487804878044, 0.5242439024390244, 0.35704878048780486, 0.5583902439024391], [0.27290243902439026, 0.5218048780487805, 0.3204634146341463, 0.559609756097561]], "class": 7}