{"image": "30010da2-6b42-11ee-8a07-fcb3bc5cd112.jpg", "bboxes": [[0.2639268292682927, 0.4132926829268292, 0.3285609756097563, 0.4767073170731707], [0.3224634146341464, 0.3974390243902438, 0.4175853658536587, 0.469390243902439], [0.4505121951219512, 0.5193902439024389, 0.4980731707317073, 0.5523170731707316], [0.7322195121951218, 0.44256097560975605, 0.8127073170731707, 0.49621951219512195], [0.8175853658536585, 0.43768292682926824, 0.8834390243902438, 0.495], [0.5688048780487804, 0.5352439024390245, 0.6090487804878049, 0.5693902439024391], [0.5249024390243902, 0.5328048780487805, 0.5724634146341463, 0.5706097560975609]], "class": 7}