{"image": "30010da2-6b42-11ee-8a07-fcb3bc5cd112.jpg", "bboxes": [[0.9369268292682926, 0.4166829268292683, 0.9844878048780488, 0.449609756097561], [0.6222926829268294, 0.472780487804878, 0.7027804878048781, 0.5264390243902439], [0.5515609756097561, 0.474, 0.6174146341463416, 0.5313170731707317], [0.8259512195121952, 0.39960975609756094, 0.8661951219512196, 0.43375609756097555], [0.8625365853658538, 0.398390243902439, 0.9100975609756098, 0.4361951219512195]], "class": 5}