{"image": "30010da2-6b42-11ee-8a07-fcb3bc5cd112.jpg", "bboxes": [[0.43992682926829274, 0.5402926829268293, 0.5045609756097562, 0.6037073170731708], [0.49846341463414634, 0.547609756097561, 0.5935853658536587, 0.6195609756097562], [0.6265121951219512, 0.4646829268292683, 0.6740731707317074, 0.497609756097561], [0.9082195121951219, 0.5207804878048781, 0.9887073170731706, 0.574439024390244], [0.9935853658536584, 0.522, 1.0, 0.5793170731707318], [0.7448048780487804, 0.44760975609756093, 0.7850487804878048, 0.48175609756097554], [0.7009024390243902, 0.44639024390243903, 0.7484634146341462, 0.4841951219512195]], "class": 7}