{"image": "30010da2-6b42-11ee-8a07-fcb3bc5cd112.jpg", "bboxes": [[0.9929268292682927, 0.557390243902439, 1.0, 0.5903170731707317], [0.6782926829268293, 0.4805609756097561, 0.7587804878048782, 0.534219512195122], [0.6075609756097562, 0.47568292682926827, 0.6734146341463415, 0.5329999999999999], [0.8819512195121951, 0.5732439024390245, 0.9221951219512196, 0.607390243902439], [0.9185365853658537, 0.5708048780487804, 0.9660975609756097, 0.608609756097561]], "class": 5}