{"image": "30010da2-6b42-11ee-8a07-fcb3bc5cd112.jpg", "bboxes": [[0.2964390243902437, 0.5452926829268293, 0.36107317073170725, 0.6087073170731707], [0.20741463414634131, 0.552609756097561, 0.30253658536585365, 0.6245609756097562], [0.12692682926829263, 0.4696829268292683, 0.1744878048780488, 0.502609756097561], [0.015951219512195167, 0.45260975609756093, 0.05619512195121956, 0.48675609756097554], [0.05253658536585374, 0.45139024390243904, 0.10009756097560978, 0.4891951219512195]], "class": 5}