{"image": "30435e31-759d-11ee-8b7a-fcb3bc5cd112.jpg", "bboxes": [[0.5099240506329112, 0.15951898734177228, 0.5618227848101265, 0.22027848101265834], [0.4618227848101264, 0.15572151898734188, 0.5187848101265822, 0.22154430379746837]], "class": 2}