{"image": "30435e31-759d-11ee-8b7a-fcb3bc5cd112.jpg", "bboxes": [[0.30817721518987357, 0.8307215189873417, 0.3600759493670887, 0.8914810126582278], [0.35121518987341777, 0.8294556962025316, 0.40817721518987354, 0.8952784810126582]], "class": 2}