{"image": "30435e31-759d-11ee-8b7a-fcb3bc5cd112.jpg", "bboxes": [[0.29092405063291127, 0.12751898734177225, 0.3428227848101264, 0.18827848101265832], [0.24282278481012642, 0.12372151898734185, 0.2997848101265822, 0.18954430379746834]], "class": 2}