{"image": "30435e31-759d-11ee-8b7a-fcb3bc5cd112.jpg", "bboxes": [[0.1879240506329113, 0.7967215189873417, 0.23982278481012642, 0.8574810126582277], [0.13982278481012644, 0.7954556962025316, 0.19678481012658222, 0.8612784810126581]], "class": 2}