{"image": "30435e31-759d-11ee-8b7a-fcb3bc5cd112.jpg", "bboxes": [[0.43117721518987356, 0.8057215189873417, 0.4830759493670887, 0.8664810126582277], [0.47421518987341776, 0.8044556962025317, 0.5311772151898736, 0.8702784810126581]], "class": 2}