{"image": "31c46f43-6b44-11ee-90e7-fcb3bc5cd112.jpg", "bboxes": [[0.7047560975609756, 0.4758536585365855, 0.7718292682926828, 0.5307317073170732], [0.6474390243902439, 0.484390243902439, 0.7120731707317075, 0.5282926829268293]], "class": 2}