{"image": "31c46f43-6b44-11ee-90e7-fcb3bc5cd112.jpg", "bboxes": [[0.1591707317073171, 0.43326829268292677, 0.22624390243902437, 0.4881463414634145], [0.21892682926829254, 0.4357073170731707, 0.283560975609756, 0.47960975609756096]], "class": 2}