{"image": "31c46f43-6b44-11ee-90e7-fcb3bc5cd112.jpg", "bboxes": [[0.3731707317073172, 0.4432682926829268, 0.44024390243902445, 0.4981463414634145], [0.4329268292682925, 0.4457073170731707, 0.4975609756097561, 0.48960975609756097]], "class": 2}