{"image": "31c46f43-6b44-11ee-90e7-fcb3bc5cd112.jpg", "bboxes": [[0.1837560975609756, 0.5528536585365855, 0.25082926829268287, 0.6077317073170732], [0.12643902439024396, 0.561390243902439, 0.1910731707317075, 0.6052926829268294]], "class": 2}