{"image": "31c46f43-6b44-11ee-90e7-fcb3bc5cd112.jpg", "bboxes": [[0.4557560975609756, 0.4542682926829268, 0.5228292682926828, 0.5091463414634145], [0.398439024390244, 0.4567073170731707, 0.46307317073170745, 0.500609756097561]], "class": 2}