{"image": "31c46f43-6b44-11ee-90e7-fcb3bc5cd112.jpg", "bboxes": [[0.17517073170731712, 0.40026829268292685, 0.24224390243902438, 0.4551463414634145], [0.23492682926829256, 0.40270731707317065, 0.29956097560975603, 0.44660975609756104]], "class": 2}