{"image": "31c46f43-6b44-11ee-90e7-fcb3bc5cd112.jpg", "bboxes": [[0.6051707317073172, 0.5228536585365855, 0.6722439024390243, 0.5777317073170732], [0.6649268292682925, 0.531390243902439, 0.7295609756097561, 0.5752926829268293]], "class": 2}