{"image": "31c46f43-6b44-11ee-90e7-fcb3bc5cd112.jpg", "bboxes": [[0.3067560975609756, 0.4592682926829268, 0.37382926829268287, 0.5141463414634144], [0.24943902439024396, 0.4617073170731707, 0.3140731707317075, 0.505609756097561]], "class": 2}