{"image": "31c46f43-6b44-11ee-90e7-fcb3bc5cd112.jpg", "bboxes": [[0.9417560975609756, 0.40926829268292686, 1.0, 0.4641463414634145], [0.8844390243902439, 0.41170731707317065, 0.9490731707317075, 0.45560975609756094]], "class": 2}