{"image": "31c46f43-6b44-11ee-90e7-fcb3bc5cd112.jpg", "bboxes": [[0.2207560975609756, 0.4898536585365855, 0.28782926829268285, 0.5447317073170732], [0.16343902439024396, 0.498390243902439, 0.22807317073170746, 0.5422926829268293]], "class": 2}