{"image": "31c46f43-6b44-11ee-90e7-fcb3bc5cd112.jpg", "bboxes": [[0.2337560975609756, 0.5558536585365855, 0.30082926829268286, 0.6107317073170732], [0.17643902439024395, 0.564390243902439, 0.24107317073170748, 0.6082926829268294]], "class": 2}