{"image": "31c46f43-6b44-11ee-90e7-fcb3bc5cd112.jpg", "bboxes": [[0.1997560975609756, 0.4818536585365855, 0.26682926829268283, 0.5367317073170732], [0.14243902439024395, 0.490390243902439, 0.20707317073170747, 0.5342926829268293]], "class": 2}