{"image": "32be8857-759d-11ee-8467-fcb3bc5cd112.jpg", "bboxes": [[0.0, 0.5225696202531646, 0.05436708860759476, 0.5833291139240506], [0.048037974683544205, 0.5744683544303797, 0.10753164556962025, 0.6339620253164557], [0.22778481012658225, 0.5554810126582279, 0.2872784810126582, 0.6124430379746835], [0.3049999999999998, 0.5605443037974684, 0.3568987341772152, 0.6061139240506329], [0.10120253164556947, 0.6833291139240507, 0.13917721518987336, 0.7187721518987342], [0.1366455696202531, 0.6820632911392406, 0.17462025316455676, 0.7187721518987342], [0.3619620253164555, 0.7466202531645569, 0.38727848101265816, 0.7744683544303798], [0.3822151898734175, 0.7491518987341772, 0.4087974683544303, 0.7744683544303798], [0.48854430379746827, 0.7580126582278481, 0.5100632911392404, 0.7795316455696202], [0.5037341772151896, 0.7542151898734177, 0.5277848101265823, 0.7820632911392404], [0.5341139240506327, 0.7656075949367088, 0.5556329113924048, 0.7985189873417722], [0.5505696202531645, 0.7681392405063291, 0.5758860759493669, 0.7959873417721519], [0.5708227848101264, 0.7656075949367088, 0.5936075949367088, 0.7845949367088607], [0.5898101265822784, 0.7630759493670886, 0.6100632911392405, 0.7845949367088607]], "class": 14}