{"image": "32be8857-759d-11ee-8467-fcb3bc5cd112.jpg", "bboxes": [[0.8374556962025317, 0.5657088607594937, 0.9020126582278483, 0.649253164556962], [0.7716329113924053, 0.5745696202531645, 0.8387215189873418, 0.6353291139240507], [0.7184683544303798, 0.6264683544303797, 0.7779620253164558, 0.6859620253164558], [0.5387215189873418, 0.607481012658228, 0.5982151898734178, 0.6644430379746835], [0.46910126582278483, 0.6125443037974684, 0.5210000000000002, 0.658113924050633], [0.6868227848101267, 0.7353291139240506, 0.7247974683544305, 0.7707721518987342], [0.6513797468354433, 0.7340632911392405, 0.6893544303797469, 0.7707721518987342], [0.4387215189873418, 0.798620253164557, 0.46403797468354446, 0.8264683544303797], [0.4172025316455697, 0.8011518987341772, 0.44378481012658244, 0.8264683544303797], [0.3159367088607596, 0.8100126582278481, 0.33745569620253174, 0.8315316455696202], [0.2982151898734178, 0.8062151898734178, 0.3222658227848103, 0.8340632911392405], [0.2703670886075952, 0.8176075949367088, 0.2918860759493673, 0.8505189873417721], [0.25011392405063315, 0.820139240506329, 0.2754303797468356, 0.8479873417721518], [0.23239240506329123, 0.8176075949367088, 0.2551772151898736, 0.8365949367088608], [0.2159367088607595, 0.8150759493670885, 0.23618987341772163, 0.8365949367088608]], "class": 15}