{"image": "32be8857-759d-11ee-8467-fcb3bc5cd112.jpg", "bboxes": [[0.8327215189873418, 0.5514810126582279, 0.8922151898734177, 0.6084430379746835], [0.7631012658227848, 0.5565443037974684, 0.8150000000000003, 0.6021139240506329], [0.9808227848101266, 0.6793291139240507, 1.0, 0.7147721518987342], [0.9453797468354432, 0.6780632911392406, 0.9833544303797469, 0.7147721518987342], [0.7327215189873418, 0.7426202531645569, 0.7580379746835445, 0.7704683544303798], [0.7112025316455697, 0.7451518987341772, 0.7377848101265825, 0.7704683544303798], [0.6099367088607596, 0.7540126582278481, 0.6314556962025317, 0.7755316455696202], [0.5922151898734178, 0.7502151898734177, 0.6162658227848103, 0.7780632911392404], [0.5643670886075952, 0.7616075949367088, 0.5858860759493673, 0.7945189873417722], [0.5441139240506332, 0.7641392405063291, 0.5694303797468355, 0.7919873417721519], [0.5263924050632912, 0.7616075949367088, 0.5491772151898735, 0.7805949367088607], [0.5099367088607595, 0.7590759493670886, 0.5301898734177216, 0.7805949367088607]], "class": 12}