{"image": "32be8857-759d-11ee-8467-fcb3bc5cd112.jpg", "bboxes": [[0.006999999999999784, 0.3348860759493671, 0.05889873417721514, 0.3804556962025316], [0.06396202531645556, 0.16653164556962027, 0.08927848101265823, 0.19437974683544304], [0.08421518987341758, 0.16653164556962027, 0.11079746835443027, 0.19184810126582277], [0.19054430379746823, 0.16146835443037977, 0.21206329113924038, 0.18298734177215192], [0.20573417721518972, 0.15893670886075953, 0.22978481012658225, 0.18678481012658227], [0.2361139240506327, 0.14248101265822788, 0.25763291139240485, 0.17539240506329118], [0.25256962025316443, 0.14501265822784815, 0.2778860759493669, 0.1728607594936709], [0.27282278481012645, 0.15640506329113926, 0.29560759493670874, 0.17539240506329118], [0.29181012658227834, 0.15640506329113926, 0.3120632911392405, 0.17792405063291145]], "class": 9}