{"image": "32be8857-759d-11ee-8467-fcb3bc5cd112.jpg", "bboxes": [[0.9879367088607595, 0.16640506329113927, 1.0, 0.18792405063291145]], "class": 1}