{"image": "32be8857-759d-11ee-8467-fcb3bc5cd112.jpg", "bboxes": [[0.7494556962025317, 0.5577088607594937, 0.8140126582278483, 0.641253164556962], [0.6836329113924052, 0.5665696202531645, 0.7507215189873419, 0.6273291139240507], [0.6304683544303799, 0.6184683544303797, 0.6899620253164558, 0.6779620253164558], [0.4507215189873418, 0.599481012658228, 0.5102151898734177, 0.6564430379746835], [0.38110126582278486, 0.6045443037974684, 0.4330000000000002, 0.650113924050633], [0.5988227848101266, 0.7273291139240506, 0.6367974683544305, 0.7627721518987343], [0.5633797468354432, 0.7260632911392405, 0.6013544303797469, 0.7627721518987343], [0.35072151898734183, 0.790620253164557, 0.37603797468354444, 0.8184683544303797], [0.32920253164556973, 0.7931518987341772, 0.3557848101265824, 0.8184683544303797], [0.22793670886075962, 0.8020126582278481, 0.24945569620253172, 0.8235316455696202], [0.21021518987341778, 0.7982151898734178, 0.2342658227848103, 0.8260632911392405], [0.18236708860759518, 0.8096075949367088, 0.2038860759493673, 0.8425189873417721], [0.16211392405063316, 0.812139240506329, 0.18743037974683557, 0.8399873417721518], [0.14439240506329123, 0.8096075949367088, 0.16717721518987355, 0.8285949367088608], [0.1279367088607595, 0.8070759493670885, 0.14818987341772163, 0.8285949367088608]], "class": 15}