{"image": "32be8857-759d-11ee-8467-fcb3bc5cd112.jpg", "bboxes": [[0.0, 0.6044683544303797, 0.01753164556962017, 0.6639620253164558], [0.13778481012658217, 0.5854810126582279, 0.1972784810126582, 0.6424430379746835], [0.21499999999999975, 0.5905443037974684, 0.2668987341772151, 0.6361139240506329], [0.011202531645569502, 0.7133291139240507, 0.04917721518987328, 0.7487721518987343], [0.046645569620253124, 0.7120632911392405, 0.08462025316455679, 0.7487721518987343], [0.2719620253164555, 0.776620253164557, 0.2972784810126582, 0.8044683544303797], [0.29221518987341755, 0.7791518987341772, 0.31879746835443035, 0.8044683544303797], [0.3985443037974683, 0.788012658227848, 0.42006329113924035, 0.8095316455696202], [0.4137341772151897, 0.7842151898734178, 0.4377848101265822, 0.8120632911392405], [0.44411392405063266, 0.7956075949367087, 0.4656329113924048, 0.8285189873417721], [0.4605696202531644, 0.7981392405063291, 0.48588607594936684, 0.8259873417721518], [0.4808227848101264, 0.7956075949367087, 0.5036075949367087, 0.8145949367088607], [0.4998101265822784, 0.7930759493670886, 0.5200632911392404, 0.8145949367088607]], "class": 13}