{"image": "32be8857-759d-11ee-8467-fcb3bc5cd112.jpg", "bboxes": [[0.0, 0.5485696202531645, 0.03036708860759474, 0.6093291139240506], [0.024037974683544183, 0.6004683544303797, 0.08353164556962023, 0.6599620253164558], [0.20378481012658223, 0.5814810126582279, 0.26327848101265816, 0.6384430379746835], [0.2809999999999998, 0.5865443037974685, 0.33289873417721516, 0.6321139240506329], [0.07720253164556945, 0.7093291139240507, 0.11517721518987334, 0.7447721518987342], [0.11264556962025307, 0.7080632911392405, 0.15062025316455674, 0.7447721518987342], [0.3379620253164556, 0.772620253164557, 0.36327848101265814, 0.8004683544303797], [0.3582151898734176, 0.7751518987341772, 0.3847974683544303, 0.8004683544303797], [0.46454430379746825, 0.784012658227848, 0.4860632911392404, 0.8055316455696202], [0.4797341772151896, 0.7802151898734178, 0.5037848101265823, 0.8080632911392405], [0.5101139240506327, 0.7916075949367088, 0.5316329113924048, 0.8245189873417721], [0.5265696202531644, 0.7941392405063291, 0.5518860759493669, 0.8219873417721518], [0.5468227848101265, 0.7916075949367088, 0.5696075949367088, 0.8105949367088607], [0.5658101265822784, 0.7890759493670886, 0.5860632911392405, 0.8105949367088607]], "class": 14}