{"image": "32be8857-759d-11ee-8467-fcb3bc5cd112.jpg", "bboxes": [[0.0, 0.17046835443037978, 0.0030632911392404205, 0.19198734177215193], [0.0, 0.16793670886075954, 0.020784810126582176, 0.19578481012658228], [0.02711392405063273, 0.1514810126582279, 0.048632911392404776, 0.1843924050632912], [0.043569620253164465, 0.15401265822784813, 0.0688860759493668, 0.18186075949367092], [0.06382278481012649, 0.16540506329113927, 0.08660759493670878, 0.1843924050632912], [0.08281012658227838, 0.16540506329113927, 0.10306329113924051, 0.18692405063291145]], "class": 6}