{"image": "33827430-7598-11ee-9320-fcb3bc5cd112.jpg", "bboxes": [[0.0, 0.5235189873417722, 0.031126582278480863, 0.572886075949367], [0.043784810126582197, 0.47162025316455697, 0.07543037974683542, 0.4994683544303797], [0.07036708860759477, 0.47162025316455697, 0.09948101265822773, 0.5007341772151899], [0.14125316455696202, 0.45769620253164556, 0.1678354430379746, 0.4842784810126582], [0.16150632911392404, 0.4589620253164557, 0.18808860759493662, 0.48934177215189867], [0.18808860759493662, 0.49313924050632907, 0.21973417721518984, 0.5260506329113924], [0.21593670886075944, 0.4944050632911392, 0.24505063291139229, 0.5273164556962026], [0.26277215189873415, 0.47541772151898737, 0.29315189873417713, 0.5095949367088607]], "class": 8}