{"image": "33827430-7598-11ee-9320-fcb3bc5cd112.jpg", "bboxes": [[0.3012405063291137, 0.3987974683544304, 0.3544050632911392, 0.4494303797468354], [0.34934177215189854, 0.3937341772151899, 0.4050379746835442, 0.45069620253164555], [0.4911139240506327, 0.42284810126582284, 0.5303544303797467, 0.4709493670886076], [0.5303544303797467, 0.424113924050633, 0.5721265822784809, 0.47348101265822784], [0.5847848101265822, 0.49753164556962026, 0.6164303797468355, 0.5253797468354431], [0.6113670886075947, 0.49626582278481013, 0.6404810126582278, 0.5253797468354431], [0.682253164556962, 0.5127215189873418, 0.7088354430379746, 0.5393037974683544], [0.702506329113924, 0.5076582278481013, 0.7290886075949367, 0.5380379746835443], [0.7290886075949367, 0.4709493670886076, 0.7607341772151898, 0.5038607594936709], [0.7569367088607595, 0.46968354430379744, 0.7860506329113923, 0.5025949367088608], [0.8037721518987342, 0.4874050632911393, 0.8341518987341772, 0.5215822784810127]], "class": 11}