{"image": "33827430-7598-11ee-9320-fcb3bc5cd112.jpg", "bboxes": [[0.9959620253164557, 0.4267341772151899, 1.0, 0.4836962025316456], [0.8706455696202533, 0.45584810126582287, 0.9098860759493673, 0.5039493670886075], [0.8288734177215191, 0.4571139240506329, 0.8706455696202533, 0.5064810126582279], [0.7845696202531646, 0.5305316455696203, 0.8162151898734178, 0.558379746835443], [0.7605189873417723, 0.5292658227848102, 0.7896329113924053, 0.558379746835443], [0.6921645569620254, 0.5457215189873419, 0.718746835443038, 0.5723037974683545], [0.6719113924050634, 0.5406582278481014, 0.698493670886076, 0.5710379746835443], [0.6402658227848103, 0.5039493670886075, 0.6719113924050634, 0.536860759493671], [0.6149493670886077, 0.5026835443037975, 0.6440632911392405, 0.5355949367088608], [0.5668481012658229, 0.5204050632911392, 0.5972278481012658, 0.5545822784810126]], "class": 10}