{"image": "33827430-7598-11ee-9320-fcb3bc5cd112.jpg", "bboxes": [[0.7735949367088608, 0.5295696202531646, 0.8267594936708863, 0.5802025316455696], [0.7229620253164558, 0.5283037974683544, 0.7786582278481015, 0.5852658227848101], [0.5976455696202534, 0.5080506329113924, 0.6368860759493673, 0.5561518987341771], [0.5558734177215191, 0.5055189873417721, 0.5976455696202534, 0.5548860759493671], [0.5115696202531645, 0.45362025316455695, 0.5432151898734178, 0.48146835443037966], [0.48751898734177224, 0.45362025316455695, 0.5166329113924053, 0.4827341772151899], [0.41916455696202537, 0.43969620253164554, 0.445746835443038, 0.4662784810126582], [0.39891139240506335, 0.44096202531645573, 0.425493670886076, 0.4713417721518987], [0.36726582278481024, 0.4751392405063291, 0.39891139240506335, 0.5080506329113924], [0.3419493670886077, 0.4764050632911392, 0.3710632911392405, 0.5093164556962025], [0.29384810126582284, 0.45741772151898735, 0.32422784810126587, 0.4915949367088607]], "class": 11}