{"image": "33827430-7598-11ee-9320-fcb3bc5cd112.jpg", "bboxes": [[0.5342405063291138, 0.5195696202531646, 0.5874050632911392, 0.5702025316455696], [0.5823417721518986, 0.5183037974683544, 0.6380379746835443, 0.5752658227848101], [0.7241139240506327, 0.4980506329113924, 0.7633544303797466, 0.5461518987341771], [0.7633544303797466, 0.49551898734177213, 0.8051265822784809, 0.5448860759493671], [0.8177848101265822, 0.44362025316455694, 0.8494303797468354, 0.4714683544303797], [0.8443670886075947, 0.44362025316455694, 0.8734810126582278, 0.4727341772151899], [0.915253164556962, 0.42969620253164553, 0.9418354430379746, 0.45627848101265817], [0.9355063291139241, 0.4309620253164557, 0.9620886075949366, 0.4613417721518987], [0.9620886075949366, 0.4651392405063291, 0.9937341772151898, 0.4980506329113924], [0.9899367088607595, 0.4664050632911392, 1.0, 0.49931645569620253]], "class": 10}