{"image": "33827430-7598-11ee-9320-fcb3bc5cd112.jpg", "bboxes": [[0.9815949367088608, 0.43179746835443045, 1.0, 0.48243037974683545], [0.9309620253164558, 0.4267341772151899, 0.9866582278481014, 0.4836962025316456], [0.8056455696202534, 0.45584810126582287, 0.8448860759493673, 0.5039493670886075], [0.7638734177215191, 0.4571139240506329, 0.8056455696202534, 0.5064810126582279], [0.7195696202531645, 0.5305316455696203, 0.7512151898734177, 0.558379746835443], [0.6955189873417722, 0.5292658227848102, 0.7246329113924053, 0.558379746835443], [0.6271645569620253, 0.5457215189873419, 0.653746835443038, 0.5723037974683545], [0.6069113924050633, 0.5406582278481014, 0.633493670886076, 0.5710379746835443], [0.5752658227848102, 0.5039493670886075, 0.6069113924050633, 0.536860759493671], [0.5499493670886076, 0.5026835443037975, 0.5790632911392405, 0.5355949367088608], [0.5018481012658228, 0.5204050632911392, 0.5322278481012659, 0.5545822784810126]], "class": 11}