{"image": "33827430-7598-11ee-9320-fcb3bc5cd112.jpg", "bboxes": [[0.9636455696202534, 0.42384810126582284, 1.0, 0.4719493670886076], [0.9218734177215191, 0.425113924050633, 0.9636455696202534, 0.47448101265822784], [0.8775696202531645, 0.49853164556962026, 0.9092151898734178, 0.526379746835443], [0.8535189873417722, 0.49726582278481013, 0.8826329113924053, 0.526379746835443], [0.7851645569620254, 0.5137215189873419, 0.8117468354430379, 0.5403037974683544], [0.7649113924050633, 0.5086582278481013, 0.7914936708860759, 0.5390379746835443], [0.7332658227848102, 0.4719493670886076, 0.7649113924050633, 0.5048607594936709], [0.7079493670886077, 0.47068354430379744, 0.7370632911392405, 0.5035949367088608], [0.6598481012658228, 0.4884050632911393, 0.6902278481012659, 0.5225822784810126]], "class": 9}