{"image": "33827430-7598-11ee-9320-fcb3bc5cd112.jpg", "bboxes": [[0.46724050632911374, 0.5555696202531646, 0.5204050632911392, 0.6062025316455696], [0.5153417721518986, 0.5543037974683545, 0.5710379746835442, 0.6112658227848101], [0.6571139240506327, 0.5340506329113924, 0.6963544303797466, 0.5821518987341772], [0.6963544303797466, 0.5315189873417722, 0.7381265822784808, 0.580886075949367], [0.7507848101265822, 0.479620253164557, 0.7824303797468355, 0.5074683544303797], [0.7773670886075947, 0.479620253164557, 0.8064810126582278, 0.5087341772151899], [0.848253164556962, 0.46569620253164556, 0.8748354430379747, 0.4922784810126582], [0.868506329113924, 0.4669620253164557, 0.8950886075949367, 0.4973417721518987], [0.8950886075949367, 0.5011392405063291, 0.9267341772151898, 0.5340506329113924], [0.9229367088607595, 0.5024050632911392, 0.9520506329113924, 0.5353164556962026], [0.9697721518987341, 0.4834177215189874, 1.0, 0.5175949367088607]], "class": 11}