{"image": "34ae709e-759d-11ee-8d86-fcb3bc5cd112.jpg", "bboxes": [[0.6935316455696204, 0.423873417721519, 0.7289746835443038, 0.46058227848101263], [0.6580886075949368, 0.423873417721519, 0.7011265822784812, 0.46817721518987343], [0.5720126582278483, 0.4555189873417721, 0.6074556962025317, 0.4858987341772153], [0.5492278481012659, 0.45298734177215183, 0.5796075949367089, 0.4871645569620253], [0.3960943396226414, 0.49673584905660384, 0.42062264150943396, 0.5259811320754718], [0.3734528301886792, 0.4939056603773586, 0.40364150943396226, 0.5250377358490566], [0.49137735849056596, 0.4835283018867925, 0.5187358490566036, 0.5118301886792453], [0.4734528301886792, 0.4769245283018868, 0.49515094339622645, 0.5108867924528302], [0.11967924528301888, 0.5448490566037736, 0.13666037735849057, 0.5627735849056604], [0.10647169811320747, 0.5476792452830188, 0.12345283018867917, 0.5637169811320755], [0.17345283018867919, 0.5561698113207547, 0.18949056603773579, 0.5731509433962265], [0.16213207547169806, 0.5533396226415095, 0.1772264150943396, 0.5722075471698114], [0.31590566037735845, 0.5391886792452831, 0.33288679245283015, 0.5523962264150943], [0.3008113207547169, 0.5335283018867925, 0.3196792452830189, 0.5552264150943397], [0.21401886792452832, 0.5457924528301887, 0.23288679245283014, 0.5637169811320755]], "class": 15}