{"image": "34ae709e-759d-11ee-8d86-fcb3bc5cd112.jpg", "bboxes": [[0.11737735849056607, 0.4547358490566038, 0.14190566037735852, 0.4839811320754718], [0.13435849056603777, 0.4519056603773586, 0.16454716981132078, 0.4830377358490566], [0.019264150943396285, 0.4415283018867925, 0.04662264150943407, 0.4698301886792453], [0.04284905660377358, 0.43492452830188677, 0.0645471698113208, 0.46888679245283027], [0.40133962264150946, 0.5028490566037737, 0.41832075471698116, 0.5207735849056604], [0.4145471698113208, 0.5056792452830189, 0.4315283018867925, 0.5217169811320755], [0.3485094339622642, 0.5141698113207548, 0.36454716981132085, 0.5311509433962265], [0.36077358490566036, 0.5113396226415095, 0.375867924528302, 0.5302075471698113], [0.20511320754716988, 0.4971886792452831, 0.22209433962264158, 0.5103962264150943], [0.2183207547169811, 0.49152830188679253, 0.23718867924528308, 0.5132264150943397], [0.30511320754716986, 0.5037924528301887, 0.32398113207547174, 0.5217169811320755]], "class": 11}