{"image": "34ae709e-759d-11ee-8d86-fcb3bc5cd112.jpg", "bboxes": [[0.5005316455696204, 0.35787341772151904, 0.5359746835443039, 0.39458227848101257], [0.46508860759493675, 0.35787341772151904, 0.5081265822784813, 0.4021772151898735], [0.3790126582278483, 0.38951898734177215, 0.41445569620253175, 0.41989873417721524], [0.35622784810126584, 0.38698734177215177, 0.3866075949367089, 0.42116455696202537], [0.20309433962264142, 0.4307358490566038, 0.22762264150943395, 0.45998113207547175], [0.18045283018867916, 0.42790566037735855, 0.21064150943396226, 0.4590377358490566], [0.29837735849056596, 0.4175283018867926, 0.3257358490566037, 0.4458301886792453], [0.28045283018867917, 0.41092452830188675, 0.30215094339622645, 0.44488679245283025], [0.12290566037735846, 0.4731886792452831, 0.13988679245283014, 0.4863962264150944], [0.10781132075471692, 0.4675283018867925, 0.12667924528301888, 0.48922641509433973], [0.021018867924528308, 0.4797924528301887, 0.03988679245283015, 0.4977169811320755]], "class": 11}