{"image": "34ae709e-759d-11ee-8d86-fcb3bc5cd112.jpg", "bboxes": [[0.9855316455696205, 0.6054177215189874, 1.0, 0.642126582278481], [0.9500886075949367, 0.5978227848101265, 0.9931265822784813, 0.642126582278481], [0.8640126582278483, 0.5801012658227848, 0.8994556962025317, 0.6104810126582279], [0.8412278481012658, 0.5788354430379746, 0.8716075949367089, 0.6130126582278482], [0.6880943396226414, 0.5400188679245282, 0.712622641509434, 0.5692641509433962], [0.6654528301886792, 0.5409622641509434, 0.6956415094339623, 0.5720943396226414], [0.7833773584905659, 0.5541698113207547, 0.8107358490566037, 0.5824716981132074], [0.7654528301886792, 0.5551132075471698, 0.7871509433962265, 0.5890754716981133], [0.41167924528301886, 0.5032264150943396, 0.42866037735849055, 0.5211509433962264], [0.3984716981132075, 0.5022830188679245, 0.4154528301886792, 0.5183207547169811], [0.46545283018867917, 0.49284905660377354, 0.48149056603773577, 0.5098301886792452], [0.45413207547169804, 0.49379245283018863, 0.4692264150943396, 0.5126603773584906], [0.6079056603773585, 0.5136037735849056, 0.6248867924528302, 0.5268113207547169], [0.5928113207547169, 0.5107735849056603, 0.6116792452830189, 0.5324716981132075], [0.5060188679245283, 0.5022830188679245, 0.5248867924528301, 0.5202075471698113]], "class": 15}