{"image": "34ae709e-759d-11ee-8d86-fcb3bc5cd112.jpg", "bboxes": [[0.0, 0.5858227848101266, 0.014911392405063228, 0.6301265822784811], [0.06554430379746823, 0.5681012658227848, 0.10098734177215174, 0.5984810126582278], [0.09339240506329116, 0.5668354430379746, 0.12377215189873414, 0.6010126582278482], [0.2523773584905661, 0.5280188679245282, 0.27690566037735853, 0.5572641509433962], [0.2693584905660378, 0.5289622641509434, 0.2995471698113208, 0.5600943396226414], [0.1542641509433963, 0.5421698113207547, 0.18162264150943408, 0.5704716981132075], [0.17784905660377348, 0.5431132075471697, 0.1995471698113208, 0.5770754716981132], [0.5363396226415094, 0.49122641509433956, 0.5533207547169812, 0.5091509433962264], [0.5495471698113208, 0.49028301886792447, 0.5665283018867926, 0.5063207547169811], [0.4835094339622642, 0.48084905660377353, 0.49954716981132086, 0.4978301886792452], [0.49577358490566037, 0.4817924528301886, 0.5108679245283019, 0.5006603773584906], [0.3401132075471699, 0.5016037735849056, 0.3570943396226416, 0.5148113207547169], [0.3533207547169811, 0.4987735849056603, 0.3721886792452831, 0.5204716981132075], [0.44011320754716987, 0.49028301886792447, 0.45898113207547164, 0.5082075471698113]], "class": 14}