{"image": "34ae709e-759d-11ee-8d86-fcb3bc5cd112.jpg", "bboxes": [[0.0, 0.5504177215189874, 0.023468354430379534, 0.587126582278481], [0.015873417721518734, 0.5428227848101266, 0.05891139240506327, 0.587126582278481], [0.10954430379746827, 0.5251012658227847, 0.14498734177215167, 0.5554810126582279], [0.1373924050632911, 0.5238354430379747, 0.16777215189873418, 0.5580126582278482], [0.296377358490566, 0.4850188679245282, 0.32090566037735857, 0.5142641509433962], [0.3133584905660377, 0.4859622641509434, 0.34354716981132083, 0.5170943396226414], [0.19826415094339633, 0.49916981132075466, 0.225622641509434, 0.5274716981132075], [0.22184905660377352, 0.5001132075471697, 0.24354716981132085, 0.5340754716981132], [0.5803396226415094, 0.4482264150943396, 0.5973207547169812, 0.46615094339622637], [0.5935471698113208, 0.44728301886792443, 0.6105283018867925, 0.46332075471698114], [0.5275094339622641, 0.43784905660377355, 0.5435471698113208, 0.45483018867924524], [0.5397735849056604, 0.4387924528301886, 0.5548679245283019, 0.4576603773584906], [0.3841132075471698, 0.4586037735849056, 0.4010943396226415, 0.47181132075471693], [0.39732075471698114, 0.4557735849056603, 0.41618867924528313, 0.4774716981132075], [0.4841132075471698, 0.44728301886792443, 0.5029811320754717, 0.4652075471698113]], "class": 15}