{"image": "34ae709e-759d-11ee-8d86-fcb3bc5cd112.jpg", "bboxes": [[0.11437735849056607, 0.5340188679245282, 0.13890566037735852, 0.5632641509433962], [0.13135849056603777, 0.5349622641509434, 0.16154716981132078, 0.5660943396226414], [0.016264150943396283, 0.5481698113207547, 0.04362264150943407, 0.5764716981132075], [0.03984905660377358, 0.5491132075471697, 0.0615471698113208, 0.5830754716981132], [0.39833962264150946, 0.49722641509433957, 0.41532075471698116, 0.5151509433962264], [0.4115471698113208, 0.4962830188679245, 0.4285283018867925, 0.5123207547169811], [0.3455094339622642, 0.48684905660377353, 0.36154716981132085, 0.5038301886792452], [0.35777358490566047, 0.4877924528301886, 0.372867924528302, 0.5066603773584906], [0.20211320754716988, 0.5076037735849056, 0.21909433962264158, 0.5208113207547169], [0.2153207547169811, 0.5047735849056603, 0.23418867924528308, 0.5264716981132075], [0.30211320754716986, 0.4962830188679245, 0.32098113207547174, 0.5142075471698113]], "class": 11}