{"image": "34ae709e-759d-11ee-8d86-fcb3bc5cd112.jpg", "bboxes": [[0.8135316455696204, 0.5714177215189874, 0.8489746835443038, 0.608126582278481], [0.7780886075949368, 0.5638227848101266, 0.8211265822784812, 0.608126582278481], [0.6920126582278483, 0.5461012658227847, 0.7274556962025317, 0.5764810126582279], [0.6692278481012659, 0.5448354430379746, 0.6996075949367089, 0.5790126582278482], [0.5160943396226414, 0.5060188679245282, 0.540622641509434, 0.5352641509433962], [0.4934528301886792, 0.5069622641509434, 0.5236415094339623, 0.5380943396226414], [0.611377358490566, 0.5201698113207547, 0.6387358490566036, 0.5484716981132075], [0.5934528301886792, 0.5211132075471697, 0.6151509433962264, 0.5550754716981132], [0.23967924528301887, 0.4692264150943396, 0.25666037735849057, 0.48715094339622633], [0.22647169811320747, 0.46828301886792445, 0.24345283018867916, 0.4843207547169811], [0.2934528301886792, 0.4588490566037735, 0.3094905660377358, 0.4758301886792452], [0.28213207547169805, 0.4597924528301886, 0.2972264150943396, 0.47866037735849054], [0.43590566037735845, 0.47960377358490563, 0.45288679245283014, 0.4928113207547169], [0.42081132075471694, 0.4767735849056603, 0.4396792452830189, 0.49847169811320746], [0.3340188679245283, 0.46828301886792445, 0.35288679245283017, 0.4862075471698113]], "class": 15}