{"image": "34ae709e-759d-11ee-8d86-fcb3bc5cd112.jpg", "bboxes": [[0.3070253164556962, 0.429873417721519, 0.3424683544303796, 0.46658227848101264], [0.3348734177215188, 0.429873417721519, 0.3779113924050632, 0.47417721518987344], [0.42854430379746833, 0.4615189873417721, 0.46398734177215173, 0.4918987341772153], [0.45639240506329115, 0.45898734177215184, 0.48677215189873413, 0.4931645569620253], [0.6153773584905661, 0.5027358490566038, 0.6399056603773585, 0.5319811320754718], [0.6323584905660378, 0.4999056603773586, 0.6625471698113208, 0.5310377358490566], [0.5172641509433964, 0.4895283018867925, 0.5446226415094341, 0.5178301886792454], [0.5408490566037736, 0.4829245283018868, 0.5625471698113208, 0.5168867924528302], [0.8993396226415095, 0.5508490566037736, 0.9163207547169812, 0.5687735849056604], [0.9125471698113208, 0.5536792452830188, 0.9295283018867925, 0.5697169811320755], [0.8465094339622642, 0.5621698113207547, 0.8625471698113208, 0.5791509433962265], [0.8587735849056604, 0.5593396226415095, 0.873867924528302, 0.5782075471698114], [0.7031132075471698, 0.5451886792452831, 0.7200943396226416, 0.5583962264150943], [0.7163207547169812, 0.5395283018867925, 0.7351886792452831, 0.5612264150943397], [0.8031132075471699, 0.5517924528301887, 0.8219811320754717, 0.5697169811320755]], "class": 15}