{"image": "34ae709e-759d-11ee-8d86-fcb3bc5cd112.jpg", "bboxes": [[0.4320253164556962, 0.40387341772151897, 0.4674683544303796, 0.4405822784810126], [0.4598734177215188, 0.40387341772151897, 0.5029113924050632, 0.4481772151898734], [0.5535443037974683, 0.4355189873417721, 0.5889873417721516, 0.4658987341772153], [0.581392405063291, 0.4329873417721518, 0.6117721518987341, 0.4671645569620254], [0.7403773584905661, 0.4767358490566038, 0.7649056603773585, 0.5059811320754718], [0.7573584905660378, 0.4739056603773586, 0.7875471698113208, 0.5050377358490565], [0.6422641509433964, 0.4635283018867925, 0.6696226415094341, 0.49183018867924533], [0.6658490566037736, 0.4569245283018868, 0.6875471698113208, 0.4908867924528303], [0.9715094339622642, 0.5361698113207547, 0.9875471698113208, 0.5531509433962265], [0.9837735849056604, 0.5333396226415095, 0.998867924528302, 0.5522075471698114], [0.8281132075471699, 0.5191886792452831, 0.8450943396226416, 0.5323962264150943], [0.8413207547169811, 0.5135283018867924, 0.8601886792452831, 0.5352264150943398], [0.9281132075471699, 0.5257924528301887, 0.9469811320754717, 0.5437169811320756]], "class": 13}