{"image": "35883305-7598-11ee-9491-fcb3bc5cd112.jpg", "bboxes": [[0.9978227848101267, 0.28286075949367095, 1.0, 0.39172151898734187], [0.8940253164556964, 0.2879240506329114, 1.0, 0.3980506329113924]], "class": 2}