{"image": "35883305-7598-11ee-9491-fcb3bc5cd112.jpg", "bboxes": [[0.9090253164556964, 0.28092405063291137, 1.0, 0.3910506329113924]], "class": 1}