{"image": "35883305-7598-11ee-9491-fcb3bc5cd112.jpg", "bboxes": [[0.2955822784810125, 0.27386075949367095, 0.4031772151898734, 0.38272151898734186], [0.4006455696202531, 0.27892405063291137, 0.5069746835443036, 0.3890506329113924], [0.19811392405063266, 0.40930379746835444, 0.27026582278481015, 0.485253164556962], [0.09178481012658224, 0.4979113924050633, 0.15507594936708846, 0.5574050632911393], [0.14621518987341753, 0.49158227848101266, 0.2145696202531644, 0.5523417721518987]], "class": 5}