{"image": "35883305-7598-11ee-9491-fcb3bc5cd112.jpg", "bboxes": [[0.3558227848101267, 0.6142784810126581, 0.46341772151898747, 0.723139240506329], [0.25202531645569637, 0.6079493670886076, 0.35835443037974685, 0.7180759493670886], [0.4887341772151899, 0.511746835443038, 0.5608860759493673, 0.5876962025316456], [0.6039240506329115, 0.43959493670886074, 0.6672151898734178, 0.4990886075949367], [0.5444303797468356, 0.4446582278481013, 0.6127848101265825, 0.5054177215189873]], "class": 5}