{"image": "35883305-7598-11ee-9491-fcb3bc5cd112.jpg", "bboxes": [[0.6548227848101267, 0.28086075949367095, 0.7624177215189875, 0.38972151898734186], [0.5510253164556964, 0.2859240506329114, 0.6573544303797468, 0.3960506329113924], [0.7877341772151899, 0.41630379746835444, 0.8598860759493673, 0.492253164556962], [0.9029240506329115, 0.5049113924050633, 0.9662151898734178, 0.5644050632911393], [0.8434303797468355, 0.49858227848101266, 0.9117848101265824, 0.5593417721518987]], "class": 5}