{"image": "35883305-7598-11ee-9491-fcb3bc5cd112.jpg", "bboxes": [[0.0, 0.5952784810126581, 0.04917721518987328, 0.704139240506329], [0.046645569620253124, 0.5889493670886076, 0.15297468354430366, 0.6990759493670886]], "class": 2}