{"image": "35883305-7598-11ee-9491-fcb3bc5cd112.jpg", "bboxes": [[0.0, 0.5842784810126582, 0.010177215189873356, 0.6931392405063291], [0.00764556962025309, 0.5779493670886076, 0.11397468354430362, 0.6880759493670886]], "class": 2}