{"image": "35883305-7598-11ee-9491-fcb3bc5cd112.jpg", "bboxes": [[0.9570253164556963, 0.2859240506329114, 1.0, 0.3960506329113924]], "class": 1}