{"image": "35883305-7598-11ee-9491-fcb3bc5cd112.jpg", "bboxes": [[0.9828227848101266, 0.5422784810126582, 1.0, 0.6511392405063291], [0.8790253164556964, 0.5359493670886075, 0.9853544303797469, 0.6460759493670886]], "class": 2}