{"image": "36a7b366-759d-11ee-90a5-fcb3bc5cd112.jpg", "bboxes": [[0.6730632911392406, 0.6965822784810126, 0.7401518987341774, 0.7763291139240507], [0.5920506329113926, 0.6953164556962025, 0.6844556962025318, 0.7826582278481012], [0.5059746835443039, 0.5750632911392405, 0.5490126582278483, 0.6269620253164556], [0.4642025316455697, 0.5775949367088608, 0.5161012658227848, 0.6332911392405063], [0.3325569620253166, 0.6345569620253164, 0.38951898734177237, 0.7029113924050632], [0.28445569620253175, 0.6358227848101266, 0.3376202531645572, 0.6953164556962025], [0.36949425287356324, 0.5240229885057471, 0.4097241379310344, 0.57], [0.22236781609195397, 0.5435632183908046, 0.258, 0.5837931034482758], [0.1580000000000001, 0.48034482758620684, 0.18673563218390815, 0.5102298850574712]], "class": 9}