{"image": "36a7b366-759d-11ee-90a5-fcb3bc5cd112.jpg", "bboxes": [[0.9440506329113926, 0.18034177215189884, 1.0, 0.2676835443037975], [0.8579746835443038, 0.33603797468354435, 0.9010126582278483, 0.3879367088607595], [0.8162025316455697, 0.3297088607594938, 0.8681012658227849, 0.3854050632911393], [0.6845569620253166, 0.2600886075949368, 0.7415189873417724, 0.32844303797468355], [0.6364556962025317, 0.2676835443037975, 0.6896202531645572, 0.3271772151898734], [0.7214942528735633, 0.393, 0.7617241379310344, 0.43897701149425294], [0.574367816091954, 0.37920689655172424, 0.61, 0.4194367816091955], [0.5100000000000001, 0.4527701149425287, 0.5387356321839082, 0.4826551724137932]], "class": 8}