{"image": "36a7b366-759d-11ee-90a5-fcb3bc5cd112.jpg", "bboxes": [[0.8820632911392406, 0.22567088607594932, 0.9491518987341774, 0.3054177215189874], [0.8010506329113926, 0.21934177215189876, 0.8934556962025317, 0.3066835443037975], [0.7149746835443038, 0.3750379746835444, 0.7580126582278484, 0.4269367088607595], [0.6732025316455698, 0.3687088607594937, 0.7251012658227849, 0.42440506329113925], [0.5415569620253166, 0.29908860759493683, 0.5985189873417723, 0.3674430379746836], [0.4934556962025317, 0.3066835443037975, 0.5466202531645572, 0.36617721518987345], [0.5784942528735633, 0.43200000000000005, 0.6187241379310344, 0.47797701149425287], [0.43136781609195396, 0.41820689655172416, 0.467, 0.45843678160919543], [0.3670000000000001, 0.49177011494252876, 0.3957356321839081, 0.5216551724137931]], "class": 9}