{"image": "36a7b366-759d-11ee-90a5-fcb3bc5cd112.jpg", "bboxes": [[0.0654810126582277, 0.6665569620253164, 0.12244303797468337, 0.7349113924050632], [0.11737974683544283, 0.6678227848101266, 0.17054430379746832, 0.7273164556962025], [0.04527586206896561, 0.556022988505747, 0.08550574712643677, 0.602], [0.19699999999999995, 0.5755632183908045, 0.23263218390804608, 0.6157931034482759], [0.26826436781609186, 0.5123448275862068, 0.29699999999999993, 0.5422298850574713]], "class": 5}