{"image": "36a7b366-759d-11ee-90a5-fcb3bc5cd112.jpg", "bboxes": [[0.9619746835443038, 0.3650379746835444, 1.0, 0.4169367088607595], [0.9202025316455698, 0.3587088607594937, 0.9721012658227849, 0.41440506329113935], [0.7885569620253166, 0.2890886075949368, 0.8455189873417723, 0.3574430379746836], [0.7404556962025317, 0.2966835443037975, 0.7936202531645572, 0.35617721518987344], [0.8254942528735633, 0.42200000000000004, 0.8657241379310344, 0.46797701149425286], [0.678367816091954, 0.40820689655172415, 0.714, 0.4484367816091954], [0.6140000000000001, 0.48177011494252875, 0.6427356321839082, 0.5116551724137932]], "class": 7}