{"image": "36a7b366-759d-11ee-90a5-fcb3bc5cd112.jpg", "bboxes": [[0.6360632911392406, 0.2146708860759493, 0.7031518987341774, 0.2944177215189874], [0.5550506329113926, 0.20834177215189875, 0.6474556962025317, 0.2956835443037975], [0.4689746835443038, 0.3640379746835444, 0.5120126582278484, 0.4159367088607595], [0.4272025316455697, 0.3577088607594937, 0.47910126582278484, 0.41340506329113935], [0.29555696202531656, 0.2880886075949368, 0.35251898734177234, 0.3564430379746836], [0.24745569620253172, 0.2956835443037975, 0.3006202531645572, 0.35517721518987344], [0.33249425287356327, 0.42100000000000004, 0.3727241379310344, 0.46697701149425286], [0.18536781609195396, 0.40720689655172415, 0.221, 0.4474367816091954], [0.12100000000000011, 0.48077011494252875, 0.14973563218390815, 0.5106551724137931]], "class": 9}