{"image": "36a7b366-759d-11ee-90a5-fcb3bc5cd112.jpg", "bboxes": [[0.7660632911392407, 0.6955822784810126, 0.8331518987341774, 0.7753291139240507], [0.6850506329113926, 0.6943164556962025, 0.7774556962025317, 0.7816582278481012], [0.5989746835443038, 0.5740632911392405, 0.6420126582278483, 0.6259620253164556], [0.5572025316455697, 0.5765949367088608, 0.6091012658227849, 0.6322911392405063], [0.42555696202531657, 0.6335569620253164, 0.48251898734177234, 0.7019113924050632], [0.3774556962025317, 0.6348227848101266, 0.4306202531645572, 0.6943164556962025], [0.46249425287356327, 0.5230229885057471, 0.5027241379310344, 0.569], [0.31536781609195397, 0.5425632183908046, 0.351, 0.5827931034482758], [0.2510000000000001, 0.47934482758620683, 0.2797356321839081, 0.5092298850574712]], "class": 9}