{"image": "379c67b2-7598-11ee-b0e0-fcb3bc5cd112.jpg", "bboxes": [[0.4082784810126584, 0.6096202531645569, 0.45258227848101273, 0.6526582278481012], [0.36397468354430385, 0.6045569620253165, 0.41334177215189877, 0.6564556962025315], [0.29055696202531656, 0.5843037974683545, 0.3234683544303798, 0.6184810126582279], [0.26397468354430387, 0.5805063291139241, 0.2981518987341774, 0.6146835443037975], [0.22726582278481022, 0.5602531645569621, 0.25891139240506345, 0.5881012658227848], [0.20321518987341777, 0.5577215189873418, 0.2323291139240506, 0.5893670886075948], [0.1386582278481013, 0.6045569620253165, 0.16903797468354434, 0.6437974683544304], [0.09562025316455697, 0.6058227848101265, 0.136126582278481, 0.6450632911392405], [0.14118987341772152, 0.5349367088607595, 0.16524050632911405, 0.5577215189873418], [0.12220253164556971, 0.5362025316455696, 0.14625316455696202, 0.5615189873417721]], "class": 10}