{"image": "379c67b2-7598-11ee-b0e0-fcb3bc5cd112.jpg", "bboxes": [[0.9562784810126584, 0.35134177215189877, 1.0, 0.3943797468354431], [0.9119746835443039, 0.3475443037974685, 0.9613417721518988, 0.3994430379746835], [0.8385569620253166, 0.38551898734177215, 0.8714683544303798, 0.4196962025316455], [0.8119746835443038, 0.38931645569620255, 0.8461518987341774, 0.4234936708860759], [0.7752658227848103, 0.41589873417721523, 0.8069113924050635, 0.44374683544303795], [0.7512151898734177, 0.4146329113924052, 0.7803291139240506, 0.4462784810126582], [0.6866582278481013, 0.3602025316455696, 0.7170379746835444, 0.3994430379746835], [0.643620253164557, 0.35893670886075946, 0.684126582278481, 0.3981772151898735], [0.6891898734177215, 0.4462784810126582, 0.7132405063291141, 0.4690632911392405], [0.6702025316455698, 0.4424810126582279, 0.6942531645569621, 0.46779746835443037]], "class": 10}