{"image": "379c67b2-7598-11ee-b0e0-fcb3bc5cd112.jpg", "bboxes": [[0.5794177215189873, 0.4133417721518988, 0.6237215189873415, 0.456379746835443], [0.6186582278481012, 0.40954430379746853, 0.6680253164556962, 0.46144303797468356], [0.7085316455696202, 0.4475189873417721, 0.7414430379746835, 0.4816962025316456], [0.7338481012658227, 0.4513164556962025, 0.7680253164556962, 0.485493670886076], [0.7730886075949366, 0.4778987341772153, 0.8047341772151898, 0.505746835443038], [0.7996708860759494, 0.47663291139240516, 0.8287848101265822, 0.5082784810126582], [0.8629620253164556, 0.42220253164556965, 0.8933417721518987, 0.46144303797468356], [0.895873417721519, 0.4209367088607595, 0.936379746835443, 0.4601772151898734], [0.866759493670886, 0.5082784810126582, 0.8908101265822785, 0.5310632911392406], [0.885746835443038, 0.5044810126582279, 0.9097974683544303, 0.5297974683544304]], "class": 10}