{"image": "379c67b2-7598-11ee-b0e0-fcb3bc5cd112.jpg", "bboxes": [[0.7212784810126585, 0.3663417721518988, 0.7655822784810128, 0.409379746835443], [0.6769746835443038, 0.3625443037974685, 0.7263417721518988, 0.4144430379746835], [0.6035569620253166, 0.40051898734177216, 0.6364683544303799, 0.43469620253164554], [0.5769746835443038, 0.40431645569620256, 0.6111518987341774, 0.43849367088607594], [0.5402658227848102, 0.43089873417721525, 0.5719113924050635, 0.45874683544303796], [0.5162151898734177, 0.4296329113924051, 0.5453291139240506, 0.4612784810126582], [0.45165822784810133, 0.3752025316455696, 0.48203797468354437, 0.4144430379746835], [0.40862025316455697, 0.37393670886075947, 0.449126582278481, 0.4131772151898734], [0.4541898734177215, 0.4612784810126582, 0.4782405063291141, 0.4840632911392405], [0.4352025316455697, 0.45748101265822794, 0.459253164556962, 0.4827974683544304]], "class": 10}