{"image": "379c67b2-7598-11ee-b0e0-fcb3bc5cd112.jpg", "bboxes": [[0.9989746835443039, 0.4543164556962025, 1.0, 0.488493670886076], [0.9622658227848102, 0.4808987341772153, 0.9939113924050634, 0.508746835443038], [0.9382151898734178, 0.47963291139240516, 0.9673291139240506, 0.5112784810126582], [0.8736582278481013, 0.42520253164556965, 0.9040379746835443, 0.46444303797468356], [0.830620253164557, 0.4239367088607595, 0.871126582278481, 0.4631772151898734], [0.8761898734177215, 0.5112784810126582, 0.900240506329114, 0.5340632911392404], [0.8572025316455697, 0.5074810126582279, 0.881253164556962, 0.5327974683544304]], "class": 7}