{"image": "379c67b2-7598-11ee-b0e0-fcb3bc5cd112.jpg", "bboxes": [[0.7042784810126584, 0.3563417721518988, 0.7485822784810128, 0.3993797468354431], [0.6599746835443039, 0.3525443037974685, 0.7093417721518988, 0.4044430379746835], [0.5865569620253166, 0.39051898734177215, 0.6194683544303798, 0.42469620253164553], [0.5599746835443038, 0.39431645569620255, 0.5941518987341774, 0.42849367088607593], [0.5232658227848103, 0.42089873417721524, 0.5549113924050635, 0.44874683544303795], [0.4992151898734178, 0.4196329113924052, 0.5283291139240506, 0.4512784810126582], [0.4346582278481013, 0.3652025316455696, 0.46503797468354435, 0.4044430379746835], [0.39162025316455695, 0.36393670886075946, 0.432126582278481, 0.4031772151898735], [0.43718987341772153, 0.4512784810126582, 0.46124050632911406, 0.4740632911392405], [0.4182025316455697, 0.44748101265822793, 0.442253164556962, 0.4727974683544304]], "class": 10}