{"image": "379c67b2-7598-11ee-b0e0-fcb3bc5cd112.jpg", "bboxes": [[0.9585569620253166, 0.4435189873417721, 0.9914683544303798, 0.4776962025316456], [0.9319746835443038, 0.4473164556962025, 0.9661518987341774, 0.481493670886076], [0.8952658227848103, 0.4738987341772153, 0.9269113924050635, 0.501746835443038], [0.8712151898734178, 0.47263291139240515, 0.9003291139240506, 0.5042784810126582], [0.8066582278481014, 0.41820253164556964, 0.8370379746835444, 0.45744303797468355], [0.763620253164557, 0.4169367088607595, 0.804126582278481, 0.4561772151898734], [0.8091898734177215, 0.5042784810126582, 0.8332405063291141, 0.5270632911392406], [0.7902025316455698, 0.5004810126582279, 0.8142531645569621, 0.5257974683544304]], "class": 8}