{"image": "379c67b2-7598-11ee-b0e0-fcb3bc5cd112.jpg", "bboxes": [[0.7742784810126584, 0.547620253164557, 0.8185822784810127, 0.5906582278481012], [0.7299746835443038, 0.5425569620253164, 0.7793417721518988, 0.5944556962025315], [0.6565569620253165, 0.5223037974683544, 0.6894683544303798, 0.5564810126582279], [0.6299746835443039, 0.518506329113924, 0.6641518987341773, 0.5526835443037975], [0.5932658227848102, 0.498253164556962, 0.6249113924050634, 0.5261012658227847], [0.5692151898734178, 0.49572151898734185, 0.5983291139240506, 0.5273670886075948], [0.5046582278481013, 0.5425569620253164, 0.5350379746835443, 0.5817974683544304], [0.46162025316455696, 0.5438227848101266, 0.5021265822784811, 0.5830632911392405], [0.5071898734177215, 0.4729367088607595, 0.531240506329114, 0.49572151898734185], [0.4882025316455697, 0.4742025316455696, 0.512253164556962, 0.49951898734177214]], "class": 10}