{"image": "38adcaab-759d-11ee-b463-fcb3bc5cd112.jpg", "bboxes": [[0.6161645569620253, 0.550506329113924, 0.6705949367088608, 0.6137974683544303], [0.5579367088607595, 0.5669620253164558, 0.6174303797468355, 0.6112658227848102], [0.5376835443037975, 0.6137974683544303, 0.581987341772152, 0.6656962025316455], [0.5009746835443039, 0.5986075949367089, 0.5364177215189874, 0.6517721518987343], [0.442746835443038, 0.6049367088607596, 0.5047721518987343, 0.6568354430379747], [0.6416792452830189, 0.6774528301886793, 0.673754716981132, 0.7161320754716982], [0.6086603773584905, 0.6793396226415095, 0.6454528301886792, 0.7217924528301887]], "class": 7}