{"image": "38adcaab-759d-11ee-b463-fcb3bc5cd112.jpg", "bboxes": [[0.45816455696202535, 0.5335063291139241, 0.5125949367088608, 0.5967974683544304], [0.3999367088607595, 0.5499620253164557, 0.4594303797468355, 0.5942658227848101], [0.37968354430379747, 0.5967974683544304, 0.4239873417721519, 0.6486962025316456], [0.3429746835443038, 0.5816075949367089, 0.3784177215189874, 0.6347721518987341], [0.28474683544303797, 0.5879367088607594, 0.3467721518987342, 0.6398354430379747], [0.48367924528301887, 0.6604528301886793, 0.515754716981132, 0.6991320754716981], [0.45066037735849057, 0.6623396226415095, 0.4874528301886792, 0.7047924528301888]], "class": 7}