{"image": "38adcaab-759d-11ee-b463-fcb3bc5cd112.jpg", "bboxes": [[0.27416455696202535, 0.41120253164556964, 0.3285949367088608, 0.4744936708860759], [0.2159367088607595, 0.41373417721518985, 0.27543037974683543, 0.4580379746835443], [0.19568354430379747, 0.35930379746835445, 0.23998734177215192, 0.41120253164556964], [0.15897468354430383, 0.3732278481012658, 0.19441772151898737, 0.4263924050632911], [0.10074683544303797, 0.3681645569620253, 0.16277215189873426, 0.4200632911392405], [0.29967924528301887, 0.30886792452830186, 0.331754716981132, 0.3475471698113207], [0.2666603773584906, 0.3032075471698113, 0.3034528301886792, 0.34566037735849053]], "class": 7}