{"image": "38adcaab-759d-11ee-b463-fcb3bc5cd112.jpg", "bboxes": [[0.10516455696202535, 0.42720253164556965, 0.15959493670886082, 0.4904936708860759], [0.04693670886075949, 0.42973417721518986, 0.10643037974683546, 0.4740379746835443], [0.026683544303797477, 0.37530379746835446, 0.07098734177215192, 0.42720253164556965], [0.0, 0.3892278481012658, 0.025417721518987378, 0.4423924050632911], [0.13067924528301889, 0.3248679245283018, 0.162754716981132, 0.36354716981132074], [0.09766037735849056, 0.31920754716981126, 0.13445283018867918, 0.3616603773584905]], "class": 6}