{"image": "38adcaab-759d-11ee-b463-fcb3bc5cd112.jpg", "bboxes": [[0.6164050632911392, 0.5765063291139241, 0.6708354430379746, 0.6397974683544303], [0.6695696202531645, 0.5929620253164557, 0.7290632911392405, 0.6372658227848101], [0.7050126582278481, 0.6397974683544303, 0.7493164556962025, 0.6916962025316455], [0.7505822784810126, 0.6246075949367089, 0.7860253164556962, 0.6777721518987342], [0.7822278481012658, 0.6309367088607595, 0.844253164556962, 0.6828354430379747], [0.6132452830188679, 0.7034528301886793, 0.6453207547169811, 0.7421320754716982], [0.6415471698113209, 0.7053396226415095, 0.6783396226415095, 0.7477924528301887]], "class": 7}