{"image": "39ac5da2-7598-11ee-963b-fcb3bc5cd112.jpg", "bboxes": [[0.43303797468354444, 0.46788607594936704, 0.4684810126582279, 0.5033291139240506], [0.40012658227848114, 0.4691518987341772, 0.4368354430379748, 0.5071265822784811], [0.5414583333333335, 0.4204375, 0.5685416666666667, 0.45168749999999996], [0.5133333333333335, 0.4141875, 0.5445833333333335, 0.4454375], [0.6154166666666667, 0.3996041666666667, 0.6341666666666668, 0.4183541666666667], [0.5966666666666668, 0.3975208333333333, 0.6195833333333335, 0.4173125]], "class": 6}