{"image": "39ac5da2-7598-11ee-963b-fcb3bc5cd112.jpg", "bboxes": [[0.46503797468354446, 0.48967088607594944, 0.5004810126582279, 0.525113924050633], [0.4321265822784811, 0.48587341772151904, 0.46883544303797475, 0.5238481012658228], [0.5734583333333335, 0.5413125000000001, 0.6005416666666668, 0.5725625], [0.5453333333333334, 0.5475625, 0.5765833333333334, 0.5788125], [0.6474166666666668, 0.5746458333333333, 0.6661666666666668, 0.5933958333333333], [0.6286666666666667, 0.5756875, 0.6515833333333335, 0.5954791666666667]], "class": 6}