{"image": "39ac5da2-7598-11ee-963b-fcb3bc5cd112.jpg", "bboxes": [[0.6015189873417721, 0.4598860759493671, 0.6369620253164555, 0.4953291139240506], [0.6331645569620252, 0.46115189873417717, 0.6698734177215189, 0.499126582278481], [0.5014583333333333, 0.4124375, 0.5285416666666665, 0.44368749999999996], [0.5254166666666665, 0.4061875, 0.5566666666666665, 0.4374375], [0.4358333333333333, 0.3916041666666667, 0.45458333333333323, 0.4103541666666667], [0.45041666666666647, 0.3895208333333333, 0.4733333333333333, 0.4093125]], "class": 6}