{"image": "39ac5da2-7598-11ee-963b-fcb3bc5cd112.jpg", "bboxes": [[0.5810379746835445, 0.5236708860759494, 0.6164810126582279, 0.5591139240506329], [0.5481265822784811, 0.519873417721519, 0.5848354430379747, 0.5578481012658228], [0.6894583333333335, 0.5753125000000001, 0.7165416666666667, 0.6065625], [0.6613333333333334, 0.5815625, 0.6925833333333334, 0.6128125], [0.7634166666666667, 0.6086458333333333, 0.7821666666666668, 0.6273958333333334], [0.7446666666666667, 0.6096874999999999, 0.7675833333333335, 0.6294791666666667]], "class": 6}