{"image": "39ac5da2-7598-11ee-963b-fcb3bc5cd112.jpg", "bboxes": [[0.4515189873417721, 0.4666708860759494, 0.4869620253164555, 0.5021139240506329], [0.4831645569620252, 0.462873417721519, 0.5198734177215188, 0.5008481012658228], [0.3514583333333332, 0.5183125000000001, 0.37854166666666655, 0.5495625], [0.3754166666666665, 0.5245625, 0.4066666666666665, 0.5558125], [0.2858333333333333, 0.5516458333333334, 0.3045833333333332, 0.5703958333333333], [0.30041666666666655, 0.5526875, 0.32333333333333325, 0.5724791666666667]], "class": 6}