{"image": "39ac5da2-7598-11ee-963b-fcb3bc5cd112.jpg", "bboxes": [[0.38151898734177214, 0.4628860759493671, 0.41696202531645554, 0.4983291139240506], [0.41316455696202525, 0.46415189873417717, 0.4498734177215189, 0.5021265822784811], [0.28145833333333325, 0.4154375, 0.3085416666666665, 0.44668749999999996], [0.30541666666666656, 0.4091875, 0.33666666666666656, 0.4404375], [0.2158333333333332, 0.3946041666666667, 0.23458333333333325, 0.4133541666666667], [0.2304166666666665, 0.3925208333333333, 0.2533333333333333, 0.4123125]], "class": 6}