{"image": "3ac54fff-6b42-11ee-8800-fcb3bc5cd112.jpg", "bboxes": [[0.0837560975609758, 0.5803414634146342, 0.1569268292682927, 0.6693658536585366], [0.1496097560975611, 0.5949756097560975, 0.25082926829268304, 0.684], [0.3203414634146343, 0.4010731707317073, 0.3642439024390244, 0.4559512195121952], [0.3618048780487807, 0.40717073170731705, 0.4093658536585367, 0.46082926829268295], [0.10814634146341473, 0.4193658536585365, 0.1569268292682927, 0.4498536585365853]], "class": 5}