{"image": "3ac54fff-6b42-11ee-8800-fcb3bc5cd112.jpg", "bboxes": [[0.9797560975609756, 0.5060487804878049, 1.0, 0.5609268292682927], [0.9346341463414632, 0.5011707317073171, 0.9821951219512194, 0.554829268292683]], "class": 2}