{"image": "3ac54fff-6b42-11ee-8800-fcb3bc5cd112.jpg", "bboxes": [[0.5570731707317073, 0.29663414634146346, 0.6302439024390242, 0.38565853658536586], [0.46317073170731693, 0.28200000000000003, 0.5643902439024389, 0.37102439024390244], [0.3497560975609756, 0.5100487804878049, 0.3936585365853657, 0.5649268292682927], [0.3046341463414633, 0.5051707317073171, 0.3521951219512193, 0.558829268292683], [0.5570731707317073, 0.5161463414634146, 0.6058536585365852, 0.5466341463414635]], "class": 5}