{"image": "3ac54fff-6b42-11ee-8800-fcb3bc5cd112.jpg", "bboxes": [[0.5570731707317073, 0.5853414634146342, 0.6302439024390242, 0.6743658536585366], [0.46317073170731693, 0.5999756097560975, 0.5643902439024389, 0.689], [0.3497560975609756, 0.4060731707317073, 0.3936585365853657, 0.46095121951219514], [0.3046341463414633, 0.41217073170731705, 0.3521951219512193, 0.46582926829268295], [0.5570731707317073, 0.4243658536585365, 0.6058536585365852, 0.4548536585365853]], "class": 5}