{"image": "3b98fbc4-7598-11ee-8e28-fcb3bc5cd112.jpg", "bboxes": [[0.3433164556962026, 0.5525443037974684, 0.37622784810126586, 0.5943164556962025], [0.306607594936709, 0.5538101265822785, 0.34078481012658246, 0.5930506329113924], [0.5243291139240507, 0.5246962025316455, 0.5623037974683546, 0.558873417721519], [0.4939493670886077, 0.5234303797468355, 0.5243291139240507, 0.5538101265822785], [0.3901518987341774, 0.5019113924050632, 0.42559493670886084, 0.5335569620253164], [0.35850632911392427, 0.49811392405063293, 0.3901518987341774, 0.5310253164556962]], "class": 6}