{"image": "3b98fbc4-7598-11ee-8e28-fcb3bc5cd112.jpg", "bboxes": [[0.25077215189873414, 0.5595443037974683, 0.2836835443037974, 0.6013164556962025], [0.28621518987341754, 0.5608101265822785, 0.32039240506329103, 0.6000506329113924], [0.06469620253164543, 0.5316962025316455, 0.10267088607594932, 0.565873417721519], [0.10267088607594932, 0.5304303797468355, 0.1330506329113923, 0.5608101265822785], [0.20140506329113916, 0.5089113924050632, 0.23684810126582256, 0.5405569620253164], [0.23684810126582256, 0.5051139240506329, 0.2684936708860758, 0.5380253164556962]], "class": 6}