{"image": "3b98fbc4-7598-11ee-8e28-fcb3bc5cd112.jpg", "bboxes": [[0.7743164556962027, 0.35368354430379745, 0.8072278481012659, 0.3954556962025316], [0.737607594936709, 0.3549493670886076, 0.7717848101265824, 0.3941898734177215], [0.9553291139240507, 0.38912658227848096, 0.9933037974683545, 0.42330379746835445], [0.9249493670886076, 0.3941898734177215, 0.9553291139240507, 0.4245696202531646], [0.8211518987341774, 0.4144430379746835, 0.8565949367088608, 0.44608860759493674], [0.7895063291139243, 0.4169746835443039, 0.8211518987341774, 0.449886075949367]], "class": 6}