{"image": "3b98fbc4-7598-11ee-8e28-fcb3bc5cd112.jpg", "bboxes": [[0.4167721518987342, 0.5745443037974683, 0.4496835443037973, 0.6163164556962025], [0.4522151898734176, 0.5758101265822785, 0.48639240506329096, 0.6150506329113924], [0.23069620253164547, 0.5466962025316455, 0.26867088607594924, 0.580873417721519], [0.26867088607594924, 0.5454303797468355, 0.29905063291139233, 0.5758101265822785], [0.3674050632911392, 0.5239113924050632, 0.4028481012658226, 0.5555569620253165], [0.4028481012658226, 0.520113924050633, 0.4344936708860757, 0.5530253164556962]], "class": 6}