{"image": "3b98fbc4-7598-11ee-8e28-fcb3bc5cd112.jpg", "bboxes": [[0.15977215189873417, 0.3986835443037975, 0.19268354430379742, 0.44045569620253167], [0.19521518987341757, 0.3999493670886076, 0.22939240506329095, 0.43918987341772153], [0.0, 0.434126582278481, 0.011670886075949238, 0.4683037974683545], [0.011670886075949238, 0.43918987341772153, 0.04205063291139233, 0.4695696202531645], [0.1104050632911392, 0.45944303797468355, 0.1458481012658226, 0.4910886075949368], [0.1458481012658226, 0.4619746835443038, 0.1774936708860757, 0.49488607594936707]], "class": 6}