{"image": "3b98fbc4-7598-11ee-8e28-fcb3bc5cd112.jpg", "bboxes": [[0.16277215189873417, 0.6045443037974684, 0.1956835443037973, 0.6463164556962026], [0.19821518987341757, 0.6058101265822785, 0.23239240506329095, 0.6450506329113924], [0.0, 0.5766962025316456, 0.014670886075949241, 0.610873417721519], [0.014670886075949241, 0.5754303797468354, 0.04505063291139233, 0.6058101265822785], [0.1134050632911392, 0.5539113924050633, 0.1488481012658226, 0.5855569620253165], [0.1488481012658226, 0.550113924050633, 0.1804936708860757, 0.5830253164556961]], "class": 6}