{"image": "3b98fbc4-7598-11ee-8e28-fcb3bc5cd112.jpg", "bboxes": [[0.22931645569620263, 0.5595443037974683, 0.26222784810126587, 0.6013164556962025], [0.192607594936709, 0.5608101265822785, 0.22678481012658244, 0.6000506329113924], [0.4103291139240507, 0.5316962025316455, 0.4483037974683546, 0.565873417721519], [0.3799493670886077, 0.5304303797468355, 0.4103291139240507, 0.5608101265822785], [0.2761518987341774, 0.5089113924050632, 0.3115949367088608, 0.5405569620253164], [0.24450632911392425, 0.5051139240506329, 0.2761518987341774, 0.5380253164556962]], "class": 6}