{"image": "3b98fbc4-7598-11ee-8e28-fcb3bc5cd112.jpg", "bboxes": [[0.7473164556962026, 0.5995443037974684, 0.7802278481012659, 0.6413164556962025], [0.710607594936709, 0.6008101265822785, 0.7447848101265825, 0.6400506329113924], [0.9283291139240507, 0.5716962025316455, 0.9663037974683546, 0.605873417721519], [0.8979493670886077, 0.5704303797468354, 0.9283291139240507, 0.6008101265822785], [0.7941518987341774, 0.5489113924050633, 0.8295949367088609, 0.5805569620253165], [0.7625063291139242, 0.545113924050633, 0.7941518987341774, 0.5780253164556961]], "class": 6}