{"image": "3b98fbc4-7598-11ee-8e28-fcb3bc5cd112.jpg", "bboxes": [[0.49777215189873414, 0.35168354430379745, 0.5306835443037974, 0.3934556962025316], [0.5332151898734175, 0.3529493670886076, 0.567392405063291, 0.3921898734177215], [0.3116962025316454, 0.38712658227848096, 0.3496708860759493, 0.42130379746835445], [0.3496708860759493, 0.3921898734177215, 0.3800506329113923, 0.4225696202531646], [0.44840506329113916, 0.4124430379746835, 0.48384810126582256, 0.44408860759493674], [0.48384810126582256, 0.4149746835443039, 0.5154936708860758, 0.447886075949367]], "class": 6}