{"image": "3d8e8ce9-7598-11ee-8ce8-fcb3bc5cd112.jpg", "bboxes": [[0.7823037974683545, 0.45593670886075954, 0.8709113924050634, 0.5382151898734178], [0.33420253164556973, 0.48758227848101265, 0.4038227848101267, 0.5356835443037975]], "class": 2}