{"image": "3d8e8ce9-7598-11ee-8ce8-fcb3bc5cd112.jpg", "bboxes": [[0.8043037974683546, 0.49893670886075947, 0.8929113924050635, 0.5812151898734177], [0.3562025316455697, 0.5305822784810126, 0.4258227848101267, 0.5786835443037974], [0.0, 0.5609620253164558, 0.0030379746835443484, 0.593873417721519]], "class": 3}