{"image": "3d8e8ce9-7598-11ee-8ce8-fcb3bc5cd112.jpg", "bboxes": [[0.0430886075949366, 0.3917848101265823, 0.1316962025316455, 0.4740632911392405], [0.5101772151898734, 0.39431645569620255, 0.5797974683544302, 0.4424177215189874], [0.9329620253164557, 0.379126582278481, 0.967139240506329, 0.4120379746835443], [0.9633417721518986, 0.3829240506329113, 1.0, 0.41330379746835444]], "class": 4}