{"image": "3d8e8ce9-7598-11ee-8ce8-fcb3bc5cd112.jpg", "bboxes": [[0.9183037974683546, 0.5179367088607595, 1.0, 0.6002151898734177], [0.4702025316455697, 0.5495822784810126, 0.5398227848101267, 0.5976835443037976], [0.08286075949367092, 0.5799620253164557, 0.11703797468354435, 0.6128734177215189], [0.04615189873417728, 0.5786962025316456, 0.08665822784810132, 0.6090759493670888]], "class": 4}