{"image": "3d8e8ce9-7598-11ee-8ce8-fcb3bc5cd112.jpg", "bboxes": [[0.9982025316455697, 0.3973164556962025, 1.0, 0.4454177215189874], [0.6108607594936709, 0.382126582278481, 0.6450379746835444, 0.4150379746835443], [0.5741518987341773, 0.3859240506329113, 0.6146582278481013, 0.41630379746835444], [0.4868101265822785, 0.382126582278481, 0.5159240506329115, 0.40617721518987343], [0.4095949367088608, 0.35301265822784805, 0.43997468354430386, 0.3783291139240506], [0.3779493670886077, 0.3568101265822785, 0.41592405063291144, 0.382126582278481], [0.3222531645569621, 0.3568101265822785, 0.34630379746835444, 0.37453164556962026]], "class": 7}