{"image": "3d8e8ce9-7598-11ee-8ce8-fcb3bc5cd112.jpg", "bboxes": [[0.11708860759493656, 0.49593670886075947, 0.20569620253164544, 0.5782151898734178], [0.5841772151898733, 0.5275822784810127, 0.6537974683544303, 0.5756835443037975]], "class": 2}