{"image": "3e8f9c4f-759d-11ee-9879-fcb3bc5cd112.jpg", "bboxes": [[0.9047974683544305, 0.3271772151898734, 0.9668227848101266, 0.393], [0.8630253164556964, 0.34110126582278477, 0.9313797468354432, 0.40945569620253164], [0.6364430379746836, 0.27907594936708857, 0.6794810126582279, 0.3259113924050632], [0.5997341772151902, 0.27274683544303796, 0.6503670886075952, 0.323379746835443], [0.4832784810126584, 0.28034177215189876, 0.5136582278481013, 0.31958227848101267], [0.45416455696202546, 0.2841392405063291, 0.4946708860759494, 0.3246455696202532]], "class": 6}