{"image": "3e8f9c4f-759d-11ee-9879-fcb3bc5cd112.jpg", "bboxes": [[0.0, 0.6580886075949368, 0.009556962025316307, 0.7049240506329114], [0.0, 0.660620253164557, 0.04626582278480984, 0.711253164556962], [0.13234177215189868, 0.6644177215189873, 0.16272151898734155, 0.7036582278481013], [0.15132911392405057, 0.6593544303797468, 0.1918354430379745, 0.699860759493671]], "class": 4}