{"image": "3e8f9c4f-759d-11ee-9879-fcb3bc5cd112.jpg", "bboxes": [[0.15951898734177217, 0.6990886075949367, 0.20255696202531637, 0.7459240506329115], [0.1886329113924048, 0.701620253164557, 0.2392658227848099, 0.752253164556962], [0.32534177215189863, 0.7054177215189873, 0.3557215189873416, 0.7446582278481013], [0.34432911392405063, 0.7003544303797469, 0.38483544303797457, 0.7408607594936709]], "class": 4}