{"image": "3e8f9c4f-759d-11ee-9879-fcb3bc5cd112.jpg", "bboxes": [[0.045518987341772066, 0.2860759493670886, 0.08855696202531638, 0.33291139240506323], [0.0746329113924048, 0.27974683544303797, 0.1252658227848099, 0.330379746835443], [0.21134177215189864, 0.2873417721518987, 0.24172151898734162, 0.3265822784810127], [0.23032911392405064, 0.2911392405063291, 0.2708354430379746, 0.3316455696202532]], "class": 4}