{"image": "3e8f9c4f-759d-11ee-9879-fcb3bc5cd112.jpg", "bboxes": [[0.7764430379746836, 0.3220759493670886, 0.8194810126582279, 0.3689113924050632], [0.7397341772151901, 0.315746835443038, 0.7903670886075952, 0.36637974683544305], [0.6232784810126584, 0.32334177215189874, 0.6536582278481013, 0.36258227848101265], [0.5941645569620255, 0.3271392405063291, 0.6346708860759493, 0.3676455696202532]], "class": 4}