{"image": "3e8f9c4f-759d-11ee-9879-fcb3bc5cd112.jpg", "bboxes": [[0.05734177215189873, 0.3023417721518987, 0.0877215189873416, 0.3415822784810127], [0.07632911392405062, 0.30613924050632907, 0.11683544303797455, 0.34664556962025317]], "class": 2}