{"image": "3e8f9c4f-759d-11ee-9879-fcb3bc5cd112.jpg", "bboxes": [[0.0, 0.5860000000000001, 0.03020253164556952, 0.6518227848101266], [0.0036202531645567193, 0.5695443037974683, 0.07197468354430359, 0.6378987341772152], [0.25551898734177214, 0.6530886075949367, 0.29855696202531634, 0.6999240506329114], [0.2846329113924049, 0.655620253164557, 0.3352658227848099, 0.7062531645569621], [0.4213417721518987, 0.6594177215189874, 0.4517215189873416, 0.6986582278481013], [0.4403291139240506, 0.6543544303797468, 0.48083544303797454, 0.6948607594936709]], "class": 6}