{"image": "3e8f9c4f-759d-11ee-9879-fcb3bc5cd112.jpg", "bboxes": [[0.10617721518987333, 0.29817721518987345, 0.16820253164556953, 0.364], [0.14162025316455673, 0.3121012658227848, 0.2099746835443036, 0.3804556962025316], [0.39351898734177215, 0.2500759493670886, 0.43655696202531635, 0.2969113924050632], [0.4226329113924048, 0.243746835443038, 0.4732658227848099, 0.29437974683544305], [0.5593417721518987, 0.25134177215189873, 0.5897215189873416, 0.2905822784810127], [0.5783291139240506, 0.2551392405063291, 0.6188354430379746, 0.2956455696202532]], "class": 6}