{"image": "3e8f9c4f-759d-11ee-9879-fcb3bc5cd112.jpg", "bboxes": [[0.5317974683544305, 0.29417721518987344, 0.5938227848101266, 0.36], [0.49002531645569636, 0.3081012658227848, 0.5583797468354432, 0.3764556962025316], [0.26344303797468366, 0.24607594936708857, 0.30648101265822786, 0.2929113924050632], [0.22673417721519012, 0.239746835443038, 0.2773670886075952, 0.29037974683544304], [0.1102784810126584, 0.24734177215189873, 0.1406582278481013, 0.2865822784810127], [0.08116455696202547, 0.2511392405063291, 0.12167088607594939, 0.2916455696202532]], "class": 6}