{"image": "3fc686c3-759a-11ee-acd2-fcb3bc5cd112.jpg", "bboxes": [[0.681, 0.256, 0.7110000000000001, 0.286], [0.7090000000000001, 0.256, 0.733, 0.289]], "class": 2}