{"image": "3fc686c3-759a-11ee-acd2-fcb3bc5cd112.jpg", "bboxes": [[0.563, 0.767, 0.593, 0.7969999999999999], [0.541, 0.764, 0.565, 0.7969999999999999]], "class": 2}