{"image": "4061d50e-6b42-11ee-939b-fcb3bc5cd112.jpg", "bboxes": [[0.027365853658536592, 0.7900731707317072, 0.09809756097560979, 0.847390243902439], [0.3615121951219512, 0.7327560975609756, 0.43102439024390243, 0.7961707317073171]], "class": 2}