{"image": "4061d50e-6b42-11ee-939b-fcb3bc5cd112.jpg", "bboxes": [[0.3363658536585366, 0.17960975609756097, 0.4070975609756098, 0.2369268292682927], [0.6705121951219513, 0.2308292682926829, 0.7400243902439024, 0.2942439024390244]], "class": 2}