{"image": "4061d50e-6b42-11ee-939b-fcb3bc5cd112.jpg", "bboxes": [[0.2303658536585366, 0.14960975609756097, 0.3010975609756098, 0.2069268292682927], [0.5645121951219512, 0.2008292682926829, 0.6340243902439024, 0.2642439024390244]], "class": 2}