{"image": "4061d50e-6b42-11ee-939b-fcb3bc5cd112.jpg", "bboxes": [[0.8179024390243902, 0.7820731707317073, 0.8886341463414634, 0.839390243902439], [0.48497560975609755, 0.7247560975609756, 0.5544878048780488, 0.7881707317073171]], "class": 2}