{"image": "4061d50e-6b42-11ee-939b-fcb3bc5cd112.jpg", "bboxes": [[0.2352439024390244, 0.7106829268292683, 0.3010975609756098, 0.7740975609756098], [0.295, 0.7058048780487804, 0.3632926829268293, 0.7716585365853659], [0.8803658536585366, 0.7350731707317073, 0.9510975609756098, 0.7923902439024391]], "class": 3}