{"image": "4061d50e-6b42-11ee-939b-fcb3bc5cd112.jpg", "bboxes": [[0.2043658536585366, 0.17360975609756096, 0.2750975609756098, 0.2309268292682927], [0.5385121951219513, 0.2248292682926829, 0.6080243902439024, 0.28824390243902437]], "class": 2}