{"image": "4061d50e-6b42-11ee-939b-fcb3bc5cd112.jpg", "bboxes": [[0.18636585365853658, 0.17860975609756097, 0.25709756097560976, 0.2359268292682927], [0.5205121951219512, 0.2298292682926829, 0.5900243902439024, 0.2932439024390244]], "class": 2}