{"image": "4061d50e-6b42-11ee-939b-fcb3bc5cd112.jpg", "bboxes": [[0.9587073170731707, 0.21934146341463412, 1.0, 0.2851951219512195], [0.37090243902439024, 0.19860975609756096, 0.44163414634146336, 0.2559268292682927], [0.037975609756097595, 0.2498292682926829, 0.10748780487804876, 0.3132439024390244]], "class": 3}