{"image": "41135158-759a-11ee-ac0e-fcb3bc5cd112.jpg", "bboxes": [[0.2719746835443038, 0.49648101265822786, 0.3390632911392405, 0.5420506329113924], [0.3365316455696203, 0.49521518987341767, 0.38969620253164566, 0.568632911392405]], "class": 2}