{"image": "41135158-759a-11ee-ac0e-fcb3bc5cd112.jpg", "bboxes": [[0.6429367088607595, 0.4824810126582279, 0.7100253164556962, 0.5280506329113924], [0.5923037974683543, 0.48121518987341766, 0.6454683544303796, 0.554632911392405]], "class": 2}