{"image": "41135158-759a-11ee-ac0e-fcb3bc5cd112.jpg", "bboxes": [[0.0, 0.4544810126582279, 0.006063291139240505, 0.5000506329113924], [0.003531645569620309, 0.4532151898734177, 0.056696202531645666, 0.5266329113924051]], "class": 2}