{"image": "41135158-759a-11ee-ac0e-fcb3bc5cd112.jpg", "bboxes": [[0.0, 0.4709493670886076, 0.031063291139240504, 0.5165189873417722], [0.02853164556962031, 0.444367088607595, 0.08169620253164567, 0.5177848101265823]], "class": 2}