{"image": "41135158-759a-11ee-ac0e-fcb3bc5cd112.jpg", "bboxes": [[0.14397468354430384, 0.44894936708860755, 0.2110632911392405, 0.49451898734177213], [0.2085316455696203, 0.422367088607595, 0.26169620253164566, 0.4957848101265824]], "class": 2}