{"image": "41135158-759a-11ee-ac0e-fcb3bc5cd112.jpg", "bboxes": [[0.0, 0.45194936708860756, 0.017063291139240506, 0.49751898734177213], [0.014531645569620309, 0.425367088607595, 0.06769620253164567, 0.4987848101265824]], "class": 2}