{"image": "41135158-759a-11ee-ac0e-fcb3bc5cd112.jpg", "bboxes": [[0.32193670886075954, 0.5129493670886076, 0.38902531645569616, 0.5585189873417722], [0.2713037974683543, 0.4863670886075949, 0.3244683544303797, 0.5597848101265823]], "class": 2}