{"image": "41135158-759a-11ee-ac0e-fcb3bc5cd112.jpg", "bboxes": [[0.44597468354430386, 0.46894936708860757, 0.5130632911392405, 0.5145189873417721], [0.5105316455696203, 0.442367088607595, 0.5636962025316457, 0.5157848101265823]], "class": 2}