{"image": "41135158-759a-11ee-ac0e-fcb3bc5cd112.jpg", "bboxes": [[0.7199367088607596, 0.45694936708860756, 0.7870253164556962, 0.5025189873417721], [0.6693037974683543, 0.430367088607595, 0.7224683544303797, 0.5037848101265823]], "class": 2}