{"image": "42697c94-759d-11ee-9b90-fcb3bc5cd112.jpg", "bboxes": [[0.0, 0.4106329113924052, 0.013759493670885803, 0.45113924050632914], [0.0011012658227845806, 0.40177215189873416, 0.04540506329113925, 0.44354430379746834], [0.2175569620253165, 0.5017721518987341, 0.23527848101265814, 0.520759493670886], [0.2302151898734177, 0.4929113924050633, 0.2618607594936708, 0.5182278481012658]], "class": 4}