{"image": "42697c94-759d-11ee-9b90-fcb3bc5cd112.jpg", "bboxes": [[0.3134303797468353, 0.31310126582278486, 0.36659493670886056, 0.3687974683544304], [0.3564683544303796, 0.3118354430379747, 0.4071012658227846, 0.37132911392405066], [0.48684810126582256, 0.40930379746835444, 0.5222911392405063, 0.4472784810126582], [0.5159620253164555, 0.40170886075949364, 0.5627974683544303, 0.4498101265822785], [0.7741898734177214, 0.4156329113924052, 0.8197594936708859, 0.45613924050632904], [0.8071012658227846, 0.40677215189873417, 0.8514050632911393, 0.44854430379746835], [0.6893797468354428, 0.44094936708860755, 0.7311518987341772, 0.47892405063291144], [0.7184936708860757, 0.43335443037974686, 0.7589999999999998, 0.4776582278481013]], "class": 8}