{"image": "42697c94-759d-11ee-9b90-fcb3bc5cd112.jpg", "bboxes": [[0.11643037974683534, 0.5822025316455696, 0.1695949367088606, 0.6378987341772151], [0.15946835443037954, 0.5796708860759494, 0.21010126582278466, 0.6391645569620252], [0.2898481012658226, 0.5037215189873419, 0.32529113924050623, 0.5416962025316455], [0.31896202531645557, 0.5011898734177215, 0.3657974683544303, 0.5492911392405063], [0.5771898734177214, 0.4948607594936709, 0.6227594936708858, 0.5353670886075949], [0.6101012658227847, 0.5024556962025316, 0.6544050632911393, 0.5442278481012659], [0.49237974683544283, 0.4720759493670886, 0.5341518987341771, 0.5100506329113924], [0.5214936708860758, 0.47334177215189865, 0.5619999999999998, 0.5176455696202531], [0.8265569620253165, 0.4252405063291139, 0.8442784810126582, 0.4442278481012658], [0.8392151898734177, 0.42777215189873424, 0.8708607594936708, 0.4530886075949367]], "class": 10}