{"image": "42697c94-759d-11ee-9b90-fcb3bc5cd112.jpg", "bboxes": [[0.0, 0.3591012658227849, 0.05259493670886062, 0.41479746835443043], [0.04246835443037955, 0.35783544303797477, 0.09310126582278466, 0.4173291139240506], [0.17284810126582262, 0.4553037974683545, 0.20829113924050624, 0.49327848101265814], [0.20196202531645557, 0.4477088607594937, 0.24879746835443028, 0.4958101265822785], [0.46018987341772144, 0.46163291139240514, 0.5057594936708858, 0.5021392405063291], [0.4931012658227846, 0.4527721518987341, 0.5374050632911394, 0.4945443037974684], [0.37537974683544284, 0.4869493670886076, 0.41715189873417713, 0.5249240506329114], [0.4044936708860757, 0.4793544303797469, 0.44499999999999973, 0.5236582278481013], [0.7095569620253165, 0.5527721518987342, 0.7272784810126582, 0.5717594936708861], [0.7222151898734177, 0.5439113924050634, 0.7538607594936708, 0.5692278481012658]], "class": 10}