{"image": "42697c94-759d-11ee-9b90-fcb3bc5cd112.jpg", "bboxes": [[0.0, 0.5501898734177215, 0.008797468354430293, 0.5982911392405064], [0.22018987341772145, 0.543860759493671, 0.2657594936708858, 0.5843670886075948], [0.2531012658227846, 0.5514556962025317, 0.29740506329113925, 0.5932278481012658], [0.13537974683544285, 0.5210759493670886, 0.17715189873417714, 0.5590506329113925], [0.1644936708860757, 0.5223417721518987, 0.20499999999999974, 0.5666455696202531], [0.4695569620253165, 0.47424050632911396, 0.48727848101265814, 0.4932278481012658], [0.4822151898734177, 0.47677215189873423, 0.5138607594936708, 0.5020886075949367]], "class": 7}