{"image": "42697c94-759d-11ee-9b90-fcb3bc5cd112.jpg", "bboxes": [[0.0, 0.5021898734177215, 0.023797468354430307, 0.5502911392405063], [0.23518987341772135, 0.4958607594936709, 0.2807594936708858, 0.5363670886075949], [0.2681012658227846, 0.5034556962025316, 0.31240506329113926, 0.5452278481012659], [0.15037974683544275, 0.4730759493670886, 0.19215189873417715, 0.5110506329113924], [0.1794936708860757, 0.47434177215189866, 0.21999999999999975, 0.5186455696202531], [0.4845569620253165, 0.4262405063291139, 0.5022784810126582, 0.4452278481012658], [0.4972151898734176, 0.42877215189873424, 0.5288607594936707, 0.4540886075949367]], "class": 7}