{"image": "42697c94-759d-11ee-9b90-fcb3bc5cd112.jpg", "bboxes": [[0.06084810126582263, 0.4613037974683545, 0.09629113924050625, 0.49927848101265815], [0.08996202531645558, 0.4537088607594937, 0.1367974683544303, 0.5018101265822785], [0.34818987341772145, 0.46763291139240515, 0.3937594936708858, 0.5081392405063291], [0.3811012658227846, 0.4587721518987341, 0.42540506329113925, 0.5005443037974684], [0.26337974683544285, 0.4929493670886076, 0.30515189873417714, 0.5309240506329114], [0.2924936708860757, 0.4853544303797469, 0.33299999999999974, 0.5296582278481012], [0.5975569620253165, 0.5587721518987342, 0.6152784810126581, 0.5777594936708861], [0.6102151898734176, 0.5499113924050634, 0.6418607594936707, 0.5752278481012658]], "class": 8}