{"image": "42697c94-759d-11ee-9b90-fcb3bc5cd112.jpg", "bboxes": [[0.0, 0.3658354430379748, 0.015101265822784593, 0.4253291139240506], [0.09484810126582266, 0.4633037974683545, 0.13029113924050628, 0.5012784810126582], [0.1239620253164555, 0.4557088607594937, 0.17079746835443033, 0.5038101265822785], [0.38218987341772137, 0.46963291139240515, 0.42775949367088584, 0.5101392405063291], [0.4151012658227846, 0.4607721518987341, 0.4594050632911393, 0.5025443037974684], [0.29737974683544277, 0.4949493670886076, 0.33915189873417717, 0.5329240506329114], [0.3264936708860757, 0.4873544303797469, 0.36699999999999977, 0.5316582278481012], [0.6315569620253165, 0.5607721518987342, 0.6492784810126582, 0.5797594936708861], [0.6442151898734176, 0.5519113924050634, 0.6758607594936707, 0.5772278481012658]], "class": 9}