{"image": "42697c94-759d-11ee-9b90-fcb3bc5cd112.jpg", "bboxes": [[0.03943037974683539, 0.32710126582278487, 0.09259493670886054, 0.3827974683544304], [0.08246835443037959, 0.32583544303797474, 0.1331012658227846, 0.38532911392405056], [0.21284810126582265, 0.42330379746835445, 0.24829113924050628, 0.4612784810126582], [0.2419620253164555, 0.41570886075949365, 0.2887974683544303, 0.4638101265822785], [0.5001898734177215, 0.4296329113924051, 0.5457594936708858, 0.47013924050632905], [0.5331012658227846, 0.4207721518987342, 0.5774050632911393, 0.46254430379746836], [0.41537974683544276, 0.45494936708860756, 0.45715189873417716, 0.49292405063291145], [0.4444936708860757, 0.44735443037974687, 0.48499999999999976, 0.4916582278481013], [0.7495569620253164, 0.5207721518987343, 0.7672784810126582, 0.539759493670886], [0.7622151898734176, 0.5119113924050633, 0.7938607594936709, 0.5372278481012658]], "class": 10}