{"image": "42697c94-759d-11ee-9b90-fcb3bc5cd112.jpg", "bboxes": [[0.1731898734177214, 0.4116329113924052, 0.21875949367088587, 0.45213924050632914], [0.20610126582278465, 0.40277215189873417, 0.2504050632911393, 0.44454430379746834], [0.08837974683544281, 0.43694936708860754, 0.1301518987341772, 0.47492405063291143], [0.11749367088607576, 0.42935443037974685, 0.1579999999999998, 0.4736582278481013], [0.42255696202531645, 0.5027721518987343, 0.4402784810126582, 0.521759493670886], [0.4352151898734177, 0.4939113924050633, 0.4668607594936708, 0.5192278481012658]], "class": 6}