{"image": "42697c94-759d-11ee-9b90-fcb3bc5cd112.jpg", "bboxes": [[0.7782405063291141, 0.4256329113924051, 0.8238101265822786, 0.46613924050632904], [0.7465949367088607, 0.4167721518987342, 0.7908987341772153, 0.45854430379746836], [0.8668481012658228, 0.45094936708860756, 0.9086202531645572, 0.48892405063291144], [0.8390000000000002, 0.44335443037974687, 0.8795063291139242, 0.4876582278481013], [0.5567215189873418, 0.5167721518987343, 0.5744430379746835, 0.535759493670886], [0.5301392405063292, 0.5079113924050633, 0.5617848101265823, 0.5332278481012658]], "class": 6}