{"image": "42697c94-759d-11ee-9b90-fcb3bc5cd112.jpg", "bboxes": [[0.20918987341772144, 0.5038607594936709, 0.2547594936708858, 0.5443670886075949], [0.24210126582278457, 0.5114556962025316, 0.28640506329113935, 0.5532278481012659], [0.12437974683544284, 0.4810759493670886, 0.16615189873417713, 0.5190506329113924], [0.15349367088607568, 0.48234177215189866, 0.19399999999999973, 0.5266455696202531], [0.4585569620253165, 0.43424050632911393, 0.47627848101265813, 0.4532278481012658], [0.4712151898734177, 0.43677215189873425, 0.5028607594936708, 0.46208860759493664]], "class": 6}