{"image": "426f206d-759a-11ee-be28-fcb3bc5cd112.jpg", "bboxes": [[0.0, 0.47534177215189866, 0.015126582278480738, 0.579139240506329], [0.6682911392405062, 0.37281012658227847, 0.7277848101265822, 0.43863291139240507], [0.7176582278481012, 0.377873417721519, 0.7974050632911391, 0.45508860759493663]], "class": 3}