{"image": "426f206d-759a-11ee-be28-fcb3bc5cd112.jpg", "bboxes": [[0.09798734177215174, 0.4732784810126582, 0.19798734177215171, 0.5846708860759494], [0.19418987341772143, 0.47834177215189866, 0.28912658227848076, 0.582139240506329], [0.9422911392405062, 0.37581012658227847, 1.0, 0.44163291139240507], [0.9916582278481012, 0.380873417721519, 1.0, 0.45808860759493664]], "class": 4}