{"image": "426f206d-759a-11ee-be28-fcb3bc5cd112.jpg", "bboxes": [[0.5950126582278483, 0.5132784810126582, 0.6950126582278483, 0.6246708860759494], [0.5038734177215192, 0.5183417721518987, 0.5988101265822786, 0.6221392405063291]], "class": 2}