{"image": "426f206d-759a-11ee-be28-fcb3bc5cd112.jpg", "bboxes": [[0.9890126582278483, 0.4343291139240506, 1.0, 0.5457215189873419], [0.8978734177215192, 0.43686075949367087, 0.9928101265822786, 0.5406582278481014], [0.18521518987341778, 0.577367088607595, 0.24470886075949375, 0.6431898734177215], [0.11559493670886081, 0.5609113924050633, 0.1953417721518988, 0.638126582278481]], "class": 4}