{"image": "426f206d-759a-11ee-be28-fcb3bc5cd112.jpg", "bboxes": [[0.5070126582278484, 0.5192784810126582, 0.6070126582278483, 0.6306708860759493], [0.4158734177215192, 0.5243417721518987, 0.5108101265822786, 0.6281392405063291]], "class": 2}