{"image": "426f206d-759a-11ee-be28-fcb3bc5cd112.jpg", "bboxes": [[0.35621518987341777, 0.583367088607595, 0.41570886075949376, 0.6491898734177215], [0.2865949367088608, 0.5669113924050633, 0.3663417721518988, 0.644126582278481]], "class": 2}