{"image": "426f206d-759a-11ee-be28-fcb3bc5cd112.jpg", "bboxes": [[0.8690126582278483, 0.4912784810126582, 0.9690126582278483, 0.6026708860759494], [0.7778734177215192, 0.4963417721518987, 0.8728101265822786, 0.600139240506329], [0.06521518987341779, 0.3938101265822785, 0.12470886075949375, 0.45963291139240503], [0.0, 0.39887341772151896, 0.0753417721518988, 0.47608860759493665]], "class": 4}