{"image": "43bf005a-759a-11ee-8937-fcb3bc5cd112.jpg", "bboxes": [[0.0, 0.6320886075949367, 0.030924050632911416, 0.7725949367088607], [0.07649367088607618, 0.4941139240506329, 0.16889873417721538, 0.5928481012658228], [0.0, 0.49917721518987346, 0.08282278481012667, 0.5801898734177215]], "class": 3}