{"image": "43bf005a-759a-11ee-8937-fcb3bc5cd112.jpg", "bboxes": [[0.39107594936708856, 0.21420253164556957, 0.50626582278481, 0.3306582278481013], [0.2910759493670886, 0.21040506329113928, 0.39867088607594925, 0.3509113924050633], [0.1531012658227846, 0.3901518987341773, 0.24550632911392378, 0.48888607594936706], [0.23917721518987334, 0.40281012658227844, 0.32525316455696207, 0.4838227848101265]], "class": 4}