{"image": "43bf005a-759a-11ee-8937-fcb3bc5cd112.jpg", "bboxes": [[0.9110759493670886, 0.19040506329113926, 1.0, 0.3309113924050633], [0.7731012658227846, 0.3701518987341773, 0.8655063291139238, 0.46888607594936704], [0.8591772151898733, 0.38281012658227853, 0.9452531645569621, 0.4638227848101265]], "class": 3}