{"image": "43bf005a-759a-11ee-8937-fcb3bc5cd112.jpg", "bboxes": [[0.8010759493670886, 0.6513417721518987, 0.9162658227848101, 0.7677974683544304], [0.7010759493670886, 0.6310886075949367, 0.8086708860759493, 0.7715949367088607], [0.5631012658227846, 0.4931139240506329, 0.6555063291139238, 0.5918481012658228], [0.6491772151898734, 0.49817721518987346, 0.735253164556962, 0.5791898734177215]], "class": 4}