{"image": "43bf005a-759a-11ee-8937-fcb3bc5cd112.jpg", "bboxes": [[0.37307594936708854, 0.6583417721518987, 0.4882658227848101, 0.7747974683544304], [0.27307594936708857, 0.6380886075949367, 0.38067088607594923, 0.7785949367088607], [0.1351012658227846, 0.5001139240506329, 0.22750632911392377, 0.5988481012658228], [0.22117721518987332, 0.5051772151898735, 0.30725316455696206, 0.5861898734177216]], "class": 4}