{"image": "43bf005a-759a-11ee-8937-fcb3bc5cd112.jpg", "bboxes": [[0.0457341772151899, 0.20420253164556956, 0.16092405063291143, 0.3206582278481013], [0.15332911392405071, 0.20040506329113927, 0.2609240506329114, 0.3409113924050633], [0.3064936708860762, 0.3801518987341773, 0.3988987341772154, 0.47888607594936705], [0.22674683544303798, 0.39281012658227854, 0.31282278481012665, 0.4738227848101265]], "class": 4}