{"image": "43bf005a-759a-11ee-8937-fcb3bc5cd112.jpg", "bboxes": [[0.6437341772151899, 0.22420253164556958, 0.7589240506329115, 0.3406582278481013], [0.7513291139240507, 0.2204050632911393, 0.8589240506329114, 0.3609113924050633], [0.9044936708860762, 0.4001518987341772, 0.9968987341772154, 0.49888607594936707], [0.824746835443038, 0.41281012658227845, 0.9108227848101267, 0.49382278481012654]], "class": 4}