{"image": "43bf005a-759a-11ee-8937-fcb3bc5cd112.jpg", "bboxes": [[0.3020759493670886, 0.6823417721518987, 0.41726582278481006, 0.7987974683544304], [0.20207594936708861, 0.6620886075949367, 0.3096708860759493, 0.8025949367088607], [0.06410126582278464, 0.524113924050633, 0.15650632911392381, 0.6228481012658227], [0.15017721518987337, 0.5291772151898735, 0.236253164556962, 0.6101898734177215]], "class": 4}