{"image": "43bf005a-759a-11ee-8937-fcb3bc5cd112.jpg", "bboxes": [[0.1727341772151899, 0.7183417721518986, 0.28792405063291143, 0.8347974683544304], [0.28032911392405074, 0.6980886075949366, 0.3879240506329114, 0.8385949367088606], [0.4334936708860762, 0.560113924050633, 0.5258987341772153, 0.6588481012658227], [0.353746835443038, 0.5651772151898734, 0.43982278481012665, 0.6461898734177215]], "class": 4}