{"image": "43bf005a-759a-11ee-8937-fcb3bc5cd112.jpg", "bboxes": [[0.9300759493670886, 0.2312025316455696, 1.0, 0.3476582278481013], [0.8300759493670886, 0.2274050632911393, 0.9376708860759493, 0.3679113924050633], [0.6921012658227846, 0.40715189873417723, 0.7845063291139238, 0.5058860759493671], [0.7781772151898734, 0.41981012658227845, 0.864253164556962, 0.5008227848101265]], "class": 4}