{"image": "43bf005a-759a-11ee-8937-fcb3bc5cd112.jpg", "bboxes": [[0.5830759493670885, 0.20620253164556956, 0.6982658227848101, 0.3226582278481013], [0.48307594936708853, 0.20240506329113928, 0.5906708860759493, 0.3429113924050633], [0.34510126582278466, 0.3821518987341773, 0.43750632911392384, 0.48088607594936705], [0.4311772151898733, 0.39481012658227843, 0.517253164556962, 0.4758227848101265]], "class": 4}