{"image": "43bf005a-759a-11ee-8937-fcb3bc5cd112.jpg", "bboxes": [[0.37607594936708855, 0.6803417721518987, 0.4912658227848101, 0.7967974683544304], [0.27607594936708857, 0.6600886075949367, 0.38367088607594924, 0.8005949367088607], [0.1381012658227846, 0.522113924050633, 0.23050632911392377, 0.6208481012658227], [0.22417721518987332, 0.5271772151898735, 0.31025316455696206, 0.6081898734177215]], "class": 4}