{"image": "43bf005a-759a-11ee-8937-fcb3bc5cd112.jpg", "bboxes": [[0.0, 0.6663417721518987, 0.021924050632911418, 0.7827974683544304], [0.014329113924050717, 0.6460886075949367, 0.12192405063291142, 0.7865949367088607], [0.1674936708860762, 0.5081139240506329, 0.2598987341772154, 0.6068481012658227], [0.08774683544303798, 0.5131772151898735, 0.17382278481012667, 0.5941898734177216]], "class": 4}