{"image": "43bf005a-759a-11ee-8937-fcb3bc5cd112.jpg", "bboxes": [[0.0, 0.6310886075949367, 0.030924050632911416, 0.7715949367088607], [0.07649367088607618, 0.4931139240506329, 0.16889873417721538, 0.5918481012658228], [0.0, 0.49817721518987346, 0.08282278481012667, 0.5791898734177215]], "class": 3}