{"image": "43bf005a-759a-11ee-8937-fcb3bc5cd112.jpg", "bboxes": [[0.8280759493670886, 0.2322025316455696, 0.9432658227848101, 0.3486582278481013], [0.7280759493670885, 0.2284050632911393, 0.8356708860759493, 0.3689113924050633], [0.5901012658227847, 0.40815189873417723, 0.6825063291139238, 0.5068860759493671], [0.6761772151898733, 0.42081012658227845, 0.762253164556962, 0.5018227848101265]], "class": 4}