{"image": "45142f74-759a-11ee-af00-fcb3bc5cd112.jpg", "bboxes": [[0.49636708860759515, 0.40294936708860757, 0.5685189873417723, 0.45231645569620255]], "class": 1}