{"image": "45142f74-759a-11ee-af00-fcb3bc5cd112.jpg", "bboxes": [[0.6563670886075952, 0.6086835443037975, 0.7285189873417723, 0.6580506329113924]], "class": 1}