{"image": "45142f74-759a-11ee-af00-fcb3bc5cd112.jpg", "bboxes": [[0.5513670886075952, 0.6086835443037975, 0.6235189873417724, 0.6580506329113924]], "class": 1}