{"image": "45142f74-759a-11ee-af00-fcb3bc5cd112.jpg", "bboxes": [[0.024481012658227663, 0.3459493670886076, 0.09663291139240482, 0.39531645569620255]], "class": 1}