{"image": "45142f74-759a-11ee-af00-fcb3bc5cd112.jpg", "bboxes": [[0.4863670886075952, 0.5716835443037975, 0.5585189873417723, 0.6210506329113925]], "class": 1}