{"image": "45142f74-759a-11ee-af00-fcb3bc5cd112.jpg", "bboxes": [[0.5993670886075951, 0.5736835443037975, 0.6715189873417724, 0.6230506329113924]], "class": 1}