{"image": "45142f74-759a-11ee-af00-fcb3bc5cd112.jpg", "bboxes": [[0.6873670886075952, 0.5796835443037975, 0.7595189873417724, 0.6290506329113924]], "class": 1}