{"image": "46e60a4b-6b43-11ee-9791-fcb3bc5cd112.jpg", "bboxes": [[0.8595365853658536, 0.4679512195121951, 1.0, 0.6484390243902439]], "class": 1}