{"image": "46e60a4b-6b43-11ee-9791-fcb3bc5cd112.jpg", "bboxes": [[0.09778048780487825, 0.2990487804878048, 0.2953414634146343, 0.47953658536585375], [0.24290243902439035, 0.3185609756097561, 0.4404634146341464, 0.49904878048780493]], "class": 2}