{"image": "46e60a4b-6b43-11ee-9791-fcb3bc5cd112.jpg", "bboxes": [[0.24109756097560978, 0.2520487804878049, 0.40451219512195125, 0.37278048780487805], [0.10329268292682932, 0.25570731707317074, 0.24597560975609756, 0.40204878048780485]], "class": 2}