{"image": "46e60a4b-6b43-11ee-9791-fcb3bc5cd112.jpg", "bboxes": [[0.5816585365853657, 0.4584634146341463, 0.7792195121951218, 0.6389512195121951], [0.4365365853658536, 0.43895121951219507, 0.6340975609756097, 0.6194390243902439]], "class": 2}