{"image": "46e60a4b-6b43-11ee-9791-fcb3bc5cd112.jpg", "bboxes": [[0.7536585365853657, 0.33304878048780484, 0.9512195121951218, 0.5135365853658538], [0.6085365853658536, 0.3525609756097561, 0.8060975609756097, 0.5330487804878049]], "class": 2}