{"image": "46e60a4b-6b43-11ee-9791-fcb3bc5cd112.jpg", "bboxes": [[0.0, 0.3570487804878048, 0.1843414634146343, 0.5375365853658537], [0.13190243902439036, 0.3765609756097561, 0.3294634146341464, 0.5570487804878049]], "class": 2}