{"image": "46e60a4b-6b43-11ee-9791-fcb3bc5cd112.jpg", "bboxes": [[0.7326585365853657, 0.32504878048780483, 0.9302195121951218, 0.5055365853658538], [0.5875365853658536, 0.3445609756097561, 0.7850975609756097, 0.5250487804878049]], "class": 2}