{"image": "46e60a4b-6b43-11ee-9791-fcb3bc5cd112.jpg", "bboxes": [[0.5426585365853657, 0.5104634146341462, 0.7402195121951217, 0.6909512195121952], [0.3975365853658536, 0.490951219512195, 0.5950975609756096, 0.6714390243902439]], "class": 2}