{"image": "46e60a4b-6b43-11ee-9791-fcb3bc5cd112.jpg", "bboxes": [[0.2220975609756098, 0.2280487804878049, 0.3855121951219513, 0.348780487804878], [0.08429268292682932, 0.23170731707317072, 0.22697560975609757, 0.3780487804878048]], "class": 2}