{"image": "46e60a4b-6b43-11ee-9791-fcb3bc5cd112.jpg", "bboxes": [[0.7726585365853658, 0.32104878048780483, 0.9702195121951217, 0.5015365853658538], [0.6275365853658537, 0.3405609756097561, 0.8250975609756097, 0.5210487804878049]], "class": 2}