{"image": "474b1ad2-6b45-11ee-a503-fcb3bc5cd112.jpg", "bboxes": [[0.23921951219512194, 0.019097560975609752, 0.3050731707317075, 0.0727560975609756]], "class": 1}