{"image": "474b1ad2-6b45-11ee-a503-fcb3bc5cd112.jpg", "bboxes": [[0.0, 0.9252439024390244, 0.03807317073170746, 0.9789024390243902]], "class": 1}