{"image": "474b1ad2-6b45-11ee-a503-fcb3bc5cd112.jpg", "bboxes": [[0.6889268292682925, 0.8992439024390244, 0.754780487804878, 0.9529024390243902]], "class": 1}