{"image": "474b1ad2-6b45-11ee-a503-fcb3bc5cd112.jpg", "bboxes": [[0.5279268292682925, 0.9082439024390244, 0.593780487804878, 0.9619024390243902]], "class": 1}