{"image": "474b1ad2-6b45-11ee-a503-fcb3bc5cd112.jpg", "bboxes": [[0.21721951219512203, 0.8622439024390244, 0.28307317073170746, 0.9159024390243903]], "class": 1}