{"image": "474b1ad2-6b45-11ee-a503-fcb3bc5cd112.jpg", "bboxes": [[0.7809268292682925, 0.9232439024390244, 0.846780487804878, 0.9769024390243902]], "class": 1}