{"image": "474b1ad2-6b45-11ee-a503-fcb3bc5cd112.jpg", "bboxes": [[0.27121951219512197, 0.025097560975609754, 0.3370731707317075, 0.07875609756097561]], "class": 1}