{"image": "474b1ad2-6b45-11ee-a503-fcb3bc5cd112.jpg", "bboxes": [[0.09721951219512193, 0.9282439024390244, 0.16307317073170746, 0.9819024390243902]], "class": 1}