{"image": "474b1ad2-6b45-11ee-a503-fcb3bc5cd112.jpg", "bboxes": [[0.7509268292682926, 0.09109756097560975, 0.816780487804878, 0.1447560975609756]], "class": 1}