{"image": "474b1ad2-6b45-11ee-a503-fcb3bc5cd112.jpg", "bboxes": [[0.0, 0.9182439024390244, 0.003073170731707431, 0.9719024390243902]], "class": 1}