{"image": "47fb5469-759d-11ee-b5be-fcb3bc5cd112.jpg", "bboxes": [[0.9569620253164558, 0.6185443037974684, 1.0, 0.6906962025316455], [0.8860759493670887, 0.6248734177215189, 0.9506329113924052, 0.6881645569620253], [0.7734177215189875, 0.5261392405063291, 0.8189873417721522, 0.5805696202531645], [0.6493670886075951, 0.6248734177215189, 0.7101265822784811, 0.6932278481012657], [0.59873417721519, 0.6236075949367089, 0.6569620253164558, 0.6982911392405062], [0.5088607594936709, 0.5324683544303797, 0.5544303797468355, 0.5755063291139241], [0.47088607594936716, 0.5324683544303797, 0.5151898734177215, 0.5755063291139241], [0.3139240506329114, 0.5210759493670886, 0.35822784810126584, 0.5742405063291139], [0.2784810126582279, 0.5198101265822784, 0.32151898734177226, 0.5717088607594937], [0.16329113924050637, 0.5375316455696202, 0.2063291139240507, 0.5919620253164557], [0.12278481012658232, 0.5312025316455696, 0.16835443037974687, 0.5894303797468354], [0.03417721518987355, 0.5223417721518987, 0.07721518987341779, 0.565379746835443], [0.8417721518987343, 0.5071518987341772, 0.8848101265822786, 0.5565189873417721]], "class": 13}