{"image": "47fb5469-759d-11ee-b5be-fcb3bc5cd112.jpg", "bboxes": [[0.0, 0.0, 0.09164556962025316, 0.08922784810126583], [0.09459725441255118, 0.0, 0.2511392405063291, 0.08163291139240503], [0.0, 0.2778354430379748, 0.06886075949367065, 0.3601139240506329], [0.07518987341772143, 0.271506329113924, 0.15620253164556952, 0.3601139240506329], [0.3410126582278481, 0.420873417721519, 0.4005063291139238, 0.49302531645569625], [0.4346835443037974, 0.3753037974683544, 0.5030379746835443, 0.44745569620253156], [0.5093670886075947, 0.3778354430379748, 0.5739240506329113, 0.441126582278481], [0.6410126582278479, 0.48543037974683545, 0.6865822784810125, 0.5398607594936708], [0.7498734177215189, 0.37277215189873425, 0.8106329113924049, 0.441126582278481], [0.8030379746835442, 0.3677088607594937, 0.8612658227848101, 0.44239240506329114], [0.15240506329113923, 0.4803670886075949, 0.18784810126582263, 0.5221392405063291], [0.0, 0.5272025316455695, 0.04101265822784805, 0.5689746835443038], [0.9055696202531646, 0.490493670886076, 0.951139240506329, 0.5335316455696203], [0.9448101265822785, 0.490493670886076, 0.9891139240506328, 0.5335316455696203], [0.5751898734177214, 0.5094810126582279, 0.6182278481012656, 0.5588481012658228], [0.1827848101265822, 0.47403797468354436, 0.2372151898734176, 0.5259367088607595]], "class": 16}