{"image": "47fb5469-759d-11ee-b5be-fcb3bc5cd112.jpg", "bboxes": [[0.00887341772151884, 0.36277215189873424, 0.0696329113924049, 0.431126582278481], [0.06203797468354422, 0.3577088607594937, 0.12026582278481013, 0.43239240506329113], [0.16456962025316457, 0.480493670886076, 0.21013924050632904, 0.5235316455696203], [0.20381012658227848, 0.480493670886076, 0.24811392405063282, 0.5235316455696203], [0.36077215189873413, 0.4817594936708861, 0.4050759493670886, 0.5349240506329114], [0.3974810126582278, 0.4842911392405064, 0.4405189873417721, 0.5361898734177215], [0.5126708860759492, 0.46403797468354435, 0.5557088607594936, 0.5184683544303799], [0.5506455696202531, 0.4665696202531645, 0.5962151898734176, 0.5247974683544304], [0.6417848101265822, 0.49062025316455693, 0.6848227848101265, 0.5336582278481012]], "class": 9}