{"image": "47fb5469-759d-11ee-b5be-fcb3bc5cd112.jpg", "bboxes": [[0.9794177215189875, 0.4661392405063291, 1.0, 0.5205696202531646], [0.855367088607595, 0.564873417721519, 0.9161265822784811, 0.6332278481012658], [0.8047341772151899, 0.5636075949367089, 0.8629620253164557, 0.6382911392405063], [0.7148607594936709, 0.4724683544303797, 0.7604303797468355, 0.515506329113924], [0.6768860759493672, 0.4724683544303797, 0.7211898734177216, 0.515506329113924], [0.5199240506329115, 0.46107594936708857, 0.5642278481012659, 0.5142405063291139], [0.4844810126582279, 0.4598101265822785, 0.5275189873417723, 0.5117088607594936], [0.3692911392405064, 0.4775316455696202, 0.4123291139240507, 0.5319620253164556], [0.32878481012658234, 0.4712025316455696, 0.37435443037974686, 0.5294303797468355], [0.24017721518987356, 0.4623417721518987, 0.28321518987341776, 0.5053797468354431]], "class": 10}