{"image": "47fb5469-759d-11ee-b5be-fcb3bc5cd112.jpg", "bboxes": [[0.9864177215189875, 0.5301392405063291, 1.0, 0.5845696202531645], [0.862367088607595, 0.628873417721519, 0.9231265822784811, 0.6972278481012657], [0.8117341772151899, 0.6276075949367089, 0.8699620253164557, 0.7022911392405062], [0.7218607594936709, 0.5364683544303797, 0.7674303797468355, 0.5795063291139241], [0.6838860759493672, 0.5364683544303797, 0.7281898734177216, 0.5795063291139241], [0.5269240506329114, 0.5250759493670886, 0.5712278481012658, 0.578240506329114], [0.49148101265822786, 0.5238101265822784, 0.5345189873417723, 0.5757088607594937], [0.3762911392405064, 0.5415316455696202, 0.4193291139240507, 0.5959620253164557], [0.33578481012658234, 0.5352025316455696, 0.38135443037974687, 0.5934303797468354], [0.24717721518987354, 0.5263417721518987, 0.29021518987341777, 0.569379746835443]], "class": 10}