{"image": "47fb5469-759d-11ee-b5be-fcb3bc5cd112.jpg", "bboxes": [[0.0, 0.0, 0.022645569620253103, 0.031227848101265887], [0.025597254412551118, 0.0, 0.18213924050632913, 0.023632911392405087], [0.00618987341772137, 0.2135063291139241, 0.08720253164556946, 0.302113924050633], [0.27201265822784804, 0.36287341772151904, 0.33150632911392386, 0.4350253164556963], [0.36568354430379735, 0.31730379746835446, 0.4340379746835442, 0.3894556962025316], [0.44036708860759477, 0.31983544303797473, 0.5049240506329113, 0.38312658227848106], [0.5720126582278479, 0.4274303797468355, 0.6175822784810125, 0.4818607594936709], [0.6808734177215189, 0.3147721518987342, 0.741632911392405, 0.38312658227848106], [0.7340379746835443, 0.3097088607594938, 0.7922658227848101, 0.3843924050632911], [0.08340506329113917, 0.422367088607595, 0.11884810126582257, 0.46413924050632904], [0.8365696202531645, 0.43249367088607593, 0.8821392405063291, 0.47553164556962035], [0.8758101265822785, 0.43249367088607593, 0.9201139240506329, 0.47553164556962035], [0.5061898734177215, 0.45148101265822793, 0.5492278481012656, 0.5008481012658228], [0.11378481012658226, 0.4160379746835443, 0.16821518987341755, 0.46793670886075944]], "class": 14}