{"image": "47fb5469-759d-11ee-b5be-fcb3bc5cd112.jpg", "bboxes": [[0.9183670886075951, 0.563873417721519, 0.9791265822784812, 0.6322278481012658], [0.8677341772151899, 0.5626075949367089, 0.9259620253164558, 0.6372911392405063], [0.777860759493671, 0.4714683544303797, 0.8234303797468354, 0.514506329113924], [0.7398860759493672, 0.4714683544303797, 0.7841898734177215, 0.514506329113924], [0.5829240506329114, 0.46007594936708857, 0.6272278481012659, 0.5132405063291139], [0.5474810126582279, 0.4588101265822785, 0.5905189873417722, 0.5107088607594936], [0.4322911392405064, 0.4765316455696202, 0.4753291139240507, 0.5309620253164556], [0.39178481012658234, 0.4702025316455696, 0.43735443037974686, 0.5284303797468355], [0.30317721518987356, 0.4613417721518987, 0.34621518987341776, 0.5043797468354431]], "class": 9}