{"image": "47fb5469-759d-11ee-b5be-fcb3bc5cd112.jpg", "bboxes": [[0.9810759493670888, 0.35883544303797477, 1.0, 0.422126582278481], [0.8684177215189874, 0.46643037974683543, 0.9139873417721521, 0.5208607594936709], [0.744367088607595, 0.35377215189873423, 0.8051265822784811, 0.422126582278481], [0.6937341772151899, 0.3487088607594937, 0.7519620253164557, 0.4233924050632911], [0.6038607594936709, 0.47149367088607597, 0.6494303797468355, 0.5145316455696203], [0.5658860759493671, 0.47149367088607597, 0.6101898734177215, 0.5145316455696203], [0.40892405063291143, 0.4727594936708861, 0.4532278481012659, 0.5259240506329115], [0.37348101265822786, 0.47529113924050637, 0.41651898734177223, 0.5271898734177215], [0.2582911392405064, 0.45503797468354434, 0.3013291139240507, 0.5094683544303797], [0.21778481012658232, 0.4575696202531645, 0.2633544303797469, 0.5157974683544304], [0.12917721518987355, 0.4816202531645569, 0.17221518987341777, 0.5246582278481013], [0.9367721518987344, 0.49048101265822786, 0.9798101265822786, 0.5398481012658228]], "class": 12}