{"image": "4a7a1da3-759d-11ee-a1ef-fcb3bc5cd112.jpg", "bboxes": [[0.5854810126582278, 0.47763291139240505, 0.6310506329113925, 0.5143417721518987], [0.5715569620253166, 0.5307974683544304, 0.6158607594936709, 0.5788987341772152], [0.5348481012658228, 0.5307974683544304, 0.5728227848101267, 0.5738354430379746], [0.31586075949367115, 0.5029493670886076, 0.3563670886075952, 0.5459873417721519], [0.2766202531645572, 0.5029493670886076, 0.31586075949367115, 0.5497848101265822], [0.0994050632911393, 0.5105443037974684, 0.14244303797468366, 0.5599113924050633], [0.05510126582278474, 0.5118101265822785, 0.0994050632911393, 0.5599113924050633], [0.4272531645569623, 0.43459493670886074, 0.45383544303797474, 0.47256962025316457], [0.4019367088607596, 0.437126582278481, 0.42978481012658243, 0.4700379746835443], [0.3702911392405065, 0.4080126582278481, 0.3943417721518988, 0.43839240506329114], [0.35144444444444434, 0.41255555555555556, 0.37588888888888894, 0.43922222222222224], [0.2958888888888889, 0.4103333333333333, 0.317, 0.4325555555555555], [0.2903333333333333, 0.407, 0.31811111111111107, 0.43811111111111106], [0.2692222222222222, 0.40588888888888885, 0.29366666666666674, 0.437], [0.46255555555555544, 0.3981111111111111, 0.49033333333333323, 0.4225555555555555], [0.5047777777777779, 0.3936666666666666, 0.5281111111111111, 0.42144444444444445], [0.23811111111111108, 0.3981111111111111, 0.2636666666666667, 0.4181111111111111], [0.217, 0.397, 0.24477777777777782, 0.4225555555555555], [0.197, 0.392, 0.217, 0.411], [0.182, 0.395, 0.199, 0.413], [0.054, 0.393, 0.075, 0.413], [0.036, 0.393, 0.058, 0.41200000000000003], [0.113, 0.395, 0.132, 0.415], [0.09700000000000011, 0.393, 0.117, 0.415], [0.329, 0.387, 0.348, 0.405], [0.141, 0.391, 0.162, 0.413]], "class": 26}