{"image": "4a7a1da3-759d-11ee-a1ef-fcb3bc5cd112.jpg", "bboxes": [[0.8294810126582279, 0.5406582278481014, 0.8750506329113925, 0.577367088607595], [0.8155569620253166, 0.4761012658227849, 0.8598607594936709, 0.5242025316455696], [0.7788481012658228, 0.4811645569620253, 0.8168227848101267, 0.5242025316455696], [0.5598607594936711, 0.509012658227848, 0.6003670886075951, 0.5520506329113924], [0.5206202531645572, 0.5052151898734178, 0.5598607594936711, 0.5520506329113924], [0.3434050632911393, 0.4950886075949368, 0.38644303797468366, 0.5444556962025315], [0.29910126582278473, 0.4950886075949368, 0.3434050632911393, 0.5431898734177215], [0.6712531645569623, 0.5824303797468355, 0.6978354430379747, 0.6204050632911393], [0.6459367088607596, 0.5849620253164557, 0.6737848101265824, 0.617873417721519], [0.6142911392405065, 0.6166075949367089, 0.6383417721518988, 0.6469873417721519], [0.5954444444444443, 0.6157777777777778, 0.6198888888888889, 0.6424444444444445], [0.5398888888888889, 0.6224444444444445, 0.561, 0.6446666666666667], [0.5343333333333332, 0.6168888888888889, 0.5621111111111111, 0.648], [0.5132222222222221, 0.618, 0.5376666666666667, 0.6491111111111112], [0.7065555555555554, 0.6324444444444445, 0.7343333333333333, 0.6568888888888889], [0.7487777777777779, 0.6335555555555555, 0.7721111111111111, 0.6613333333333333], [0.4821111111111111, 0.6368888888888888, 0.5076666666666667, 0.6568888888888889], [0.461, 0.6324444444444445, 0.4887777777777778, 0.6579999999999999], [0.441, 0.644, 0.461, 0.663], [0.426, 0.642, 0.443, 0.6599999999999999], [0.298, 0.642, 0.319, 0.6619999999999999], [0.28, 0.643, 0.302, 0.6619999999999999], [0.357, 0.64, 0.376, 0.6599999999999999], [0.34100000000000014, 0.64, 0.361, 0.6619999999999999], [0.573, 0.65, 0.592, 0.6679999999999999], [0.385, 0.642, 0.406, 0.6639999999999999]], "class": 26}