{"image": "4a7a1da3-759d-11ee-a1ef-fcb3bc5cd112.jpg", "bboxes": [[0.7928607594936712, 0.4690126582278481, 0.8333670886075952, 0.5120506329113924], [0.7536202531645572, 0.4652151898734178, 0.7928607594936712, 0.5120506329113924], [0.5764050632911393, 0.45508860759493674, 0.6194430379746837, 0.5044556962025316], [0.5321012658227847, 0.45508860759493674, 0.5764050632911393, 0.5031898734177216], [0.9042531645569623, 0.5424303797468355, 0.9308354430379747, 0.5804050632911393], [0.8789367088607596, 0.5449620253164558, 0.9067848101265824, 0.577873417721519], [0.8472911392405065, 0.5766075949367089, 0.8713417721518988, 0.6069873417721519], [0.8284444444444443, 0.5757777777777777, 0.8528888888888889, 0.6024444444444444], [0.772888888888889, 0.5824444444444444, 0.794, 0.6046666666666667], [0.7673333333333333, 0.5768888888888889, 0.7951111111111111, 0.608], [0.7462222222222221, 0.5780000000000001, 0.7706666666666667, 0.6091111111111112], [0.9395555555555555, 0.5924444444444444, 0.9673333333333333, 0.6168888888888889], [0.9817777777777779, 0.5935555555555556, 1.0, 0.6213333333333333], [0.715111111111111, 0.5968888888888889, 0.7406666666666667, 0.6168888888888889], [0.694, 0.5924444444444444, 0.7217777777777779, 0.618], [0.674, 0.604, 0.694, 0.623], [0.659, 0.602, 0.676, 0.62], [0.531, 0.602, 0.552, 0.622], [0.513, 0.603, 0.535, 0.622], [0.59, 0.6, 0.609, 0.62], [0.5740000000000001, 0.6, 0.594, 0.622], [0.806, 0.61, 0.825, 0.628], [0.618, 0.602, 0.639, 0.624]], "class": 23}