{"image": "4a7a1da3-759d-11ee-a1ef-fcb3bc5cd112.jpg", "bboxes": [[0.0816329113924048, 0.46394936708860757, 0.12213924050632885, 0.5069873417721519], [0.12213924050632885, 0.46394936708860757, 0.16137974683544276, 0.5107848101265822], [0.29555696202531634, 0.47154430379746837, 0.33859493670886065, 0.5209113924050632], [0.33859493670886065, 0.4728101265822785, 0.3828987341772152, 0.5209113924050632], [0.0, 0.39559493670886076, 0.010746835443037783, 0.43356962025316453], [0.008215189873417517, 0.398126582278481, 0.03606329113924034, 0.43103797468354427], [0.04365822784810125, 0.36901265822784807, 0.06770886075949356, 0.3993924050632911], [0.06211111111111112, 0.37355555555555553, 0.08655555555555561, 0.4002222222222222], [0.121, 0.3713333333333333, 0.14211111111111108, 0.39355555555555555], [0.11988888888888893, 0.368, 0.14766666666666672, 0.3991111111111111], [0.1443333333333332, 0.3668888888888889, 0.1687777777777778, 0.398], [0.17433333333333323, 0.3591111111111111, 0.1998888888888889, 0.37911111111111107], [0.19322222222222218, 0.358, 0.22099999999999997, 0.38355555555555554], [0.22099999999999997, 0.353, 0.241, 0.372], [0.239, 0.356, 0.256, 0.374], [0.363, 0.354, 0.384, 0.374], [0.38, 0.354, 0.402, 0.37300000000000005], [0.30600000000000005, 0.356, 0.32499999999999996, 0.376], [0.32099999999999995, 0.354, 0.34099999999999986, 0.376], [0.08999999999999997, 0.348, 0.10899999999999999, 0.366], [0.276, 0.352, 0.29700000000000004, 0.374]], "class": 21}