{"image": "4a7a1da3-759d-11ee-a1ef-fcb3bc5cd112.jpg", "bboxes": [[0.0, 0.44394936708860755, 0.03313924050632888, 0.4869873417721519], [0.03313924050632888, 0.44394936708860755, 0.0723797468354428, 0.4907848101265822], [0.20655696202531637, 0.4515443037974684, 0.24959493670886068, 0.5009113924050632], [0.24959493670886068, 0.4528101265822785, 0.29389873417721524, 0.5009113924050632], [0.03200000000000003, 0.35133333333333333, 0.05311111111111111, 0.37355555555555553], [0.030888888888888966, 0.348, 0.058666666666666756, 0.37911111111111107], [0.055333333333333234, 0.34688888888888886, 0.07977777777777784, 0.378], [0.08533333333333326, 0.3391111111111111, 0.11088888888888893, 0.3591111111111111], [0.10422222222222222, 0.338, 0.132, 0.3635555555555555], [0.132, 0.333, 0.15200000000000002, 0.352], [0.15000000000000002, 0.336, 0.16700000000000004, 0.354], [0.274, 0.334, 0.29500000000000004, 0.354], [0.29100000000000004, 0.334, 0.31299999999999994, 0.35300000000000004], [0.21699999999999997, 0.336, 0.236, 0.356], [0.23199999999999998, 0.334, 0.2519999999999999, 0.356], [0.0010000000000000009, 0.328, 0.020000000000000018, 0.346], [0.18700000000000006, 0.332, 0.20799999999999996, 0.354]], "class": 17}