{"image": "4a7a1da3-759d-11ee-a1ef-fcb3bc5cd112.jpg", "bboxes": [[0.8948607594936712, 0.45094936708860756, 0.9353670886075952, 0.4939873417721519], [0.8556202531645571, 0.45094936708860756, 0.8948607594936712, 0.4977848101265822], [0.6784050632911393, 0.4585443037974684, 0.7214430379746837, 0.5079113924050632], [0.6341012658227847, 0.4598101265822785, 0.6784050632911393, 0.5079113924050632], [0.9809367088607596, 0.385126582278481, 1.0, 0.4180379746835443], [0.9492911392405065, 0.35601265822784806, 0.9733417721518988, 0.3863924050632911], [0.9304444444444443, 0.3605555555555555, 0.9548888888888889, 0.38722222222222225], [0.8748888888888889, 0.35833333333333334, 0.896, 0.38055555555555554], [0.8693333333333333, 0.355, 0.8971111111111111, 0.38611111111111107], [0.8482222222222222, 0.35388888888888886, 0.8726666666666667, 0.385], [0.8171111111111111, 0.3461111111111111, 0.8426666666666668, 0.3661111111111111], [0.796, 0.345, 0.8237777777777778, 0.3705555555555555], [0.776, 0.34, 0.796, 0.359], [0.761, 0.343, 0.778, 0.361], [0.633, 0.341, 0.654, 0.361], [0.615, 0.341, 0.637, 0.36000000000000004], [0.692, 0.343, 0.711, 0.363], [0.6760000000000002, 0.341, 0.696, 0.363], [0.908, 0.335, 0.927, 0.353], [0.72, 0.339, 0.741, 0.361]], "class": 20}