{"image": "4a7a1da3-759d-11ee-a1ef-fcb3bc5cd112.jpg", "bboxes": [[0.9288607594936711, 0.46494936708860757, 0.9693670886075951, 0.5079873417721519], [0.8896202531645572, 0.46494936708860757, 0.9288607594936711, 0.5117848101265822], [0.7124050632911393, 0.47254430379746837, 0.7554430379746836, 0.5219113924050632], [0.6681012658227847, 0.4738101265822785, 0.7124050632911393, 0.5219113924050632], [0.9832911392405065, 0.37001265822784807, 1.0, 0.4003924050632911], [0.9644444444444443, 0.37455555555555553, 0.9888888888888889, 0.4012222222222222], [0.908888888888889, 0.3723333333333333, 0.93, 0.39455555555555555], [0.9033333333333332, 0.369, 0.9311111111111111, 0.4001111111111111], [0.8822222222222221, 0.3678888888888889, 0.9066666666666667, 0.399], [0.851111111111111, 0.3601111111111111, 0.8766666666666667, 0.38011111111111107], [0.83, 0.359, 0.8577777777777779, 0.38455555555555554], [0.81, 0.354, 0.83, 0.373], [0.795, 0.357, 0.812, 0.375], [0.667, 0.355, 0.688, 0.375], [0.649, 0.355, 0.671, 0.37400000000000005], [0.726, 0.357, 0.745, 0.377], [0.7100000000000001, 0.355, 0.73, 0.377], [0.942, 0.349, 0.961, 0.367], [0.754, 0.353, 0.775, 0.375]], "class": 19}