{"image": "4a7a1da3-759d-11ee-a1ef-fcb3bc5cd112.jpg", "bboxes": [[0.09455696202531638, 0.4845443037974684, 0.1375949367088607, 0.5339113924050632], [0.1375949367088607, 0.4858101265822785, 0.18189873417721525, 0.5339113924050632], [0.0, 0.371, 0.020000000000000018, 0.39655555555555555], [0.020000000000000018, 0.366, 0.040000000000000036, 0.385], [0.038000000000000034, 0.369, 0.05500000000000005, 0.387], [0.16200000000000003, 0.367, 0.18300000000000005, 0.387], [0.17900000000000005, 0.367, 0.20099999999999996, 0.38600000000000007], [0.10499999999999998, 0.369, 0.124, 0.389], [0.12, 0.367, 0.1399999999999999, 0.389], [0.07499999999999996, 0.365, 0.09599999999999997, 0.387]], "class": 10}