{"image": "4a7a1da3-759d-11ee-a1ef-fcb3bc5cd112.jpg", "bboxes": [[0.6424810126582279, 0.41263291139240504, 0.6880506329113926, 0.4493417721518987], [0.6285569620253166, 0.4657974683544304, 0.6728607594936709, 0.5138987341772151], [0.5918481012658229, 0.4657974683544304, 0.6298227848101267, 0.5088354430379747], [0.37286075949367115, 0.4379493670886076, 0.4133670886075952, 0.4809873417721519], [0.3336202531645572, 0.4379493670886076, 0.37286075949367115, 0.4847848101265822], [0.1564050632911393, 0.4455443037974684, 0.19944303797468366, 0.4949113924050632], [0.11210126582278473, 0.4468101265822785, 0.1564050632911393, 0.4949113924050632], [0.48425316455696227, 0.36959493670886073, 0.5108354430379748, 0.40756962025316457], [0.4589367088607596, 0.372126582278481, 0.4867848101265824, 0.4050379746835443], [0.4272911392405065, 0.3430126582278481, 0.4513417721518988, 0.37339240506329113], [0.40844444444444433, 0.34755555555555556, 0.43288888888888893, 0.37422222222222223], [0.3528888888888889, 0.3453333333333333, 0.374, 0.3675555555555555], [0.34733333333333327, 0.342, 0.37511111111111106, 0.37311111111111106], [0.3262222222222222, 0.34088888888888885, 0.35066666666666674, 0.372], [0.5195555555555554, 0.3331111111111111, 0.5473333333333332, 0.3575555555555555], [0.5617777777777778, 0.3286666666666666, 0.5851111111111111, 0.35644444444444445], [0.2951111111111111, 0.3331111111111111, 0.32066666666666677, 0.3531111111111111], [0.274, 0.332, 0.3017777777777778, 0.3575555555555555], [0.254, 0.327, 0.274, 0.346], [0.239, 0.33, 0.256, 0.348], [0.111, 0.328, 0.132, 0.348], [0.093, 0.328, 0.115, 0.34700000000000003], [0.17, 0.33, 0.189, 0.35], [0.1540000000000001, 0.328, 0.174, 0.35], [0.386, 0.322, 0.405, 0.34], [0.198, 0.326, 0.219, 0.348]], "class": 26}