{"image": "4a7a1da3-759d-11ee-a1ef-fcb3bc5cd112.jpg", "bboxes": [[0.9264050632911393, 0.4935443037974684, 0.9694430379746837, 0.5429113924050633], [0.8821012658227847, 0.49481012658227846, 0.9264050632911393, 0.5429113924050633], [0.881, 0.376, 0.902, 0.396], [0.863, 0.376, 0.885, 0.3950000000000001], [0.94, 0.378, 0.959, 0.398], [0.9240000000000002, 0.376, 0.944, 0.398], [0.968, 0.374, 0.989, 0.396]], "class": 7}