{"image": "4a7a1da3-759d-11ee-a1ef-fcb3bc5cd112.jpg", "bboxes": [[0.32794936708860745, 0.46563291139240504, 0.37351898734177214, 0.5023417721518987], [0.34313924050632905, 0.5187974683544304, 0.3874430379746834, 0.5668987341772151], [0.38617721518987336, 0.5187974683544304, 0.42415189873417714, 0.5618354430379746], [0.6026329113924048, 0.4909493670886076, 0.6431392405063289, 0.5339873417721519], [0.6431392405063289, 0.4909493670886076, 0.6823797468354428, 0.5377848101265822], [0.8165569620253164, 0.4985443037974684, 0.8595949367088607, 0.5479113924050633], [0.8595949367088607, 0.49981012658227847, 0.9038987341772152, 0.5479113924050633], [0.5051645569620252, 0.4225949367088608, 0.5317468354430377, 0.46056962025316456], [0.5292151898734175, 0.425126582278481, 0.5570632911392404, 0.4580379746835443], [0.5646582278481012, 0.3960126582278481, 0.5887088607594935, 0.4263924050632911], [0.5831111111111111, 0.40055555555555555, 0.6075555555555556, 0.4272222222222222], [0.642, 0.3983333333333333, 0.6631111111111111, 0.4205555555555555], [0.6408888888888888, 0.395, 0.6686666666666667, 0.4261111111111111], [0.6653333333333333, 0.39388888888888884, 0.6897777777777778, 0.425], [0.4686666666666668, 0.38611111111111107, 0.4964444444444446, 0.41055555555555556], [0.4308888888888889, 0.38166666666666665, 0.4542222222222222, 0.40944444444444444], [0.6953333333333332, 0.38611111111111107, 0.7208888888888889, 0.4061111111111111], [0.7142222222222221, 0.385, 0.742, 0.41055555555555556], [0.742, 0.38, 0.762, 0.399], [0.76, 0.383, 0.777, 0.401], [0.884, 0.381, 0.905, 0.401], [0.901, 0.381, 0.923, 0.4000000000000001], [0.827, 0.383, 0.846, 0.403], [0.842, 0.381, 0.8619999999999999, 0.403], [0.611, 0.375, 0.63, 0.393], [0.7969999999999999, 0.379, 0.8180000000000001, 0.401]], "class": 26}