{"image": "4b190315-6b42-11ee-a648-fcb3bc5cd112.jpg", "bboxes": [[0.41375609756097564, 0.499829268292683, 0.478390243902439, 0.5547073170731708], [0.47229268292682924, 0.5083658536585366, 0.5186341463414634, 0.5595853658536586]], "class": 2}