{"image": "4b190315-6b42-11ee-a648-fcb3bc5cd112.jpg", "bboxes": [[0.264609756097561, 0.449829268292683, 0.3292439024390244, 0.5047073170731707], [0.2243658536585366, 0.4583658536585366, 0.27070731707317075, 0.5095853658536585]], "class": 2}