{"image": "4b190315-6b42-11ee-a648-fcb3bc5cd112.jpg", "bboxes": [[0.140609756097561, 0.5068292682926829, 0.2052439024390244, 0.5617073170731708], [0.10036585365853659, 0.5153658536585366, 0.14670731707317078, 0.5665853658536586]], "class": 2}