{"image": "4b190315-6b42-11ee-a648-fcb3bc5cd112.jpg", "bboxes": [[0.322609756097561, 0.47382926829268296, 0.3872439024390244, 0.5287073170731708], [0.2823658536585366, 0.48236585365853657, 0.32870731707317075, 0.5335853658536586]], "class": 2}