{"image": "4b190315-6b42-11ee-a648-fcb3bc5cd112.jpg", "bboxes": [[0.6757560975609755, 0.47829268292682925, 0.740390243902439, 0.5331707317073171], [0.7342926829268293, 0.47341463414634144, 0.7806341463414634, 0.5246341463414634]], "class": 2}