{"image": "4b190315-6b42-11ee-a648-fcb3bc5cd112.jpg", "bboxes": [[0.384609756097561, 0.446829268292683, 0.4492439024390244, 0.5017073170731707], [0.3443658536585366, 0.4553658536585366, 0.39070731707317075, 0.5065853658536585]], "class": 2}