{"image": "4c6d0c05-759d-11ee-b0c3-fcb3bc5cd112.jpg", "bboxes": [[0.1496962025316454, 0.49143037974683546, 0.19273417721518982, 0.5433291139240506], [0.18893670886075953, 0.4888987341772153, 0.23197468354430362, 0.5369999999999999], [0.3496962025316456, 0.5205443037974684, 0.3889367088607595, 0.5686455696202531], [0.38767088607594924, 0.5243417721518988, 0.4319746835443037, 0.5635822784810126], [0.2572911392405064, 0.5749746835443038, 0.2927341772151898, 0.6078860759493672], [0.2851392405063291, 0.5737088607594937, 0.324379746835443, 0.6028227848101266], [0.12437974683544284, 0.5775063291139241, 0.15982278481012646, 0.6205443037974684], [0.0914683544303796, 0.6180126582278481, 0.12058227848101255, 0.6471265822784811], [0.037037974683544195, 0.6243417721518987, 0.06235443037974664, 0.6496582278481013], [0.056025316455696195, 0.6230759493670888, 0.08260759493670866, 0.6445949367088608], [0.324379746835443, 0.6294050632911392, 0.3471645569620252, 0.6509240506329115], [0.20032911392405062, 0.6420632911392405, 0.22564556962025317, 0.6610506329113924]], "class": 12}