{"image": "4c6d0c05-759d-11ee-b0c3-fcb3bc5cd112.jpg", "bboxes": [[0.5251645569620255, 0.46241772151898736, 0.5707341772151899, 0.5067215189873419], [0.4846582278481014, 0.4636835443037975, 0.5289620253164558, 0.5105189873417721], [0.2732658227848102, 0.4826708860759494, 0.3163037974683546, 0.5345696202531646], [0.23402531645569638, 0.489, 0.2770632911392405, 0.5371012658227847], [0.0770632911392405, 0.4573544303797469, 0.11630379746835445, 0.5054556962025316], [0.03402531645569627, 0.46241772151898736, 0.07832911392405072, 0.5016582278481012], [0.1732658227848102, 0.41811392405063286, 0.20870886075949363, 0.4510253164556962], [0.14162025316455698, 0.42317721518987345, 0.18086075949367092, 0.4522911392405063], [0.30617721518987356, 0.40545569620253163, 0.3416202531645572, 0.4484936708860759], [0.3454177215189875, 0.378873417721519, 0.37453164556962043, 0.40798734177215185], [0.40364556962025333, 0.37634177215189873, 0.4289620253164558, 0.40165822784810123], [0.3833924050632913, 0.38140506329113927, 0.40997468354430383, 0.4029240506329113], [0.11883544303797476, 0.3750759493670886, 0.14162025316455698, 0.39659493670886076], [0.24035443037974688, 0.3649493670886076, 0.2656708860759494, 0.3839367088607595]], "class": 14}