{"image": "4c6d0c05-759d-11ee-b0c3-fcb3bc5cd112.jpg", "bboxes": [[0.3622658227848101, 0.4482784810126582, 0.4078354430379745, 0.49258227848101266], [0.4040379746835442, 0.4444810126582279, 0.4483417721518985, 0.4913164556962025], [0.6166962025316454, 0.4204303797468355, 0.6597341772151898, 0.47232911392405064], [0.6559367088607595, 0.41789873417721524, 0.6989746835443036, 0.46599999999999997], [0.8166962025316455, 0.44954430379746835, 0.8559367088607595, 0.4976455696202531], [0.8546708860759493, 0.45334177215189875, 0.8989746835443038, 0.49258227848101266], [0.7242911392405064, 0.5039746835443037, 0.7597341772151898, 0.5368860759493671], [0.7521392405063291, 0.5027088607594936, 0.7913797468354431, 0.5318227848101266], [0.5913797468354428, 0.506506329113924, 0.6268227848101264, 0.5495443037974683], [0.5584683544303796, 0.5470126582278481, 0.5875822784810125, 0.576126582278481], [0.5040379746835442, 0.5533417721518987, 0.5293544303797466, 0.5786582278481013], [0.5230253164556962, 0.5520759493670887, 0.5496075949367087, 0.5735949367088607], [0.7913797468354431, 0.5584050632911393, 0.8141645569620253, 0.5799240506329114], [0.6673291139240506, 0.5710632911392405, 0.6926455696202531, 0.5900506329113924]], "class": 14}