{"image": "4c6d0c05-759d-11ee-b0c3-fcb3bc5cd112.jpg", "bboxes": [[0.0006962025316454845, 0.46343037974683543, 0.043734177215189796, 0.5153291139240506], [0.03993670886075951, 0.4608987341772153, 0.0829746835443036, 0.509], [0.20069620253164555, 0.4925443037974684, 0.23993670886075946, 0.5406455696202531], [0.23867088607594933, 0.4963417721518988, 0.2829746835443038, 0.5355822784810127], [0.10829113924050637, 0.5469746835443038, 0.14373417721518977, 0.5798860759493671], [0.13613924050632908, 0.5457088607594938, 0.175379746835443, 0.5748227848101266], [0.0, 0.5495063291139242, 0.01082278481012644, 0.5925443037974684], [0.175379746835443, 0.6014050632911392, 0.19816455696202528, 0.6229240506329115], [0.051329113924050596, 0.6140632911392405, 0.07664556962025315, 0.6330506329113924]], "class": 9}