{"image": "4c6d0c05-759d-11ee-b0c3-fcb3bc5cd112.jpg", "bboxes": [[0.23326582278481012, 0.4582784810126582, 0.2788354430379745, 0.5025822784810126], [0.2750379746835442, 0.45448101265822793, 0.3193417721518985, 0.5013164556962025], [0.4876962025316455, 0.4304303797468354, 0.5307341772151898, 0.48232911392405065], [0.5269367088607595, 0.42789873417721525, 0.5699746835443036, 0.476], [0.6876962025316455, 0.45954430379746836, 0.7269367088607595, 0.5076455696202531], [0.7256708860759493, 0.46334177215189876, 0.7699746835443038, 0.5025822784810126], [0.5952911392405064, 0.5139746835443038, 0.6307341772151898, 0.5468860759493671], [0.6231392405063291, 0.5127088607594936, 0.6623797468354431, 0.5418227848101266], [0.4623797468354428, 0.516506329113924, 0.49782278481012643, 0.5595443037974683], [0.42946835443037956, 0.5570126582278481, 0.4585822784810125, 0.586126582278481], [0.3750379746835443, 0.5633417721518987, 0.4003544303797466, 0.5886582278481013], [0.39402531645569616, 0.5620759493670887, 0.42060759493670863, 0.5835949367088608], [0.6623797468354431, 0.5684050632911393, 0.6851645569620253, 0.5899240506329114], [0.5383291139240506, 0.5810632911392405, 0.5636455696202531, 0.6000506329113924]], "class": 14}