{"image": "4c6d0c05-759d-11ee-b0c3-fcb3bc5cd112.jpg", "bboxes": [[0.4912658227848101, 0.4364177215189874, 0.5368354430379745, 0.48072151898734183], [0.5330379746835443, 0.43768354430379747, 0.5773417721518985, 0.4845189873417721], [0.7456962025316454, 0.4566708860759494, 0.7887341772151898, 0.5085696202531645], [0.7849367088607595, 0.463, 0.8279746835443036, 0.5111012658227847], [0.9456962025316455, 0.43135443037974686, 0.9849367088607595, 0.4794556962025316], [0.9836708860759493, 0.4364177215189874, 1.0, 0.4756582278481012], [0.8532911392405064, 0.3921139240506329, 0.8887341772151898, 0.4250253164556962], [0.8811392405063291, 0.3971772151898734, 0.920379746835443, 0.4262911392405063], [0.7203797468354428, 0.3794556962025316, 0.7558227848101264, 0.4224936708860759], [0.6874683544303796, 0.352873417721519, 0.7165822784810125, 0.3819873417721519], [0.6330379746835442, 0.3503417721518987, 0.6583544303797466, 0.37565822784810127], [0.6520253164556962, 0.35540506329113924, 0.6786075949367087, 0.3769240506329113], [0.920379746835443, 0.3490759493670886, 0.9431645569620253, 0.37059493670886073], [0.7963291139240506, 0.33894936708860757, 0.8216455696202531, 0.3579367088607595]], "class": 14}