{"image": "4c6d0c05-759d-11ee-b0c3-fcb3bc5cd112.jpg", "bboxes": [[0.5112658227848101, 0.5072784810126582, 0.5568354430379745, 0.5515822784810126], [0.5530379746835442, 0.5034810126582279, 0.5973417721518985, 0.5503164556962026], [0.7656962025316454, 0.47943037974683544, 0.8087341772151898, 0.5313291139240506], [0.8049367088607595, 0.4768987341772153, 0.8479746835443036, 0.525], [0.9656962025316456, 0.5085443037974684, 1.0, 0.5566455696202531], [0.8732911392405064, 0.5629746835443038, 0.9087341772151898, 0.5958860759493672], [0.9011392405063291, 0.5617088607594937, 0.940379746835443, 0.5908227848101266], [0.7403797468354427, 0.5655063291139242, 0.7758227848101265, 0.6085443037974684], [0.7074683544303796, 0.6060126582278481, 0.7365822784810125, 0.6351265822784811], [0.6530379746835442, 0.6123417721518987, 0.6783544303797466, 0.6376582278481013], [0.6720253164556962, 0.6110759493670888, 0.6986075949367087, 0.6325949367088608], [0.940379746835443, 0.6174050632911392, 0.9631645569620253, 0.6389240506329115], [0.8163291139240506, 0.6300632911392405, 0.8416455696202532, 0.6490506329113924]], "class": 13}