{"image": "502d5c17-6b42-11ee-8ccb-fcb3bc5cd112.jpg", "bboxes": [[0.0, 0.6134878048780488, 0.11660975609756108, 0.7769024390243903]], "class": 1}