{"image": "503c5ec4-759d-11ee-b5c5-fcb3bc5cd112.jpg", "bboxes": [[0.0, 0.24956962025316454, 0.08983544303797453, 0.3710886075949368], [0.0847721518987341, 0.2521012658227848, 0.17970886075949355, 0.3609620253164557], [0.2088227848101265, 0.7217215189873418, 0.23667088607594933, 0.7596962025316456], [0.23413924050632906, 0.7217215189873418, 0.26198734177215166, 0.7609620253164557], [0.29616455696202526, 0.7508354430379747, 0.32021518987341757, 0.7862784810126582], [0.3176835443037974, 0.7483037974683544, 0.34553164556962024, 0.7824810126582278], [0.3721139240506327, 0.7407088607594937, 0.40882278481012646, 0.7799493670886075], [0.4113544303797466, 0.7394430379746835, 0.44046835443037957, 0.7748860759493671], [0.4797088607594935, 0.7584303797468355, 0.5024936708860757, 0.7824810126582278], [0.5202151898734175, 0.7761518987341772, 0.5467974683544303, 0.8002025316455696], [0.5417341772151898, 0.7774177215189874, 0.5632531645569618, 0.7989367088607594]], "class": 11}