{"image": "503c5ec4-759d-11ee-b5c5-fcb3bc5cd112.jpg", "bboxes": [[0.8821645569620254, 0.2125696202531645, 0.9834303797468356, 0.33408860759493675], [0.7922911392405065, 0.21510126582278488, 0.8872278481012659, 0.3239620253164558], [0.7353291139240508, 0.6847215189873418, 0.7631772151898736, 0.7226962025316456], [0.7100126582278483, 0.6847215189873418, 0.7378607594936709, 0.7239620253164557], [0.6517848101265824, 0.7138354430379747, 0.6758354430379747, 0.7492784810126583], [0.6264683544303798, 0.7113037974683545, 0.6543164556962027, 0.7454810126582279], [0.5631772151898735, 0.7037088607594937, 0.5998860759493673, 0.7429493670886076], [0.5315316455696204, 0.7024430379746835, 0.5606455696202534, 0.7378860759493671], [0.46950632911392426, 0.7214303797468354, 0.4922911392405065, 0.7454810126582279], [0.4252025316455696, 0.7391518987341772, 0.45178481012658245, 0.7632025316455696], [0.4087468354430382, 0.7404177215189873, 0.43026582278481024, 0.7619367088607594]], "class": 11}