{"image": "503c5ec4-759d-11ee-b5c5-fcb3bc5cd112.jpg", "bboxes": [[0.0, 0.7233037974683545, 0.00753164556962016, 0.7574810126582279], [0.03411392405063274, 0.7157088607594937, 0.0708227848101265, 0.7549493670886076], [0.07335443037974665, 0.7144430379746836, 0.1024683544303796, 0.7498860759493671], [0.14170886075949352, 0.7334303797468354, 0.1644936708860757, 0.7574810126582279], [0.18221518987341756, 0.7511518987341772, 0.20879746835443036, 0.7752025316455696], [0.20373417721518983, 0.7524177215189873, 0.22525316455696176, 0.7739367088607594]], "class": 6}