{"image": "503c5ec4-759d-11ee-b5c5-fcb3bc5cd112.jpg", "bboxes": [[0.9511772151898735, 0.7357088607594937, 0.9878860759493673, 0.7749493670886076], [0.9195316455696204, 0.7344430379746836, 0.9486455696202534, 0.7698860759493671], [0.8575063291139242, 0.7534303797468355, 0.8802911392405065, 0.7774810126582279], [0.8132025316455695, 0.7711518987341772, 0.8397848101265825, 0.7952025316455695], [0.7967468354430383, 0.7724177215189874, 0.8182658227848102, 0.7939367088607594]], "class": 5}