{"image": "503c5ec4-759d-11ee-b5c5-fcb3bc5cd112.jpg", "bboxes": [[0.9942911392405065, 0.21510126582278488, 1.0, 0.3239620253164558], [0.9373291139240507, 0.6847215189873418, 0.9651772151898735, 0.7226962025316456], [0.9120126582278483, 0.6847215189873418, 0.9398607594936709, 0.7239620253164557], [0.8537848101265825, 0.7138354430379747, 0.8778354430379748, 0.7492784810126583], [0.8284683544303798, 0.7113037974683545, 0.8563164556962026, 0.7454810126582279], [0.7651772151898736, 0.7037088607594937, 0.8018860759493673, 0.7429493670886076], [0.7335316455696205, 0.7024430379746835, 0.7626455696202533, 0.7378860759493671], [0.6715063291139243, 0.7214303797468354, 0.6942911392405064, 0.7454810126582279], [0.6272025316455696, 0.7391518987341772, 0.6537848101265824, 0.7632025316455696], [0.6107468354430382, 0.7404177215189873, 0.6322658227848102, 0.7619367088607594]], "class": 10}