{"image": "503c5ec4-759d-11ee-b5c5-fcb3bc5cd112.jpg", "bboxes": [[0.9837848101265825, 0.7708354430379747, 1.0, 0.8062784810126582], [0.9584683544303798, 0.7683037974683544, 0.9863164556962026, 0.8024810126582278], [0.8951772151898736, 0.7607088607594936, 0.9318860759493673, 0.7999493670886075], [0.8635316455696205, 0.7594430379746835, 0.8926455696202533, 0.794886075949367], [0.8015063291139243, 0.7784303797468355, 0.8242911392405065, 0.8024810126582278], [0.7572025316455696, 0.7961518987341772, 0.7837848101265824, 0.8202025316455696], [0.7407468354430382, 0.7974177215189873, 0.7622658227848103, 0.8189367088607594]], "class": 7}