{"image": "503c5ec4-759d-11ee-b5c5-fcb3bc5cd112.jpg", "bboxes": [[0.8341645569620255, 0.6059113924050632, 0.9354303797468355, 0.7274303797468354], [0.7442911392405065, 0.6160379746835443, 0.8392278481012658, 0.7248987341772152], [0.6873291139240507, 0.21730379746835446, 0.7151772151898735, 0.2552784810126582], [0.6620126582278483, 0.2160379746835443, 0.6898607594936709, 0.2552784810126582], [0.6037848101265825, 0.19072151898734177, 0.6278354430379748, 0.2261645569620253], [0.5784683544303798, 0.19451898734177217, 0.6063164556962026, 0.22869620253164555], [0.5151772151898736, 0.19705063291139244, 0.5518860759493673, 0.23629113924050632], [0.4835316455696204, 0.20211392405063294, 0.5126455696202533, 0.23755696202531645], [0.42150632911392427, 0.19451898734177217, 0.4442911392405065, 0.21856962025316454], [0.3772025316455696, 0.17679746835443041, 0.40378481012658246, 0.20084810126582278], [0.3607468354430382, 0.17806329113924055, 0.3822658227848102, 0.19958227848101268]], "class": 11}