{"image": "503c5ec4-759d-11ee-b5c5-fcb3bc5cd112.jpg", "bboxes": [[0.9491645569620255, 0.25656962025316454, 1.0, 0.3780886075949368], [0.8592911392405065, 0.2591012658227848, 0.9542278481012658, 0.3679620253164557], [0.8023291139240507, 0.7287215189873417, 0.8301772151898735, 0.7666962025316455], [0.7770126582278483, 0.7287215189873417, 0.8048607594936709, 0.7679620253164557], [0.7187848101265825, 0.7578354430379747, 0.7428354430379748, 0.7932784810126583], [0.6934683544303798, 0.7553037974683544, 0.7213164556962026, 0.7894810126582278], [0.6301772151898736, 0.7477088607594937, 0.6668860759493673, 0.7869493670886076], [0.5985316455696205, 0.7464430379746836, 0.6276455696202533, 0.7818860759493671], [0.5365063291139243, 0.7654303797468355, 0.5592911392405064, 0.7894810126582278], [0.4922025316455696, 0.7831518987341772, 0.5187848101265824, 0.8072025316455695], [0.4757468354430382, 0.7844177215189874, 0.4972658227848102, 0.8059367088607594]], "class": 11}