{"image": "503c5ec4-759d-11ee-b5c5-fcb3bc5cd112.jpg", "bboxes": [[0.0, 0.7697088607594937, 0.018822784810126447, 0.8089493670886075], [0.021354430379746603, 0.7684430379746835, 0.05046835443037956, 0.8038860759493671], [0.08970886075949347, 0.7874303797468355, 0.11249367088607576, 0.8114810126582278], [0.13021518987341751, 0.8051518987341773, 0.15679746835443042, 0.8292025316455696], [0.15173417721518978, 0.8064177215189874, 0.17325316455696183, 0.8279367088607594]], "class": 5}