{"image": "503c5ec4-759d-11ee-b5c5-fcb3bc5cd112.jpg", "bboxes": [[0.008569620253164434, 0.2175696202531645, 0.10983544303797454, 0.33908860759493675], [0.10477215189873412, 0.2201012658227849, 0.19970886075949357, 0.3289620253164558], [0.2288227848101264, 0.6897215189873418, 0.25667088607594923, 0.7276962025316456], [0.2541392405063291, 0.6897215189873418, 0.2819873417721517, 0.7289620253164557], [0.3161645569620253, 0.7188354430379746, 0.3402151898734176, 0.7542784810126583], [0.3376835443037973, 0.7163037974683544, 0.36553164556962014, 0.7504810126582279], [0.3921139240506327, 0.7087088607594937, 0.4288227848101265, 0.7479493670886076], [0.43135443037974663, 0.7074430379746836, 0.4604683544303796, 0.7428860759493671], [0.4997088607594935, 0.7264303797468354, 0.5224936708860757, 0.7504810126582279], [0.5402151898734175, 0.7441518987341772, 0.5667974683544303, 0.7682025316455696], [0.5617341772151898, 0.7454177215189873, 0.5832531645569619, 0.7669367088607595]], "class": 11}