{"image": "503c5ec4-759d-11ee-b5c5-fcb3bc5cd112.jpg", "bboxes": [[0.9102911392405065, 0.6830379746835442, 1.0, 0.7918987341772151], [0.8533291139240508, 0.28430379746835444, 0.8811772151898736, 0.3222784810126582], [0.8280126582278483, 0.2830379746835443, 0.8558607594936709, 0.3222784810126582], [0.7697848101265824, 0.25772151898734175, 0.7938354430379747, 0.2931645569620253], [0.7444683544303798, 0.26151898734177215, 0.7723164556962027, 0.2956962025316456], [0.6811772151898735, 0.2640506329113924, 0.7178860759493673, 0.3032911392405063], [0.6495316455696204, 0.26911392405063295, 0.6786455696202534, 0.30455696202531646], [0.5875063291139243, 0.26151898734177215, 0.6102911392405065, 0.28556962025316457], [0.5432025316455696, 0.24379746835443042, 0.5697848101265824, 0.26784810126582276], [0.5267468354430382, 0.24506329113924055, 0.5482658227848102, 0.2665822784810127]], "class": 10}