{"image": "503c5ec4-759d-11ee-b5c5-fcb3bc5cd112.jpg", "bboxes": [[0.7931645569620255, 0.24756962025316454, 0.8944303797468356, 0.3690886075949368], [0.7032911392405065, 0.2501012658227848, 0.7982278481012659, 0.3589620253164557], [0.6463291139240507, 0.7197215189873418, 0.6741772151898735, 0.7576962025316456], [0.6210126582278483, 0.7197215189873418, 0.648860759493671, 0.7589620253164557], [0.5627848101265824, 0.7488354430379747, 0.5868354430379747, 0.7842784810126582], [0.5374683544303798, 0.7463037974683544, 0.5653164556962026, 0.7804810126582278], [0.47417721518987355, 0.7387088607594937, 0.5108860759493673, 0.7779493670886075], [0.44253164556962044, 0.7374430379746835, 0.47164556962025334, 0.7728860759493671], [0.3805063291139243, 0.7564303797468355, 0.40329113924050647, 0.7804810126582278], [0.33620253164556957, 0.7741518987341772, 0.3627848101265824, 0.7982025316455696], [0.3197468354430382, 0.7754177215189874, 0.3412658227848102, 0.7969367088607594]], "class": 11}