{"image": "503c5ec4-759d-11ee-b5c5-fcb3bc5cd112.jpg", "bboxes": [[0.9562911392405065, 0.2571012658227848, 1.0, 0.3659620253164557], [0.8993291139240507, 0.7267215189873417, 0.9271772151898735, 0.7646962025316455], [0.8740126582278483, 0.7267215189873417, 0.901860759493671, 0.7659620253164557], [0.8157848101265824, 0.7558354430379747, 0.8398354430379747, 0.7912784810126583], [0.7904683544303798, 0.7533037974683544, 0.8183164556962026, 0.7874810126582278], [0.7271772151898735, 0.7457088607594937, 0.7638860759493673, 0.7849493670886076], [0.6955316455696204, 0.7444430379746836, 0.7246455696202534, 0.7798860759493671], [0.6335063291139242, 0.7634303797468355, 0.6562911392405065, 0.7874810126582278], [0.5892025316455696, 0.7811518987341772, 0.6157848101265825, 0.8052025316455695], [0.5727468354430382, 0.7824177215189874, 0.5942658227848102, 0.8039367088607594]], "class": 10}