{"image": "512bf501-6b43-11ee-b741-fcb3bc5cd112.jpg", "bboxes": [[0.4483414634146341, 0.538829268292683, 0.7227317073170731, 0.7217560975609756]], "class": 1}