{"image": "512bf501-6b43-11ee-b741-fcb3bc5cd112.jpg", "bboxes": [[0.27026829268292685, 0.6118292682926829, 0.5446585365853659, 0.7947560975609755]], "class": 1}