{"image": "512bf501-6b43-11ee-b741-fcb3bc5cd112.jpg", "bboxes": [[0.6593414634146341, 0.562829268292683, 0.9337317073170731, 0.7457560975609756]], "class": 1}