{"image": "512bf501-6b43-11ee-b741-fcb3bc5cd112.jpg", "bboxes": [[0.22226829268292686, 0.568829268292683, 0.49665853658536596, 0.7517560975609756]], "class": 1}