{"image": "556de588-6b42-11ee-af92-fcb3bc5cd112.jpg", "bboxes": [[0.995390243902439, 0.04985365853658541, 1.0, 0.3608292682926828]], "class": 1}