{"image": "556de588-6b42-11ee-af92-fcb3bc5cd112.jpg", "bboxes": [[0.744390243902439, 0.6311707317073172, 1.0, 0.9421463414634146]], "class": 1}