{"image": "556de588-6b42-11ee-af92-fcb3bc5cd112.jpg", "bboxes": [[0.0, 0.6161707317073172, 0.13660975609756093, 0.9271463414634146]], "class": 1}