{"image": "556de588-6b42-11ee-af92-fcb3bc5cd112.jpg", "bboxes": [[0.7023902439024391, 0.6131707317073172, 0.9889756097560976, 0.9241463414634146], [0.9987317073170732, 0.6339024390243903, 1.0, 0.9424390243902439]], "class": 2}