{"image": "556de588-6b42-11ee-af92-fcb3bc5cd112.jpg", "bboxes": [[0.0, 0.07485365853658543, 0.08760975609756093, 0.3858292682926828]], "class": 1}