{"image": "556de588-6b42-11ee-af92-fcb3bc5cd112.jpg", "bboxes": [[0.0, 0.5831707317073171, 0.18660975609756092, 0.8941463414634147]], "class": 1}