{"image": "556de588-6b42-11ee-af92-fcb3bc5cd112.jpg", "bboxes": [[0.0, 0.6241707317073172, 0.18560975609756095, 0.9351463414634146]], "class": 1}