{"image": "556de588-6b42-11ee-af92-fcb3bc5cd112.jpg", "bboxes": [[0.7883902439024391, 0.030853658536585393, 1.0, 0.3418292682926829]], "class": 1}