{"image": "56394d50-759d-11ee-841a-fcb3bc5cd112.jpg", "bboxes": [[0.6230506329113925, 0.4822658227848101, 0.6736835443037976, 0.5354303797468354], [0.7141898734177217, 0.5468227848101266, 0.7559620253164557, 0.5936582278481013], [0.6749493670886076, 0.5480886075949367, 0.7205189873417723, 0.5873291139240506], [0.5711518987341774, 0.42910126582278485, 0.6306455696202533, 0.49492405063291145], [0.5154556962025317, 0.4240379746835443, 0.5762151898734178, 0.49239240506329107], [0.39520253164556973, 0.5784683544303797, 0.42811392405063314, 0.6189746835443037], [0.32937974683544324, 0.5265696202531646, 0.3711518987341774, 0.5784683544303797], [0.30026582278481023, 0.5328987341772152, 0.33444303797468367, 0.5772025316455697], [0.21292405063291142, 0.5366962025316455, 0.25469620253164565, 0.5898607594936709], [0.15722784810126586, 0.47973417721518985, 0.1977341772151899, 0.5493544303797468], [0.0901392405063292, 0.4885949367088608, 0.14077215189873424, 0.550620253164557], [0.0, 0.5835316455696202, 0.014189873417721514, 0.621506329113924], [0.06355696202531647, 0.6177088607594937, 0.088873417721519, 0.6455569620253165]], "class": 13}