{"image": "56394d50-759d-11ee-841a-fcb3bc5cd112.jpg", "bboxes": [[0.9571518987341774, 0.4780759493670886, 1.0, 0.5438987341772151], [0.9014556962025317, 0.4806075949367089, 0.9622151898734178, 0.5489620253164557], [0.7812025316455697, 0.35402531645569624, 0.8141139240506332, 0.3945316455696202], [0.7153797468354433, 0.3945316455696202, 0.7571518987341774, 0.44643037974683547], [0.6862658227848102, 0.39579746835443036, 0.7204430379746837, 0.4401012658227848], [0.5989240506329114, 0.3831392405063291, 0.6406962025316457, 0.43630379746835446], [0.5432278481012659, 0.4236455696202532, 0.5837341772151899, 0.49326582278481007], [0.4761392405063292, 0.42237974683544305, 0.5267721518987343, 0.4844050632911392], [0.35968354430379745, 0.35149367088607597, 0.4001898734177215, 0.38946835443037975], [0.4495569620253165, 0.32744303797468355, 0.474873417721519, 0.3552911392405063]], "class": 10}