{"image": "56394d50-759d-11ee-841a-fcb3bc5cd112.jpg", "bboxes": [[0.9100506329113925, 0.53426582278481, 0.9606835443037975, 0.5874303797468354], [0.9619493670886077, 0.6000886075949368, 1.0, 0.6393291139240507], [0.8581518987341774, 0.4811012658227849, 0.9176455696202533, 0.5469240506329114], [0.8024556962025318, 0.47603797468354436, 0.8632151898734178, 0.5443924050632911], [0.6822025316455697, 0.6304683544303797, 0.7151139240506331, 0.6709746835443038], [0.6163797468354433, 0.5785696202531645, 0.6581518987341773, 0.6304683544303797], [0.5872658227848102, 0.5848987341772152, 0.6214430379746837, 0.6292025316455696], [0.4999240506329114, 0.5886962025316456, 0.5416962025316456, 0.6418607594936709], [0.44422784810126587, 0.5317341772151899, 0.4847341772151899, 0.6013544303797469], [0.3771392405063292, 0.5405949367088608, 0.42777215189873424, 0.602620253164557], [0.2606835443037975, 0.6355316455696203, 0.3011898734177215, 0.673506329113924], [0.35055696202531644, 0.6697088607594937, 0.375873417721519, 0.6975569620253165]], "class": 12}