{"image": "56394d50-759d-11ee-841a-fcb3bc5cd112.jpg", "bboxes": [[0.8110506329113926, 0.4805696202531645, 0.8616835443037976, 0.5337341772151899], [0.9021898734177216, 0.4223417721518987, 0.9439620253164558, 0.46917721518987343], [0.8629493670886077, 0.42867088607594933, 0.9085189873417724, 0.4679113924050633], [0.7591518987341774, 0.5210759493670886, 0.8186455696202534, 0.5868987341772152], [0.7034556962025317, 0.5236075949367089, 0.7642151898734177, 0.5919620253164557], [0.5832025316455697, 0.3970253164556962, 0.6161139240506331, 0.43753164556962026], [0.5173797468354433, 0.43753164556962026, 0.5591518987341774, 0.48943037974683545], [0.48826582278481023, 0.43879746835443034, 0.5224430379746836, 0.4831012658227848], [0.4009240506329114, 0.42613924050632906, 0.44269620253164566, 0.47930379746835444], [0.3452278481012659, 0.46664556962025316, 0.3857341772151899, 0.53626582278481], [0.2781392405063292, 0.46537974683544303, 0.32877215189873427, 0.5274050632911392], [0.16168354430379747, 0.39449367088607595, 0.20218987341772152, 0.43246835443037973], [0.25155696202531647, 0.37044303797468353, 0.27687341772151897, 0.3982911392405063]], "class": 13}