{"image": "56394d50-759d-11ee-841a-fcb3bc5cd112.jpg", "bboxes": [[0.9469113924050635, 0.40246835443037976, 1.0, 0.46449367088607596], [0.8899493670886077, 0.4087974683544304, 0.9519746835443038, 0.47208860759493676], [0.9848860759493673, 0.5055683219733853, 1.0, 0.5632278481012658], [0.9304556962025318, 0.49867088607594945, 0.9912151898734178, 0.5708227848101266], [0.43805063291139257, 0.50626582278481, 0.48868354430379757, 0.5594303797468354], [0.5291898734177216, 0.5708227848101266, 0.5709620253164558, 0.6176582278481013], [0.4899493670886077, 0.5720886075949367, 0.5355189873417724, 0.6113291139240506], [0.3861518987341774, 0.45310126582278487, 0.44564556962025337, 0.5189240506329114], [0.33045569620253173, 0.44803797468354434, 0.3912151898734178, 0.5163924050632911], [0.2102025316455697, 0.6024683544303797, 0.24311392405063315, 0.6429746835443038], [0.14437974683544325, 0.5505696202531645, 0.1861518987341774, 0.6024683544303797], [0.1152658227848102, 0.5568987341772151, 0.14944303797468364, 0.6012025316455696], [0.027924050632911417, 0.5606962025316455, 0.06969620253164567, 0.6138607594936709], [0.0, 0.50373417721519, 0.012734177215189902, 0.5733544303797469]], "class": 14}