{"image": "573d73ea-759b-11ee-bef9-fcb3bc5cd112.jpg", "bboxes": [[0.3646582278481013, 0.47967088607594943, 0.41655696202531656, 0.5416962025316456], [0.32415189873417727, 0.4822025316455696, 0.372253164556962, 0.5366329113924051]], "class": 2}