{"image": "573d73ea-759b-11ee-bef9-fcb3bc5cd112.jpg", "bboxes": [[0.40165822784810135, 0.4553037974683544, 0.4535569620253166, 0.5173291139240506], [0.3611518987341773, 0.46036708860759495, 0.40925316455696203, 0.5147974683544304]], "class": 2}