{"image": "573d73ea-759b-11ee-bef9-fcb3bc5cd112.jpg", "bboxes": [[0.2826582278481013, 0.5206708860759495, 0.3345569620253166, 0.5826962025316456], [0.24215189873417728, 0.5232025316455695, 0.29025316455696204, 0.577632911392405]], "class": 2}