{"image": "573d73ea-759b-11ee-bef9-fcb3bc5cd112.jpg", "bboxes": [[0.46444303797468345, 0.4513037974683545, 0.5163417721518987, 0.5133291139240506], [0.508746835443038, 0.45636708860759495, 0.5568481012658227, 0.5107974683544304]], "class": 2}