{"image": "573d73ea-759b-11ee-bef9-fcb3bc5cd112.jpg", "bboxes": [[0.8696582278481013, 0.48430379746835445, 0.9215569620253166, 0.5463291139240506], [0.8291518987341773, 0.4893670886075949, 0.877253164556962, 0.5437974683544304]], "class": 2}