{"image": "573d73ea-759b-11ee-bef9-fcb3bc5cd112.jpg", "bboxes": [[0.006658227848101319, 0.5246708860759495, 0.05855696202531658, 0.5866962025316456], [0.0, 0.5272025316455695, 0.01425316455696202, 0.581632911392405]], "class": 2}