{"image": "573d73ea-759b-11ee-bef9-fcb3bc5cd112.jpg", "bboxes": [[0.13844303797468338, 0.5126708860759495, 0.19034177215189874, 0.5746962025316456], [0.18274683544303794, 0.5152025316455696, 0.23084810126582267, 0.569632911392405]], "class": 2}