{"image": "58489e33-759d-11ee-9267-fcb3bc5cd112.jpg", "bboxes": [[0.9723670886075951, 0.19768354430379742, 1.0, 0.30654430379746844], [0.653379746835443, 0.37236708860759493, 0.7090759493670887, 0.4419873417721518], [0.7748987341772153, 0.43818987341772153, 0.811607594936709, 0.4900886075949368], [0.7267974683544304, 0.4445189873417721, 0.7774303797468356, 0.49262025316455693], [0.5938860759493672, 0.37743037974683546, 0.6597088607594938, 0.44578481012658233], [0.5014810126582279, 0.3786962025316457, 0.5470506329113924, 0.43439240506329113], [0.4571772151898734, 0.37236708860759493, 0.5052784810126583, 0.43439240506329113], [0.38502531645569626, 0.2660379746835444, 0.45464556962025326, 0.363506329113924], [0.28755696202531644, 0.26856962025316455, 0.35717721518987344, 0.3584430379746836]], "class": 9}