{"image": "58489e33-759d-11ee-9267-fcb3bc5cd112.jpg", "bboxes": [[0.6666455696202533, 0.20360759493670888, 0.7628481012658228, 0.2934810126582279], [0.5843670886075952, 0.18968354430379752, 0.6780379746835444, 0.29854430379746844], [0.9337341772151899, 0.3782911392405064, 1.0, 0.45044303797468355], [0.8767721518987344, 0.3706962025316457, 0.9463924050632914, 0.4415822784810126], [0.265379746835443, 0.3643670886075949, 0.3210759493670887, 0.4339873417721518], [0.3868987341772154, 0.4301898734177215, 0.423607594936709, 0.48208860759493677], [0.3387974683544304, 0.4365189873417721, 0.3894303797468356, 0.4846202531645569], [0.20588607594936717, 0.36943037974683546, 0.27170886075949374, 0.4377848101265823], [0.11348101265822788, 0.3706962025316457, 0.15905063291139243, 0.4263924050632911], [0.06917721518987344, 0.3643670886075949, 0.1172784810126583, 0.4263924050632911], [0.0, 0.2580379746835444, 0.06664556962025324, 0.355506329113924]], "class": 11}