{"image": "58489e33-759d-11ee-9267-fcb3bc5cd112.jpg", "bboxes": [[0.0, 0.13968354430379748, 0.0006329113924048446, 0.2485443037974684], [0.26392405063291136, 0.314367088607595, 0.319620253164557, 0.38398734177215177], [0.161392405063291, 0.3801898734177215, 0.19810126582278464, 0.4320886075949367], [0.19556962025316438, 0.38651898734177215, 0.2462025316455696, 0.434620253164557], [0.3132911392405062, 0.3194303797468354, 0.3791139240506328, 0.3877848101265823], [0.42594936708860753, 0.32069620253164566, 0.4715189873417721, 0.3763924050632911], [0.4677215189873417, 0.314367088607595, 0.5158227848101266, 0.3763924050632911], [0.5183544303797467, 0.20803797468354435, 0.5879746835443037, 0.30550632911392406], [0.6158227848101265, 0.2105696202531645, 0.6854430379746835, 0.3004430379746835]], "class": 9}