{"image": "58489e33-759d-11ee-9267-fcb3bc5cd112.jpg", "bboxes": [[0.11492405063291133, 0.5700126582278482, 0.17062025316455698, 0.6396329113924051], [0.012392405063290979, 0.5219113924050632, 0.04910126582278462, 0.5738101265822785], [0.04656962025316447, 0.5193797468354431, 0.09720253164556958, 0.5674810126582279], [0.1642911392405062, 0.5662151898734177, 0.2301139240506328, 0.6345696202531645], [0.2769493670886076, 0.5776075949367089, 0.3225189873417721, 0.6333037974683543], [0.3187215189873417, 0.5776075949367089, 0.36682278481012653, 0.6396329113924051], [0.3693544303797468, 0.648493670886076, 0.4389746835443037, 0.7459620253164556], [0.4668227848101265, 0.6535569620253164, 0.5364430379746835, 0.7434303797468355]], "class": 8}