{"image": "58489e33-759d-11ee-9267-fcb3bc5cd112.jpg", "bboxes": [[0.5866455696202534, 0.7045189873417721, 0.6828481012658228, 0.7943924050632911], [0.5043670886075952, 0.6994556962025316, 0.5980379746835445, 0.8083164556962025], [0.8537341772151898, 0.5475569620253165, 0.9284177215189875, 0.6197088607594936], [0.7967721518987344, 0.5564177215189874, 0.8663924050632913, 0.6273037974683543], [0.18537974683544303, 0.5640126582278482, 0.2410759493670887, 0.6336329113924051], [0.30689873417721536, 0.5159113924050632, 0.343607594936709, 0.5678101265822785], [0.2587974683544304, 0.5133797468354431, 0.30943037974683557, 0.5614810126582279], [0.12588607594936718, 0.5602151898734177, 0.19170886075949375, 0.6285696202531645], [0.03348101265822788, 0.5716075949367089, 0.07905063291139243, 0.6273037974683543], [0.0, 0.5716075949367089, 0.037278481012658286, 0.6336329113924051]], "class": 10}