{"image": "58489e33-759d-11ee-9267-fcb3bc5cd112.jpg", "bboxes": [[0.4001518987341771, 0.6895189873417721, 0.4963544303797467, 0.7793924050632911], [0.4849620253164555, 0.6844556962025317, 0.5786329113924048, 0.7933164556962026], [0.15458227848101247, 0.5325569620253164, 0.2292658227848101, 0.6047088607594936], [0.21660759493670867, 0.5414177215189874, 0.28622784810126567, 0.6123037974683543], [0.8419240506329113, 0.5490126582278482, 0.897620253164557, 0.6186329113924051], [0.739392405063291, 0.5009113924050632, 0.7761012658227846, 0.5528101265822785], [0.7735696202531644, 0.498379746835443, 0.8242025316455696, 0.5464810126582279], [0.8912911392405063, 0.5452151898734177, 0.9571139240506328, 0.6135696202531645]], "class": 8}