{"image": "58489e33-759d-11ee-9267-fcb3bc5cd112.jpg", "bboxes": [[0.0, 0.7514556962025316, 0.059632911392404786, 0.8603164556962025], [0.3229240506329113, 0.6160126582278482, 0.37862025316455694, 0.685632911392405], [0.22039240506329094, 0.5679113924050633, 0.2571012658227846, 0.6198101265822785], [0.25456962025316443, 0.565379746835443, 0.30520253164556954, 0.6134810126582279], [0.3722911392405063, 0.6122151898734177, 0.43811392405063276, 0.6805696202531646], [0.4849493670886076, 0.6236075949367089, 0.5305189873417722, 0.6793037974683543], [0.5267215189873418, 0.6236075949367089, 0.5748227848101266, 0.685632911392405], [0.5773544303797468, 0.6944936708860759, 0.6469746835443038, 0.7919620253164557], [0.6748227848101266, 0.6995569620253165, 0.7444430379746836, 0.7894303797468355]], "class": 9}