{"image": "58489e33-759d-11ee-9267-fcb3bc5cd112.jpg", "bboxes": [[0.5726455696202534, 0.2136075949367089, 0.6688481012658228, 0.3034810126582279], [0.4903670886075952, 0.19968354430379742, 0.5840379746835445, 0.30854430379746833], [0.83973417721519, 0.3882911392405064, 0.9144177215189875, 0.46044303797468356], [0.7827721518987344, 0.3806962025316457, 0.8523924050632913, 0.4515822784810126], [0.17137974683544302, 0.37436708860759493, 0.2270759493670887, 0.4439873417721518], [0.29289873417721535, 0.44018987341772153, 0.329607594936709, 0.4920886075949368], [0.24479746835443042, 0.4465189873417721, 0.29543037974683556, 0.49462025316455693], [0.11188607594936718, 0.37943037974683547, 0.17770886075949374, 0.44778481012658233], [0.019481012658227884, 0.3806962025316457, 0.06505063291139243, 0.43639240506329113], [0.0, 0.37436708860759493, 0.02327848101265829, 0.43639240506329113]], "class": 10}