{"image": "58489e33-759d-11ee-9267-fcb3bc5cd112.jpg", "bboxes": [[0.12392405063291134, 0.311367088607595, 0.179620253164557, 0.38098734177215177], [0.021392405063290987, 0.3771898734177215, 0.05810126582278463, 0.4290886075949367], [0.055569620253164476, 0.38351898734177214, 0.10620253164556959, 0.431620253164557], [0.1732911392405062, 0.3164303797468354, 0.2391139240506328, 0.3847848101265823], [0.2859493670886075, 0.31769620253164566, 0.3315189873417721, 0.3733924050632911], [0.3277215189873417, 0.311367088607595, 0.37582278481012654, 0.3733924050632911], [0.3783544303797468, 0.20503797468354434, 0.4479746835443037, 0.30250632911392406], [0.4758227848101265, 0.2075696202531645, 0.5454430379746835, 0.2974430379746835]], "class": 8}