{"image": "58489e33-759d-11ee-9267-fcb3bc5cd112.jpg", "bboxes": [[0.7956455696202533, 0.16160759493670884, 0.8918481012658228, 0.25148101265822786], [0.7133670886075951, 0.1476835443037975, 0.8070379746835444, 0.2565443037974684], [0.394379746835443, 0.322367088607595, 0.4500759493670887, 0.3919873417721518], [0.5158987341772153, 0.3881898734177215, 0.552607594936709, 0.44008860759493673], [0.4677974683544304, 0.39451898734177215, 0.5184303797468356, 0.442620253164557], [0.3348860759493672, 0.3274303797468354, 0.40070886075949375, 0.3957848101265823], [0.24248101265822788, 0.32869620253164566, 0.28805063291139243, 0.3843924050632911], [0.19817721518987344, 0.322367088607595, 0.24627848101265828, 0.3843924050632911], [0.12602531645569626, 0.21603797468354435, 0.19564556962025323, 0.31350632911392406], [0.028556962025316466, 0.2185696202531645, 0.09817721518987343, 0.30844303797468353]], "class": 10}