{"image": "58489e33-759d-11ee-9267-fcb3bc5cd112.jpg", "bboxes": [[0.741379746835443, 0.37736708860759494, 0.7970759493670887, 0.4469873417721518], [0.8628987341772154, 0.44318987341772154, 0.899607594936709, 0.4950886075949368], [0.8147974683544305, 0.4495189873417721, 0.8654303797468356, 0.49762025316455694], [0.6818860759493672, 0.38243037974683547, 0.7477088607594937, 0.45078481012658234], [0.5894810126582278, 0.3836962025316457, 0.6350506329113924, 0.43939240506329114], [0.5451772151898734, 0.37736708860759494, 0.5932784810126583, 0.43939240506329114], [0.4730253164556963, 0.2710379746835444, 0.5426455696202532, 0.368506329113924], [0.37555696202531647, 0.27356962025316456, 0.4451772151898734, 0.3634430379746836]], "class": 8}