{"image": "58489e33-759d-11ee-9267-fcb3bc5cd112.jpg", "bboxes": [[0.5141518987341771, 0.2246075949367089, 0.6103544303797466, 0.3144810126582279], [0.5989620253164556, 0.21068354430379743, 0.6926329113924048, 0.31954430379746834], [0.26858227848101246, 0.3992911392405064, 0.3432658227848101, 0.47144303797468357], [0.33060759493670866, 0.3916962025316457, 0.40022784810126566, 0.46258227848101263], [0.9559240506329113, 0.38536708860759494, 1.0, 0.45498734177215183], [0.8533924050632911, 0.45118987341772154, 0.8901012658227846, 0.5030886075949368], [0.8875696202531644, 0.4575189873417721, 0.9382025316455695, 0.5056202531645569]], "class": 7}