{"image": "59988350-759e-11ee-bb12-fcb3bc5cd112.jpg", "bboxes": [[0.8681392405063293, 0.36067088607594944, 0.9175063291139243, 0.436620253164557], [0.8073797468354432, 0.35687341772151904, 0.8770000000000002, 0.43915189873417726], [0.1845949367088607, 0.527759493670886, 0.21624050632911418, 0.5543417721518987], [0.1554810126582281, 0.5226962025316455, 0.19218987341772162, 0.5543417721518987], [0.077, 0.5783924050632911, 0.09725316455696202, 0.5961139240506329], [0.04788607594936718, 0.5720632911392405, 0.0719367088607595, 0.5999113924050633], [0.0, 0.5783924050632911, 0.003582278481012736, 0.6049746835443037]], "class": 7}