{"image": "59988350-759e-11ee-bb12-fcb3bc5cd112.jpg", "bboxes": [[0.8761392405063293, 0.4276708860759494, 0.9255063291139243, 0.503620253164557], [0.8153797468354432, 0.423873417721519, 0.8850000000000002, 0.5061518987341773], [0.1925949367088607, 0.594759493670886, 0.22424050632911416, 0.6213417721518988], [0.16348101265822812, 0.5896962025316456, 0.20018987341772163, 0.6213417721518988], [0.085, 0.6453924050632911, 0.10525316455696201, 0.663113924050633], [0.05588607594936718, 0.6390632911392404, 0.0799367088607595, 0.6669113924050634], [0.0, 0.6453924050632911, 0.011582278481012736, 0.6719746835443038]], "class": 7}