{"image": "59988350-759e-11ee-bb12-fcb3bc5cd112.jpg", "bboxes": [[0.41321518987341777, 0.4537088607594937, 0.4499240506329114, 0.4904177215189874], [0.3765063291139242, 0.45624050632911395, 0.4195443037974684, 0.49927848101265815], [0.7435949367088607, 0.42965822784810126, 0.7752405063291141, 0.45624050632911395], [0.7144810126582282, 0.42965822784810126, 0.7511898734177216, 0.4613037974683544], [0.23600000000000013, 0.40434177215189876, 0.2638481012658228, 0.43978481012658227], [0.20562025316455698, 0.4106708860759493, 0.2385316455696203, 0.43851898734177214], [0.3486582278481013, 0.39041772151898735, 0.37144303797468364, 0.4182658227848101], [0.325873417721519, 0.39421518987341775, 0.34992405063291143, 0.41573417721518985], [0.47650632911392415, 0.3916835443037975, 0.5056202531645569, 0.4182658227848101], [0.45245569620253173, 0.39421518987341775, 0.47903797468354437, 0.41953164556962025], [0.636, 0.3878860759493671, 0.656253164556962, 0.40560759493670884], [0.6068860759493672, 0.38408860759493674, 0.6309367088607595, 0.4119367088607595], [0.5372658227848102, 0.3790253164556962, 0.5625822784810127, 0.40560759493670884], [0.5170126582278481, 0.37775949367088607, 0.5423291139240507, 0.40687341772151897], [0.15498734177215193, 0.38662025316455695, 0.17270886075949374, 0.40560759493670884], [0.13979746835443052, 0.3853544303797468, 0.15498734177215193, 0.4081392405063291]], "class": 16}