{"image": "59988350-759e-11ee-bb12-fcb3bc5cd112.jpg", "bboxes": [[0.08821518987341778, 0.5025822784810126, 0.12492405063291141, 0.5392911392405063], [0.05150632911392415, 0.49372151898734185, 0.0945443037974684, 0.536759493670886], [0.4185949367088607, 0.536759493670886, 0.45024050632911417, 0.5633417721518987], [0.3894810126582281, 0.5316962025316456, 0.42618987341772163, 0.5633417721518987], [0.02365822784810132, 0.5747341772151899, 0.046443037974683646, 0.6025822784810126], [0.0008734177215189902, 0.5772658227848102, 0.024924050632911417, 0.5987848101265822], [0.15150632911392414, 0.5747341772151899, 0.18062025316455696, 0.6013164556962025], [0.12745569620253172, 0.5734683544303798, 0.15403797468354435, 0.5987848101265822], [0.311, 0.5873924050632912, 0.331253164556962, 0.6051139240506329], [0.2818860759493672, 0.5810632911392405, 0.3059367088607595, 0.6089113924050633], [0.2122658227848102, 0.5873924050632912, 0.23758227848101274, 0.6139746835443038], [0.1920126582278482, 0.586126582278481, 0.21732911392405072, 0.615240506329114]], "class": 12}