{"image": "59988350-759e-11ee-bb12-fcb3bc5cd112.jpg", "bboxes": [[0.1332151898734178, 0.43970886075949367, 0.1699240506329114, 0.47641772151898737], [0.09650632911392415, 0.44224050632911394, 0.13954430379746838, 0.4852784810126582], [0.4635949367088607, 0.41565822784810125, 0.49524050632911415, 0.44224050632911394], [0.4344810126582281, 0.41565822784810125, 0.4711898734177216, 0.44730379746835447], [0.06865822784810131, 0.37641772151898734, 0.09144303797468364, 0.4042658227848101], [0.04587341772151899, 0.38021518987341774, 0.06992405063291142, 0.40173417721518984], [0.19650632911392416, 0.37768354430379747, 0.22562025316455697, 0.4042658227848101], [0.17245569620253173, 0.38021518987341774, 0.19903797468354434, 0.40553164556962024], [0.356, 0.37388607594936707, 0.376253164556962, 0.3916075949367088], [0.3268860759493672, 0.3700886075949367, 0.3509367088607595, 0.3979367088607595], [0.2572658227848102, 0.3650253164556962, 0.28258227848101275, 0.3916075949367088], [0.2370126582278482, 0.36375949367088606, 0.2623291139240507, 0.392873417721519]], "class": 12}