{"image": "59988350-759e-11ee-bb12-fcb3bc5cd112.jpg", "bboxes": [[0.8280759493670886, 0.5615822784810126, 0.8647848101265823, 0.5982911392405064], [0.8584556962025316, 0.5527215189873418, 0.9014936708860759, 0.5957594936708861], [0.5027594936708859, 0.5957594936708861, 0.5344050632911392, 0.6223417721518987], [0.5268101265822784, 0.5906962025316456, 0.5635189873417719, 0.6223417721518987], [0.9065569620253163, 0.6337341772151899, 0.9293417721518987, 0.6615822784810127], [0.9280759493670886, 0.6362658227848101, 0.952126582278481, 0.6577848101265823], [0.772379746835443, 0.6337341772151899, 0.8014936708860758, 0.6603164556962025], [0.7989620253164557, 0.6324683544303797, 0.8255443037974682, 0.6577848101265823], [0.621746835443038, 0.6463924050632912, 0.642, 0.6641139240506329], [0.6470632911392404, 0.6400632911392405, 0.6711139240506327, 0.6679113924050633], [0.7154177215189872, 0.6463924050632912, 0.7407341772151899, 0.6729746835443038], [0.7356708860759493, 0.6451265822784811, 0.7609873417721518, 0.6742405063291139]], "class": 12}