{"image": "59988350-759e-11ee-bb12-fcb3bc5cd112.jpg", "bboxes": [[0.8591392405063293, 0.4186708860759494, 0.9085063291139243, 0.49462025316455693], [0.7983797468354432, 0.414873417721519, 0.8680000000000002, 0.4971518987341773], [0.1755949367088607, 0.5857594936708861, 0.20724050632911417, 0.6123417721518987], [0.1464810126582281, 0.5806962025316456, 0.18318987341772164, 0.6123417721518987], [0.068, 0.6363924050632912, 0.08825316455696201, 0.654113924050633], [0.03888607594936718, 0.6300632911392405, 0.0629367088607595, 0.6579113924050632]], "class": 6}