{"image": "59988350-759e-11ee-bb12-fcb3bc5cd112.jpg", "bboxes": [[0.3742151898734178, 0.5485822784810126, 0.41092405063291143, 0.5852911392405062], [0.33750632911392414, 0.5397215189873419, 0.3805443037974684, 0.5827594936708861], [0.7045949367088608, 0.5827594936708861, 0.7362405063291142, 0.6093417721518988], [0.6754810126582281, 0.5776962025316456, 0.7121898734177217, 0.6093417721518988], [0.19700000000000012, 0.5992151898734177, 0.22484810126582283, 0.6346582278481012], [0.16662025316455698, 0.6004810126582278, 0.1995316455696203, 0.6283291139240507], [0.3096582278481013, 0.62073417721519, 0.33244303797468366, 0.6485822784810127], [0.286873417721519, 0.6232658227848101, 0.3109240506329114, 0.6447848101265823], [0.4375063291139242, 0.62073417721519, 0.46662025316455696, 0.6473164556962026], [0.41345569620253175, 0.6194683544303797, 0.44003797468354433, 0.6447848101265823], [0.597, 0.6333924050632911, 0.617253164556962, 0.651113924050633], [0.5678860759493671, 0.6270632911392405, 0.5919367088607594, 0.6549113924050634], [0.4982658227848102, 0.6333924050632911, 0.5235822784810127, 0.6599746835443038], [0.4780126582278482, 0.632126582278481, 0.5033291139240507, 0.661240506329114], [0.11598734177215192, 0.6333924050632911, 0.13370886075949376, 0.6523797468354431], [0.10079746835443051, 0.6308607594936709, 0.11598734177215192, 0.6536455696202532]], "class": 16}