{"image": "59988350-759e-11ee-bb12-fcb3bc5cd112.jpg", "bboxes": [[0.5152151898734177, 0.5595822784810126, 0.5519240506329114, 0.5962911392405064], [0.47850632911392416, 0.5507215189873418, 0.5215443037974684, 0.5937594936708861], [0.8455949367088607, 0.5937594936708861, 0.8772405063291142, 0.6203417721518987], [0.8164810126582281, 0.5886962025316456, 0.8531898734177217, 0.6203417721518987], [0.33800000000000013, 0.6102151898734177, 0.36584810126582284, 0.6456582278481013], [0.307620253164557, 0.611481012658228, 0.3405316455696203, 0.6393291139240507], [0.45065822784810133, 0.6317341772151899, 0.4734430379746836, 0.6595822784810127], [0.427873417721519, 0.6342658227848101, 0.4519240506329114, 0.6557848101265823], [0.5785063291139242, 0.6317341772151899, 0.6076202531645569, 0.6583164556962025], [0.5544556962025318, 0.6304683544303797, 0.5810379746835443, 0.6557848101265823], [0.738, 0.6443924050632912, 0.758253164556962, 0.6621139240506329], [0.7088860759493671, 0.6380632911392405, 0.7329367088607595, 0.6659113924050633], [0.6392658227848103, 0.6443924050632912, 0.6645822784810127, 0.6709746835443038], [0.6190126582278482, 0.6431265822784811, 0.6443291139240507, 0.6722405063291139], [0.25698734177215193, 0.6443924050632912, 0.27470886075949374, 0.663379746835443], [0.24179746835443053, 0.6418607594936709, 0.25698734177215193, 0.6646455696202531]], "class": 16}