{"image": "59988350-759e-11ee-bb12-fcb3bc5cd112.jpg", "bboxes": [[0.8381392405063293, 0.5013797468354431, 0.8875063291139242, 0.5773291139240506], [0.7773797468354433, 0.49884810126582274, 0.8470000000000002, 0.581126582278481], [0.1545949367088607, 0.3836582278481013, 0.18624050632911418, 0.41024050632911396], [0.1254810126582281, 0.3836582278481013, 0.16218987341772162, 0.41530379746835444], [0.047, 0.34188607594936704, 0.06725316455696202, 0.35960759493670885], [0.017886075949367183, 0.3380886075949367, 0.041936708860759495, 0.3659367088607595]], "class": 6}