{"image": "5aaf2ad0-6b42-11ee-b7c2-fcb3bc5cd112.jpg", "bboxes": [[0.0, 0.3361951219512195, 0.0075121951219513225, 0.4532682926829268]], "class": 1}