{"image": "5aaf2ad0-6b42-11ee-b7c2-fcb3bc5cd112.jpg", "bboxes": [[0.29617073170731717, 0.3861951219512195, 0.39251219512195135, 0.5032682926829268], [0.21324390243902439, 0.3959512195121951, 0.29129268292682936, 0.5069268292682928]], "class": 2}