{"image": "5aaf2ad0-6b42-11ee-b7c2-fcb3bc5cd112.jpg", "bboxes": [[0.3731707317073171, 0.3671951219512195, 0.4695121951219513, 0.4842682926829268], [0.29024390243902437, 0.3769512195121951, 0.3682926829268293, 0.4879268292682927]], "class": 2}