{"image": "5aaf2ad0-6b42-11ee-b7c2-fcb3bc5cd112.jpg", "bboxes": [[0.40217073170731715, 0.3511951219512195, 0.49851219512195133, 0.4682682926829268], [0.3192439024390244, 0.3609512195121951, 0.39729268292682934, 0.47192682926829277]], "class": 2}