{"image": "5aaf2ad0-6b42-11ee-b7c2-fcb3bc5cd112.jpg", "bboxes": [[0.7054878048780486, 0.5227317073170732, 0.8018292682926829, 0.6398048780487805], [0.8067073170731707, 0.5190731707317072, 0.8847560975609756, 0.6300487804878049]], "class": 2}