{"image": "5aaf2ad0-6b42-11ee-b7c2-fcb3bc5cd112.jpg", "bboxes": [[0.21717073170731716, 0.3911951219512195, 0.31351219512195133, 0.5082682926829268], [0.1342439024390244, 0.4009512195121951, 0.21229268292682935, 0.5119268292682928]], "class": 2}