{"image": "5aaf2ad0-6b42-11ee-b7c2-fcb3bc5cd112.jpg", "bboxes": [[0.057170731707317145, 0.3521951219512195, 0.15351219512195133, 0.4692682926829268], [0.0, 0.3619512195121951, 0.05229268292682934, 0.47292682926829277]], "class": 2}