{"image": "5aaf2ad0-6b42-11ee-b7c2-fcb3bc5cd112.jpg", "bboxes": [[0.020170731707317147, 0.5317317073170732, 0.11651219512195132, 0.6488048780487805], [0.0, 0.5280731707317072, 0.015292682926829343, 0.6390487804878049]], "class": 2}