{"image": "5aaf2ad0-6b42-11ee-b7c2-fcb3bc5cd112.jpg", "bboxes": [[0.5794878048780487, 0.3591951219512195, 0.6758292682926829, 0.4762682926829268], [0.6807073170731707, 0.3689512195121951, 0.7587560975609756, 0.4799268292682928]], "class": 2}