{"image": "5b5ed5da-759a-11ee-a728-fcb3bc5cd112.jpg", "bboxes": [[0.7054303797468355, 0.49181012658227846, 0.7661898734177216, 0.5487721518987342], [0.6560632911392407, 0.5133291139240506, 0.7269493670886077, 0.5664936708860759], [0.2801139240506332, 0.4399113924050633, 0.3421392405063293, 0.48801265822784806]], "class": 3}