{"image": "5b5ed5da-759a-11ee-a728-fcb3bc5cd112.jpg", "bboxes": [[0.9501139240506331, 0.42991139240506326, 1.0, 0.47801265822784805]], "class": 1}