{"image": "5b5ed5da-759a-11ee-a728-fcb3bc5cd112.jpg", "bboxes": [[0.3338101265822784, 0.4252278481012659, 0.39456962025316444, 0.48218987341772146], [0.3730506329113923, 0.40750632911392404, 0.4439367088607594, 0.4606708860759494], [0.7578607594936707, 0.48598734177215197, 0.8198860759493669, 0.5340886075949367]], "class": 3}