{"image": "5b5ed5da-759a-11ee-a728-fcb3bc5cd112.jpg", "bboxes": [[0.8304303797468355, 0.5148101265822785, 0.8911898734177216, 0.5717721518987341], [0.7810632911392407, 0.5363291139240506, 0.8519493670886077, 0.589493670886076], [0.4051139240506332, 0.4629113924050633, 0.4671392405063293, 0.511012658227848]], "class": 3}