{"image": "5b5ed5da-759a-11ee-a728-fcb3bc5cd112.jpg", "bboxes": [[0.0, 0.520987341772152, 0.0058860759493668535, 0.5690886075949367]], "class": 1}