{"image": "5b5ed5da-759a-11ee-a728-fcb3bc5cd112.jpg", "bboxes": [[0.8504303797468356, 0.5218101265822784, 0.9111898734177216, 0.5787721518987341], [0.8010632911392406, 0.5433291139240506, 0.8719493670886077, 0.596493670886076], [0.42511392405063314, 0.4699113924050633, 0.48713924050632934, 0.518012658227848]], "class": 3}