{"image": "5b867b62-759e-11ee-993a-fcb3bc5cd112.jpg", "bboxes": [[0.17965822784810126, 0.5558481012658227, 0.23029113924050626, 0.607746835443038], [0.2239620253164556, 0.5533164556962025, 0.2783924050632911, 0.607746835443038], [0.4606708860759493, 0.5849620253164557, 0.5188987341772151, 0.6368607594936709], [0.5125696202531645, 0.5900253164556961, 0.5707974683544303, 0.6507848101265822], [0.7087721518987342, 0.5153417721518987, 0.7467468354430379, 0.557113924050633], [0.7416835443037973, 0.5204050632911392, 0.7720632911392404, 0.5558481012658227], [0.5302911392405063, 0.4609113924050633, 0.558139240506329, 0.48875949367088606], [0.5543417721518986, 0.4647088607594937, 0.5809240506329113, 0.48875949367088606], [0.3986455696202531, 0.44318987341772154, 0.42396202531645566, 0.46344303797468356], [0.41636708860759475, 0.44572151898734175, 0.4454810126582278, 0.46724050632911396], [0.3632025316455696, 0.43179746835443034, 0.38598734177215166, 0.45331645569620255], [0.2986455696202531, 0.43053164556962026, 0.3264936708860757, 0.4545822784810126], [0.3176329113924048, 0.4330632911392405, 0.3404177215189873, 0.45331645569620255], [0.619, 0.459, 0.649, 0.48600000000000004], [0.643, 0.459, 0.6659999999999999, 0.487], [0.771, 0.443, 0.791, 0.461], [0.786, 0.443, 0.806, 0.465], [0.8069999999999999, 0.476, 0.831, 0.501], [0.829, 0.475, 0.857, 0.501], [0.86, 0.442, 0.88, 0.459]], "class": 20}