{"image": "5b867b62-759e-11ee-993a-fcb3bc5cd112.jpg", "bboxes": [[0.13465822784810122, 0.5108481012658227, 0.18529113924050622, 0.5627468354430379], [0.17896202531645555, 0.5083164556962025, 0.23339240506329106, 0.5627468354430379], [0.41567088607594926, 0.5399620253164557, 0.4738987341772152, 0.5918607594936709], [0.4675696202531645, 0.5450253164556962, 0.5257974683544303, 0.6057848101265823], [0.6637721518987341, 0.4703417721518987, 0.7017468354430378, 0.5121139240506329], [0.6966835443037973, 0.4754050632911392, 0.7270632911392405, 0.5108481012658227], [0.48529113924050626, 0.4159113924050633, 0.5131392405063291, 0.4437594936708861], [0.5093417721518987, 0.4197088607594937, 0.5359240506329113, 0.4437594936708861], [0.3536455696202532, 0.3981898734177215, 0.3789620253164556, 0.4184430379746835], [0.3713670886075947, 0.40072151898734176, 0.4004810126582278, 0.4222405063291139], [0.31820253164556955, 0.38679746835443035, 0.34098734177215173, 0.4083164556962025], [0.2536455696202531, 0.3855316455696203, 0.2814936708860757, 0.40958227848101264], [0.27263291139240486, 0.3880632911392405, 0.29541772151898726, 0.4083164556962025], [0.5740000000000001, 0.414, 0.604, 0.44100000000000006], [0.598, 0.414, 0.621, 0.442], [0.726, 0.398, 0.746, 0.416], [0.741, 0.398, 0.761, 0.42], [0.762, 0.431, 0.786, 0.456], [0.784, 0.43, 0.812, 0.456], [0.815, 0.397, 0.835, 0.414]], "class": 20}