{"image": "5b867b62-759e-11ee-993a-fcb3bc5cd112.jpg", "bboxes": [[0.3716582278481012, 0.5078481012658227, 0.4222911392405062, 0.5597468354430379], [0.41596202531645554, 0.5053164556962025, 0.47039240506329105, 0.5597468354430379], [0.6526708860759494, 0.5369620253164556, 0.7108987341772152, 0.5888607594936709], [0.7045696202531646, 0.5420253164556962, 0.7627974683544303, 0.6027848101265822], [0.9007721518987342, 0.4673417721518987, 0.9387468354430378, 0.5091139240506329], [0.9336835443037974, 0.4724050632911392, 0.9640632911392405, 0.5078481012658227], [0.7222911392405063, 0.4129113924050633, 0.7501392405063291, 0.44075949367088607], [0.7463417721518987, 0.4167088607594937, 0.7729240506329114, 0.44075949367088607], [0.590645569620253, 0.3951898734177215, 0.6159620253164557, 0.4154430379746835], [0.6083670886075947, 0.39772151898734176, 0.6374810126582278, 0.4192405063291139], [0.5552025316455695, 0.38379746835443035, 0.5779873417721517, 0.4053164556962025], [0.4906455696202531, 0.38253164556962027, 0.5184936708860757, 0.40658227848101264], [0.5096329113924047, 0.3850632911392405, 0.5324177215189873, 0.4053164556962025], [0.8109999999999999, 0.411, 0.841, 0.43800000000000006], [0.835, 0.411, 0.858, 0.439], [0.963, 0.395, 0.983, 0.413], [0.978, 0.395, 0.998, 0.417], [0.999, 0.428, 1.0, 0.453]], "class": 18}