{"image": "5b867b62-759e-11ee-993a-fcb3bc5cd112.jpg", "bboxes": [[0.8727088607594937, 0.42025316455696204, 0.9233417721518988, 0.4721518987341773], [0.8246075949367089, 0.42025316455696204, 0.8790379746835445, 0.47468354430379744], [0.5841012658227849, 0.3911392405063291, 0.6423291139240507, 0.44303797468354433], [0.5322025316455697, 0.37721518987341773, 0.5904303797468354, 0.4379746835443038], [0.35625316455696215, 0.47088607594936704, 0.3942278481012659, 0.5126582278481013], [0.3309367088607595, 0.4721518987341773, 0.36131645569620263, 0.5075949367088608], [0.544860759493671, 0.5392405063291139, 0.5727088607594938, 0.5670886075949367], [0.5220759493670887, 0.5392405063291139, 0.5486582278481014, 0.5632911392405063], [0.6790379746835443, 0.5645569620253165, 0.7043544303797469, 0.5848101265822785], [0.6575189873417723, 0.5607594936708861, 0.6866329113924052, 0.5822784810126582], [0.7170126582278483, 0.5746835443037974, 0.7397974683544304, 0.5962025316455697], [0.7765063291139243, 0.5734177215189874, 0.8043544303797469, 0.5974683544303798], [0.7625822784810128, 0.5746835443037974, 0.7853670886075952, 0.5949367088607596], [0.454, 0.5419999999999999, 0.484, 0.569], [0.437, 0.5409999999999999, 0.46, 0.569], [0.312, 0.567, 0.332, 0.585], [0.297, 0.563, 0.317, 0.585], [0.272, 0.527, 0.296, 0.552], [0.246, 0.527, 0.274, 0.5529999999999999], [0.223, 0.569, 0.243, 0.5860000000000001]], "class": 20}