{"image": "5b867b62-759e-11ee-993a-fcb3bc5cd112.jpg", "bboxes": [[0.28370886075949375, 0.44825316455696207, 0.3343417721518988, 0.5001518987341773], [0.23560759493670888, 0.44825316455696207, 0.2900379746835445, 0.5026835443037975], [0.0, 0.4191392405063291, 0.053329113924050715, 0.47103797468354436], [0.0, 0.40521518987341776, 0.001430379746835456, 0.4659746835443038], [0.09003797468354435, 0.5925569620253165, 0.11535443037974687, 0.6128101265822785], [0.06851898734177223, 0.588759493670886, 0.09763291139240528, 0.6102784810126582], [0.1280126582278483, 0.6026835443037974, 0.15079746835443042, 0.6242025316455697], [0.18750632911392426, 0.6014177215189873, 0.2153544303797469, 0.6254683544303797], [0.17358227848101274, 0.6026835443037974, 0.1963670886075952, 0.6229367088607595]], "class": 9}