{"image": "5b867b62-759e-11ee-993a-fcb3bc5cd112.jpg", "bboxes": [[0.0, 0.45725316455696197, 0.042291139240506204, 0.5091518987341772], [0.03596202531645554, 0.45725316455696197, 0.09039240506329116, 0.5116835443037975], [0.27267088607594925, 0.4281392405063291, 0.33089873417721516, 0.48003797468354437], [0.3245696202531645, 0.41421518987341777, 0.3827974683544303, 0.47497468354430383], [0.5207721518987342, 0.5078860759493671, 0.5587468354430378, 0.5496582278481013], [0.5536835443037973, 0.5091518987341772, 0.5840632911392405, 0.5445949367088608], [0.34229113924050625, 0.5762405063291139, 0.37013924050632907, 0.6040886075949368], [0.36634177215189867, 0.5762405063291139, 0.39292405063291125, 0.6002911392405064], [0.21064556962025316, 0.6015569620253165, 0.2359620253164556, 0.6218101265822784], [0.2283670886075947, 0.5977594936708861, 0.25748101265822776, 0.6192784810126583], [0.17520253164556965, 0.6116835443037975, 0.19798734177215171, 0.6332025316455696], [0.11064556962025318, 0.6104177215189874, 0.13849367088607578, 0.6344683544303797], [0.12963291139240485, 0.6116835443037975, 0.15241772151898725, 0.6319367088607595], [0.43100000000000005, 0.579, 0.46099999999999997, 0.606], [0.45499999999999996, 0.5780000000000001, 0.478, 0.606], [0.583, 0.604, 0.603, 0.622], [0.598, 0.6, 0.618, 0.622], [0.619, 0.5640000000000001, 0.643, 0.589], [0.641, 0.5640000000000001, 0.669, 0.5900000000000001], [0.6719999999999999, 0.606, 0.692, 0.623]], "class": 20}