{"image": "5b867b62-759e-11ee-993a-fcb3bc5cd112.jpg", "bboxes": [[0.29465822784810125, 0.5398481012658227, 0.34529113924050625, 0.591746835443038], [0.3389620253164556, 0.5373164556962026, 0.3933924050632911, 0.591746835443038], [0.5756708860759493, 0.5689620253164557, 0.6338987341772151, 0.6208607594936709], [0.6275696202531645, 0.5740253164556962, 0.6857974683544303, 0.6347848101265822], [0.8237721518987342, 0.4993417721518987, 0.8617468354430379, 0.541113924050633], [0.8566835443037973, 0.5044050632911392, 0.8870632911392405, 0.5398481012658227], [0.6452911392405063, 0.4449113924050633, 0.673139240506329, 0.47275949367088604], [0.6693417721518986, 0.4487088607594937, 0.6959240506329113, 0.47275949367088604], [0.5136455696202531, 0.4271898734177215, 0.5389620253164557, 0.44744303797468354], [0.5313670886075947, 0.4297215189873418, 0.5604810126582278, 0.45124050632911394], [0.4782025316455696, 0.4157974683544304, 0.5009873417721518, 0.43731645569620253], [0.4136455696202531, 0.41453164556962024, 0.4414936708860757, 0.4385822784810126], [0.4326329113924048, 0.4170632911392405, 0.4554177215189873, 0.43731645569620253], [0.734, 0.443, 0.764, 0.4700000000000001], [0.758, 0.443, 0.781, 0.471], [0.886, 0.427, 0.906, 0.445], [0.901, 0.427, 0.921, 0.449], [0.922, 0.46, 0.946, 0.485], [0.944, 0.459, 0.972, 0.485], [0.975, 0.426, 0.995, 0.443]], "class": 20}