{"image": "5b867b62-759e-11ee-993a-fcb3bc5cd112.jpg", "bboxes": [[0.3666582278481012, 0.5428481012658227, 0.4172911392405062, 0.594746835443038], [0.41096202531645554, 0.5403164556962026, 0.46539240506329116, 0.594746835443038], [0.6476708860759492, 0.5719620253164557, 0.7058987341772152, 0.6238607594936709], [0.6995696202531645, 0.5770253164556961, 0.7577974683544303, 0.6377848101265822], [0.8957721518987342, 0.5023417721518987, 0.9337468354430378, 0.544113924050633], [0.9286835443037974, 0.5074050632911392, 0.9590632911392405, 0.5428481012658227], [0.7172911392405062, 0.4479113924050633, 0.7451392405063291, 0.47575949367088605], [0.7413417721518987, 0.4517088607594937, 0.7679240506329112, 0.47575949367088605], [0.5856455696202532, 0.4301898734177215, 0.6109620253164556, 0.45044303797468355], [0.6033670886075948, 0.4327215189873418, 0.6324810126582278, 0.45424050632911395], [0.5502025316455696, 0.4187974683544303, 0.5729873417721517, 0.44031645569620254], [0.4856455696202532, 0.41753164556962025, 0.5134936708860758, 0.4415822784810126], [0.5046329113924048, 0.4200632911392405, 0.5274177215189872, 0.44031645569620254], [0.806, 0.446, 0.836, 0.47300000000000003], [0.83, 0.446, 0.853, 0.474], [0.958, 0.43, 0.978, 0.448], [0.973, 0.43, 0.993, 0.452], [0.994, 0.463, 1.0, 0.488]], "class": 18}