{"image": "5b867b62-759e-11ee-993a-fcb3bc5cd112.jpg", "bboxes": [[0.42870886075949377, 0.45025316455696207, 0.47934177215189877, 0.5021518987341773], [0.38060759493670887, 0.45025316455696207, 0.43503797468354444, 0.5046835443037975], [0.14010126582278484, 0.4211392405063291, 0.19832911392405073, 0.47303797468354436], [0.08820253164556971, 0.40721518987341776, 0.14643037974683545, 0.4679746835443038], [0.10086075949367092, 0.5692405063291139, 0.12870886075949375, 0.5970886075949366], [0.0780759493670887, 0.5692405063291139, 0.10465822784810132, 0.5932911392405062], [0.23503797468354434, 0.5945569620253165, 0.26035443037974687, 0.6148101265822785], [0.21351898734177224, 0.590759493670886, 0.24263291139240528, 0.6122784810126582], [0.2730126582278483, 0.6046835443037974, 0.2957974683544304, 0.6262025316455697], [0.33250632911392425, 0.6034177215189873, 0.36035443037974685, 0.6274683544303797], [0.3185822784810127, 0.6046835443037974, 0.3413670886075952, 0.6249367088607595], [0.01, 0.572, 0.04, 0.599], [0.0, 0.571, 0.016, 0.599]], "class": 13}