{"image": "5b867b62-759e-11ee-993a-fcb3bc5cd112.jpg", "bboxes": [[0.6537088607594937, 0.5438481012658227, 0.7043417721518987, 0.595746835443038], [0.6056075949367089, 0.5413164556962026, 0.6600379746835444, 0.595746835443038], [0.36510126582278485, 0.5729620253164557, 0.4233291139240507, 0.6248607594936709], [0.3132025316455697, 0.5780253164556961, 0.37143037974683546, 0.6387848101265822], [0.13725316455696213, 0.5033417721518987, 0.17522784810126588, 0.545113924050633], [0.1119367088607595, 0.5084050632911392, 0.14231645569620263, 0.5438481012658227], [0.32586075949367094, 0.4489113924050633, 0.35370886075949376, 0.47675949367088605], [0.3030759493670887, 0.4527088607594937, 0.32965822784810134, 0.47675949367088605], [0.46003797468354435, 0.4311898734177215, 0.48535443037974685, 0.45144303797468355], [0.43851898734177225, 0.4337215189873418, 0.46763291139240526, 0.45524050632911395], [0.4980126582278483, 0.4197974683544303, 0.5207974683544304, 0.44131645569620254], [0.5575063291139243, 0.41853164556962025, 0.5853544303797469, 0.4425822784810126], [0.5435822784810127, 0.4210632911392405, 0.5663670886075952, 0.44131645569620254], [0.235, 0.447, 0.265, 0.47400000000000003], [0.218, 0.447, 0.241, 0.475], [0.093, 0.431, 0.113, 0.449], [0.078, 0.431, 0.098, 0.453], [0.053, 0.464, 0.077, 0.489], [0.027, 0.463, 0.055, 0.489], [0.004, 0.43, 0.024, 0.447]], "class": 20}