{"image": "5b867b62-759e-11ee-993a-fcb3bc5cd112.jpg", "bboxes": [[0.9586075949367089, 0.395253164556962, 1.0, 0.4496835443037974], [0.7181012658227849, 0.36613924050632907, 0.7763291139240507, 0.4180379746835443], [0.6662025316455698, 0.3522151898734178, 0.7244303797468354, 0.4129746835443039], [0.4902531645569621, 0.445886075949367, 0.5282278481012659, 0.4876582278481013], [0.4649367088607595, 0.44715189873417727, 0.49531645569620264, 0.4825949367088608], [0.6788607594936709, 0.514240506329114, 0.7067088607594938, 0.5420886075949367], [0.6560759493670887, 0.514240506329114, 0.6826582278481014, 0.5382911392405063], [0.8130379746835443, 0.5395569620253164, 0.8383544303797469, 0.5598101265822785], [0.7915189873417723, 0.535759493670886, 0.8206329113924052, 0.5572784810126583], [0.8510126582278483, 0.5496835443037975, 0.8737974683544304, 0.5712025316455697], [0.9105063291139243, 0.5484177215189874, 0.9383544303797469, 0.5724683544303797], [0.8965822784810127, 0.5496835443037975, 0.9193670886075952, 0.5699367088607594], [0.588, 0.5169999999999999, 0.618, 0.544], [0.571, 0.516, 0.594, 0.544], [0.446, 0.542, 0.466, 0.56], [0.431, 0.538, 0.451, 0.56], [0.406, 0.502, 0.43, 0.527], [0.38, 0.502, 0.408, 0.528], [0.357, 0.544, 0.377, 0.5609999999999999]], "class": 19}