{"image": "5b867b62-759e-11ee-993a-fcb3bc5cd112.jpg", "bboxes": [[0.30665822784810115, 0.43825316455696206, 0.35729113924050626, 0.4901518987341773], [0.3509620253164555, 0.43825316455696206, 0.4053924050632911, 0.49268354430379746], [0.5876708860759493, 0.4091392405063291, 0.6458987341772151, 0.46103797468354435], [0.6395696202531646, 0.39521518987341775, 0.6977974683544304, 0.4559746835443038], [0.8357721518987341, 0.48888607594936706, 0.8737468354430379, 0.5306582278481013], [0.8686835443037974, 0.4901518987341773, 0.8990632911392406, 0.5255949367088608], [0.6572911392405063, 0.5572405063291139, 0.685139240506329, 0.5850886075949366], [0.6813417721518986, 0.5572405063291139, 0.7079240506329113, 0.5812911392405062], [0.5256455696202531, 0.5825569620253165, 0.5509620253164557, 0.6028101265822785], [0.5433670886075948, 0.5787594936708861, 0.5724810126582278, 0.6002784810126582], [0.4902025316455696, 0.5926835443037974, 0.5129873417721518, 0.6142025316455697], [0.42564556962025313, 0.5914177215189873, 0.45349367088607573, 0.6154683544303797], [0.4446329113924048, 0.5926835443037974, 0.4674177215189873, 0.6129367088607596], [0.746, 0.5599999999999999, 0.776, 0.587], [0.77, 0.5589999999999999, 0.793, 0.587], [0.898, 0.585, 0.918, 0.603], [0.913, 0.581, 0.933, 0.603], [0.9339999999999999, 0.5449999999999999, 0.958, 0.5700000000000001], [0.956, 0.5449999999999999, 0.984, 0.571], [0.987, 0.587, 1.0, 0.604]], "class": 20}