{"image": "5b867b62-759e-11ee-993a-fcb3bc5cd112.jpg", "bboxes": [[0.5607088607594938, 0.5078481012658227, 0.6113417721518988, 0.5597468354430379], [0.5126075949367089, 0.5053164556962025, 0.5670379746835444, 0.5597468354430379], [0.2721012658227849, 0.5369620253164556, 0.33032911392405073, 0.5888607594936709], [0.22020253164556972, 0.5420253164556962, 0.27843037974683543, 0.6027848101265822], [0.044253164556962134, 0.4673417721518987, 0.08222784810126586, 0.5091139240506329], [0.018936708860759495, 0.4724050632911392, 0.04931645569620264, 0.5078481012658227], [0.2328607594936709, 0.4129113924050633, 0.26070886075949373, 0.44075949367088607], [0.2100759493670887, 0.4167088607594937, 0.2366582278481013, 0.44075949367088607], [0.3670379746835443, 0.3951898734177215, 0.3923544303797469, 0.4154430379746835], [0.3455189873417722, 0.39772151898734176, 0.3746329113924053, 0.4192405063291139], [0.4050126582278483, 0.38379746835443035, 0.4277974683544304, 0.4053164556962025], [0.46450632911392425, 0.38253164556962027, 0.49235443037974685, 0.40658227848101264], [0.45058227848101273, 0.3850632911392405, 0.4733670886075952, 0.4053164556962025], [0.142, 0.411, 0.172, 0.43800000000000006], [0.125, 0.411, 0.148, 0.439], [0.0, 0.395, 0.02, 0.413], [0.0, 0.395, 0.005, 0.417]], "class": 17}