{"image": "5b867b62-759e-11ee-993a-fcb3bc5cd112.jpg", "bboxes": [[0.0, 0.5058481012658227, 0.002291139240506279, 0.5577468354430379], [0.0, 0.5033164556962025, 0.050392405063291124, 0.5577468354430379], [0.23267088607594932, 0.5349620253164556, 0.2908987341772151, 0.5868607594936709], [0.28456962025316457, 0.5400253164556962, 0.34279746835443026, 0.6007848101265822], [0.4807721518987341, 0.4653417721518987, 0.5187468354430378, 0.5071139240506329], [0.5136835443037974, 0.4704050632911392, 0.5440632911392405, 0.5058481012658227], [0.3022911392405062, 0.4109113924050633, 0.33013924050632903, 0.43875949367088607], [0.32634177215189863, 0.4147088607594937, 0.3529240506329113, 0.43875949367088607], [0.17064556962025312, 0.3931898734177215, 0.19596202531645568, 0.4134430379746835], [0.18836708860759477, 0.39572151898734176, 0.21748101265822772, 0.4172405063291139], [0.1352025316455696, 0.38179746835443035, 0.15798734177215168, 0.4033164556962025], [0.07064556962025315, 0.38053164556962027, 0.09849367088607575, 0.40458227848101264], [0.08963291139240481, 0.3830632911392405, 0.11241772151898721, 0.4033164556962025], [0.391, 0.409, 0.42100000000000004, 0.43600000000000005], [0.41500000000000004, 0.409, 0.43799999999999994, 0.437], [0.5429999999999999, 0.393, 0.563, 0.411], [0.558, 0.393, 0.5780000000000001, 0.415], [0.579, 0.426, 0.603, 0.451], [0.601, 0.425, 0.629, 0.451], [0.632, 0.392, 0.652, 0.409]], "class": 20}