{"image": "5c3de9e0-6b43-11ee-944b-fcb3bc5cd112.jpg", "bboxes": [[0.9699268292682925, 0.3491951219512195, 1.0, 0.41504878048780486], [0.9138292682926829, 0.36017073170731695, 0.9796829268292682, 0.4199268292682926], [0.7101707317073171, 0.2760243902439024, 0.7650487804878051, 0.3260243902439024], [0.6528536585365854, 0.2772439024390244, 0.7187073170731708, 0.3235853658536585], [0.43821951219512195, 0.3150487804878048, 0.49553658536585377, 0.3772439024390244], [0.37968292682926835, 0.3077317073170731, 0.44797560975609757, 0.3687073170731707], [0.2662682926829269, 0.2735853658536585, 0.32846341463414636, 0.31748780487804873]], "class": 7}