{"image": "5c3de9e0-6b43-11ee-944b-fcb3bc5cd112.jpg", "bboxes": [[0.01195121951219491, 0.25402439024390244, 0.06682926829268288, 0.30402439024390243], [0.05829268292682921, 0.2552439024390244, 0.12414634146341463, 0.3015853658536585], [0.28146341463414626, 0.29304878048780486, 0.338780487804878, 0.3552439024390244], [0.3290243902439024, 0.28573170731707315, 0.3973170731707316, 0.3467073170731707], [0.4485365853658536, 0.25158536585365854, 0.5107317073170731, 0.2954878048780487]], "class": 5}