{"image": "5c3de9e0-6b43-11ee-944b-fcb3bc5cd112.jpg", "bboxes": [[0.8959999999999998, 0.4529512195121951, 0.9813658536585365, 0.5383170731707316], [0.794780487804878, 0.45904878048780484, 0.8911219512195121, 0.5383170731707316], [0.4289268292682925, 0.5529512195121952, 0.5020975609756096, 0.6188048780487805], [0.37282926829268287, 0.5480731707317074, 0.4386829268292681, 0.607829268292683], [0.16917073170731714, 0.6419756097560976, 0.22404878048780505, 0.6919756097560976], [0.11185365853658538, 0.6444146341463415, 0.17770731707317078, 0.6907560975609757]], "class": 6}