{"image": "5c3de9e0-6b43-11ee-944b-fcb3bc5cd112.jpg", "bboxes": [[0.029634146341463552, 0.4626829268292683, 0.11500000000000021, 0.5480487804878049], [0.11987804878048791, 0.4626829268292683, 0.21621951219512203, 0.5419512195121952], [0.5089024390243904, 0.3821951219512195, 0.5820731707317075, 0.44804878048780483], [0.5723170731707319, 0.393170731707317, 0.6381707317073171, 0.45292682926829264], [0.7869512195121949, 0.30902439024390244, 0.8418292682926829, 0.3590243902439024], [0.8332926829268292, 0.3102439024390244, 0.8991463414634147, 0.3565853658536585]], "class": 6}