{"image": "5c3de9e0-6b43-11ee-944b-fcb3bc5cd112.jpg", "bboxes": [[0.0, 0.46204878048780484, 0.07221951219512202, 0.5413170731707317], [0.36490243902439035, 0.5559512195121952, 0.4380731707317075, 0.6218048780487805], [0.42831707317073187, 0.5510731707317074, 0.4941707317073172, 0.610829268292683], [0.6429512195121949, 0.6449756097560976, 0.6978292682926829, 0.6949756097560975], [0.6892926829268292, 0.6474146341463415, 0.7551463414634146, 0.6937560975609756], [0.9124634146341463, 0.5937560975609756, 0.969780487804878, 0.6559512195121951], [0.9600243902439024, 0.6022926829268294, 1.0, 0.6632682926829269]], "class": 7}