{"image": "5c3de9e0-6b43-11ee-944b-fcb3bc5cd112.jpg", "bboxes": [[0.8609999999999998, 0.4606829268292683, 0.9463658536585364, 0.5460487804878049], [0.7597804878048781, 0.4606829268292683, 0.8561219512195121, 0.5399512195121952], [0.39392682926829253, 0.3801951219512195, 0.46709756097560967, 0.44604878048780483], [0.33782926829268284, 0.391170731707317, 0.40368292682926815, 0.45092682926829264], [0.13417073170731714, 0.30702439024390243, 0.18904878048780507, 0.3570243902439024], [0.07685365853658538, 0.3082439024390244, 0.14270731707317078, 0.3545853658536585]], "class": 6}