{"image": "5c3de9e0-6b43-11ee-944b-fcb3bc5cd112.jpg", "bboxes": [[0.942780487804878, 0.4410487804878048, 1.0, 0.5203170731707317], [0.5769268292682925, 0.5349512195121952, 0.6500975609756097, 0.6008048780487805], [0.5208292682926828, 0.5300731707317073, 0.5866829268292681, 0.589829268292683], [0.31717073170731713, 0.6239756097560976, 0.37204878048780504, 0.6739756097560976], [0.2598536585365854, 0.6264146341463415, 0.32570731707317074, 0.6727560975609757], [0.04521951219512198, 0.5727560975609756, 0.10253658536585374, 0.6349512195121951], [0.0, 0.5812926829268292, 0.05497560975609758, 0.6422682926829268]], "class": 7}