{"image": "5c3de9e0-6b43-11ee-944b-fcb3bc5cd112.jpg", "bboxes": [[0.07190243902439031, 0.3581951219512195, 0.14507317073170745, 0.4240487804878048], [0.13531707317073183, 0.36917073170731696, 0.20117073170731714, 0.4289268292682926], [0.349951219512195, 0.2850243902439024, 0.40482926829268284, 0.3350243902439024], [0.3962926829268292, 0.2862439024390244, 0.4621463414634146, 0.3325853658536585], [0.6194634146341462, 0.32404878048780483, 0.676780487804878, 0.3862439024390244], [0.6670243902439024, 0.3167317073170731, 0.7353170731707317, 0.37770731707317073], [0.7865365853658537, 0.2825853658536585, 0.848731707317073, 0.32648780487804874]], "class": 7}