{"image": "5c3de9e0-6b43-11ee-944b-fcb3bc5cd112.jpg", "bboxes": [[0.9179268292682925, 0.3911951219512195, 0.9910975609756096, 0.45704878048780484], [0.8618292682926828, 0.402170731707317, 0.9276829268292681, 0.46192682926829265], [0.6581707317073171, 0.31802439024390244, 0.7130487804878051, 0.36802439024390243], [0.6008536585365853, 0.3192439024390244, 0.6667073170731708, 0.36558536585365853], [0.38621951219512196, 0.3570487804878048, 0.4435365853658537, 0.4192439024390244], [0.32768292682926836, 0.34973170731707315, 0.3959756097560976, 0.4107073170731707], [0.21426829268292694, 0.31558536585365854, 0.27646341463414636, 0.3594878048780487]], "class": 7}