{"image": "5c3de9e0-6b43-11ee-944b-fcb3bc5cd112.jpg", "bboxes": [[0.9551707317073171, 0.6839756097560976, 1.0, 0.7339756097560977], [0.8978536585365854, 0.6864146341463415, 0.9637073170731708, 0.7327560975609756], [0.683219512195122, 0.6327560975609756, 0.7405365853658538, 0.6949512195121952], [0.6246829268292684, 0.6412926829268293, 0.6929756097560976, 0.7022682926829269], [0.511268292682927, 0.6925121951219513, 0.5734634146341464, 0.7364146341463416]], "class": 5}