{"image": "5c3de9e0-6b43-11ee-944b-fcb3bc5cd112.jpg", "bboxes": [[0.9251707317073171, 0.2830243902439024, 0.9800487804878051, 0.3330243902439024], [0.8678536585365854, 0.2842439024390244, 0.9337073170731708, 0.3305853658536585], [0.653219512195122, 0.32204878048780483, 0.7105365853658537, 0.3842439024390244], [0.5946829268292684, 0.3147317073170731, 0.6629756097560976, 0.37570731707317073], [0.4812682926829269, 0.2805853658536585, 0.5434634146341464, 0.32448780487804874]], "class": 5}