{"image": "5c3de9e0-6b43-11ee-944b-fcb3bc5cd112.jpg", "bboxes": [[0.9629999999999997, 0.4709512195121951, 1.0, 0.5563170731707316], [0.861780487804878, 0.47704878048780486, 0.958121951219512, 0.5563170731707316], [0.4959268292682925, 0.5709512195121952, 0.5690975609756097, 0.6368048780487805], [0.4398292682926829, 0.5660731707317074, 0.5056829268292681, 0.625829268292683], [0.23617073170731714, 0.6599756097560976, 0.2910487804878051, 0.7099756097560976], [0.17885365853658539, 0.6624146341463415, 0.24470731707317078, 0.7087560975609757], [0.0, 0.6087560975609756, 0.02153658536585374, 0.6709512195121952]], "class": 7}