{"image": "5c3de9e0-6b43-11ee-944b-fcb3bc5cd112.jpg", "bboxes": [[0.972780487804878, 0.4616829268292683, 1.0, 0.5409512195121952], [0.6069268292682926, 0.3811951219512195, 0.6800975609756097, 0.44704878048780483], [0.5508292682926829, 0.392170731707317, 0.6166829268292682, 0.45192682926829264], [0.34717073170731716, 0.30802439024390244, 0.40204878048780507, 0.3580243902439024], [0.2898536585365854, 0.3092439024390244, 0.35570731707317077, 0.3555853658536585], [0.07521951219512198, 0.34704878048780485, 0.13253658536585375, 0.4092439024390244], [0.016682926829268353, 0.33973170731707314, 0.08497560975609758, 0.4007073170731707]], "class": 7}