{"image": "5daab425-759e-11ee-9527-fcb3bc5cd112.jpg", "bboxes": [[0.8754430379746835, 0.5295696202531646, 0.9298734177215191, 0.573873417721519], [0.8425316455696203, 0.5358987341772151, 0.8893670886075951, 0.5827341772151899], [0.7045569620253165, 0.4650126582278481, 0.7437974683544304, 0.5080506329113924], [0.6817721518987343, 0.4688101265822785, 0.7159493670886077, 0.5118481012658227], [0.7969620253164558, 0.4308354430379747, 0.8235443037974683, 0.4612151898734177], [0.8184810126582279, 0.42450632911392405, 0.8475949367088608, 0.4612151898734177], [0.6463291139240507, 0.42577215189873424, 0.6627848101265823, 0.4434936708860759], [0.629090909090909, 0.42581818181818176, 0.6472727272727272, 0.4430909090909091], [0.8399999999999999, 0.40945454545454546, 0.8645454545454545, 0.42581818181818176], [0.7709090909090909, 0.40945454545454546, 0.789090909090909, 0.4239999999999999], [0.7609090909090909, 0.4103636363636363, 0.7745454545454545, 0.42581818181818176]], "class": 11}