{"image": "5daab425-759e-11ee-9527-fcb3bc5cd112.jpg", "bboxes": [[0.3084556962025317, 0.38826582278481014, 0.3552911392405065, 0.44269620253164554], [0.26794936708860767, 0.3857341772151899, 0.31098734177215215, 0.43889873417721526], [0.027443037974683535, 0.39712658227848097, 0.0818734177215191, 0.4414303797468354], [0.0, 0.38826582278481014, 0.04136708860759507, 0.43510126582278486], [0.0, 0.5451818181818182, 0.016545454545454506, 0.5615454545454546]], "class": 5}