{"image": "5daab425-759e-11ee-9527-fcb3bc5cd112.jpg", "bboxes": [[0.3744556962025317, 0.3642658227848101, 0.4212911392405065, 0.4186962025316455], [0.3339493670886077, 0.36173417721518986, 0.37698734177215215, 0.41489873417721523], [0.09344303797468353, 0.37312658227848106, 0.1478734177215191, 0.4174303797468355], [0.06053164556962031, 0.3642658227848101, 0.10736708860759507, 0.41110126582278483], [0.014962025316455765, 0.48578481012658237, 0.04154430379746839, 0.5161645569620252], [0.03648101265822788, 0.48578481012658237, 0.06559493670886081, 0.5224936708860759], [0.057999999999999885, 0.5211818181818182, 0.0825454545454545, 0.5375454545454545], [0.0, 0.5230000000000001, 0.007090909090909008, 0.5375454545454545]], "class": 8}