{"image": "5daab425-759e-11ee-9527-fcb3bc5cd112.jpg", "bboxes": [[0.7894430379746835, 0.37412658227848106, 0.8438734177215191, 0.4184303797468355], [0.7565316455696203, 0.3652658227848101, 0.8033670886075951, 0.41210126582278483], [0.6185569620253165, 0.43994936708860755, 0.6577974683544304, 0.48298734177215197], [0.5957721518987342, 0.43615189873417726, 0.6299493670886077, 0.47918987341772157], [0.7109620253164558, 0.48678481012658237, 0.7375443037974684, 0.5171645569620253], [0.7324810126582278, 0.48678481012658237, 0.7615949367088608, 0.523493670886076], [0.5603291139240507, 0.5045063291139241, 0.5767848101265823, 0.5222278481012658], [0.543090909090909, 0.504909090909091, 0.5612727272727273, 0.5221818181818183], [0.7539999999999999, 0.5221818181818183, 0.7785454545454545, 0.5385454545454545], [0.6849090909090909, 0.5240000000000001, 0.703090909090909, 0.5385454545454545], [0.6749090909090909, 0.5221818181818183, 0.6885454545454545, 0.5376363636363637]], "class": 11}