{"image": "5daab425-759e-11ee-9527-fcb3bc5cd112.jpg", "bboxes": [[0.0, 0.41226582278481005, 0.025544303797468304, 0.46669620253164557], [0.023012658227847815, 0.4097341772151899, 0.06605063291139235, 0.4628987341772153], [0.25212658227848095, 0.421126582278481, 0.30655696202531646, 0.46543037974683543], [0.2926329113924049, 0.41226582278481005, 0.3394683544303797, 0.4591012658227849], [0.43820253164556955, 0.4869493670886076, 0.47744303797468357, 0.5299873417721519], [0.46605063291139226, 0.4831518987341773, 0.5002278481012657, 0.5261898734177215], [0.3584556962025316, 0.5337848101265823, 0.3850379746835443, 0.5641645569620253], [0.33440506329113917, 0.5337848101265823, 0.3635189873417721, 0.5704936708860759], [0.5192151898734176, 0.5515063291139242, 0.5356708860759493, 0.5692278481012658], [0.5347272727272727, 0.5519090909090909, 0.552909090909091, 0.5691818181818182], [0.31745454545454554, 0.5691818181818182, 0.3420000000000001, 0.5855454545454546], [0.392909090909091, 0.5710000000000002, 0.4110909090909092, 0.5855454545454546], [0.4074545454545455, 0.5691818181818182, 0.42109090909090907, 0.5846363636363636]], "class": 13}