{"image": "5daab425-759e-11ee-9527-fcb3bc5cd112.jpg", "bboxes": [[0.7794556962025317, 0.5413037974683544, 0.8262911392405065, 0.59573417721519], [0.7389493670886077, 0.5451012658227847, 0.7819873417721521, 0.5982658227848101], [0.49844303797468353, 0.5425696202531646, 0.5528734177215191, 0.586873417721519], [0.4655316455696203, 0.5488987341772151, 0.5123670886075951, 0.59573417721519], [0.3275569620253165, 0.47801265822784805, 0.3667974683544304, 0.5210506329113924], [0.30477215189873424, 0.4818101265822785, 0.3389493670886077, 0.5248481012658227], [0.41996202531645577, 0.4438354430379747, 0.4465443037974684, 0.47421518987341765], [0.44148101265822787, 0.43750632911392406, 0.4705949367088608, 0.47421518987341765], [0.26932911392405073, 0.43877215189873425, 0.28578481012658236, 0.4564936708860759], [0.25209090909090903, 0.4388181818181818, 0.2702727272727273, 0.45609090909090905], [0.4629999999999999, 0.4224545454545454, 0.4875454545454545, 0.4388181818181818], [0.3939090909090909, 0.4224545454545454, 0.412090909090909, 0.4369999999999999], [0.38390909090909087, 0.42336363636363633, 0.3975454545454545, 0.4388181818181818]], "class": 13}