{"image": "5e0829ec-759a-11ee-8d01-fcb3bc5cd112.jpg", "bboxes": [[0.3993544303797466, 0.5106075949367088, 0.4841645569620252, 0.5675696202531646]], "class": 1}