{"image": "5e0829ec-759a-11ee-8d01-fcb3bc5cd112.jpg", "bboxes": [[0.7088354430379747, 0.47943037974683544, 0.7936455696202533, 0.5363924050632911]], "class": 1}