{"image": "5e0829ec-759a-11ee-8d01-fcb3bc5cd112.jpg", "bboxes": [[0.48583544303797477, 0.4976075949367089, 0.5706455696202534, 0.5545696202531645]], "class": 1}