{"image": "5e0829ec-759a-11ee-8d01-fcb3bc5cd112.jpg", "bboxes": [[0.8618354430379748, 0.4916075949367089, 0.9466455696202534, 0.5485696202531645]], "class": 1}