{"image": "5e0829ec-759a-11ee-8d01-fcb3bc5cd112.jpg", "bboxes": [[0.9818354430379748, 0.4604303797468355, 1.0, 0.5173924050632911]], "class": 1}