{"image": "5e0829ec-759a-11ee-8d01-fcb3bc5cd112.jpg", "bboxes": [[0.0, 0.46243037974683543, 0.05816455696202527, 0.5193924050632911]], "class": 1}