{"image": "5e0829ec-759a-11ee-8d01-fcb3bc5cd112.jpg", "bboxes": [[0.22835443037974668, 0.4866075949367089, 0.3131645569620253, 0.5435696202531646]], "class": 1}