{"image": "5e0829ec-759a-11ee-8d01-fcb3bc5cd112.jpg", "bboxes": [[0.22735443037974667, 0.47243037974683544, 0.3121645569620253, 0.5293924050632911]], "class": 1}