{"image": "5f597d43-759a-11ee-9412-fcb3bc5cd112.jpg", "bboxes": [[0.23264556962025335, 0.432620253164557, 0.29213924050632933, 0.5161645569620252], [0.1756835443037976, 0.4554050632911393, 0.23517721518987356, 0.512367088607595]], "class": 2}