{"image": "5f597d43-759a-11ee-9412-fcb3bc5cd112.jpg", "bboxes": [[0.5976455696202534, 0.4158354430379747, 0.6571392405063293, 0.499379746835443], [0.5406835443037976, 0.41963291139240505, 0.6001772151898735, 0.4765949367088607]], "class": 2}