{"image": "5f597d43-759a-11ee-9412-fcb3bc5cd112.jpg", "bboxes": [[0.5808607594936707, 0.507620253164557, 0.6403544303797466, 0.5911645569620253], [0.6378227848101264, 0.5304050632911392, 0.6973164556962024, 0.587367088607595]], "class": 2}