{"image": "5f597d43-759a-11ee-9412-fcb3bc5cd112.jpg", "bboxes": [[0.7296455696202534, 0.4148354430379747, 0.7891392405063293, 0.498379746835443], [0.6726835443037976, 0.41863291139240505, 0.7321772151898736, 0.4755949367088607]], "class": 2}