{"image": "5f597d43-759a-11ee-9412-fcb3bc5cd112.jpg", "bboxes": [[0.9836835443037976, 0.46963291139240504, 1.0, 0.5265949367088607]], "class": 1}