{"image": "5f597d43-759a-11ee-9412-fcb3bc5cd112.jpg", "bboxes": [[0.021860759493670723, 0.4866202531645569, 0.08135443037974666, 0.5701645569620253], [0.0788227848101265, 0.5094050632911393, 0.13831645569620243, 0.5663670886075949]], "class": 2}