{"image": "5f629b84-6b45-11ee-a056-fcb3bc5cd112.jpg", "bboxes": [[0.5332682926829269, 0.3852926829268293, 0.5613170731707317, 0.414560975609756], [0.49790243902439013, 0.3877317073170732, 0.5344878048780486, 0.418219512195122]], "class": 2}