{"image": "5f629b84-6b45-11ee-a056-fcb3bc5cd112.jpg", "bboxes": [[0.5502682926829268, 0.5244390243902439, 0.5783170731707317, 0.5537073170731708], [0.5149024390243901, 0.5207804878048781, 0.5514878048780486, 0.5512682926829268]], "class": 2}