{"image": "5f9af2cc-759e-11ee-99a8-fcb3bc5cd112.jpg", "bboxes": [[0.017949367088607504, 0.5227974683544304, 0.06731645569620237, 0.5822911392405064], [0.057189873417721415, 0.5227974683544304, 0.11288607594936684, 0.5822911392405064], [0.1812405063291137, 0.41140506329113924, 0.2154177215189873, 0.4417848101265823], [0.2901012658227846, 0.4202658227848101, 0.31794936708860744, 0.44684810126582286], [0.3166835443037974, 0.419, 0.34959493670886066, 0.4481139240506329], [0.48124050632911386, 0.47975949367088605, 0.5242784810126582, 0.5240632911392406], [0.5141518987341771, 0.48355696202531645, 0.5533924050632911, 0.5265949367088607], [0.6951645569620253, 0.4822911392405063, 0.7331392405063291, 0.529126582278481], [0.7280759493670885, 0.4784936708860759, 0.7673164556962025, 0.529126582278481], [0.8432658227848101, 0.48608860759493666, 0.8812405063291138, 0.5303924050632911], [0.8736455696202532, 0.4924177215189874, 0.9179493670886075, 0.5367215189873418], [0.3711139240506327, 0.39621518987341775, 0.40022784810126577, 0.429126582278481], [0.2447272727272728, 0.40445454545454546, 0.262909090909091, 0.42627272727272725], [0.5883636363636364, 0.38627272727272727, 0.6101818181818183, 0.40627272727272723], [0.6065454545454546, 0.3844545454545455, 0.6301818181818182, 0.4089999999999999]], "class": 15}