{"image": "5f9af2cc-759e-11ee-99a8-fcb3bc5cd112.jpg", "bboxes": [[0.9400506329113926, 0.5331518987341772, 0.9678987341772154, 0.5597341772151899], [0.9084050632911393, 0.5318860759493671, 0.9413164556962026, 0.5609999999999999], [0.7337215189873418, 0.45593670886075954, 0.7767594936708861, 0.500240506329114], [0.7046075949367089, 0.4534050632911393, 0.7438481012658228, 0.4964430379746836], [0.524860759493671, 0.450873417721519, 0.5628354430379747, 0.4977088607594937], [0.49068354430379746, 0.450873417721519, 0.5299240506329114, 0.5015063291139241], [0.3767594936708862, 0.4496075949367089, 0.4147341772151899, 0.4939113924050633], [0.3400506329113924, 0.4432784810126582, 0.38435443037974687, 0.48758227848101265], [0.8577721518987342, 0.550873417721519, 0.8868860759493673, 0.5837848101265823], [0.995090909090909, 0.5537272727272727, 1.0, 0.5755454545454546], [0.6478181818181817, 0.5737272727272728, 0.6696363636363636, 0.5937272727272728], [0.6278181818181817, 0.5710000000000001, 0.6514545454545454, 0.5955454545454545]], "class": 12}