{"image": "5f9af2cc-759e-11ee-99a8-fcb3bc5cd112.jpg", "bboxes": [[0.8616835443037976, 0.5407974683544304, 0.9110506329113925, 0.6002911392405064], [0.8161139240506332, 0.5407974683544304, 0.8718101265822786, 0.6002911392405064], [0.7135822784810127, 0.42940506329113926, 0.7477594936708862, 0.4597848101265823], [0.6110506329113925, 0.4382658227848101, 0.6388987341772153, 0.4648481012658228], [0.5794050632911393, 0.437, 0.6123164556962026, 0.4661139240506329], [0.4047215189873418, 0.49775949367088607, 0.4477594936708862, 0.5420632911392405], [0.37560759493670887, 0.5015569620253164, 0.41484810126582283, 0.5445949367088607], [0.1958607594936709, 0.5002911392405063, 0.23383544303797477, 0.547126582278481], [0.16168354430379747, 0.4964936708860759, 0.2009240506329114, 0.547126582278481], [0.04775949367088617, 0.5040886075949367, 0.0857341772151899, 0.5483924050632911], [0.011050632911392426, 0.5104177215189873, 0.055354430379746876, 0.5547215189873418], [0.5287721518987343, 0.4142151898734177, 0.5578860759493673, 0.447126582278481], [0.666090909090909, 0.4224545454545454, 0.6842727272727273, 0.44427272727272726], [0.3188181818181818, 0.40427272727272723, 0.3406363636363636, 0.42427272727272725], [0.29881818181818176, 0.4024545454545455, 0.3224545454545454, 0.42699999999999994]], "class": 15}