{"image": "5f9af2cc-759e-11ee-99a8-fcb3bc5cd112.jpg", "bboxes": [[0.0, 0.5431518987341772, 0.02494936708860751, 0.5697341772151899], [0.023683544303797377, 0.5418860759493671, 0.05659493670886073, 0.571], [0.18824050632911382, 0.46593670886075944, 0.23127848101265813, 0.510240506329114], [0.22115189873417718, 0.4634050632911393, 0.2603924050632911, 0.5064430379746836], [0.40216455696202524, 0.460873417721519, 0.44013924050632913, 0.5077088607594937], [0.4350759493670886, 0.460873417721519, 0.4743164556962025, 0.5115063291139241], [0.5502658227848101, 0.4596075949367089, 0.5882405063291138, 0.5039113924050633], [0.5806455696202532, 0.4532784810126582, 0.6249493670886076, 0.49758227848101266], [0.07811392405063267, 0.560873417721519, 0.10722784810126573, 0.5937848101265824], [0.2953636363636364, 0.5837272727272728, 0.31718181818181823, 0.6037272727272727], [0.31354545454545457, 0.5810000000000001, 0.33718181818181825, 0.6055454545454545]], "class": 11}