{"image": "5fb05037-6b43-11ee-8da2-fcb3bc5cd112.jpg", "bboxes": [[0.6470487804878048, 0.3103414634146342, 0.7165609756097561, 0.364], [0.37143902439024373, 0.312780487804878, 0.4287560975609756, 0.3615609756097561], [0.32143902439024374, 0.3164390243902439, 0.36656097560975603, 0.3518048780487804], [0.059243902439024394, 0.2908292682926829, 0.10924390243902439, 0.338390243902439], [0.005585365853658573, 0.2944878048780487, 0.059243902439024394, 0.3457073170731707]], "class": 5}