{"image": "5fb05037-6b43-11ee-8da2-fcb3bc5cd112.jpg", "bboxes": [[0.220439024390244, 0.601, 0.28995121951219516, 0.6546585365853659], [0.5082439024390244, 0.6034390243902439, 0.5655609756097563, 0.652219512195122], [0.570439024390244, 0.6131951219512195, 0.6155609756097562, 0.6485609756097561], [0.8277560975609756, 0.626609756097561, 0.8777560975609756, 0.6741707317073171], [0.8777560975609756, 0.6192926829268293, 0.9314146341463414, 0.6705121951219513]], "class": 5}