{"image": "5fb05037-6b43-11ee-8da2-fcb3bc5cd112.jpg", "bboxes": [[0.11943902439024401, 0.5680000000000001, 0.18895121951219518, 0.6216585365853659], [0.4072439024390244, 0.570439024390244, 0.4645609756097563, 0.6192195121951221], [0.469439024390244, 0.5801951219512196, 0.5145609756097562, 0.6155609756097561], [0.7267560975609756, 0.5936097560975611, 0.7767560975609756, 0.6411707317073171], [0.7767560975609756, 0.5862926829268293, 0.8304146341463414, 0.6375121951219513]], "class": 5}