{"image": "5fb05037-6b43-11ee-8da2-fcb3bc5cd112.jpg", "bboxes": [[0.07475609756097557, 0.3008292682926829, 0.12475609756097561, 0.348390243902439], [0.12475609756097561, 0.3044878048780487, 0.1784146341463414, 0.3557073170731707]], "class": 2}