{"image": "5fb05037-6b43-11ee-8da2-fcb3bc5cd112.jpg", "bboxes": [[0.8572439024390244, 0.663609756097561, 0.9072439024390244, 0.711170731707317], [0.8035853658536586, 0.6562926829268293, 0.8572439024390244, 0.7075121951219513]], "class": 2}