{"image": "5fb05037-6b43-11ee-8da2-fcb3bc5cd112.jpg", "bboxes": [[0.9624390243902438, 0.335780487804878, 1.0, 0.3845609756097561], [0.9124390243902437, 0.3394390243902439, 0.9575609756097561, 0.37480487804878043], [0.6502439024390244, 0.31382926829268293, 0.7002439024390243, 0.361390243902439], [0.5965853658536586, 0.31748780487804873, 0.6502439024390244, 0.3687073170731707]], "class": 4}