{"image": "5fb05037-6b43-11ee-8da2-fcb3bc5cd112.jpg", "bboxes": [[0.6760487804878048, 0.5780000000000001, 0.7455609756097561, 0.6316585365853657], [0.4004390243902437, 0.580439024390244, 0.4577560975609756, 0.629219512195122], [0.3504390243902437, 0.5901951219512196, 0.39556097560975606, 0.6255609756097561], [0.0882439024390244, 0.6036097560975611, 0.1382439024390244, 0.6511707317073171], [0.034585365853658574, 0.5962926829268294, 0.0882439024390244, 0.6475121951219512]], "class": 5}