{"image": "5fb05037-6b43-11ee-8da2-fcb3bc5cd112.jpg", "bboxes": [[0.024439024390243924, 0.3733414634146342, 0.0939512195121952, 0.427], [0.31224390243902445, 0.375780487804878, 0.3695609756097563, 0.4245609756097561], [0.374439024390244, 0.3794390243902439, 0.41956097560975625, 0.4148048780487804], [0.6317560975609756, 0.3538292682926829, 0.6817560975609755, 0.401390243902439], [0.6817560975609755, 0.3574878048780487, 0.7354146341463415, 0.4087073170731707]], "class": 5}