{"image": "5fb05037-6b43-11ee-8da2-fcb3bc5cd112.jpg", "bboxes": [[0.0, 0.36878048780487804, 0.04556097560975625, 0.4175609756097561], [0.05043902439024395, 0.3724390243902439, 0.0955609756097563, 0.40780487804878046], [0.30775609756097555, 0.3468292682926829, 0.3577560975609756, 0.394390243902439], [0.3577560975609756, 0.35048780487804876, 0.4114146341463414, 0.4017073170731707]], "class": 4}