{"image": "5fb05037-6b43-11ee-8da2-fcb3bc5cd112.jpg", "bboxes": [[0.0, 0.3423414634146342, 0.04195121951219516, 0.396], [0.2602439024390244, 0.344780487804878, 0.31756097560975627, 0.3935609756097561], [0.32243902439024397, 0.3484390243902439, 0.3675609756097563, 0.38380487804878044], [0.5797560975609757, 0.32282926829268294, 0.6297560975609756, 0.370390243902439], [0.6297560975609756, 0.32648780487804874, 0.6834146341463414, 0.37770731707317073]], "class": 5}