{"image": "6071b526-6b42-11ee-a6da-fcb3bc5cd112.jpg", "bboxes": [[0.10829268292682925, 0.5298536585365854, 0.24609756097560964, 0.6774146341463414], [0.23024390243902437, 0.5347317073170732, 0.361951219512195, 0.689609756097561]], "class": 2}