{"image": "6071b526-6b42-11ee-a6da-fcb3bc5cd112.jpg", "bboxes": [[0.3132926829268292, 0.5638536585365854, 0.4510975609756097, 0.7114146341463414], [0.43524390243902444, 0.5687317073170732, 0.5669512195121951, 0.723609756097561]], "class": 2}