{"image": "6071b526-6b42-11ee-a6da-fcb3bc5cd112.jpg", "bboxes": [[0.42090243902439034, 0.28058536585365856, 0.5587073170731708, 0.42814634146341457], [0.3050487804878049, 0.26839024390243904, 0.4367560975609756, 0.42326829268292676]], "class": 2}