{"image": "6071b526-6b42-11ee-a6da-fcb3bc5cd112.jpg", "bboxes": [[0.5449024390243903, 0.5758536585365854, 0.6827073170731708, 0.7234146341463414], [0.4290487804878049, 0.5807317073170732, 0.5607560975609756, 0.735609756097561]], "class": 2}