{"image": "6071b526-6b42-11ee-a6da-fcb3bc5cd112.jpg", "bboxes": [[0.6192926829268293, 0.26058536585365855, 0.7570975609756097, 0.40814634146341466], [0.7412439024390244, 0.24839024390243902, 0.8729512195121951, 0.40326829268292685]], "class": 2}