{"image": "6071b526-6b42-11ee-a6da-fcb3bc5cd112.jpg", "bboxes": [[0.5089024390243904, 0.28258536585365857, 0.6467073170731708, 0.43014634146341457], [0.39304878048780495, 0.27039024390243904, 0.5247560975609756, 0.42526829268292676]], "class": 2}