{"image": "60ed8efb-759a-11ee-b1ea-fcb3bc5cd112.jpg", "bboxes": [[0.6102405063291136, 0.40046835443037976, 0.6570759493670885, 0.46882278481012657], [0.6507468354430377, 0.3916075949367088, 0.7140379746835442, 0.45869620253164556]], "class": 2}