{"image": "60ed8efb-759a-11ee-b1ea-fcb3bc5cd112.jpg", "bboxes": [[0.6233037974683544, 0.4992025316455696, 0.6865949367088606, 0.5992025316455696], [0.01824050632911367, 0.5371772151898735, 0.06507594936708849, 0.6055316455696202], [0.058746835443037715, 0.5473037974683544, 0.12203797468354427, 0.6143924050632912]], "class": 3}