{"image": "60ed8efb-759a-11ee-b1ea-fcb3bc5cd112.jpg", "bboxes": [[0.4419240506329115, 0.43646835443037973, 0.4887594936708863, 0.5048227848101265], [0.3849620253164558, 0.42760759493670886, 0.44825316455696224, 0.49469620253164553]], "class": 2}