{"image": "60ed8efb-759a-11ee-b1ea-fcb3bc5cd112.jpg", "bboxes": [[0.4653037974683544, 0.5042025316455696, 0.5285949367088607, 0.6042025316455697]], "class": 1}