{"image": "60ed8efb-759a-11ee-b1ea-fcb3bc5cd112.jpg", "bboxes": [[0.5543037974683543, 0.4762025316455696, 0.6175949367088607, 0.5762025316455697], [0.0, 0.5243037974683544, 0.05303797468354421, 0.5913924050632912]], "class": 2}