{"image": "60ed8efb-759a-11ee-b1ea-fcb3bc5cd112.jpg", "bboxes": [[0.45330379746835436, 0.4692025316455696, 0.5165949367088607, 0.5692025316455697]], "class": 1}