{"image": "60ed8efb-759a-11ee-b1ea-fcb3bc5cd112.jpg", "bboxes": [[0.0, 0.4752025316455696, 0.015696202531645668, 0.5752025316455697], [0.5739240506329115, 0.5131772151898735, 0.6207594936708862, 0.5815316455696202], [0.5169620253164557, 0.5233037974683544, 0.5802531645569623, 0.5903924050632912]], "class": 3}