{"image": "60ed8efb-759a-11ee-b1ea-fcb3bc5cd112.jpg", "bboxes": [[0.5964050632911393, 0.5162025316455696, 0.6596962025316456, 0.6162025316455697]], "class": 1}