{"image": "60ed8efb-759a-11ee-b1ea-fcb3bc5cd112.jpg", "bboxes": [[0.9283037974683543, 0.39179746835443036, 0.9915949367088607, 0.4917974683544304], [0.3232405063291137, 0.38546835443037974, 0.37007594936708843, 0.45382278481012656], [0.36374683544303776, 0.3766075949367088, 0.4270379746835442, 0.44369620253164554]], "class": 3}