{"image": "618bd850-759e-11ee-b497-fcb3bc5cd112.jpg", "bboxes": [[0.4748607594936709, 0.10054430379746837, 0.566, 0.21573417721518995], [0.3862531645569621, 0.09168354430379744, 0.4811898734177215, 0.20687341772151902], [0.7672658227848103, 0.276493670886076, 0.8368860759493673, 0.3613037974683544], [0.7052405063291141, 0.2714303797468355, 0.7748607594936711, 0.36383544303797477], [0.2799240506329114, 0.30434177215189884, 0.3470126582278482, 0.37143037974683546], [0.21156962025316467, 0.2967468354430379, 0.28625316455696215, 0.3651012658227849], [0.43055696202531646, 0.5030759493670884, 0.4609367088607595, 0.5448481012658228], [0.39511392405063295, 0.5043417721518988, 0.43435443037974686, 0.5423164556962026], [0.5672658227848102, 0.5296582278481012, 0.5989113924050633, 0.5688987341772151], [0.5343544303797468, 0.5321898734177215, 0.5697974683544305, 0.5663670886075949], [0.4723291139240507, 0.5613037974683545, 0.505240506329114, 0.5929493670886077]], "class": 11}