{"image": "618bd850-759e-11ee-b497-fcb3bc5cd112.jpg", "bboxes": [[0.787, 0.8082658227848101, 0.8781392405063291, 0.9234556962025317], [0.8718101265822785, 0.817126582278481, 0.9667468354430379, 0.9323164556962025], [0.2199113924050632, 0.7032025316455696, 0.31231645569620237, 0.8158607594936709], [0.14775949367088603, 0.7196582278481012, 0.23130379746835428, 0.8399113924050632], [0.5161139240506327, 0.6626962025316455, 0.5857341772151898, 0.747506329113924], [0.578139240506329, 0.6601645569620253, 0.6477594936708859, 0.7525696202531645], [0.8920632911392405, 0.4791518987341772, 0.9224430379746835, 0.5209240506329116], [0.9186455696202531, 0.48168354430379745, 0.957886075949367, 0.5196582278481012], [0.7540886075949367, 0.4551012658227848, 0.7857341772151898, 0.4943417721518987], [0.7832025316455696, 0.45763291139240503, 0.8186455696202531, 0.49181012658227846], [0.8477594936708861, 0.4310506329113924, 0.8806708860759493, 0.46269620253164556]], "class": 11}