{"image": "618bd850-759e-11ee-b497-fcb3bc5cd112.jpg", "bboxes": [[0.6378607594936709, 0.11454430379746838, 0.729, 0.22973417721518985], [0.5492531645569622, 0.10568354430379745, 0.6441898734177215, 0.22087341772151903], [0.9302658227848102, 0.2904936708860759, 0.9998860759493673, 0.3753037974683544], [0.8682405063291141, 0.2854303797468355, 0.937860759493671, 0.3778354430379748], [0.4429240506329114, 0.31834177215189885, 0.5100126582278481, 0.38543037974683547], [0.37456962025316465, 0.31074683544303794, 0.4492531645569621, 0.3791012658227848], [0.5935569620253165, 0.5170759493670884, 0.6239367088607595, 0.5588481012658228], [0.558113924050633, 0.5183417721518988, 0.5973544303797469, 0.5563164556962026], [0.7302658227848102, 0.5436582278481012, 0.7619113924050633, 0.5828987341772152], [0.6973544303797469, 0.5461898734177215, 0.7327974683544304, 0.5803670886075949], [0.6353291139240507, 0.5753037974683545, 0.6682405063291139, 0.6069493670886077]], "class": 11}