{"image": "634fa216-6b45-11ee-8e0d-fcb3bc5cd112.jpg", "bboxes": [[0.503341463414634, 0.3896341463414634, 0.5289512195121949, 0.4140243902439024]], "class": 1}