{"image": "634fa216-6b45-11ee-8e0d-fcb3bc5cd112.jpg", "bboxes": [[0.26934146341463405, 0.5599756097560975, 0.29495121951219494, 0.5843658536585365]], "class": 1}