{"image": "634fa216-6b45-11ee-8e0d-fcb3bc5cd112.jpg", "bboxes": [[0.789048780487805, 0.5399756097560976, 0.8146585365853659, 0.5643658536585365]], "class": 1}