{"image": "634fa216-6b45-11ee-8e0d-fcb3bc5cd112.jpg", "bboxes": [[0.3910487804878051, 0.3996341463414634, 0.4166585365853659, 0.4240243902439024]], "class": 1}