{"image": "634fa216-6b45-11ee-8e0d-fcb3bc5cd112.jpg", "bboxes": [[0.8153414634146341, 0.4476341463414634, 0.840951219512195, 0.4720243902439024]], "class": 1}