{"image": "634fa216-6b45-11ee-8e0d-fcb3bc5cd112.jpg", "bboxes": [[0.8570487804878051, 0.5229756097560976, 0.882658536585366, 0.5473658536585366]], "class": 1}