{"image": "634fa216-6b45-11ee-8e0d-fcb3bc5cd112.jpg", "bboxes": [[0.0, 0.4226341463414634, 0.0016585365853659662, 0.4470243902439024]], "class": 1}