{"image": "634fa216-6b45-11ee-8e0d-fcb3bc5cd112.jpg", "bboxes": [[0.14334146341463405, 0.5509756097560976, 0.16895121951219494, 0.5753658536585367]], "class": 1}