{"image": "6350b5a4-759e-11ee-a332-fcb3bc5cd112.jpg", "bboxes": [[0.9426329113924052, 0.5673417721518986, 1.0, 0.6774683544303797], [0.7932658227848103, 0.4281012658227848, 0.8540253164556963, 0.490126582278481], [0.7401012658227849, 0.4230379746835443, 0.7995949367088608, 0.4939240506329115], [0.6413670886075952, 0.4875949367088607, 0.7249113924050634, 0.5458227848101266], [0.5818734177215192, 0.49772151898734185, 0.6527594936708863, 0.569873417721519], [0.4856708860759495, 0.4268354430379747, 0.5489620253164558, 0.4850632911392405], [0.4249113924050634, 0.6293670886075949, 0.5413670886075952, 0.7572151898734176], [0.3261772151898735, 0.6382278481012658, 0.43124050632911415, 0.761012658227848], [0.0033924050632912215, 0.5091139240506329, 0.08187341772151899, 0.5875949367088606], [0.0, 0.5141772151898735, 0.010987341772151922, 0.5863291139240506], [0.15022784810126585, 0.45594936708860756, 0.22997468354430373, 0.5331645569620254], [0.2008607594936709, 0.33949367088607596, 0.23883544303797463, 0.3812658227848101], [0.0, 0.4053164556962025, 0.0021265822784810096, 0.4546835443037975], [0.8692151898734178, 0.400253164556962, 0.9299746835443038, 0.4470886075949367]], "class": 14}