{"image": "6350b5a4-759e-11ee-a332-fcb3bc5cd112.jpg", "bboxes": [[0.9946708860759496, 0.5149367088607595, 1.0, 0.5731645569620253], [0.9339113924050635, 0.24278481012658237, 1.0, 0.37063291139240506], [0.8351772151898735, 0.23898734177215197, 0.9402405063291142, 0.36177215189873424], [0.3680886075949368, 0.14531645569620255, 0.4946708860759494, 0.2934177215189874], [0.2617594936708862, 0.13265822784810133, 0.3820126582278482, 0.28455696202531644], [0.13264556962025323, 0.37822784810126586, 0.19973417721519002, 0.4756962025316456], [0.059227848101265974, 0.38582278481012655, 0.13644303797468366, 0.4769620253164558], [0.5123924050632912, 0.41240506329113935, 0.590873417721519, 0.49088607594936706], [0.4516329113924052, 0.4136708860759494, 0.5199873417721519, 0.48582278481012653], [0.6592278481012659, 0.46683544303797464, 0.7389746835443037, 0.5440506329113924], [0.7098607594936709, 0.61873417721519, 0.7478354430379747, 0.660506329113924], [0.22758227848101273, 0.5832911392405062, 0.2896075949367089, 0.6364556962025316], [0.4123924050632912, 0.5427848101265823, 0.4668227848101267, 0.5921518987341772], [0.4592278481012659, 0.5453164556962025, 0.511126582278481, 0.5946835443037974], [0.023784810126582356, 0.5617721518987342, 0.0744177215189875, 0.6124050632911393], [0.32378481012658233, 0.6326582278481012, 0.3769493670886077, 0.6820253164556962]], "class": 16}