{"image": "6350b5a4-759e-11ee-a332-fcb3bc5cd112.jpg", "bboxes": [[0.0, 0.2775316455696203, 0.05236708860759476, 0.38765822784810133], [0.14097468354430365, 0.464873417721519, 0.20173417721518971, 0.5268987341772152], [0.19540506329113916, 0.4610759493670885, 0.2548987341772151, 0.5319620253164556], [0.2700886075949366, 0.4091772151898735, 0.3536329113924048, 0.4674050632911393], [0.34224050632911374, 0.38512658227848096, 0.41312658227848076, 0.4572784810126582], [0.4460379746835442, 0.46993670886075944, 0.5093291139240506, 0.5281645569620252], [0.4536329113924048, 0.19778481012658233, 0.5700886075949365, 0.325632911392405], [0.5637594936708858, 0.19398734177215193, 0.6688227848101265, 0.3167721518987342], [0.913126582278481, 0.3674050632911393, 0.9916075949367088, 0.445886075949367], [0.9840126582278481, 0.36867088607594944, 1.0, 0.4408227848101266], [0.7650253164556963, 0.4218354430379746, 0.8447721518987341, 0.4990506329113924], [0.7561645569620253, 0.5737341772151898, 0.7941392405063291, 0.615506329113924], [0.9928734177215189, 0.5003164556962025, 1.0, 0.5496835443037975], [0.0650253164556962, 0.5079113924050633, 0.12578481012658227, 0.554746835443038]], "class": 14}