{"image": "6350b5a4-759e-11ee-a332-fcb3bc5cd112.jpg", "bboxes": [[0.9193670886075952, 0.4401772151898734, 1.0, 0.4984050632911393], [0.8598734177215193, 0.416126582278481, 0.9307594936708863, 0.48827848101265814], [0.7636708860759495, 0.5009367088607595, 0.8269620253164558, 0.5591645569620254], [0.7029113924050635, 0.22878481012658236, 0.8193670886075952, 0.35663291139240505], [0.6041772151898736, 0.22498734177215196, 0.7092405063291142, 0.3477721518987342], [0.13708860759493677, 0.13131645569620254, 0.2636708860759494, 0.27941772151898736], [0.030759493670886172, 0.11865822784810132, 0.15101265822784818, 0.2705569620253164], [0.2813924050632912, 0.39840506329113934, 0.359873417721519, 0.47688607594936705], [0.22063291139240515, 0.39967088607594936, 0.2889873417721519, 0.4718227848101265], [0.42822784810126585, 0.4528354430379746, 0.5079746835443038, 0.5300506329113924], [0.4788607594936709, 0.60473417721519, 0.5168354430379747, 0.646506329113924], [0.0, 0.5692911392405063, 0.05860759493670889, 0.6224556962025316], [0.1813924050632912, 0.5287848101265824, 0.23582278481012667, 0.5781518987341772], [0.22822784810126587, 0.5313164556962024, 0.28012658227848103, 0.5806835443037974], [0.09278481012658232, 0.6186582278481012, 0.14594936708860767, 0.6680253164556962]], "class": 15}