{"image": "6350b5a4-759e-11ee-a332-fcb3bc5cd112.jpg", "bboxes": [[0.9576329113924053, 0.3075316455696203, 1.0, 0.41765822784810136], [0.8082658227848103, 0.49487341772151894, 0.8690253164556964, 0.5568987341772151], [0.7551012658227848, 0.4910759493670884, 0.8145949367088609, 0.5619620253164557], [0.6563670886075952, 0.4391772151898734, 0.7399113924050634, 0.4974050632911393], [0.5968734177215193, 0.415126582278481, 0.6677594936708863, 0.48727848101265814], [0.5006708860759496, 0.49993670886075947, 0.5639620253164558, 0.5581645569620253], [0.43991139240506344, 0.22778481012658236, 0.5563670886075952, 0.35563291139240505], [0.34117721518987354, 0.22398734177215196, 0.44624050632911416, 0.3467721518987342], [0.0, 0.13031645569620254, 0.0006708860759493973, 0.27841772151898736], [0.01839240506329122, 0.39740506329113934, 0.09687341772151899, 0.47588607594936705], [0.0, 0.39867088607594936, 0.025987341772151923, 0.4708227848101265], [0.16522784810126587, 0.4518354430379746, 0.24497468354430374, 0.5290506329113924], [0.21586075949367092, 0.6037341772151898, 0.2538354430379746, 0.645506329113924], [0.0, 0.5303164556962026, 0.01712658227848101, 0.5796835443037975], [0.8842151898734177, 0.5379113924050634, 0.9449746835443038, 0.584746835443038]], "class": 15}