{"image": "6350b5a4-759e-11ee-a332-fcb3bc5cd112.jpg", "bboxes": [[0.0, 0.37112658227848105, 0.04112658227848076, 0.4432784810126582], [0.07403797468354423, 0.45593670886075954, 0.13732911392405045, 0.5141645569620252], [0.0816329113924048, 0.18378481012658232, 0.19808860759493652, 0.311632911392405], [0.19175949367088585, 0.17998734177215192, 0.29682278481012647, 0.3027721518987343], [0.6373291139240507, 0.0863164556962025, 0.7639113924050632, 0.23441772151898743], [0.7499873417721519, 0.07365822784810128, 0.8702405063291139, 0.2255569620253165], [0.93226582278481, 0.3192278481012658, 0.9993544303797468, 0.4166962025316455], [0.9955569620253164, 0.3268227848101266, 1.0, 0.41796202531645577], [0.541126582278481, 0.3534050632911393, 0.6196075949367088, 0.4318860759493671], [0.612012658227848, 0.35467088607594943, 0.6803670886075948, 0.4268227848101266], [0.39302531645569627, 0.4078354430379746, 0.4727721518987341, 0.4850506329113924], [0.38416455696202534, 0.5597341772151899, 0.4221392405063291, 0.601506329113924], [0.8423924050632912, 0.5242911392405063, 0.9044177215189872, 0.5774556962025317], [0.6651772151898734, 0.48378481012658237, 0.7196075949367088, 0.5331518987341772], [0.6208734177215189, 0.4863164556962025, 0.6727721518987342, 0.5356835443037975], [0.7550506329113923, 0.5736582278481013, 0.8082151898734177, 0.6230253164556963]], "class": 16}