{"image": "6350b5a4-759e-11ee-a332-fcb3bc5cd112.jpg", "bboxes": [[0.8692658227848103, 0.49087341772151905, 0.9300253164556964, 0.5528987341772151], [0.8161012658227849, 0.4870759493670884, 0.8755949367088608, 0.5579620253164557], [0.7173670886075951, 0.4351772151898734, 0.8009113924050635, 0.4934050632911393], [0.6578734177215192, 0.411126582278481, 0.7287594936708863, 0.48327848101265813], [0.5616708860759495, 0.49593670886075947, 0.6249620253164557, 0.5541645569620253], [0.5009113924050634, 0.22378481012658236, 0.6173670886075951, 0.35163291139240505], [0.40217721518987354, 0.21998734177215196, 0.5072405063291142, 0.3427721518987342], [0.0, 0.12631645569620253, 0.0616708860759494, 0.27441772151898736], [0.07939240506329122, 0.39340506329113933, 0.157873417721519, 0.47188607594936705], [0.018632911392405162, 0.39467088607594936, 0.08698734177215192, 0.4668227848101265], [0.22622784810126587, 0.4478354430379746, 0.30597468354430374, 0.5250506329113924], [0.2768607594936709, 0.5997341772151898, 0.3148354430379746, 0.641506329113924], [0.0, 0.5237848101265823, 0.033822784810126676, 0.5731518987341772], [0.026227848101265862, 0.5263164556962026, 0.07812658227848102, 0.5756835443037975], [0.9452151898734178, 0.5339113924050634, 1.0, 0.580746835443038]], "class": 15}