{"image": "6350b5a4-759e-11ee-a332-fcb3bc5cd112.jpg", "bboxes": [[0.9728734177215193, 0.5227215189873419, 1.0, 0.594873417721519], [0.8766708860759496, 0.4518354430379747, 0.9399620253164558, 0.5100632911392405], [0.8159113924050635, 0.654367088607595, 0.9323670886075952, 0.7822151898734176], [0.7171772151898735, 0.6632278481012658, 0.8222405063291142, 0.786012658227848], [0.2500886075949368, 0.7315822784810126, 0.3766708860759494, 0.8796835443037975], [0.14375949367088617, 0.7404430379746836, 0.2640126582278482, 0.8923417721518987], [0.01464556962025324, 0.5493037974683544, 0.08173417721519001, 0.6467721518987342], [0.0, 0.5480379746835442, 0.01844303797468365, 0.6391772151898735], [0.3943924050632912, 0.534113924050633, 0.472873417721519, 0.6125949367088607], [0.33363291139240514, 0.5391772151898734, 0.4019873417721519, 0.6113291139240506], [0.5412278481012659, 0.4809493670886076, 0.6209746835443037, 0.5581645569620254], [0.5918607594936709, 0.364493670886076, 0.6298354430379747, 0.4062658227848101], [0.10958227848101273, 0.38854430379746835, 0.17160759493670888, 0.44170886075949367], [0.29439240506329123, 0.43284810126582285, 0.3488227848101267, 0.48221518987341766], [0.3412278481012659, 0.4303164556962025, 0.393126582278481, 0.47968354430379745], [0.20578481012658234, 0.34297468354430377, 0.25894936708860766, 0.39234177215189875]], "class": 16}