{"image": "6350b5a4-759e-11ee-a332-fcb3bc5cd112.jpg", "bboxes": [[0.0, 0.22078481012658235, 0.0510886075949365, 0.34863291139240504], [0.04475949367088583, 0.21698734177215195, 0.14982278481012645, 0.3397721518987342], [0.49032911392405065, 0.12331645569620253, 0.6169113924050632, 0.27141772151898735], [0.6029873417721519, 0.11065822784810131, 0.7232405063291139, 0.2625569620253164], [0.7852658227848099, 0.35622784810126584, 0.8523544303797468, 0.45369620253164555], [0.8485569620253164, 0.36382278481012653, 0.9257721518987341, 0.4549620253164558], [0.39412658227848096, 0.39040506329113933, 0.4726075949367088, 0.46888607594936704], [0.4650126582278481, 0.39167088607594935, 0.5333670886075949, 0.4638227848101265], [0.24602531645569625, 0.4448354430379746, 0.3257721518987341, 0.5220506329113924], [0.23716455696202532, 0.59673417721519, 0.2751392405063291, 0.638506329113924], [0.6953924050632911, 0.5612911392405063, 0.7574177215189872, 0.6144556962025316], [0.5181772151898734, 0.5207848101265824, 0.5726075949367088, 0.5701518987341772], [0.47387341772151903, 0.5233164556962024, 0.5257721518987342, 0.5726835443037974], [0.9105822784810125, 0.5397721518987342, 0.9612151898734176, 0.5904050632911393], [0.6080506329113924, 0.6106582278481012, 0.6612151898734177, 0.6600253164556962]], "class": 15}