{"image": "64245437-759a-11ee-9685-fcb3bc5cd112.jpg", "bboxes": [[0.24851898734177222, 0.4523037974683545, 0.4029493670886077, 0.6320506329113924], [0.10927848101265829, 0.45736708860759495, 0.25231645569620254, 0.6117974683544304], [0.0, 0.5636962025316455, 0.039658227848101316, 0.7535696202531645]], "class": 3}