{"image": "64245437-759a-11ee-9685-fcb3bc5cd112.jpg", "bboxes": [[0.9210506329113923, 0.40430379746835443, 1.0, 0.5840506329113925]], "class": 1}