{"image": "64245437-759a-11ee-9685-fcb3bc5cd112.jpg", "bboxes": [[0.49851898734177225, 0.3939493670886076, 0.6529493670886077, 0.5736962025316455], [0.3592784810126583, 0.41420253164556964, 0.5023164556962025, 0.5686329113924051], [0.09725316455696213, 0.2724303797468355, 0.2896582278481013, 0.4623037974683545], [0.0, 0.25977215189873426, 0.10105063291139255, 0.4509113924050634]], "class": 4}