{"image": "64245437-759a-11ee-9685-fcb3bc5cd112.jpg", "bboxes": [[0.2760506329113923, 0.4019493670886076, 0.4304810126582278, 0.5816962025316456], [0.4266835443037975, 0.42220253164556965, 0.5697215189873417, 0.576632911392405], [0.6393417721518987, 0.2804303797468355, 0.8317468354430378, 0.4703037974683545], [0.8279493670886074, 0.26777215189873427, 1.0, 0.4589113924050633]], "class": 4}