{"image": "64245437-759a-11ee-9685-fcb3bc5cd112.jpg", "bboxes": [[0.8020506329113923, 0.33594936708860756, 0.9564810126582277, 0.5156962025316456], [0.9526835443037974, 0.3562025316455696, 1.0, 0.5106329113924051]], "class": 2}