{"image": "64245437-759a-11ee-9685-fcb3bc5cd112.jpg", "bboxes": [[0.8890506329113923, 0.3499493670886076, 1.0, 0.5296962025316456]], "class": 1}