{"image": "64245437-759a-11ee-9685-fcb3bc5cd112.jpg", "bboxes": [[0.8080506329113923, 0.46430379746835443, 0.9624810126582277, 0.6440506329113924], [0.9586835443037974, 0.46936708860759496, 1.0, 0.6237974683544304]], "class": 2}