{"image": "64245437-759a-11ee-9685-fcb3bc5cd112.jpg", "bboxes": [[0.7040506329113922, 0.46930379746835443, 0.8584810126582277, 0.6490506329113924], [0.8546835443037974, 0.47436708860759497, 0.9977215189873417, 0.6287974683544304]], "class": 2}