{"image": "64245437-759a-11ee-9685-fcb3bc5cd112.jpg", "bboxes": [[0.16405063291139232, 0.3719493670886076, 0.3184810126582278, 0.5516962025316455], [0.3146835443037975, 0.3922025316455696, 0.4577215189873417, 0.5466329113924051], [0.5273417721518987, 0.25043037974683546, 0.7197468354430379, 0.44030379746835446], [0.7159493670886075, 0.23777215189873424, 0.9045569620253163, 0.4289113924050634]], "class": 4}