{"image": "64245437-759a-11ee-9685-fcb3bc5cd112.jpg", "bboxes": [[0.29705063291139233, 0.3969493670886076, 0.4514810126582278, 0.5766962025316456], [0.4476835443037974, 0.41720253164556964, 0.5907215189873417, 0.571632911392405], [0.6603417721518987, 0.2754303797468355, 0.8527468354430379, 0.4653037974683545], [0.8489493670886075, 0.26277215189873426, 1.0, 0.4539113924050633]], "class": 4}