{"image": "64245437-759a-11ee-9685-fcb3bc5cd112.jpg", "bboxes": [[0.29551898734177223, 0.3769493670886076, 0.44994936708860767, 0.5566962025316455], [0.1562784810126583, 0.3972025316455696, 0.2993164556962025, 0.551632911392405], [0.0, 0.25543037974683547, 0.08665822784810132, 0.44530379746835447]], "class": 3}