{"image": "64245437-759a-11ee-9685-fcb3bc5cd112.jpg", "bboxes": [[0.16451898734177223, 0.43030379746835445, 0.31894936708860766, 0.6100506329113924], [0.02527848101265829, 0.43536708860759493, 0.16831645569620252, 0.5897974683544304]], "class": 2}