{"image": "64245437-759a-11ee-9685-fcb3bc5cd112.jpg", "bboxes": [[0.3385189873417722, 0.3899493670886076, 0.4929493670886077, 0.5696962025316455], [0.1992784810126583, 0.41020253164556963, 0.3423164556962025, 0.5646329113924051], [0.0, 0.2684303797468355, 0.12965822784810133, 0.4583037974683545]], "class": 3}