{"image": "64245437-759a-11ee-9685-fcb3bc5cd112.jpg", "bboxes": [[0.23505063291139228, 0.40794936708860763, 0.38948101265822777, 0.5876962025316456], [0.3856835443037975, 0.42820253164556954, 0.5287215189873418, 0.582632911392405], [0.5983417721518987, 0.2864303797468355, 0.7907468354430378, 0.4763037974683545], [0.7869493670886074, 0.2737721518987343, 0.9755569620253164, 0.4649113924050633]], "class": 4}