{"image": "65099f56-759e-11ee-9b07-fcb3bc5cd112.jpg", "bboxes": [[0.056126582278481094, 0.0010000000000000009, 0.12302205600306872, 0.08430379746835448]], "class": 1}