{"image": "65099f56-759e-11ee-9b07-fcb3bc5cd112.jpg", "bboxes": [[0.7599779439969313, 0.0, 0.8268734177215189, 0.02930379746835443]], "class": 1}