{"image": "65099f56-759e-11ee-9b07-fcb3bc5cd112.jpg", "bboxes": [[0.021126582278481094, 0.9766962025316456, 0.08802205600306871, 1.0]], "class": 1}