{"image": "65dfbbcb-759a-11ee-b0b6-fcb3bc5cd112.jpg", "bboxes": [[0.17758227848101274, 0.4040379746835443, 0.2434050632911393, 0.4736582278481012], [0.11429113924050636, 0.4040379746835443, 0.17758227848101274, 0.4723924050632911], [0.0, 0.4369493670886076, 0.04720253164556971, 0.5103670886075948]], "class": 3}