{"image": "65dfbbcb-759a-11ee-b0b6-fcb3bc5cd112.jpg", "bboxes": [[0.6265822784810128, 0.4050379746835443, 0.6924050632911393, 0.4746582278481012], [0.5632911392405063, 0.4050379746835443, 0.6265822784810128, 0.4733924050632911], [0.43797468354430386, 0.4379493670886076, 0.4962025316455697, 0.5113670886075948]], "class": 3}