{"image": "65dfbbcb-759a-11ee-b0b6-fcb3bc5cd112.jpg", "bboxes": [[0.5205949367088607, 0.5153417721518988, 0.5864177215189872, 0.5849620253164557], [0.5864177215189872, 0.5166075949367088, 0.6497088607594936, 0.5849620253164557], [0.7167974683544303, 0.47863291139240516, 0.7750253164556962, 0.5520506329113924]], "class": 3}