{"image": "65dfbbcb-759a-11ee-b0b6-fcb3bc5cd112.jpg", "bboxes": [[0.48059493670886066, 0.4480379746835443, 0.5464177215189873, 0.5176582278481012], [0.5464177215189873, 0.4480379746835443, 0.6097088607594936, 0.5163924050632911], [0.6767974683544302, 0.4809493670886076, 0.7350253164556961, 0.5543670886075949]], "class": 3}