{"image": "65dfbbcb-759a-11ee-b0b6-fcb3bc5cd112.jpg", "bboxes": [[0.8125822784810127, 0.4390379746835443, 0.8784050632911393, 0.5086582278481012], [0.7492911392405064, 0.4390379746835443, 0.8125822784810127, 0.5073924050632911], [0.6239746835443039, 0.4719493670886076, 0.6822025316455697, 0.5453670886075949]], "class": 3}