{"image": "65dfbbcb-759a-11ee-b0b6-fcb3bc5cd112.jpg", "bboxes": [[0.16958227848101273, 0.4540379746835443, 0.2354050632911393, 0.5236582278481012], [0.10629113924050637, 0.4540379746835443, 0.16958227848101273, 0.5223924050632911], [0.0, 0.4869493670886076, 0.03920253164556971, 0.5603670886075949]], "class": 3}