{"image": "668b3858-6b43-11ee-806e-fcb3bc5cd112.jpg", "bboxes": [[0.3922439024390244, 0.4787560975609756, 0.48858536585365864, 0.5763170731707317], [0.48614634146341473, 0.4787560975609756, 0.5715121951219513, 0.5714390243902439], [0.5434634146341464, 0.6580243902439025, 0.6190731707317074, 0.7177804878048781], [0.6215121951219512, 0.6714390243902439, 0.6861463414634148, 0.7153414634146342], [0.6776097560975611, 0.7226585365853659, 0.7154146341463415, 0.769]], "class": 5}