{"image": "668b3858-6b43-11ee-806e-fcb3bc5cd112.jpg", "bboxes": [[0.19124390243902445, 0.4997560975609756, 0.2875853658536587, 0.5973170731707317], [0.2851463414634148, 0.4997560975609756, 0.3705121951219512, 0.5924390243902439], [0.3424634146341464, 0.6790243902439025, 0.41807317073170747, 0.738780487804878], [0.42051219512195126, 0.6924390243902439, 0.48514634146341473, 0.7363414634146341], [0.47660975609756107, 0.7436585365853658, 0.5144146341463416, 0.79]], "class": 5}