{"image": "668b3858-6b43-11ee-806e-fcb3bc5cd112.jpg", "bboxes": [[0.9254146341463413, 0.4987560975609756, 1.0, 0.5963170731707317], [0.8424878048780488, 0.4987560975609756, 0.9278536585365853, 0.5914390243902439], [0.7949268292682925, 0.6780243902439025, 0.8705365853658537, 0.7377804878048781], [0.7278536585365852, 0.691439024390244, 0.7924878048780488, 0.7353414634146342], [0.6985853658536585, 0.742658536585366, 0.7363902439024389, 0.789]], "class": 5}