{"image": "668b3858-6b43-11ee-806e-fcb3bc5cd112.jpg", "bboxes": [[0.9004146341463413, 0.4086829268292683, 0.9967560975609756, 0.5062439024390244], [0.8174878048780488, 0.4135609756097561, 0.9028536585365853, 0.5062439024390244], [0.7699268292682925, 0.2672195121951219, 0.8455365853658536, 0.3269756097560975], [0.7028536585365853, 0.2696585365853658, 0.7674878048780488, 0.3135609756097561], [0.6735853658536585, 0.216, 0.7113902439024389, 0.2623414634146341]], "class": 5}