{"image": "668b3858-6b43-11ee-806e-fcb3bc5cd112.jpg", "bboxes": [[0.08824390243902436, 0.5137560975609756, 0.1845853658536587, 0.6113170731707317], [0.18214634146341468, 0.5137560975609756, 0.26751219512195124, 0.6064390243902439], [0.23946341463414633, 0.6930243902439025, 0.3150731707317075, 0.752780487804878], [0.31751219512195117, 0.7064390243902439, 0.38214634146341475, 0.7503414634146341], [0.3736097560975611, 0.7576585365853659, 0.4114146341463415, 0.804]], "class": 5}