{"image": "668b3858-6b43-11ee-806e-fcb3bc5cd112.jpg", "bboxes": [[0.6194146341463413, 0.5017560975609756, 0.7157560975609756, 0.5993170731707317], [0.5364878048780488, 0.5017560975609756, 0.6218536585365853, 0.5944390243902439], [0.4889268292682925, 0.6810243902439025, 0.5645365853658536, 0.740780487804878], [0.4218536585365853, 0.6944390243902439, 0.48648780487804877, 0.7383414634146341], [0.39258536585365844, 0.7456585365853658, 0.4303902439024389, 0.792]], "class": 5}