{"image": "668b3858-6b43-11ee-806e-fcb3bc5cd112.jpg", "bboxes": [[0.08924390243902436, 0.4817560975609756, 0.1855853658536587, 0.5793170731707318], [0.18314634146341469, 0.4817560975609756, 0.26851219512195124, 0.574439024390244], [0.24046341463414633, 0.6610243902439025, 0.3160731707317075, 0.720780487804878], [0.31851219512195117, 0.6744390243902438, 0.38314634146341475, 0.7183414634146341], [0.3746097560975611, 0.7256585365853658, 0.4124146341463415, 0.772]], "class": 5}