{"image": "66ed3289-759e-11ee-8487-fcb3bc5cd112.jpg", "bboxes": [[0.5282911392405063, 0.8488607594936709, 0.6624683544303798, 0.9931645569620252], [0.6498101265822784, 0.8678481012658227, 0.7687974683544303, 1.0], [0.2409493670886076, 0.7526582278481012, 0.33588607594936704, 0.8767088607594936], [0.32955696202531637, 0.7627848101265822, 0.4282911392405062, 0.8729113924050632], [0.4903164556962025, 0.6349367088607595, 0.5624683544303797, 0.7134177215189874], [0.05867088607594939, 0.6108860759493671, 0.13715189873417732, 0.7159493670886077], [0.1333544303797468, 0.619746835443038, 0.20930379746835437, 0.7058227848101266], [0.0, 0.5741772151898734, 0.01943037974683537, 0.660253164556962], [0.037151898734177125, 0.4070886075949367, 0.06753164556962032, 0.43620253164556966], [0.3763924050632911, 0.4855696202531645, 0.4244936708860758, 0.5362025316455696], [0.4194303797468354, 0.4830379746835443, 0.47512658227848104, 0.5374683544303797], [0.5118354430379746, 0.4830379746835443, 0.5637341772151898, 0.5260759493670886]], "class": 12}