{"image": "66ed3289-759e-11ee-8487-fcb3bc5cd112.jpg", "bboxes": [[0.9082911392405062, 0.0238354430379748, 1.0, 0.1681392405063291], [0.6209493670886076, 0.1402911392405064, 0.715886075949367, 0.2643417721518988], [0.7095569620253164, 0.1440886075949368, 0.8082911392405062, 0.25421518987341774], [0.8703164556962025, 0.3035822784810126, 0.9424683544303797, 0.38206329113924054], [0.4386708860759494, 0.30105063291139234, 0.5171518987341772, 0.40611392405063296], [0.5133544303797468, 0.3111772151898734, 0.5893037974683544, 0.397253164556962], [0.24753164556962015, 0.3605443037974685, 0.32474683544303773, 0.44155696202531647], [0.32094936708860744, 0.356746835443038, 0.3994303797468354, 0.4428227848101266], [0.0, 0.14915189873417734, 0.04120253164556953, 0.27067088607594936], [0.015886075949367084, 0.13396202531645574, 0.1677848101265822, 0.2681392405063291], [0.0, 0.4048481012658228, 0.06525316455696184, 0.477], [0.20575949367088586, 0.46813924050632905, 0.2614556962025315, 0.5213037974683544], [0.41715189873417713, 0.5807974683544304, 0.44753164556962033, 0.6099113924050632], [0.7563924050632911, 0.4807974683544304, 0.8044936708860758, 0.5314303797468354], [0.7994303797468354, 0.47953164556962036, 0.855126582278481, 0.5339620253164556], [0.8918354430379747, 0.49092405063291145, 0.9437341772151898, 0.5339620253164556]], "class": 16}