{"image": "66ed3289-759e-11ee-8487-fcb3bc5cd112.jpg", "bboxes": [[0.7462911392405063, 0.777860759493671, 0.8804683544303797, 0.9221645569620253], [0.8678101265822784, 0.7968481012658227, 0.9867974683544303, 0.9348227848101266], [0.45894936708860756, 0.6816582278481012, 0.5538860759493671, 0.8057088607594937], [0.5475569620253163, 0.6917848101265822, 0.6462911392405062, 0.8019113924050633], [0.7083164556962025, 0.5639367088607595, 0.7804683544303797, 0.6424177215189874], [0.27667088607594936, 0.5398860759493671, 0.3551518987341773, 0.6449493670886077], [0.3513544303797468, 0.5487468354430379, 0.42730379746835434, 0.6348227848101266], [0.08553164556962023, 0.5044430379746835, 0.1627468354430378, 0.5854556962025315], [0.1589493670886074, 0.5031772151898735, 0.23743037974683534, 0.589253164556962], [0.0, 0.6778607594936709, 0.005784810126582163, 0.8120379746835442], [0.04375949367088583, 0.42469620253164553, 0.09945569620253147, 0.4778607594936709], [0.2551518987341772, 0.3360886075949367, 0.2855316455696203, 0.36520253164556965], [0.5943924050632912, 0.4145696202531645, 0.6424936708860758, 0.4652025316455696], [0.6374303797468354, 0.4120379746835443, 0.693126582278481, 0.4664683544303797], [0.7298354430379747, 0.4120379746835443, 0.7817341772151898, 0.45507594936708856]], "class": 15}