{"image": "66ed3289-759e-11ee-8487-fcb3bc5cd112.jpg", "bboxes": [[0.8449493670886076, 0.7496582278481012, 0.939886075949367, 0.8737088607594936], [0.9335569620253164, 0.7597848101265822, 1.0, 0.8699113924050632], [0.6626708860759494, 0.607886075949367, 0.7411518987341773, 0.7129493670886077], [0.7373544303797468, 0.616746835443038, 0.8133037974683544, 0.7028227848101266], [0.47153164556962024, 0.5724430379746835, 0.5487468354430378, 0.6534556962025315], [0.5449493670886074, 0.5711772151898734, 0.6234303797468354, 0.657253164556962], [0.13482278481012644, 0.7433291139240507, 0.2652025316455695, 0.8648481012658227], [0.23988607594936706, 0.7458607594936709, 0.3917848101265822, 0.8800379746835443], [0.019632911392405084, 0.6091518987341772, 0.11583544303797455, 0.6901645569620253], [0.10317721518987333, 0.607886075949367, 0.2031772151898733, 0.686367088607595], [0.21583544303797453, 0.537, 0.2892531645569618, 0.6091518987341772], [0.42975949367088584, 0.49269620253164553, 0.4854556962025315, 0.545860759493671], [0.6411518987341771, 0.4040886075949367, 0.6715316455696203, 0.43320253164556966], [0.9803924050632911, 0.4825696202531645, 1.0, 0.5332025316455696]], "class": 14}