{"image": "66ed3289-759e-11ee-8487-fcb3bc5cd112.jpg", "bboxes": [[0.3155316455696203, 0.07483544303797474, 0.44970886075949373, 0.21913924050632905], [0.2092025316455697, 0.0621772151898734, 0.32818987341772166, 0.20015189873417727], [0.642113924050633, 0.19129113924050634, 0.7370506329113924, 0.31534177215189885], [0.5497088607594938, 0.19508860759493674, 0.6484430379746836, 0.3052151898734178], [0.4155316455696203, 0.35458227848101265, 0.48768354430379746, 0.43306329113924047], [0.8408481012658228, 0.35205063291139227, 0.9193291139240506, 0.4571139240506329], [0.7686962025316457, 0.36217721518987345, 0.8446455696202533, 0.44825316455696207], [0.9585696202531646, 0.407746835443038, 1.0, 0.49382278481012654], [0.9104683544303797, 0.6317974683544303, 0.9408481012658229, 0.6609113924050634], [0.5535063291139242, 0.5317974683544304, 0.6016075949367089, 0.5824303797468355], [0.502873417721519, 0.5305316455696203, 0.5585696202531647, 0.5849620253164557], [0.4142658227848102, 0.5419240506329115, 0.46616455696202536, 0.5849620253164557]], "class": 12}