{"image": "66ed3289-759e-11ee-8487-fcb3bc5cd112.jpg", "bboxes": [[0.7889493670886076, 0.7286582278481012, 0.8838860759493671, 0.8527088607594936], [0.8775569620253163, 0.7387848101265823, 0.9762911392405063, 0.8489113924050632], [0.6066708860759493, 0.586886075949367, 0.6851518987341773, 0.6919493670886077], [0.6813544303797467, 0.595746835443038, 0.7573037974683543, 0.6818227848101266], [0.4155316455696202, 0.5514430379746835, 0.49274683544303777, 0.6324556962025315], [0.4889493670886075, 0.5501772151898734, 0.5674303797468354, 0.636253164556962], [0.0788227848101265, 0.7223291139240506, 0.20920253164556946, 0.8438481012658228], [0.18388607594936712, 0.7248607594936709, 0.33578481012658223, 0.8590379746835443], [0.0, 0.5881518987341772, 0.0598354430379745, 0.6691645569620253], [0.04717721518987328, 0.586886075949367, 0.14717721518987337, 0.665367088607595], [0.15983544303797448, 0.516, 0.23325316455696177, 0.5881518987341772], [0.3737594936708858, 0.47169620253164557, 0.42945569620253154, 0.524860759493671], [0.5851518987341772, 0.38308860759493674, 0.6155316455696203, 0.41220253164556964], [0.9243924050632911, 0.46156962025316456, 0.9724936708860759, 0.5122025316455696], [0.9674303797468353, 0.4590379746835443, 1.0, 0.5134683544303796]], "class": 15}