{"image": "66ed3289-759e-11ee-8487-fcb3bc5cd112.jpg", "bboxes": [[0.2835316455696203, 0.08583544303797475, 0.41770886075949376, 0.23013924050632906], [0.1772025316455697, 0.07317721518987341, 0.2961898734177216, 0.21115189873417728], [0.6101139240506329, 0.20229113924050635, 0.7050506329113925, 0.32634177215189875], [0.5177088607594937, 0.20608860759493675, 0.6164430379746837, 0.3162151898734178], [0.3835316455696203, 0.36558227848101266, 0.4556835443037975, 0.4440632911392405], [0.8088481012658227, 0.3630506329113923, 0.8873291139240506, 0.4681139240506329], [0.7366962025316457, 0.37317721518987346, 0.8126455696202532, 0.45925316455696197], [0.9265696202531647, 0.41874683544303803, 1.0, 0.5048227848101265], [0.8784683544303797, 0.6427974683544304, 0.9088481012658228, 0.6719113924050633], [0.5215063291139241, 0.5427974683544304, 0.5696075949367089, 0.5934303797468354], [0.47087341772151897, 0.5415316455696203, 0.5265696202531647, 0.5959620253164557], [0.3822658227848102, 0.5529240506329114, 0.4341645569620254, 0.5959620253164557]], "class": 12}