{"image": "66ed3289-759e-11ee-8487-fcb3bc5cd112.jpg", "bboxes": [[0.5602911392405063, 0.8058607594936709, 0.6944683544303797, 0.9501645569620253], [0.6818101265822784, 0.8248481012658228, 0.8007974683544303, 0.9628227848101265], [0.2729493670886076, 0.7096582278481012, 0.36788607594936706, 0.8337088607594937], [0.3615569620253164, 0.7197848101265822, 0.46029113924050624, 0.8299113924050632], [0.5223164556962026, 0.5919367088607594, 0.5944683544303797, 0.6704177215189874], [0.09067088607594942, 0.567886075949367, 0.16915189873417724, 0.6729493670886076], [0.16535443037974673, 0.576746835443038, 0.2413037974683543, 0.6628227848101266], [0.0, 0.5311772151898735, 0.0514303797468354, 0.617253164556962], [0.06915189873417715, 0.3640886075949367, 0.09953164556962035, 0.3932025316455697], [0.4083924050632911, 0.44256962025316454, 0.45649367088607584, 0.4932025316455696], [0.4514303797468353, 0.4400379746835443, 0.507126582278481, 0.4944683544303797], [0.5438354430379746, 0.4400379746835443, 0.5957341772151898, 0.4830759493670886]], "class": 12}