{"image": "676a9a8e-6b45-11ee-9aa8-fcb3bc5cd112.jpg", "bboxes": [[0.7909756097560976, 0.28129268292682924, 0.8885365853658537, 0.3739756097560975]], "class": 1}