{"image": "676a9a8e-6b45-11ee-9aa8-fcb3bc5cd112.jpg", "bboxes": [[0.28146341463414637, 0.24029268292682923, 0.37902439024390244, 0.3329756097560975]], "class": 1}