{"image": "676a9a8e-6b45-11ee-9aa8-fcb3bc5cd112.jpg", "bboxes": [[0.5974634146341464, 0.2562926829268292, 0.6950243902439024, 0.34897560975609754]], "class": 1}