{"image": "676a9a8e-6b45-11ee-9aa8-fcb3bc5cd112.jpg", "bboxes": [[0.49397560975609756, 0.23529268292682923, 0.5915365853658536, 0.3279756097560975]], "class": 1}