{"image": "676a9a8e-6b45-11ee-9aa8-fcb3bc5cd112.jpg", "bboxes": [[0.3714634146341464, 0.27129268292682923, 0.4690243902439024, 0.36397560975609755]], "class": 1}