{"image": "676a9a8e-6b45-11ee-9aa8-fcb3bc5cd112.jpg", "bboxes": [[0.7234634146341464, 0.6630243902439025, 0.8210243902439024, 0.7557073170731707]], "class": 1}