{"image": "67a36361-759a-11ee-a774-fcb3bc5cd112.jpg", "bboxes": [[0.4839367088607595, 0.3427594936708861, 0.5738101265822785, 0.40984810126582283], [0.9788734177215193, 0.3085822784810126, 1.0, 0.3971898734177215]], "class": 2}