{"image": "67a36361-759a-11ee-a774-fcb3bc5cd112.jpg", "bboxes": [[0.3049367088607595, 0.391759493670886, 0.3948101265822785, 0.45884810126582287], [0.7998734177215192, 0.35758227848101265, 0.9100000000000003, 0.44618987341772154], [0.9011392405063293, 0.3284683544303798, 1.0, 0.4487215189873418]], "class": 3}