{"image": "67a36361-759a-11ee-a774-fcb3bc5cd112.jpg", "bboxes": [[0.49218987341772147, 0.6001518987341772, 0.5820632911392405, 0.6672405063291139], [0.0, 0.6128101265822785, 0.0871265822784808, 0.7014177215189874]], "class": 2}