{"image": "67a36361-759a-11ee-a774-fcb3bc5cd112.jpg", "bboxes": [[0.0449367088607595, 0.5881518987341772, 0.13481012658227848, 0.6552405063291139], [0.5398734177215192, 0.6008101265822785, 0.6500000000000002, 0.6894177215189874], [0.6411392405063293, 0.5982784810126581, 0.7411392405063293, 0.7185316455696202]], "class": 3}