{"image": "67a36361-759a-11ee-a774-fcb3bc5cd112.jpg", "bboxes": [[0.6521898734177215, 0.5561518987341771, 0.7420632911392405, 0.623240506329114], [0.1369999999999998, 0.5688101265822785, 0.24712658227848083, 0.6574177215189874], [0.04586075949367063, 0.5662784810126582, 0.14586075949367072, 0.6865316455696202]], "class": 3}