{"image": "67a36361-759a-11ee-a774-fcb3bc5cd112.jpg", "bboxes": [[0.1629367088607595, 0.6121518987341772, 0.25281012658227847, 0.6792405063291139], [0.6578734177215192, 0.6248101265822785, 0.7680000000000002, 0.7134177215189874], [0.7591392405063293, 0.6222784810126581, 0.8591392405063293, 0.7425316455696201]], "class": 3}