{"image": "68db9cf6-759e-11ee-8bd3-fcb3bc5cd112.jpg", "bboxes": [[0.03670886075949353, 0.4062784810126583, 0.11518987341772136, 0.4733670886075949], [0.10886075949367069, 0.40881012658227844, 0.18481012658227836, 0.4733670886075949], [0.44050632911392384, 0.42906329113924047, 0.5126582278481012, 0.49488607594936707], [0.5012658227848099, 0.4176708860759494, 0.579746835443038, 0.4961518987341773], [0.7531645569620252, 0.32779746835443035, 0.8379746835443037, 0.4265316455696203], [0.8227848101265822, 0.32273417721518993, 0.9050632911392404, 0.4227341772151899], [0.9582278481012657, 0.4758987341772153, 1.0, 0.5315949367088608], [0.6936708860759493, 0.46324050632911395, 0.7468354430379747, 0.5277974683544304], [0.7443037974683544, 0.4683037974683545, 0.7949367088607595, 0.5315949367088608], [0.6670886075949367, 0.5353924050632911, 0.7164556962025317, 0.584759493670886], [0.6278481012658228, 0.5391898734177215, 0.6734177215189873, 0.5860253164556962], [0.30506329113924036, 0.5303291139240506, 0.34683544303797453, 0.5771645569620253], [0.34683544303797453, 0.5341265822784811, 0.3924050632911392, 0.5796962025316456], [0.5886075949367088, 0.583493670886076, 0.6253164556962025, 0.6202025316455697], [0.9113924050632911, 0.5480506329113924, 0.9556962025316456, 0.5860253164556962], [0.9784810126582277, 0.6505822784810127, 1.0, 0.6758987341772151]], "class": 16}