{"image": "68db9cf6-759e-11ee-8bd3-fcb3bc5cd112.jpg", "bboxes": [[0.3747088607594935, 0.568632911392405, 0.45318987341772143, 0.6357215189873417], [0.44686075949367066, 0.568632911392405, 0.5228101265822784, 0.6331898734177215], [0.7785063291139238, 0.547113924050633, 0.8506582278481012, 0.6129367088607595], [0.83926582278481, 0.5458481012658227, 0.917746835443038, 0.6243291139240505], [0.9658481012658228, 0.45597468354430376, 1.0, 0.5028101265822785], [0.6430632911392404, 0.4648354430379747, 0.6848354430379745, 0.5116708860759493], [0.6848354430379745, 0.4623037974683544, 0.7304050632911392, 0.507873417721519], [0.9266075949367087, 0.4217974683544303, 0.9633164556962025, 0.458506329113924]], "class": 8}