{"image": "68db9cf6-759e-11ee-8bd3-fcb3bc5cd112.jpg", "bboxes": [[0.7983417721518988, 0.558113924050633, 0.8704936708860762, 0.6239367088607595], [0.731253164556962, 0.5568481012658227, 0.80973417721519, 0.6353291139240506], [0.4730253164556963, 0.6264683544303797, 0.5578354430379747, 0.7252025316455696], [0.4059367088607595, 0.6302658227848101, 0.4882151898734178, 0.7302658227848101], [0.2996075949367089, 0.5214050632911392, 0.35277215189873423, 0.5771012658227848], [0.25530379746835447, 0.5201392405063291, 0.3072025316455697, 0.5771012658227848], [0.17682278481012667, 0.4821645569620253, 0.22239240506329122, 0.5277341772151899], [0.5641645569620254, 0.5252025316455696, 0.6173291139240508, 0.5897594936708861], [0.5160632911392405, 0.5214050632911392, 0.5666962025316457, 0.5846962025316456], [0.5945443037974684, 0.46824050632911396, 0.6439113924050633, 0.5176075949367089], [0.6375822784810128, 0.46697468354430377, 0.6831518987341773, 0.5138101265822785], [0.9641645569620255, 0.4758354430379747, 1.0, 0.5226708860759494], [0.9185949367088608, 0.47330379746835444, 0.9641645569620255, 0.518873417721519], [0.6856835443037975, 0.43279746835443034, 0.7223924050632913, 0.46950632911392404], [0.35530379746835444, 0.46697468354430377, 0.3996075949367089, 0.5049493670886076], [0.3046708860759494, 0.3771012658227848, 0.3325189873417722, 0.4024177215189873], [0.25530379746835447, 0.38469620253164555, 0.2793544303797469, 0.40748101265822784]], "class": 17}