{"image": "68db9cf6-759e-11ee-8bd3-fcb3bc5cd112.jpg", "bboxes": [[0.31670886075949356, 0.35927848101265825, 0.3951898734177214, 0.426367088607595], [0.3888607594936707, 0.3618101265822785, 0.4648101265822784, 0.426367088607595], [0.7205063291139238, 0.38206329113924054, 0.7926582278481011, 0.447886075949367], [0.7812658227848099, 0.37067088607594945, 0.859746835443038, 0.44915189873417727], [0.9736708860759493, 0.4162405063291139, 1.0, 0.4807974683544304], [0.9470886075949366, 0.48839240506329107, 0.9964556962025316, 0.537759493670886], [0.9078481012658227, 0.49218987341772147, 0.9534177215189873, 0.5390253164556962], [0.5850632911392404, 0.48332911392405065, 0.6268354430379746, 0.5301645569620252], [0.6268354430379746, 0.48712658227848105, 0.6724050632911391, 0.5326962025316455], [0.8686075949367088, 0.5364936708860759, 0.9053164556962026, 0.5732025316455697]], "class": 10}