{"image": "68db9cf6-759e-11ee-8bd3-fcb3bc5cd112.jpg", "bboxes": [[0.8993417721518988, 0.41506329113924045, 0.9714936708860762, 0.48088607594936705], [0.832253164556962, 0.40367088607594936, 0.91073417721519, 0.4821518987341773], [0.5740253164556963, 0.31379746835443045, 0.6588354430379748, 0.4125316455696203], [0.5069367088607595, 0.3087341772151899, 0.5892151898734178, 0.4087341772151899], [0.4006075949367089, 0.4618987341772153, 0.45377215189873427, 0.5175949367088608], [0.35630379746835444, 0.4618987341772153, 0.4082025316455697, 0.5188607594936709], [0.2778227848101267, 0.5112658227848101, 0.3233924050632912, 0.5568354430379747], [0.6651645569620254, 0.44924050632911394, 0.7183291139240507, 0.5137974683544304], [0.6170632911392405, 0.4543037974683545, 0.6676962025316456, 0.5175949367088608], [0.6955443037974683, 0.5213924050632911, 0.7449113924050633, 0.5707594936708861], [0.7385822784810128, 0.5251898734177215, 0.7841518987341772, 0.5720253164556962], [0.7866835443037975, 0.5694936708860759, 0.8233924050632913, 0.6062025316455697], [0.4563037974683544, 0.5340506329113924, 0.5006075949367089, 0.5720253164556962], [0.4056708860759494, 0.6365822784810127, 0.43351898734177224, 0.6618987341772152], [0.35630379746835444, 0.6315189873417721, 0.38035443037974687, 0.6543037974683544]], "class": 15}