{"image": "68db9cf6-759e-11ee-8bd3-fcb3bc5cd112.jpg", "bboxes": [[0.7928101265822786, 0.558632911392405, 0.8712911392405065, 0.6257215189873417], [0.7231898734177217, 0.558632911392405, 0.7991392405063293, 0.6231898734177215], [0.3953417721518988, 0.537113924050633, 0.4674936708860762, 0.6029367088607595], [0.328253164556962, 0.5358481012658227, 0.40673417721519, 0.6143291139240507], [0.07002531645569628, 0.6054683544303797, 0.15483544303797475, 0.7042025316455696], [0.002936708860759495, 0.6092658227848101, 0.08521518987341778, 0.7092658227848101], [0.16116455696202536, 0.5042025316455696, 0.2143291139240507, 0.5687594936708861], [0.1130632911392405, 0.5004050632911392, 0.16369620253164566, 0.5636962025316455], [0.1915443037974684, 0.44724050632911394, 0.24091139240506335, 0.4966075949367089], [0.23458227848101273, 0.4459746835443038, 0.2801518987341773, 0.49281012658227846], [0.5611645569620255, 0.4548354430379747, 0.6029367088607596, 0.5016708860759495], [0.5155949367088608, 0.4523037974683545, 0.5611645569620255, 0.497873417721519], [0.2826835443037975, 0.4117974683544304, 0.3193924050632912, 0.448506329113924]], "class": 13}