{"image": "68db9cf6-759e-11ee-8bd3-fcb3bc5cd112.jpg", "bboxes": [[0.7498101265822786, 0.38327848101265827, 0.8282911392405065, 0.450367088607595], [0.6801898734177216, 0.38581012658227853, 0.7561392405063293, 0.450367088607595], [0.35234177215189877, 0.40606329113924056, 0.4244936708860762, 0.47188607594936705], [0.28525316455696204, 0.39467088607594936, 0.36373417721519, 0.4731518987341773], [0.02702531645569627, 0.30479746835443045, 0.11183544303797475, 0.4035316455696203], [0.0, 0.2997341772151899, 0.04221518987341778, 0.3997341772151899], [0.11816455696202535, 0.44024050632911393, 0.17132911392405073, 0.5047974683544304], [0.07006329113924051, 0.44530379746835447, 0.12069620253164567, 0.5085949367088608], [0.14854430379746839, 0.5123924050632911, 0.19791139240506334, 0.5617594936708861], [0.19158227848101272, 0.5161898734177215, 0.23715189873417727, 0.5630253164556962], [0.5181645569620255, 0.5073291139240506, 0.5599367088607596, 0.5541645569620253], [0.4725949367088608, 0.511126582278481, 0.5181645569620255, 0.5566962025316455], [0.23968354430379749, 0.5604936708860759, 0.2763924050632912, 0.5972025316455696]], "class": 13}