{"image": "68db9cf6-759e-11ee-8bd3-fcb3bc5cd112.jpg", "bboxes": [[0.24050632911392378, 0.4380632911392405, 0.31265822784810116, 0.5038860759493671], [0.30126582278480996, 0.4266708860759494, 0.379746835443038, 0.5051518987341772], [0.5531645569620253, 0.33679746835443036, 0.6379746835443038, 0.4355316455696203], [0.6227848101265823, 0.33173417721518994, 0.7050632911392405, 0.4317341772151899], [0.7582278481012658, 0.4848987341772153, 0.8113924050632911, 0.5405949367088608], [0.8037974683544303, 0.4848987341772153, 0.8556962025316456, 0.5418607594936709], [0.8886075949367088, 0.53426582278481, 0.9341772151898733, 0.5798354430379746], [0.49367088607594933, 0.47224050632911396, 0.5468354430379747, 0.5367974683544304], [0.5443037974683543, 0.4773037974683545, 0.5949367088607596, 0.5405949367088608], [0.46708860759493664, 0.5443924050632911, 0.5164556962025316, 0.5937594936708861], [0.42784810126582273, 0.5481898734177215, 0.4734177215189873, 0.5950253164556962], [0.1050632911392404, 0.5393291139240506, 0.14683544303797458, 0.5861645569620253], [0.14683544303797458, 0.543126582278481, 0.19240506329113916, 0.5886962025316456], [0.3886075949367088, 0.592493670886076, 0.4253164556962026, 0.6292025316455696], [0.7113924050632912, 0.5570506329113925, 0.7556962025316456, 0.5950253164556962], [0.7784810126582278, 0.6595822784810127, 0.8063291139240506, 0.6848987341772153], [0.8316455696202532, 0.6545189873417722, 0.8556962025316456, 0.6773037974683545]], "class": 17}