{"image": "68db9cf6-759e-11ee-8bd3-fcb3bc5cd112.jpg", "bboxes": [[0.0005063291139237869, 0.538113924050633, 0.07265822784810116, 0.6039367088607595], [0.061265822784809965, 0.5368481012658227, 0.139746835443038, 0.6153291139240507], [0.3131645569620253, 0.6064683544303797, 0.39797468354430376, 0.7052025316455696], [0.38278481012658216, 0.6102658227848101, 0.4650632911392405, 0.7102658227848101], [0.5182278481012658, 0.5014050632911392, 0.571392405063291, 0.5571012658227847], [0.5637974683544302, 0.5001392405063291, 0.6156962025316455, 0.5571012658227847], [0.6486075949367087, 0.4621645569620253, 0.6941772151898733, 0.5077341772151899], [0.25367088607594923, 0.5052025316455696, 0.3068354430379746, 0.5697594936708861], [0.30430379746835434, 0.5014050632911392, 0.35493670886075945, 0.5646962025316455], [0.22708860759493665, 0.44824050632911394, 0.27645569620253163, 0.4976075949367089], [0.18784810126582274, 0.4469746835443038, 0.2334177215189872, 0.49381012658227846], [0.14860759493670883, 0.4127974683544304, 0.18531645569620248, 0.449506329113924], [0.47139240506329105, 0.4469746835443038, 0.5156962025316456, 0.4849493670886076], [0.5384810126582278, 0.3571012658227848, 0.5663291139240506, 0.38241772151898734], [0.5916455696202532, 0.36469620253164553, 0.6156962025316455, 0.3874810126582278]], "class": 15}