{"image": "68db9cf6-759e-11ee-8bd3-fcb3bc5cd112.jpg", "bboxes": [[0.0, 0.41806329113924046, 0.026658227848101235, 0.48388607594936706], [0.015265822784810035, 0.40667088607594937, 0.09374683544303797, 0.4851518987341773], [0.26716455696202523, 0.31679746835443046, 0.3519746835443037, 0.4155316455696203], [0.33678481012658223, 0.3117341772151899, 0.41906329113924046, 0.4117341772151899], [0.4722278481012657, 0.4648987341772153, 0.5253924050632911, 0.5205949367088608], [0.5177974683544303, 0.4648987341772153, 0.5696962025316455, 0.5218607594936708], [0.6026075949367088, 0.51426582278481, 0.6481772151898733, 0.5598354430379747], [0.2076708860759493, 0.45224050632911394, 0.2608354430379747, 0.5167974683544304], [0.2583037974683543, 0.4573037974683545, 0.3089367088607595, 0.5205949367088608], [0.1810886075949366, 0.5243924050632911, 0.2304556962025316, 0.5737594936708861], [0.1418481012658227, 0.5281898734177215, 0.18741772151898728, 0.5750253164556962], [0.10260759493670879, 0.572493670886076, 0.13931645569620255, 0.6092025316455696], [0.4253924050632911, 0.5370506329113924, 0.46969620253164557, 0.5750253164556962], [0.49248101265822775, 0.6395822784810127, 0.5203291139240507, 0.6648987341772152], [0.5456455696202531, 0.6345189873417723, 0.5696962025316455, 0.6573037974683544]], "class": 15}