{"image": "68db9cf6-759e-11ee-8bd3-fcb3bc5cd112.jpg", "bboxes": [[0.20470886075949357, 0.37927848101265826, 0.2831898734177214, 0.446367088607595], [0.2768607594936707, 0.38181012658227853, 0.3528101265822784, 0.446367088607595], [0.6085063291139239, 0.40206329113924055, 0.6806582278481013, 0.46788607594936704], [0.6692658227848101, 0.39067088607594935, 0.747746835443038, 0.4691518987341773], [0.9211645569620253, 0.30079746835443044, 1.0, 0.3995316455696203], [0.9907848101265823, 0.2957341772151899, 1.0, 0.3957341772151899], [0.8616708860759492, 0.43624050632911393, 0.9148354430379746, 0.5007974683544304], [0.9123037974683543, 0.44130379746835446, 0.9629367088607594, 0.5045949367088608], [0.8350886075949366, 0.5083924050632911, 0.8844556962025316, 0.5577594936708861], [0.7958481012658227, 0.5121898734177215, 0.8414177215189873, 0.5590253164556962], [0.4730632911392404, 0.5033291139240506, 0.5148354430379745, 0.5501645569620253], [0.5148354430379745, 0.507126582278481, 0.5604050632911393, 0.5526962025316455], [0.7566075949367088, 0.5564936708860759, 0.7933164556962025, 0.5932025316455696]], "class": 13}