{"image": "68db9cf6-759e-11ee-8bd3-fcb3bc5cd112.jpg", "bboxes": [[0.3917088607594935, 0.4162784810126583, 0.47018987341772145, 0.4833670886075949], [0.46386075949367067, 0.41881012658227845, 0.5398101265822783, 0.4833670886075949], [0.7955063291139238, 0.4390632911392405, 0.8676582278481012, 0.5048860759493671], [0.85626582278481, 0.4276708860759494, 0.9347468354430379, 0.5061518987341773], [0.9828481012658227, 0.5491898734177215, 1.0, 0.5960253164556962], [0.6600632911392403, 0.5403291139240506, 0.7018354430379745, 0.5871645569620253], [0.7018354430379745, 0.544126582278481, 0.7474050632911392, 0.5896962025316456], [0.9436075949367088, 0.593493670886076, 0.9803164556962025, 0.6302025316455697]], "class": 8}