{"image": "68db9cf6-759e-11ee-8bd3-fcb3bc5cd112.jpg", "bboxes": [[0.0, 0.520113924050633, 0.03165822784810124, 0.5859367088607595], [0.02026582278481004, 0.5188481012658227, 0.09874683544303797, 0.5973291139240506], [0.27216455696202524, 0.5884683544303797, 0.35697468354430373, 0.6872025316455695], [0.34178481012658224, 0.5922658227848101, 0.42406329113924046, 0.6922658227848101], [0.47722784810126573, 0.4834050632911392, 0.5303924050632911, 0.5391012658227847], [0.5227974683544303, 0.4821392405063291, 0.5746962025316456, 0.5391012658227847], [0.6076075949367088, 0.4441645569620253, 0.6531772151898734, 0.4897341772151899], [0.2126708860759493, 0.4872025316455696, 0.2658354430379747, 0.5517594936708861], [0.2633037974683543, 0.4834050632911392, 0.31393670886075953, 0.5466962025316455], [0.18608860759493662, 0.4302405063291139, 0.2354556962025316, 0.4796075949367089], [0.1468481012658227, 0.4289746835443038, 0.19241772151898728, 0.4758101265822785], [0.1076075949367088, 0.39479746835443036, 0.14431645569620255, 0.43150632911392406], [0.43039240506329113, 0.4289746835443038, 0.4746962025316456, 0.46694936708860757], [0.49748101265822775, 0.33910126582278477, 0.5253291139240506, 0.3644177215189873], [0.5506455696202531, 0.34669620253164557, 0.5746962025316456, 0.3694810126582278]], "class": 15}