{"image": "68db9cf6-759e-11ee-8bd3-fcb3bc5cd112.jpg", "bboxes": [[0.2525063291139238, 0.524113924050633, 0.32465822784810117, 0.5899367088607594], [0.31326582278480997, 0.5228481012658227, 0.391746835443038, 0.6013291139240506], [0.5651645569620252, 0.5924683544303797, 0.6499746835443037, 0.6912025316455696], [0.6347848101265823, 0.5962658227848101, 0.7170632911392405, 0.6962658227848101], [0.7702278481012658, 0.4874050632911392, 0.8233924050632911, 0.5431012658227847], [0.8157974683544302, 0.48613924050632906, 0.8676962025316456, 0.5431012658227847], [0.9006075949367087, 0.4481645569620253, 0.9461772151898733, 0.4937341772151899], [0.5056708860759493, 0.4912025316455696, 0.5588354430379747, 0.5557594936708861], [0.5563037974683543, 0.4874050632911392, 0.6069367088607596, 0.5506962025316455], [0.47908860759493666, 0.43424050632911393, 0.5284556962025316, 0.4836075949367089], [0.43984810126582274, 0.4329746835443038, 0.4854177215189872, 0.4798101265822785], [0.11706329113924041, 0.4418354430379747, 0.15883544303797448, 0.4886708860759494], [0.15883544303797448, 0.43930379746835446, 0.20440506329113917, 0.484873417721519], [0.40060759493670883, 0.39879746835443036, 0.4373164556962025, 0.43550632911392406], [0.7233924050632912, 0.4329746835443038, 0.7676962025316456, 0.4709493670886076], [0.7904810126582278, 0.3431012658227848, 0.8183291139240506, 0.36841772151898733], [0.8436455696202532, 0.3506962025316456, 0.8676962025316456, 0.3734810126582278]], "class": 17}