{"image": "693f7d73-759a-11ee-a46b-fcb3bc5cd112.jpg", "bboxes": [[0.8605189873417719, 0.5116835443037975, 0.9390000000000001, 0.6091518987341772], [0.928873417721519, 0.5192784810126582, 1.0, 0.6078860759493672]], "class": 2}