{"image": "693f7d73-759a-11ee-a46b-fcb3bc5cd112.jpg", "bboxes": [[0.513, 0.48868354430379746, 0.5914810126582281, 0.5861518987341772], [0.43831645569620253, 0.49627848101265815, 0.523126582278481, 0.5848860759493671]], "class": 2}