{"image": "693f7d73-759a-11ee-a46b-fcb3bc5cd112.jpg", "bboxes": [[0.17451898734177185, 0.41884810126582284, 0.253, 0.5163164556962025], [0.24287341772151894, 0.42011392405063286, 0.3276835443037974, 0.5087215189873419]], "class": 2}