{"image": "693f7d73-759a-11ee-a46b-fcb3bc5cd112.jpg", "bboxes": [[0.392, 0.48168354430379745, 0.4704810126582281, 0.5791518987341772], [0.31731645569620254, 0.48927848101265814, 0.402126582278481, 0.5778860759493671]], "class": 2}