{"image": "693f7d73-759a-11ee-a46b-fcb3bc5cd112.jpg", "bboxes": [[0.722, 0.4038481012658228, 0.8004810126582281, 0.5013164556962025], [0.6473164556962026, 0.4051139240506329, 0.732126582278481, 0.49372151898734185]], "class": 2}