{"image": "693f7d73-759a-11ee-a46b-fcb3bc5cd112.jpg", "bboxes": [[0.907, 0.4618481012658228, 0.9854810126582281, 0.5593164556962025], [0.8323164556962025, 0.4631139240506329, 0.917126582278481, 0.5517215189873418]], "class": 2}