{"image": "693f7d73-759a-11ee-a46b-fcb3bc5cd112.jpg", "bboxes": [[0.30051898734177185, 0.49968354430379747, 0.379, 0.5971518987341772], [0.36887341772151894, 0.5072784810126582, 0.4536835443037974, 0.5958860759493672]], "class": 2}