{"image": "693f7d73-759a-11ee-a46b-fcb3bc5cd112.jpg", "bboxes": [[0.146, 0.44384810126582286, 0.22448101265822812, 0.5413164556962026], [0.07131645569620253, 0.4451139240506329, 0.156126582278481, 0.5337215189873418]], "class": 2}