{"image": "693f7d73-759a-11ee-a46b-fcb3bc5cd112.jpg", "bboxes": [[0.12951898734177192, 0.4088481012658228, 0.20799999999999996, 0.5063164556962025], [0.197873417721519, 0.41011392405063285, 0.2826835443037975, 0.49872151898734185]], "class": 2}