{"image": "69d0f6ff-6b43-11ee-b578-fcb3bc5cd112.jpg", "bboxes": [[0.0, 0.6252682926829269, 0.0171707317073172, 0.6618536585365854], [0.07326829268292678, 0.621609756097561, 0.09887804878048789, 0.6594146341463415], [0.1061951219512196, 0.6240487804878049, 0.1366829268292683, 0.6594146341463415], [0.195219512195122, 0.647219512195122, 0.23180487804878047, 0.6838048780487804], [0.25863414634146353, 0.6423414634146342, 0.2976585365853658, 0.6740487804878048], [0.32204878048780483, 0.6069756097560977, 0.35985365853658524, 0.6533170731707316], [0.368390243902439, 0.6057560975609756, 0.3988780487804878, 0.647219512195122]], "class": 7}