{"image": "69d0f6ff-6b43-11ee-b578-fcb3bc5cd112.jpg", "bboxes": [[0.23597560975609755, 0.3385121951219512, 0.2737804878048783, 0.38851219512195123], [0.2737804878048783, 0.343390243902439, 0.32743902439024397, 0.39460975609756094], [0.3628048780487807, 0.2958292682926829, 0.40182926829268306, 0.3458292682926829], [0.40182926829268306, 0.3031463414634146, 0.44817073170731714, 0.33973170731707314], [0.5042682926829268, 0.30558536585365853, 0.5298780487804879, 0.343390243902439], [0.5371951219512195, 0.30558536585365853, 0.5676829268292684, 0.3409512195121951], [0.626219512195122, 0.2811951219512195, 0.6628048780487804, 0.317780487804878], [0.6896341463414635, 0.2909512195121951, 0.7286585365853658, 0.3226585365853658], [0.7530487804878048, 0.3116829268292683, 0.7908536585365853, 0.3580243902439024], [0.799390243902439, 0.317780487804878, 0.8298780487804878, 0.3592439024390244]], "class": 10}