{"image": "69d0f6ff-6b43-11ee-b578-fcb3bc5cd112.jpg", "bboxes": [[0.013975609756097573, 0.5934878048780488, 0.051780487804878206, 0.6434878048780488], [0.051780487804878206, 0.587390243902439, 0.105439024390244, 0.638609756097561], [0.1408048780487806, 0.6361707317073171, 0.1798292682926831, 0.6861707317073171], [0.1798292682926831, 0.6422682926829268, 0.22617073170731716, 0.6788536585365854], [0.28226829268292686, 0.638609756097561, 0.30787804878048797, 0.6764146341463415], [0.31519512195121957, 0.6410487804878049, 0.3456829268292684, 0.6764146341463415], [0.404219512195122, 0.664219512195122, 0.44080487804878044, 0.7008048780487806], [0.4676341463414635, 0.6593414634146342, 0.5066585365853657, 0.6910487804878049], [0.5310487804878048, 0.6239756097560976, 0.5688536585365853, 0.6703170731707317], [0.577390243902439, 0.6227560975609756, 0.6078780487804878, 0.664219512195122]], "class": 10}