{"image": "69d0f6ff-6b43-11ee-b578-fcb3bc5cd112.jpg", "bboxes": [[0.22297560975609754, 0.3325121951219512, 0.2607804878048783, 0.3825121951219512], [0.2607804878048783, 0.337390243902439, 0.31443902439024396, 0.38860975609756093], [0.3498048780487807, 0.2898292682926829, 0.38882926829268305, 0.3398292682926829], [0.38882926829268305, 0.2971463414634146, 0.4351707317073171, 0.33373170731707313], [0.4912682926829268, 0.2995853658536585, 0.5168780487804879, 0.337390243902439], [0.5241951219512195, 0.2995853658536585, 0.5546829268292683, 0.3349512195121951], [0.613219512195122, 0.2751951219512195, 0.6498048780487804, 0.31178048780487805], [0.6766341463414636, 0.2849512195121951, 0.7156585365853658, 0.3166585365853658], [0.7400487804878049, 0.3056829268292683, 0.7778536585365853, 0.3520243902439024], [0.7863902439024391, 0.31178048780487805, 0.8168780487804879, 0.35324390243902437]], "class": 10}