{"image": "69d0f6ff-6b43-11ee-b578-fcb3bc5cd112.jpg", "bboxes": [[0.8952195121951217, 0.3585121951219512, 0.9330243902439024, 0.4085121951219512], [0.8415609756097561, 0.363390243902439, 0.8952195121951217, 0.41460975609756096], [0.7671707317073169, 0.31582926829268293, 0.8061951219512193, 0.3658292682926829], [0.7208292682926829, 0.3231463414634146, 0.7671707317073169, 0.35973170731707316], [0.6391219512195121, 0.3255853658536585, 0.6647317073170732, 0.363390243902439], [0.6013170731707317, 0.3255853658536585, 0.6318048780487804, 0.3609512195121951], [0.5061951219512195, 0.3011951219512195, 0.542780487804878, 0.337780487804878], [0.4403414634146342, 0.3109512195121951, 0.47936585365853646, 0.3426585365853658], [0.37814634146341475, 0.3316829268292683, 0.41595121951219516, 0.37802439024390244], [0.3391219512195122, 0.337780487804878, 0.36960975609756097, 0.3792439024390244]], "class": 10}