{"image": "69d0f6ff-6b43-11ee-b578-fcb3bc5cd112.jpg", "bboxes": [[0.0, 0.31558536585365854, 0.0086829268292683, 0.3509512195121951], [0.06721951219512201, 0.2911951219512195, 0.10380487804878047, 0.327780487804878], [0.13063414634146353, 0.3009512195121951, 0.16965853658536578, 0.3326585365853658], [0.19404878048780483, 0.3216829268292683, 0.23185365853658524, 0.36802439024390243], [0.24039024390243902, 0.327780487804878, 0.2708780487804878, 0.3692439024390244]], "class": 5}