{"image": "69d0f6ff-6b43-11ee-b578-fcb3bc5cd112.jpg", "bboxes": [[0.47097560975609754, 0.3735121951219512, 0.5087804878048783, 0.4235121951219512], [0.5087804878048783, 0.378390243902439, 0.562439024390244, 0.4296097560975609], [0.5978048780487807, 0.3308292682926829, 0.636829268292683, 0.38082926829268293], [0.636829268292683, 0.3381463414634146, 0.6831707317073171, 0.3747317073170731], [0.7392682926829268, 0.3405853658536585, 0.7648780487804879, 0.378390243902439], [0.7721951219512195, 0.3405853658536585, 0.8026829268292683, 0.3759512195121951], [0.8612195121951219, 0.3161951219512195, 0.8978048780487804, 0.35278048780487803], [0.9246341463414636, 0.32595121951219513, 0.9636585365853658, 0.35765853658536584], [0.9880487804878049, 0.3466829268292683, 1.0, 0.3930243902439024]], "class": 9}