{"image": "69d0f6ff-6b43-11ee-b578-fcb3bc5cd112.jpg", "bboxes": [[0.5452195121951218, 0.3375121951219512, 0.5830243902439024, 0.38751219512195123], [0.49156097560975603, 0.342390243902439, 0.5452195121951218, 0.39360975609756094], [0.41717073170731694, 0.2948292682926829, 0.45619512195121936, 0.3448292682926829], [0.37082926829268287, 0.3021463414634146, 0.41717073170731694, 0.33873170731707314], [0.28912195121951206, 0.30458536585365853, 0.3147317073170732, 0.342390243902439], [0.25131707317073165, 0.30458536585365853, 0.28180487804878046, 0.3399512195121951], [0.15619512195121957, 0.2801951219512195, 0.19278048780487803, 0.316780487804878], [0.09034146341463417, 0.2899512195121951, 0.12936585365853648, 0.3216585365853658], [0.02814634146341473, 0.3106829268292683, 0.06595121951219517, 0.3570243902439024], [0.0, 0.316780487804878, 0.01960975609756099, 0.3582439024390244]], "class": 10}