{"image": "69d0f6ff-6b43-11ee-b578-fcb3bc5cd112.jpg", "bboxes": [[0.7162195121951217, 0.3375121951219512, 0.7540243902439024, 0.38751219512195123], [0.662560975609756, 0.342390243902439, 0.7162195121951217, 0.39360975609756094], [0.5881707317073169, 0.2948292682926829, 0.6271951219512193, 0.3448292682926829], [0.5418292682926829, 0.3021463414634146, 0.5881707317073169, 0.33873170731707314], [0.4601219512195121, 0.30458536585365853, 0.4857317073170732, 0.342390243902439], [0.42231707317073164, 0.30458536585365853, 0.45280487804878045, 0.3399512195121951], [0.3271951219512196, 0.2801951219512195, 0.36378048780487804, 0.316780487804878], [0.26134146341463416, 0.2899512195121951, 0.30036585365853646, 0.3216585365853658], [0.19914634146341473, 0.3106829268292683, 0.23695121951219517, 0.3570243902439024], [0.1601219512195122, 0.316780487804878, 0.19060975609756098, 0.3582439024390244]], "class": 10}