{"image": "69d0f6ff-6b43-11ee-b578-fcb3bc5cd112.jpg", "bboxes": [[0.0, 0.6204878048780488, 0.030780487804878298, 0.6704878048780487], [0.030780487804878298, 0.6143902439024391, 0.08443902439024398, 0.665609756097561], [0.1198048780487807, 0.6631707317073171, 0.15882926829268307, 0.713170731707317], [0.15882926829268307, 0.6692682926829269, 0.20517073170731714, 0.7058536585365853], [0.26126829268292684, 0.665609756097561, 0.28687804878048795, 0.7034146341463414], [0.29419512195121955, 0.6680487804878049, 0.32468292682926836, 0.7034146341463414], [0.38321951219512196, 0.6912195121951219, 0.4198048780487804, 0.7278048780487805], [0.4466341463414635, 0.6863414634146342, 0.48565853658536584, 0.7180487804878048], [0.5100487804878049, 0.6509756097560976, 0.5478536585365853, 0.6973170731707317], [0.5563902439024391, 0.6497560975609756, 0.5868780487804879, 0.6912195121951219]], "class": 10}