{"image": "69d0f6ff-6b43-11ee-b578-fcb3bc5cd112.jpg", "bboxes": [[0.8592195121951217, 0.6044878048780489, 0.8970243902439025, 0.6544878048780488], [0.805560975609756, 0.5983902439024391, 0.8592195121951217, 0.649609756097561], [0.731170731707317, 0.6471707317073171, 0.7701951219512193, 0.697170731707317], [0.6848292682926829, 0.6532682926829269, 0.731170731707317, 0.6898536585365853], [0.6031219512195121, 0.649609756097561, 0.6287317073170732, 0.6874146341463414], [0.5653170731707317, 0.6520487804878049, 0.5958048780487805, 0.6874146341463414], [0.47019512195121954, 0.675219512195122, 0.506780487804878, 0.7118048780487805], [0.4043414634146342, 0.6703414634146342, 0.4433658536585365, 0.7020487804878048], [0.3421463414634147, 0.6349756097560976, 0.3799512195121952, 0.6813170731707316], [0.3031219512195122, 0.6337560975609756, 0.333609756097561, 0.675219512195122]], "class": 10}