{"image": "69d0f6ff-6b43-11ee-b578-fcb3bc5cd112.jpg", "bboxes": [[0.9732195121951217, 0.3475121951219512, 1.0, 0.3975121951219512], [0.919560975609756, 0.352390243902439, 0.9732195121951217, 0.40360975609756095], [0.8451707317073169, 0.3048292682926829, 0.8841951219512193, 0.3548292682926829], [0.7988292682926829, 0.31214634146341463, 0.8451707317073169, 0.34873170731707315], [0.717121951219512, 0.31458536585365854, 0.7427317073170732, 0.352390243902439], [0.6793170731707316, 0.31458536585365854, 0.7098048780487805, 0.3499512195121951], [0.5841951219512196, 0.2901951219512195, 0.620780487804878, 0.326780487804878], [0.5183414634146342, 0.2999512195121951, 0.5573658536585365, 0.3316585365853658], [0.4561463414634147, 0.3206829268292683, 0.49395121951219517, 0.36702439024390243], [0.4171219512195122, 0.326780487804878, 0.447609756097561, 0.3682439024390244]], "class": 10}