{"image": "6af125aa-759a-11ee-b423-fcb3bc5cd112.jpg", "bboxes": [[0.7659493670886076, 0.7129493670886076, 0.8127848101265822, 0.7534556962025316]], "class": 1}