{"image": "6af125aa-759a-11ee-b423-fcb3bc5cd112.jpg", "bboxes": [[0.7579493670886076, 0.7109493670886076, 0.8047848101265822, 0.7514556962025316]], "class": 1}