{"image": "6af125aa-759a-11ee-b423-fcb3bc5cd112.jpg", "bboxes": [[0.0, 0.2435443037974684, 0.021050632911392426, 0.28405063291139243]], "class": 1}