{"image": "6af125aa-759a-11ee-b423-fcb3bc5cd112.jpg", "bboxes": [[0.6429493670886075, 0.3065443037974684, 0.6897848101265822, 0.34705063291139243]], "class": 1}