{"image": "6af125aa-759a-11ee-b423-fcb3bc5cd112.jpg", "bboxes": [[0.34294936708860757, 0.2735443037974684, 0.38978481012658217, 0.3140506329113924]], "class": 1}