{"image": "6ca0a076-759a-11ee-88e2-fcb3bc5cd112.jpg", "bboxes": [[0.9971898734177216, 0.5478481012658227, 1.0, 0.609873417721519], [0.9414936708860762, 0.5440506329113924, 1.0, 0.5921518987341772]], "class": 2}