{"image": "6ca0a076-759a-11ee-88e2-fcb3bc5cd112.jpg", "bboxes": [[0.4621898734177216, 0.5328481012658227, 0.5102911392405065, 0.594873417721519], [0.4064936708860762, 0.5290506329113924, 0.46725316455696225, 0.5771518987341772]], "class": 2}