{"image": "6ca0a076-759a-11ee-88e2-fcb3bc5cd112.jpg", "bboxes": [[0.4697088607594935, 0.37312658227848106, 0.5178101265822783, 0.43515189873417726], [0.5127468354430378, 0.3908481012658228, 0.5735063291139237, 0.43894936708860754]], "class": 2}