{"image": "6ca0a076-759a-11ee-88e2-fcb3bc5cd112.jpg", "bboxes": [[0.5751898734177217, 0.5178481012658227, 0.6232911392405065, 0.579873417721519], [0.5194936708860762, 0.5140506329113924, 0.5802531645569623, 0.5621518987341771]], "class": 2}