{"image": "6ca0a076-759a-11ee-88e2-fcb3bc5cd112.jpg", "bboxes": [[0.16370886075949354, 0.431126582278481, 0.21181012658227838, 0.4931518987341773], [0.20674683544303774, 0.44884810126582286, 0.2675063291139238, 0.4969493670886076]], "class": 2}