{"image": "6ca0a076-759a-11ee-88e2-fcb3bc5cd112.jpg", "bboxes": [[0.3597088607594935, 0.39812658227848097, 0.40781012658227833, 0.4601518987341773], [0.4027468354430378, 0.41584810126582283, 0.46350632911392387, 0.46394936708860757]], "class": 2}