{"image": "6ca0a076-759a-11ee-88e2-fcb3bc5cd112.jpg", "bboxes": [[0.18570886075949355, 0.421126582278481, 0.2338101265822784, 0.4831518987341773], [0.22874683544303775, 0.43884810126582285, 0.2895063291139238, 0.4869493670886076]], "class": 2}