{"image": "6ca0a076-759a-11ee-88e2-fcb3bc5cd112.jpg", "bboxes": [[0.9514936708860762, 0.49705063291139245, 1.0, 0.5451518987341771]], "class": 1}