{"image": "6ca0a076-759a-11ee-88e2-fcb3bc5cd112.jpg", "bboxes": [[0.4631898734177216, 0.5298481012658227, 0.5112911392405065, 0.591873417721519], [0.4074936708860762, 0.5260506329113924, 0.46825316455696225, 0.5741518987341772]], "class": 2}