{"image": "6ca0a076-759a-11ee-88e2-fcb3bc5cd112.jpg", "bboxes": [[0.5421898734177216, 0.5248481012658227, 0.5902911392405065, 0.586873417721519], [0.4864936708860762, 0.5210506329113924, 0.5472531645569623, 0.5691518987341772]], "class": 2}