{"image": "6de91220-6b43-11ee-a5b0-fcb3bc5cd112.jpg", "bboxes": [[0.07119512195121958, 0.6145121951219512, 0.1346097560975611, 0.6620731707317074], [0.13582926829268305, 0.6132926829268293, 0.20168292682926836, 0.6608536585365854], [0.23948780487804877, 0.6584146341463415, 0.2894878048780488, 0.7047560975609757], [0.28826829268292686, 0.6559756097560976, 0.34558536585365873, 0.6986585365853659], [0.3943658536585366, 0.6645121951219513, 0.43460975609756103, 0.6986585365853659], [0.47485365853658523, 0.6352439024390244, 0.5138780487804878, 0.6779268292682927], [0.5163170731707316, 0.6303658536585366, 0.5529024390243902, 0.6754878048780488], [0.6224146341463415, 0.6767073170731708, 0.6602195121951219, 0.7145121951219512]], "class": 8}