{"image": "6de91220-6b43-11ee-a5b0-fcb3bc5cd112.jpg", "bboxes": [[0.8143902439024389, 0.3099268292682926, 0.8778048780487805, 0.3574878048780487], [0.7473170731707316, 0.31114634146341463, 0.8131707317073169, 0.3587073170731707], [0.6595121951219513, 0.2672439024390244, 0.7095121951219512, 0.31358536585365854], [0.6034146341463413, 0.2733414634146341, 0.6607317073170732, 0.31602439024390244], [0.514390243902439, 0.2733414634146341, 0.5546341463414634, 0.3074878048780487], [0.4351219512195122, 0.2940731707317073, 0.4741463414634147, 0.33675609756097563], [0.3960975609756098, 0.2965121951219512, 0.43268292682926834, 0.3416341463414634], [0.28878048780487814, 0.2574878048780488, 0.32658536585365855, 0.29529268292682925]], "class": 8}