{"image": "6de91220-6b43-11ee-a5b0-fcb3bc5cd112.jpg", "bboxes": [[0.3983902439024389, 0.6295121951219513, 0.46180487804878045, 0.6770731707317074], [0.33131707317073167, 0.6282926829268293, 0.3971707317073169, 0.6758536585365854], [0.2435121951219512, 0.6734146341463415, 0.2935121951219512, 0.7197560975609756], [0.18741463414634132, 0.6709756097560976, 0.2447317073170732, 0.7136585365853658], [0.09839024390243901, 0.6795121951219513, 0.1386341463414634, 0.7136585365853658], [0.019121951219512198, 0.6502439024390244, 0.05814634146341473, 0.6929268292682926], [0.0, 0.6453658536585366, 0.016682926829268353, 0.6904878048780487]], "class": 7}