{"image": "6de91220-6b43-11ee-a5b0-fcb3bc5cd112.jpg", "bboxes": [[0.5793902439024389, 0.3539268292682926, 0.6428048780487804, 0.40148780487804875], [0.5123170731707316, 0.3551463414634146, 0.5781707317073169, 0.4027073170731707], [0.4245121951219512, 0.3112439024390244, 0.4745121951219512, 0.3575853658536585], [0.3684146341463413, 0.3173414634146341, 0.42573170731707316, 0.3600243902439024], [0.279390243902439, 0.3173414634146341, 0.3196341463414634, 0.35148780487804876], [0.2001219512195122, 0.3380731707317073, 0.23914634146341474, 0.3807560975609756], [0.1610975609756098, 0.3405121951219512, 0.19768292682926836, 0.3856341463414634], [0.05378048780487814, 0.30148780487804877, 0.09158536585365858, 0.33929268292682924]], "class": 8}