{"image": "6de91220-6b43-11ee-a5b0-fcb3bc5cd112.jpg", "bboxes": [[0.2351951219512196, 0.3109268292682926, 0.29860975609756113, 0.3584878048780487], [0.2998292682926831, 0.31214634146341463, 0.3656829268292684, 0.3597073170731707], [0.4034878048780488, 0.2682439024390244, 0.45348780487804874, 0.31458536585365854], [0.4522682926829268, 0.2743414634146341, 0.5095853658536587, 0.31702439024390244], [0.5583658536585365, 0.2743414634146341, 0.598609756097561, 0.3084878048780487], [0.6388536585365853, 0.2950731707317073, 0.6778780487804879, 0.3377560975609756], [0.6803170731707316, 0.2975121951219512, 0.7169024390243902, 0.3426341463414634], [0.7864146341463414, 0.2584878048780488, 0.8242195121951219, 0.29629268292682925]], "class": 8}