{"image": "6de91220-6b43-11ee-a5b0-fcb3bc5cd112.jpg", "bboxes": [[0.06319512195121957, 0.6035121951219513, 0.1266097560975611, 0.6510731707317073], [0.12782926829268304, 0.6022926829268294, 0.19368292682926835, 0.6498536585365854], [0.23148780487804876, 0.6474146341463415, 0.2814878048780488, 0.6937560975609756], [0.28026829268292686, 0.6449756097560976, 0.3375853658536587, 0.6876585365853658], [0.3863658536585366, 0.6535121951219512, 0.426609756097561, 0.6876585365853658], [0.4668536585365852, 0.6242439024390244, 0.5058780487804878, 0.6669268292682927], [0.5083170731707316, 0.6193658536585366, 0.5449024390243902, 0.6644878048780488], [0.6144146341463415, 0.6657073170731708, 0.6522195121951219, 0.7035121951219512]], "class": 8}