{"image": "6de91220-6b43-11ee-a5b0-fcb3bc5cd112.jpg", "bboxes": [[0.11019512195121961, 0.31892682926829263, 0.17360975609756113, 0.3664878048780487], [0.17482926829268308, 0.32014634146341464, 0.2406829268292684, 0.3677073170731707], [0.2784878048780488, 0.2762439024390244, 0.32848780487804874, 0.3225853658536585], [0.3272682926829268, 0.2823414634146341, 0.38458536585365866, 0.3250243902439024], [0.43336585365853664, 0.2823414634146341, 0.47360975609756095, 0.31648780487804873], [0.5138536585365853, 0.3030731707317073, 0.5528780487804879, 0.3457560975609756], [0.5553170731707316, 0.3055121951219512, 0.5919024390243902, 0.3506341463414634], [0.6614146341463414, 0.2664878048780488, 0.6992195121951219, 0.3042926829268292]], "class": 8}