{"image": "6de91220-6b43-11ee-a5b0-fcb3bc5cd112.jpg", "bboxes": [[0.3541951219512196, 0.5985121951219512, 0.4176097560975611, 0.6460731707317073], [0.4188292682926831, 0.5972926829268292, 0.4846829268292684, 0.6448536585365854], [0.5224878048780488, 0.6424146341463415, 0.5724878048780488, 0.6887560975609757], [0.5712682926829269, 0.6399756097560976, 0.6285853658536587, 0.6826585365853659], [0.6773658536585365, 0.6485121951219512, 0.717609756097561, 0.6826585365853659], [0.7578536585365853, 0.6192439024390244, 0.7968780487804878, 0.6619268292682927], [0.7993170731707316, 0.6143658536585366, 0.8359024390243902, 0.6594878048780488], [0.9054146341463414, 0.6607073170731708, 0.9432195121951219, 0.6985121951219513]], "class": 8}