{"image": "6e6496c4-759a-11ee-9395-fcb3bc5cd112.jpg", "bboxes": [[0.6320506329113923, 0.365746835443038, 0.6877468354430378, 0.42903797468354427], [0.6814177215189873, 0.36954430379746833, 0.7320506329113923, 0.4227088607594937]], "class": 2}