{"image": "6e6496c4-759a-11ee-9395-fcb3bc5cd112.jpg", "bboxes": [[0.0, 0.5319620253164556, 0.012949367088607687, 0.5952531645569621]], "class": 1}