{"image": "6e6496c4-759a-11ee-9395-fcb3bc5cd112.jpg", "bboxes": [[0.7720506329113923, 0.5579620253164557, 0.8277468354430378, 0.621253164556962], [0.8214177215189873, 0.5642911392405063, 0.8720506329113923, 0.6174556962025317]], "class": 2}