{"image": "6e6ac9e5-759e-11ee-8a94-fcb3bc5cd112.jpg", "bboxes": [[0.4005443037974685, 0.49592405063291145, 0.47522784810126584, 0.5617468354430379], [0.32712658227848124, 0.4908607594936709, 0.4030759493670887, 0.5592151898734177]], "class": 2}