{"image": "6e6ac9e5-759e-11ee-8a94-fcb3bc5cd112.jpg", "bboxes": [[0.4377721518987341, 0.5149240506329114, 0.5124556962025315, 0.580746835443038], [0.5099240506329112, 0.5098607594936709, 0.5858734177215188, 0.5782151898734178], [0.916253164556962, 0.6883417721518987, 0.945367088607595, 0.721253164556962], [0.9390379746835442, 0.6883417721518987, 0.9744810126582277, 0.7187215189873417]], "class": 4}