{"image": "6e6ac9e5-759e-11ee-8a94-fcb3bc5cd112.jpg", "bboxes": [[0.5575443037974686, 0.439253164556962, 0.6322278481012659, 0.5050759493670886], [0.4841265822784812, 0.4417848101265823, 0.5600759493670887, 0.5101392405063291], [0.12463291139240505, 0.298746835443038, 0.153746835443038, 0.3316582278481013], [0.09551898734177224, 0.30127848101265825, 0.13096202531645576, 0.3316582278481013]], "class": 4}