{"image": "6e6ac9e5-759e-11ee-8a94-fcb3bc5cd112.jpg", "bboxes": [[0.4225443037974685, 0.424253164556962, 0.49722784810126586, 0.4900759493670886], [0.34912658227848126, 0.42678481012658226, 0.4250759493670887, 0.49513924050632907], [0.0, 0.28374683544303797, 0.01874683544303798, 0.31665822784810127]], "class": 3}