{"image": "6e6ac9e5-759e-11ee-8a94-fcb3bc5cd112.jpg", "bboxes": [[0.3935443037974685, 0.5159240506329115, 0.4682278481012659, 0.581746835443038], [0.32012658227848123, 0.5108607594936709, 0.3960759493670887, 0.5792151898734177]], "class": 2}