{"image": "6e6ac9e5-759e-11ee-8a94-fcb3bc5cd112.jpg", "bboxes": [[0.8555443037974685, 0.49592405063291145, 0.9302278481012659, 0.5617468354430379], [0.7821265822784812, 0.4908607594936709, 0.8580759493670886, 0.5592151898734177], [0.12643037974683546, 0.6959240506329114, 0.15301265822784818, 0.7275696202531645], [0.10111392405063294, 0.6946582278481013, 0.12896202531645576, 0.7313670886075949], [0.24668354430379746, 0.7009873417721519, 0.2757974683544304, 0.7288354430379747], [0.22136708860759496, 0.6984556962025317, 0.251746835443038, 0.7288354430379747], [0.42263291139240505, 0.6693417721518987, 0.45174683544303795, 0.7022531645569621], [0.3935189873417722, 0.6693417721518987, 0.4289620253164558, 0.6997215189873418]], "class": 8}