{"image": "6e6ac9e5-759e-11ee-8a94-fcb3bc5cd112.jpg", "bboxes": [[0.8865443037974685, 0.41325316455696204, 0.9612278481012658, 0.4790759493670886], [0.8131265822784812, 0.41578481012658225, 0.8890759493670887, 0.48413924050632906], [0.15743037974683546, 0.24743037974683546, 0.18401265822784818, 0.27907594936708857], [0.13211392405063294, 0.24363291139240506, 0.15996202531645576, 0.28034177215189876], [0.2776835443037975, 0.2461645569620253, 0.3067974683544304, 0.2740126582278481], [0.25236708860759494, 0.2461645569620253, 0.28274683544303797, 0.27654430379746836], [0.453632911392405, 0.27274683544303796, 0.482746835443038, 0.30565822784810126], [0.42451898734177224, 0.2752784810126582, 0.45996202531645575, 0.30565822784810126]], "class": 8}