{"image": "6e6ac9e5-759e-11ee-8a94-fcb3bc5cd112.jpg", "bboxes": [[0.39177215189873416, 0.427253164556962, 0.46645569620253147, 0.4930759493670886], [0.4639240506329113, 0.42978481012658226, 0.5398734177215188, 0.4981392405063291], [0.870253164556962, 0.286746835443038, 0.899367088607595, 0.3196582278481013], [0.8930379746835442, 0.28927848101265824, 0.9284810126582278, 0.3196582278481013]], "class": 4}