{"image": "6e6ac9e5-759e-11ee-8a94-fcb3bc5cd112.jpg", "bboxes": [[0.8195443037974685, 0.426253164556962, 0.8942278481012659, 0.4920759493670886], [0.7461265822784813, 0.42878481012658226, 0.8220759493670887, 0.49713924050632907], [0.09043037974683546, 0.26043037974683547, 0.11701265822784819, 0.2920759493670886], [0.06511392405063293, 0.25663291139240507, 0.09296202531645577, 0.2933417721518987], [0.2106835443037975, 0.2591645569620253, 0.23979746835443042, 0.2870126582278481], [0.18536708860759496, 0.2591645569620253, 0.215746835443038, 0.28954430379746837], [0.3866329113924051, 0.28574683544303797, 0.415746835443038, 0.31865822784810127], [0.35751898734177223, 0.28827848101265824, 0.39296202531645574, 0.31865822784810127]], "class": 8}