{"image": "6e6ac9e5-759e-11ee-8a94-fcb3bc5cd112.jpg", "bboxes": [[0.2007721518987341, 0.48892405063291144, 0.2754556962025315, 0.554746835443038], [0.27292405063291125, 0.4838607594936709, 0.3488734177215188, 0.5522151898734178], [0.9779873417721519, 0.6889240506329114, 1.0, 0.7205696202531646], [0.8552025316455696, 0.6939873417721519, 0.8843164556962025, 0.7218354430379748], [0.879253164556962, 0.6914556962025316, 0.9096329113924051, 0.7218354430379748], [0.6792531645569619, 0.6623417721518987, 0.708367088607595, 0.695253164556962], [0.7020379746835442, 0.6623417721518987, 0.7374810126582277, 0.6927215189873417]], "class": 7}