{"image": "6e6ac9e5-759e-11ee-8a94-fcb3bc5cd112.jpg", "bboxes": [[0.0787721518987341, 0.445253164556962, 0.15345569620253152, 0.5110759493670886], [0.15092405063291126, 0.4477848101265823, 0.2268734177215188, 0.5161392405063291], [0.8559873417721517, 0.27943037974683543, 0.8825696202531645, 0.3110759493670886], [0.8800379746835443, 0.27563291139240503, 0.9078860759493671, 0.31234177215189873], [0.7332025316455696, 0.2781645569620253, 0.7623164556962025, 0.30601265822784807], [0.757253164556962, 0.2781645569620253, 0.787632911392405, 0.3085443037974684], [0.557253164556962, 0.304746835443038, 0.5863670886075949, 0.3376582278481013], [0.5800379746835442, 0.30727848101265826, 0.6154810126582277, 0.3376582278481013]], "class": 8}