{"image": "6e6ac9e5-759e-11ee-8a94-fcb3bc5cd112.jpg", "bboxes": [[0.2127721518987341, 0.48592405063291144, 0.28745569620253153, 0.5517468354430379], [0.28492405063291126, 0.4808607594936709, 0.3608734177215187, 0.5492151898734177], [0.9899873417721519, 0.6859240506329114, 1.0, 0.7175696202531645], [0.8672025316455696, 0.6909873417721519, 0.8963164556962026, 0.7188354430379746], [0.891253164556962, 0.6884556962025317, 0.9216329113924051, 0.7188354430379746], [0.691253164556962, 0.6593417721518988, 0.720367088607595, 0.6922531645569621], [0.7140379746835442, 0.6593417721518988, 0.7494810126582278, 0.6897215189873418]], "class": 7}