{"image": "6e6ac9e5-759e-11ee-8a94-fcb3bc5cd112.jpg", "bboxes": [[0.4855443037974685, 0.5279240506329115, 0.5602278481012659, 0.593746835443038], [0.41212658227848126, 0.522860759493671, 0.4880759493670887, 0.5912151898734177], [0.05263291139240505, 0.7013417721518987, 0.08174683544303799, 0.7342531645569621], [0.02351898734177223, 0.7013417721518987, 0.058962025316455766, 0.7317215189873418]], "class": 4}