{"image": "70185f84-759a-11ee-9086-fcb3bc5cd112.jpg", "bboxes": [[0.7396708860759496, 0.5212278481012658, 0.7801772151898736, 0.5769240506329114], [0.6915696202531647, 0.5224936708860759, 0.7422025316455697, 0.5807215189873418], [0.08903797468354435, 0.5642658227848101, 0.1422025316455697, 0.6073037974683544], [0.13587341772151898, 0.5718607594936709, 0.17891139240506335, 0.6161645569620253]], "class": 4}