{"image": "70185f84-759a-11ee-9086-fcb3bc5cd112.jpg", "bboxes": [[0.4578227848101265, 0.3740759493670886, 0.49832911392405044, 0.42977215189873424], [0.4957974683544303, 0.37027848101265826, 0.5464303797468353, 0.42850632911392406]], "class": 2}