{"image": "70185f84-759a-11ee-9086-fcb3bc5cd112.jpg", "bboxes": [[0.3218227848101265, 0.4250759493670886, 0.36232911392405054, 0.48077215189873423], [0.35979746835443027, 0.42127848101265825, 0.4104303797468354, 0.47950632911392405], [0.9597974683544302, 0.39469620253164556, 1.0, 0.43773417721518987], [0.9230886075949367, 0.3858354430379746, 0.966126582278481, 0.43013924050632907]], "class": 4}