{"image": "70185f84-759a-11ee-9086-fcb3bc5cd112.jpg", "bboxes": [[0.23367088607594952, 0.39307594936708856, 0.27417721518987354, 0.44877215189873426], [0.18556962025316465, 0.3892784810126582, 0.2362025316455697, 0.447506329113924]], "class": 2}