{"image": "70185f84-759a-11ee-9086-fcb3bc5cd112.jpg", "bboxes": [[0.5168227848101264, 0.5702278481012657, 0.5573291139240505, 0.6259240506329113], [0.5547974683544303, 0.5714936708860759, 0.6054303797468353, 0.6297215189873417]], "class": 2}