{"image": "70185f84-759a-11ee-9086-fcb3bc5cd112.jpg", "bboxes": [[0.4206708860759495, 0.5842278481012657, 0.46117721518987354, 0.6399240506329114], [0.37256962025316465, 0.585493670886076, 0.4232025316455697, 0.6437215189873418]], "class": 2}