{"image": "70185f84-759a-11ee-9086-fcb3bc5cd112.jpg", "bboxes": [[0.7276708860759495, 0.5222278481012658, 0.7681772151898736, 0.5779240506329114], [0.6795696202531647, 0.523493670886076, 0.7302025316455697, 0.5817215189873417], [0.07703797468354436, 0.5652658227848102, 0.13020253164556972, 0.6083037974683545], [0.123873417721519, 0.572860759493671, 0.16691139240506334, 0.6171645569620254]], "class": 4}