{"image": "70185f84-759a-11ee-9086-fcb3bc5cd112.jpg", "bboxes": [[0.7238227848101264, 0.5362278481012657, 0.7643291139240505, 0.5919240506329114], [0.7617974683544303, 0.537493670886076, 0.8124303797468353, 0.5957215189873417]], "class": 2}