{"image": "70185f84-759a-11ee-9086-fcb3bc5cd112.jpg", "bboxes": [[0.7496708860759496, 0.5192278481012658, 0.7901772151898736, 0.5749240506329114], [0.7015696202531646, 0.5204936708860759, 0.7522025316455697, 0.5787215189873418], [0.09903797468354435, 0.5622658227848101, 0.1522025316455697, 0.6053037974683544], [0.145873417721519, 0.5698607594936709, 0.18891139240506333, 0.6141645569620253]], "class": 4}