{"image": "70185f84-759a-11ee-9086-fcb3bc5cd112.jpg", "bboxes": [[0.9656708860759495, 0.3790759493670886, 1.0, 0.43477215189873425], [0.9175696202531647, 0.37527848101265826, 0.9682025316455697, 0.43350632911392406], [0.31503797468354433, 0.34869620253164557, 0.3682025316455697, 0.3917341772151898], [0.361873417721519, 0.33983544303797464, 0.40491139240506335, 0.3841392405063291]], "class": 4}