{"image": "70422fce-759e-11ee-93b1-fcb3bc5cd112.jpg", "bboxes": [[0.7454177215189873, 0.7830379746835443, 0.7707341772151899, 0.8058227848101266]], "class": 1}