{"image": "70422fce-759e-11ee-93b1-fcb3bc5cd112.jpg", "bboxes": [[0.6087088607594937, 0.36760759493670886, 0.6757974683544306, 0.44482278481012655], [0.5416202531645572, 0.37140506329113926, 0.6150379746835445, 0.4359620253164557], [0.2454177215189874, 0.21317721518987337, 0.2707341772151899, 0.23596202531645571]], "class": 3}