{"image": "70422fce-759e-11ee-93b1-fcb3bc5cd112.jpg", "bboxes": [[0.9827088607594937, 0.36460759493670886, 1.0, 0.44182278481012655], [0.9156202531645572, 0.36840506329113926, 0.9890379746835445, 0.4329620253164557], [0.6194177215189873, 0.21017721518987337, 0.6447341772151899, 0.2329620253164557]], "class": 3}