{"image": "70422fce-759e-11ee-93b1-fcb3bc5cd112.jpg", "bboxes": [[0.38070886075949373, 0.40160759493670883, 0.4477974683544305, 0.4788227848101266], [0.3136202531645572, 0.40540506329113923, 0.38703797468354445, 0.4699620253164557], [0.017417721518987378, 0.24717721518987337, 0.0427341772151899, 0.2699620253164557]], "class": 3}