{"image": "70422fce-759e-11ee-93b1-fcb3bc5cd112.jpg", "bboxes": [[0.6987088607594938, 0.3816075949367088, 0.7657974683544305, 0.45882278481012656], [0.6316202531645572, 0.3854050632911392, 0.7050379746835445, 0.4499620253164557], [0.33541772151898736, 0.22717721518987338, 0.3607341772151899, 0.2499620253164557]], "class": 3}