{"image": "70422fce-759e-11ee-93b1-fcb3bc5cd112.jpg", "bboxes": [[0.03420253164556952, 0.5171772151898735, 0.10129113924050626, 0.5943924050632912], [0.09496202531645559, 0.5260379746835443, 0.16837974683544277, 0.5905949367088608], [0.4392658227848101, 0.7260379746835444, 0.46458227848101263, 0.7488227848101265]], "class": 3}