{"image": "70422fce-759e-11ee-93b1-fcb3bc5cd112.jpg", "bboxes": [[0.7554177215189873, 0.7430379746835443, 0.7807341772151899, 0.7658227848101267]], "class": 1}