{"image": "70422fce-759e-11ee-93b1-fcb3bc5cd112.jpg", "bboxes": [[0.6117088607594937, 0.5551772151898735, 0.6787974683544306, 0.6323924050632912], [0.5446202531645572, 0.5640379746835442, 0.6180379746835445, 0.6285949367088608], [0.2484177215189874, 0.7640379746835443, 0.2737341772151899, 0.7868227848101266]], "class": 3}