{"image": "70422fce-759e-11ee-93b1-fcb3bc5cd112.jpg", "bboxes": [[0.5552025316455695, 0.5241772151898734, 0.6222911392405063, 0.6013924050632912], [0.6159620253164555, 0.5330379746835443, 0.6893797468354428, 0.5975949367088608], [0.9602658227848101, 0.7330379746835443, 0.9855822784810127, 0.7558227848101267]], "class": 3}