{"image": "70422fce-759e-11ee-93b1-fcb3bc5cd112.jpg", "bboxes": [[0.7497088607594937, 0.5511772151898735, 0.8167974683544306, 0.6283924050632912], [0.6826202531645572, 0.5600379746835442, 0.7560379746835445, 0.6245949367088608], [0.3864177215189874, 0.7600379746835443, 0.4117341772151899, 0.7828227848101266]], "class": 3}