{"image": "71e801ea-759a-11ee-9a9a-fcb3bc5cd112.jpg", "bboxes": [[0.1965949367088608, 0.0, 0.44418381948266383, 0.10521518987341782]], "class": 1}