{"image": "71e801ea-759a-11ee-9a9a-fcb3bc5cd112.jpg", "bboxes": [[0.7818161805173363, 0.9547848101265822, 1.0, 1.0]], "class": 1}