{"image": "71e801ea-759a-11ee-9a9a-fcb3bc5cd112.jpg", "bboxes": [[0.3268161805173362, 0.0, 0.5744050632911392, 0.0702151898734178]], "class": 1}