{"image": "71e801ea-759a-11ee-9a9a-fcb3bc5cd112.jpg", "bboxes": [[0.28481618051733615, 0.0, 0.5324050632911392, 0.11621518987341783]], "class": 1}