{"image": "71e801ea-759a-11ee-9a9a-fcb3bc5cd112.jpg", "bboxes": [[0.5648161805173362, 0.9287848101265822, 0.8124050632911392, 1.0]], "class": 1}