{"image": "71e801ea-759a-11ee-9a9a-fcb3bc5cd112.jpg", "bboxes": [[0.8148161805173362, 0.9097848101265822, 1.0, 1.0]], "class": 1}