{"image": "71e801ea-759a-11ee-9a9a-fcb3bc5cd112.jpg", "bboxes": [[0.4015949367088608, 0.9127848101265822, 0.6491838194826638, 1.0]], "class": 1}