{"image": "721a788b-759e-11ee-ab11-fcb3bc5cd112.jpg", "bboxes": [[0.4375443037974684, 0.5312278481012658, 0.48437974683544305, 0.5793291139240506], [0.4021012658227848, 0.5299620253164556, 0.4451392405063292, 0.5805949367088608]], "class": 2}