{"image": "721a788b-759e-11ee-ab11-fcb3bc5cd112.jpg", "bboxes": [[0.461620253164557, 0.5912278481012658, 0.5084556962025316, 0.6393291139240507], [0.5008607594936708, 0.5899620253164557, 0.5438987341772151, 0.6405949367088608]], "class": 2}