{"image": "721a788b-759e-11ee-ab11-fcb3bc5cd112.jpg", "bboxes": [[0.9796202531645569, 0.40267088607594936, 1.0, 0.45077215189873426]], "class": 1}