{"image": "721a788b-759e-11ee-ab11-fcb3bc5cd112.jpg", "bboxes": [[0.844620253164557, 0.5512278481012658, 0.8914556962025316, 0.5993291139240506], [0.8838607594936708, 0.5499620253164557, 0.9268987341772151, 0.6005949367088608]], "class": 2}