{"image": "721a788b-759e-11ee-ab11-fcb3bc5cd112.jpg", "bboxes": [[0.824620253164557, 0.5222278481012658, 0.8714556962025316, 0.5703291139240507], [0.8638607594936708, 0.5209620253164557, 0.9068987341772151, 0.5715949367088607]], "class": 2}