{"image": "721a788b-759e-11ee-ab11-fcb3bc5cd112.jpg", "bboxes": [[0.03554430379746839, 0.39767088607594936, 0.08237974683544302, 0.44577215189873426], [0.0001012658227848533, 0.3964050632911392, 0.0431392405063292, 0.4470379746835443]], "class": 2}