{"image": "721a788b-759e-11ee-ab11-fcb3bc5cd112.jpg", "bboxes": [[0.27962025316455696, 0.5762278481012657, 0.32645569620253156, 0.6243291139240507], [0.31886075949367076, 0.5749620253164557, 0.3618987341772152, 0.6255949367088607]], "class": 2}