{"image": "721a788b-759e-11ee-ab11-fcb3bc5cd112.jpg", "bboxes": [[0.2725443037974684, 0.42967088607594933, 0.319379746835443, 0.47777215189873423], [0.23710126582278485, 0.42840506329113925, 0.2801392405063292, 0.4790379746835443]], "class": 2}