{"image": "721a788b-759e-11ee-ab11-fcb3bc5cd112.jpg", "bboxes": [[0.1855443037974684, 0.37967088607594934, 0.23237974683544302, 0.42777215189873424], [0.15010126582278485, 0.37840506329113927, 0.1931392405063292, 0.42903797468354427]], "class": 2}