{"image": "721a788b-759e-11ee-ab11-fcb3bc5cd112.jpg", "bboxes": [[0.6905443037974683, 0.5282278481012658, 0.737379746835443, 0.5763291139240507], [0.6551012658227848, 0.5269620253164558, 0.6981392405063293, 0.5775949367088608]], "class": 2}