{"image": "721a788b-759e-11ee-ab11-fcb3bc5cd112.jpg", "bboxes": [[0.37262025316455694, 0.4166708860759493, 0.41945569620253165, 0.4647721518987343], [0.41186075949367085, 0.41540506329113924, 0.45489873417721516, 0.4660379746835443]], "class": 2}