{"image": "73fa9c71-759e-11ee-94a5-fcb3bc5cd112.jpg", "bboxes": [[0.37889873417721537, 0.5187215189873419, 0.4307974683544304, 0.5642911392405063]], "class": 1}