{"image": "73fa9c71-759e-11ee-94a5-fcb3bc5cd112.jpg", "bboxes": [[0.10120253164556958, 0.49472151898734185, 0.1531012658227846, 0.5402911392405063]], "class": 1}