{"image": "73fa9c71-759e-11ee-94a5-fcb3bc5cd112.jpg", "bboxes": [[0.6632025316455696, 0.5437215189873418, 0.7151012658227847, 0.5892911392405064]], "class": 1}