{"image": "73fa9c71-759e-11ee-94a5-fcb3bc5cd112.jpg", "bboxes": [[0.42089873417721535, 0.49972151898734185, 0.47279746835443043, 0.5452911392405063]], "class": 1}