{"image": "73fa9c71-759e-11ee-94a5-fcb3bc5cd112.jpg", "bboxes": [[0.4682025316455696, 0.5157215189873419, 0.5201012658227846, 0.5612911392405063]], "class": 1}