{"image": "73fa9c71-759e-11ee-94a5-fcb3bc5cd112.jpg", "bboxes": [[0.6032025316455696, 0.5007215189873419, 0.6551012658227846, 0.5462911392405063]], "class": 1}