{"image": "73fa9c71-759e-11ee-94a5-fcb3bc5cd112.jpg", "bboxes": [[0.3622025316455696, 0.40070886075949363, 0.4141012658227846, 0.4462784810126582]], "class": 1}