{"image": "73fa9c71-759e-11ee-94a5-fcb3bc5cd112.jpg", "bboxes": [[0.022202531645569623, 0.5547215189873418, 0.07410126582278465, 0.6002911392405064]], "class": 1}