{"image": "73fa9c71-759e-11ee-94a5-fcb3bc5cd112.jpg", "bboxes": [[0.45320253164556956, 0.42470886075949366, 0.5051012658227847, 0.4702784810126581]], "class": 1}