{"image": "73fa9c71-759e-11ee-94a5-fcb3bc5cd112.jpg", "bboxes": [[0.08189873417721537, 0.42370886075949366, 0.1337974683544304, 0.4692784810126581]], "class": 1}