{"image": "74c79315-6b43-11ee-b3e9-fcb3bc5cd112.jpg", "bboxes": [[0.007439024390243909, 0.6057560975609756, 0.09768292682926827, 0.6935609756097562], [0.1940243902439024, 0.5594146341463415, 0.2684146341463415, 0.6399024390243903], [0.3574390243902439, 0.6911219512195124, 0.47085365853658523, 0.797219512195122], [0.6745121951219513, 0.6655121951219513, 0.7501219512195121, 0.7606341463414634]], "class": 4}