{"image": "74c79315-6b43-11ee-b3e9-fcb3bc5cd112.jpg", "bboxes": [[0.43056097560975604, 0.3120975609756098, 0.5366585365853657, 0.43526829268292677], [0.3183658536585365, 0.3120975609756098, 0.42446341463414616, 0.4218536585365854], [0.09031707317073176, 0.30843902439024384, 0.18056097560975604, 0.3962439024390244]], "class": 3}