{"image": "74c79315-6b43-11ee-b3e9-fcb3bc5cd112.jpg", "bboxes": [[0.1873414634146343, 0.2990975609756098, 0.29343902439024394, 0.42226829268292676], [0.2995365853658538, 0.2990975609756098, 0.40563414634146355, 0.4088536585365854], [0.5434390243902439, 0.29543902439024383, 0.6336829268292683, 0.3832439024390244], [0.7300243902439024, 0.34909756097560973, 0.8044146341463414, 0.4295853658536585], [0.8934390243902438, 0.191780487804878, 1.0, 0.29787804878048774]], "class": 5}