{"image": "74c79315-6b43-11ee-b3e9-fcb3bc5cd112.jpg", "bboxes": [[0.0, 0.2990975609756098, 0.03143902439024393, 0.42226829268292676], [0.0375365853658538, 0.2990975609756098, 0.14363414634146354, 0.4088536585365854], [0.28143902439024393, 0.29543902439024383, 0.3716829268292683, 0.3832439024390244], [0.4680243902439024, 0.34909756097560973, 0.5424146341463414, 0.4295853658536585], [0.6314390243902439, 0.191780487804878, 0.7448536585365853, 0.29787804878048774], [0.9485121951219512, 0.22836585365853657, 1.0, 0.32348780487804885]], "class": 6}