{"image": "74c79315-6b43-11ee-b3e9-fcb3bc5cd112.jpg", "bboxes": [[0.3283414634146343, 0.2880975609756098, 0.43443902439024396, 0.41126829268292686], [0.44053658536585383, 0.2880975609756098, 0.5466341463414635, 0.3978536585365854], [0.684439024390244, 0.2844390243902438, 0.7746829268292682, 0.3722439024390244], [0.8710243902439024, 0.33809756097560983, 0.9454146341463414, 0.41858536585365846]], "class": 4}