{"image": "74c79315-6b43-11ee-b3e9-fcb3bc5cd112.jpg", "bboxes": [[0.4113414634146343, 0.3060975609756098, 0.517439024390244, 0.42926829268292677], [0.5235365853658538, 0.3060975609756098, 0.6296341463414635, 0.4158536585365854], [0.7674390243902439, 0.30243902439024384, 0.8576829268292683, 0.3902439024390244], [0.9540243902439024, 0.35609756097560974, 1.0, 0.4365853658536585]], "class": 4}