{"image": "74c79315-6b43-11ee-b3e9-fcb3bc5cd112.jpg", "bboxes": [[0.693560975609756, 0.2790975609756098, 0.7996585365853657, 0.40226829268292685], [0.5813658536585364, 0.2790975609756098, 0.6874634146341462, 0.3888536585365854], [0.35331707317073174, 0.2754390243902438, 0.44356097560975605, 0.3632439024390244], [0.18258536585365856, 0.3290975609756098, 0.25697560975609757, 0.40958536585365846], [0.0, 0.17178048780487798, 0.09356097560975615, 0.2778780487804877]], "class": 5}