{"image": "74c79315-6b43-11ee-b3e9-fcb3bc5cd112.jpg", "bboxes": [[0.693560975609756, 0.5697317073170732, 0.7996585365853657, 0.6929024390243902], [0.5813658536585364, 0.5831463414634146, 0.6874634146341462, 0.6929024390243902], [0.35331707317073174, 0.6087560975609756, 0.44356097560975605, 0.6965609756097562], [0.18258536585365856, 0.5624146341463415, 0.25697560975609757, 0.6429024390243903], [0.0, 0.6941219512195123, 0.09356097560975615, 0.800219512195122]], "class": 5}