{"image": "74c79315-6b43-11ee-b3e9-fcb3bc5cd112.jpg", "bboxes": [[0.01434146341463427, 0.6037317073170732, 0.12043902439024401, 0.7269024390243902], [0.12653658536585388, 0.6171463414634146, 0.2326341463414635, 0.7269024390243902], [0.370439024390244, 0.6427560975609756, 0.46068292682926826, 0.7305609756097562], [0.5570243902439025, 0.5964146341463415, 0.6314146341463414, 0.6769024390243902], [0.7204390243902439, 0.7281219512195123, 0.8338536585365852, 0.834219512195122]], "class": 5}