{"image": "74c79315-6b43-11ee-b3e9-fcb3bc5cd112.jpg", "bboxes": [[0.40156097560975607, 0.5627317073170732, 0.5076585365853657, 0.6859024390243902], [0.28936585365853645, 0.5761463414634146, 0.39546341463414614, 0.6859024390243902], [0.06131707317073176, 0.6017560975609756, 0.15156097560975604, 0.6895609756097562]], "class": 3}