{"image": "74c79315-6b43-11ee-b3e9-fcb3bc5cd112.jpg", "bboxes": [[0.07834146341463433, 0.2690975609756098, 0.18443902439024396, 0.39226829268292684], [0.19053658536585383, 0.2690975609756098, 0.29663414634146357, 0.37885365853658537], [0.43443902439024396, 0.2654390243902438, 0.5246829268292683, 0.35324390243902437], [0.6210243902439024, 0.3190975609756098, 0.6954146341463414, 0.39958536585365845], [0.7844390243902438, 0.16178048780487797, 0.8978536585365853, 0.2678780487804877]], "class": 5}