{"image": "7547cd05-6b42-11ee-9e48-fcb3bc5cd112.jpg", "bboxes": [[0.903829268292683, 0.4204634146341463, 1.0, 0.5643658536585366]], "class": 1}