{"image": "7547cd05-6b42-11ee-9e48-fcb3bc5cd112.jpg", "bboxes": [[0.8018292682926829, 0.3796341463414634, 0.922560975609756, 0.5235365853658537], [0.9274390243902438, 0.386951219512195, 1.0, 0.5125609756097561]], "class": 2}