{"image": "767eff9e-759a-11ee-9588-fcb3bc5cd112.jpg", "bboxes": [[0.8124936708860758, 0.6439746835443038, 0.8517341772151898, 0.6908101265822784], [0.8454050632911392, 0.645240506329114, 0.8985696202531646, 0.6920759493670886]], "class": 2}