{"image": "767eff9e-759a-11ee-9588-fcb3bc5cd112.jpg", "bboxes": [[0.6234936708860759, 0.6289746835443037, 0.6627341772151898, 0.6758101265822785], [0.6564050632911391, 0.6302405063291139, 0.7095696202531645, 0.6770759493670886]], "class": 2}