{"image": "767eff9e-759a-11ee-9588-fcb3bc5cd112.jpg", "bboxes": [[0.22249367088607586, 0.6199746835443039, 0.26173417721518977, 0.6668101265822785], [0.2554050632911392, 0.621240506329114, 0.3085696202531646, 0.6680759493670886]], "class": 2}