{"image": "767eff9e-759a-11ee-9588-fcb3bc5cd112.jpg", "bboxes": [[0.7982658227848102, 0.6049746835443037, 0.8375063291139242, 0.6518101265822784], [0.7514303797468355, 0.6062405063291139, 0.8045949367088608, 0.6530759493670886]], "class": 2}