{"image": "767eff9e-759a-11ee-9588-fcb3bc5cd112.jpg", "bboxes": [[0.3154936708860758, 0.6749746835443038, 0.35473417721518974, 0.7218101265822785], [0.3484050632911392, 0.6762405063291139, 0.40156962025316456, 0.7230759493670886]], "class": 2}