{"image": "767eff9e-759a-11ee-9588-fcb3bc5cd112.jpg", "bboxes": [[0.9364936708860758, 0.6389746835443038, 0.9757341772151897, 0.6858101265822785], [0.9694050632911392, 0.6402405063291139, 1.0, 0.6870759493670886]], "class": 2}