{"image": "767eff9e-759a-11ee-9588-fcb3bc5cd112.jpg", "bboxes": [[0.33549367088607585, 0.33318987341772155, 0.37473417721518976, 0.3800253164556962], [0.3684050632911392, 0.3319240506329114, 0.4215696202531646, 0.37875949367088607]], "class": 2}