{"image": "767eff9e-759a-11ee-9588-fcb3bc5cd112.jpg", "bboxes": [[0.8124936708860758, 0.35218987341772157, 0.8517341772151898, 0.3990253164556962], [0.8454050632911392, 0.35092405063291143, 0.8985696202531646, 0.39775949367088603]], "class": 2}