{"image": "767eff9e-759a-11ee-9588-fcb3bc5cd112.jpg", "bboxes": [[0.44849367088607583, 0.35418987341772157, 0.48773417721518975, 0.4010253164556962], [0.4814050632911392, 0.35292405063291143, 0.5345696202531646, 0.39975949367088603]], "class": 2}