{"image": "767eff9e-759a-11ee-9588-fcb3bc5cd112.jpg", "bboxes": [[0.6722658227848102, 0.6149746835443037, 0.7115063291139242, 0.6618101265822784], [0.6254303797468355, 0.6162405063291139, 0.6785949367088608, 0.6630759493670886]], "class": 2}