{"image": "784f5cd8-6b43-11ee-86ea-fcb3bc5cd112.jpg", "bboxes": [[0.0, 0.3406341463414634, 0.06414634146341469, 0.42234146341463413], [0.055609756097561136, 0.33941463414634143, 0.1482926829268295, 0.41990243902439023], [0.22999999999999998, 0.3552682926829268, 0.31048780487804883, 0.4345365853658536], [0.3921951219512195, 0.3296585365853658, 0.45804878048780484, 0.3808780487804878], [0.49097560975609744, 0.2881951219512195, 0.5653658536585366, 0.3455121951219512], [0.5397560975609756, 0.42234146341463413, 0.6287804878048779, 0.504048780487805], [0.6336585365853658, 0.42843902439024384, 0.7263414634146341, 0.5113658536585366], [0.7068292682926829, 0.3625853658536585, 0.7946341463414635, 0.4430731707317073]], "class": 8}