{"image": "784f5cd8-6b43-11ee-86ea-fcb3bc5cd112.jpg", "bboxes": [[0.6448536585365853, 0.2956341463414634, 0.7485121951219512, 0.3773414634146341], [0.5607073170731706, 0.29441463414634145, 0.6533902439024389, 0.37490243902439024], [0.3985121951219512, 0.3102682926829268, 0.479, 0.3895365853658536], [0.2509512195121952, 0.28465853658536583, 0.31680487804878044, 0.3358780487804878], [0.1436341463414634, 0.2431951219512195, 0.21802439024390252, 0.3005121951219512], [0.08021951219512198, 0.3773414634146341, 0.1692439024390244, 0.45904878048780495], [0.0, 0.38343902439024385, 0.07534146341463417, 0.4663658536585366], [0.0, 0.31758536585365854, 0.0021707317073171454, 0.3980731707317073]], "class": 8}