{"image": "784f5cd8-6b43-11ee-86ea-fcb3bc5cd112.jpg", "bboxes": [[0.07219512195121958, 0.6731219512195121, 0.13804878048780478, 0.7243414634146341], [0.1709756097560975, 0.7084878048780487, 0.24536585365853658, 0.7658048780487805], [0.21975609756097558, 0.549951219512195, 0.308780487804878, 0.6316585365853659], [0.3136585365853658, 0.5426341463414635, 0.40634146341463406, 0.6255609756097562], [0.3868292682926828, 0.6109268292682927, 0.4746341463414634, 0.6914146341463414]], "class": 5}