{"image": "784f5cd8-6b43-11ee-86ea-fcb3bc5cd112.jpg", "bboxes": [[0.0, 0.5820975609756098, 0.06429268292682944, 0.6625853658536586], [0.14600000000000002, 0.5674634146341464, 0.22648780487804876, 0.6467317073170732], [0.30819512195121956, 0.6211219512195122, 0.3740487804878049, 0.6723414634146342], [0.4069756097560975, 0.6564878048780488, 0.48136585365853657, 0.7138048780487805], [0.45575609756097557, 0.497951219512195, 0.5447804878048781, 0.5796585365853659], [0.5496585365853659, 0.4906341463414634, 0.642341463414634, 0.5735609756097562], [0.6228292682926828, 0.5589268292682927, 0.7106341463414634, 0.6394146341463415]], "class": 7}