{"image": "784f5cd8-6b43-11ee-86ea-fcb3bc5cd112.jpg", "bboxes": [[0.8388536585365852, 0.5736585365853659, 0.9425121951219512, 0.6553658536585366], [0.7547073170731705, 0.5760975609756098, 0.8473902439024389, 0.6565853658536586], [0.5925121951219512, 0.5614634146341464, 0.673, 0.6407317073170732], [0.4449512195121952, 0.6151219512195122, 0.5108048780487804, 0.6663414634146342], [0.3376341463414634, 0.6504878048780488, 0.4120243902439025, 0.7078048780487805], [0.274219512195122, 0.491951219512195, 0.3632439024390244, 0.5736585365853659], [0.17665853658536593, 0.4846341463414634, 0.26934146341463416, 0.5675609756097562], [0.1083658536585366, 0.5529268292682927, 0.19617073170731714, 0.6334146341463415]], "class": 8}