{"image": "784f5cd8-6b43-11ee-86ea-fcb3bc5cd112.jpg", "bboxes": [[0.8829512195121951, 0.2776585365853658, 0.9488048780487804, 0.3288780487804878], [0.7756341463414634, 0.2361951219512195, 0.8500243902439025, 0.2935121951219512], [0.712219512195122, 0.37034146341463414, 0.8012439024390244, 0.45204878048780495], [0.614658536585366, 0.37643902439024385, 0.7073414634146342, 0.4593658536585366], [0.5463658536585366, 0.31058536585365853, 0.6341707317073172, 0.39107317073170733]], "class": 5}