{"image": "784f5cd8-6b43-11ee-86ea-fcb3bc5cd112.jpg", "bboxes": [[0.9818536585365852, 0.33263414634146343, 1.0, 0.4143414634146341], [0.8977073170731705, 0.3314146341463414, 0.9903902439024389, 0.4119024390243902], [0.7355121951219512, 0.3472682926829268, 0.816, 0.42653658536585365], [0.5879512195121952, 0.3216585365853658, 0.6538048780487804, 0.3728780487804878], [0.4806341463414634, 0.2801951219512195, 0.5550243902439025, 0.3375121951219512], [0.417219512195122, 0.4143414634146341, 0.5062439024390244, 0.49604878048780493], [0.3196585365853659, 0.42043902439024383, 0.4123414634146342, 0.5033658536585366], [0.2513658536585366, 0.3545853658536585, 0.33917073170731715, 0.4350731707317073]], "class": 8}