{"image": "784f5cd8-6b43-11ee-86ea-fcb3bc5cd112.jpg", "bboxes": [[0.9098536585365853, 0.3266341463414634, 1.0, 0.4083414634146341], [0.8257073170731706, 0.3254146341463414, 0.918390243902439, 0.4059024390243902], [0.6635121951219513, 0.3412682926829268, 0.744, 0.42053658536585364], [0.5159512195121951, 0.3156585365853658, 0.5818048780487804, 0.3668780487804878], [0.4086341463414634, 0.2741951219512195, 0.48302439024390253, 0.3315121951219512], [0.345219512195122, 0.4083414634146341, 0.4342439024390244, 0.4900487804878049], [0.24765853658536593, 0.4144390243902438, 0.34034146341463417, 0.4973658536585366], [0.1793658536585366, 0.3485853658536585, 0.26717073170731714, 0.4290731707317073]], "class": 8}