{"image": "784f5cd8-6b43-11ee-86ea-fcb3bc5cd112.jpg", "bboxes": [[0.4598536585365853, 0.5726585365853658, 0.5635121951219512, 0.6543658536585366], [0.37570731707317057, 0.5750975609756097, 0.4683902439024389, 0.6555853658536586], [0.21351219512195121, 0.5604634146341464, 0.294, 0.6397317073170732], [0.06595121951219517, 0.6141219512195122, 0.13180487804878044, 0.6653414634146342], [0.0, 0.6494878048780488, 0.03302439024390253, 0.7068048780487806]], "class": 5}