{"image": "78dbdb2e-759a-11ee-9f23-fcb3bc5cd112.jpg", "bboxes": [[0.47634177215189877, 0.5037341772151899, 0.5902658227848103, 0.6189240506329114], [0.37760759493670887, 0.5062658227848101, 0.4877341772151899, 0.5936075949367089], [0.1598860759493673, 0.46069620253164556, 0.23330379746835456, 0.5265189873417722]], "class": 3}