{"image": "78dbdb2e-759a-11ee-9f23-fcb3bc5cd112.jpg", "bboxes": [[0.0, 0.43039240506329113, 0.06339240506329114, 0.5177341772151899], [0.20769620253164545, 0.49748101265822786, 0.28111392405063274, 0.5633037974683545], [0.6570632911392404, 0.329126582278481, 0.7633924050632911, 0.4316582278481014]], "class": 3}