{"image": "78dbdb2e-759a-11ee-9f23-fcb3bc5cd112.jpg", "bboxes": [[0.8883417721518988, 0.37907594936708855, 1.0, 0.4942658227848101], [0.7896075949367088, 0.4043924050632911, 0.8997341772151899, 0.49173417721518986], [0.5718860759493672, 0.47148101265822784, 0.6453037974683545, 0.5373037974683544], [0.08960759493670889, 0.303126582278481, 0.1959367088607595, 0.40565822784810135]], "class": 4}