{"image": "78dbdb2e-759a-11ee-9f23-fcb3bc5cd112.jpg", "bboxes": [[0.4057341772151897, 0.35107594936708864, 0.5196582278481012, 0.4662658227848101], [0.50826582278481, 0.3763924050632911, 0.6183924050632912, 0.46373417721518995], [0.7626962025316455, 0.4434810126582279, 0.8361139240506327, 0.5093037974683545]], "class": 3}