{"image": "78dbdb2e-759a-11ee-9f23-fcb3bc5cd112.jpg", "bboxes": [[0.8063417721518988, 0.37407594936708854, 0.9202658227848103, 0.4892658227848101], [0.7076075949367089, 0.3993924050632911, 0.8177341772151899, 0.48673417721518986], [0.4898860759493673, 0.46648101265822783, 0.5633037974683546, 0.5323037974683544], [0.007607594936708892, 0.298126582278481, 0.11393670886075949, 0.40065822784810134]], "class": 4}