{"image": "78dbdb2e-759a-11ee-9f23-fcb3bc5cd112.jpg", "bboxes": [[0.8198860759493672, 0.4444810126582279, 0.8933037974683545, 0.5103037974683544], [0.3376075949367089, 0.27612658227848097, 0.4439367088607595, 0.3786582278481013]], "class": 2}