{"image": "78dbdb2e-759a-11ee-9f23-fcb3bc5cd112.jpg", "bboxes": [[0.4903417721518988, 0.38007594936708855, 0.6042658227848103, 0.49526582278481013], [0.3916075949367089, 0.4053924050632911, 0.5017341772151899, 0.49273417721518986], [0.1738860759493673, 0.47248101265822784, 0.24730379746835457, 0.5383037974683544]], "class": 3}