{"image": "78dbdb2e-759a-11ee-9f23-fcb3bc5cd112.jpg", "bboxes": [[0.8108860759493673, 0.5134810126582279, 0.8843037974683545, 0.5793037974683544], [0.3286075949367089, 0.34512658227848103, 0.43493670886075947, 0.4476582278481013]], "class": 2}