{"image": "7b480cd7-759a-11ee-8d03-fcb3bc5cd112.jpg", "bboxes": [[0.0, 0.0, 0.061164556962025274, 0.04734177215189883], [0.33584810126582265, 0.0, 0.4801518987341772, 0.10050632911392399], [0.4725569620253164, 0.0, 0.6016708860759492, 0.0967088607594937]], "class": 3}