{"image": "7b480cd7-759a-11ee-8d03-fcb3bc5cd112.jpg", "bboxes": [[0.002848101265822578, 0.004341772151898571, 0.1471518987341771, 0.15750632911392404], [0.1395569620253163, 0.028392405063291104, 0.26867088607594924, 0.15370886075949375]], "class": 2}