{"image": "7b480cd7-759a-11ee-8d03-fcb3bc5cd112.jpg", "bboxes": [[0.9368354430379747, 0.0, 1.0, 0.05834177215189884], [0.5178481012658228, 0.0, 0.6621518987341773, 0.111506329113924], [0.39632911392405074, 0.0, 0.5254430379746836, 0.10770886075949371]], "class": 3}