{"image": "7b480cd7-759a-11ee-8d03-fcb3bc5cd112.jpg", "bboxes": [[0.0396958373904579, 0.9526582278481012, 0.29116455696202526, 1.0], [0.5658481012658226, 0.899493670886076, 0.7101518987341772, 1.0], [0.7025569620253164, 0.9032911392405063, 0.8316708860759493, 1.0]], "class": 3}