{"image": "7b480cd7-759a-11ee-8d03-fcb3bc5cd112.jpg", "bboxes": [[0.0, 0.0, 0.14216455696202523, 0.052341772151898835], [0.4168481012658226, 0.0, 0.5611518987341771, 0.10550632911392399], [0.5535569620253163, 0.0, 0.6826708860759493, 0.1017088607594937]], "class": 3}