{"image": "7b480cd7-759a-11ee-8d03-fcb3bc5cd112.jpg", "bboxes": [[0.9778354430379748, 0.0, 1.0, 0.10334177215189877], [0.5588481012658228, 0.00334177215189857, 0.7031518987341774, 0.15650632911392404], [0.4373291139240507, 0.027392405063291103, 0.5664430379746836, 0.15270886075949375]], "class": 3}