{"image": "7b480cd7-759a-11ee-8d03-fcb3bc5cd112.jpg", "bboxes": [[0.10284810126582256, 0.0, 0.2471518987341772, 0.117506329113924], [0.2395569620253164, 0.0, 0.36867088607594933, 0.11370886075949371]], "class": 2}