{"image": "7b480cd7-759a-11ee-8d03-fcb3bc5cd112.jpg", "bboxes": [[0.08469583739045783, 0.9506582278481012, 0.3361645569620253, 1.0], [0.6108481012658227, 0.897493670886076, 0.7551518987341772, 1.0], [0.7475569620253164, 0.9012911392405063, 0.8766708860759493, 1.0]], "class": 3}