{"image": "7b480cd7-759a-11ee-8d03-fcb3bc5cd112.jpg", "bboxes": [[0.8188354430379747, 0.0, 1.0, 0.062341772151898844], [0.3998481012658228, 0.0, 0.5441518987341774, 0.115506329113924], [0.27832911392405074, 0.0, 0.4074430379746837, 0.11170886075949371]], "class": 3}