{"image": "7b480cd7-759a-11ee-8d03-fcb3bc5cd112.jpg", "bboxes": [[0.17784810126582262, 0.851493670886076, 0.32215189873417716, 1.0], [0.31455696202531636, 0.8552911392405063, 0.4436708860759493, 0.9806075949367089]], "class": 2}