{"image": "7b480cd7-759a-11ee-8d03-fcb3bc5cd112.jpg", "bboxes": [[0.19669583739045793, 0.0, 0.4481645569620253, 0.062341772151898844], [0.7228481012658226, 0.0, 0.8671518987341772, 0.115506329113924], [0.8595569620253163, 0.0, 0.9886708860759493, 0.11170886075949371]], "class": 3}