{"image": "7bf615cb-6b43-11ee-bcc3-fcb3bc5cd112.jpg", "bboxes": [[0.0, 0.5819268292682926, 0.04280487804878064, 0.6465609756097561], [0.026951219512195146, 0.5782682926829268, 0.0915853658536585, 0.6331463414634146], [0.1684146341463414, 0.6111951219512195, 0.2367073170731706, 0.6624146341463415], [0.36109756097560963, 0.625829268292683, 0.40621951219512187, 0.6648536585365854], [0.4135365853658536, 0.6282682926829268, 0.4647560975609756, 0.6660731707317074], [0.5147560975609755, 0.6111951219512195, 0.5635365853658536, 0.6514390243902439], [0.5647560975609756, 0.6111951219512195, 0.5989024390243902, 0.6429024390243903]], "class": 7}