{"image": "7bf615cb-6b43-11ee-bcc3-fcb3bc5cd112.jpg", "bboxes": [[0.7493902439024389, 0.5123658536585367, 0.8176829268292681, 0.5806585365853658], [0.6810975609756097, 0.5160243902439025, 0.7506097560975609, 0.5794390243902439], [0.48719512195121933, 0.5599268292682926, 0.5676829268292681, 0.6245609756097561], [0.4384146341463415, 0.5562682926829269, 0.5030487804878049, 0.6111463414634146], [0.29329268292682936, 0.5891951219512195, 0.3615853658536586, 0.6404146341463415], [0.12378048780487813, 0.603829268292683, 0.16890243902439034, 0.6428536585365854], [0.06524390243902439, 0.6062682926829268, 0.11646341463414638, 0.6440731707317073], [0.0, 0.5891951219512195, 0.01524390243902451, 0.6294390243902439]], "class": 8}