{"image": "7bf615cb-6b43-11ee-bcc3-fcb3bc5cd112.jpg", "bboxes": [[0.6723902439024388, 0.5313658536585366, 0.7406829268292682, 0.5996585365853659], [0.6040975609756096, 0.5350243902439025, 0.6736097560975609, 0.5984390243902439], [0.4101951219512193, 0.5789268292682928, 0.4906829268292681, 0.6435609756097561], [0.36141463414634156, 0.5752682926829269, 0.4260487804878048, 0.6301463414634147], [0.21629268292682935, 0.6081951219512196, 0.28458536585365857, 0.6594146341463415], [0.04678048780487813, 0.622829268292683, 0.09190243902439034, 0.6618536585365854], [0.0, 0.6252682926829269, 0.039463414634146377, 0.6630731707317074]], "class": 7}