{"image": "7bf615cb-6b43-11ee-bcc3-fcb3bc5cd112.jpg", "bboxes": [[0.8501951219512194, 0.3904390243902439, 0.9306829268292681, 0.45507317073170733], [0.8014146341463415, 0.40385365853658534, 0.8660487804878049, 0.45873170731707313], [0.6562926829268293, 0.37458536585365854, 0.7245853658536586, 0.4258048780487804], [0.48678048780487815, 0.37214634146341463, 0.5319024390243904, 0.411170731707317], [0.4282439024390244, 0.3709268292682926, 0.4794634146341464, 0.40873170731707315], [0.32946341463414636, 0.3855609756097561, 0.3782439024390245, 0.4258048780487804], [0.2940975609756098, 0.3940975609756097, 0.3282439024390245, 0.4258048780487804]], "class": 7}