{"image": "7bf615cb-6b43-11ee-bcc3-fcb3bc5cd112.jpg", "bboxes": [[0.0893170731707319, 0.36034146341463413, 0.15760975609756112, 0.42863414634146335], [0.15639024390243916, 0.3615609756097561, 0.22590243902439033, 0.42497560975609755], [0.3393170731707319, 0.3164390243902439, 0.41980487804878064, 0.3810731707317073], [0.40395121951219515, 0.3298536585365853, 0.4685853658536585, 0.3847317073170731], [0.5454146341463415, 0.3005853658536585, 0.6137073170731706, 0.3518048780487804], [0.7380975609756097, 0.2981463414634146, 0.7832195121951219, 0.337170731707317], [0.7905365853658537, 0.2969268292682926, 0.8417560975609756, 0.33473170731707313], [0.8917560975609755, 0.3115609756097561, 0.9405365853658536, 0.3518048780487804], [0.9417560975609754, 0.3200975609756097, 0.9759024390243902, 0.3518048780487804]], "class": 9}