{"image": "7bf615cb-6b43-11ee-bcc3-fcb3bc5cd112.jpg", "bboxes": [[0.9663658536585364, 0.4058644986449863, 1.0, 0.5118048780487805], [0.4553902439024389, 0.5093658536585366, 0.5236829268292681, 0.5776585365853659], [0.38709756097560966, 0.5130243902439025, 0.4566097560975609, 0.576439024390244], [0.19319512195121932, 0.5569268292682927, 0.27368292682926815, 0.6215609756097561], [0.14441463414634154, 0.5532682926829269, 0.20904878048780484, 0.6081463414634147], [0.0, 0.5861951219512196, 0.06758536585365857, 0.6374146341463415]], "class": 6}