{"image": "7bf615cb-6b43-11ee-bcc3-fcb3bc5cd112.jpg", "bboxes": [[0.4363170731707319, 0.3793414634146341, 0.5046097560975611, 0.44763414634146337], [0.5033902439024391, 0.3805609756097561, 0.5729024390243903, 0.4439756097560975], [0.6863170731707319, 0.3354390243902439, 0.7668048780487806, 0.4000731707317073], [0.7509512195121952, 0.34885365853658534, 0.8155853658536585, 0.40373170731707314], [0.8924146341463415, 0.31958536585365854, 0.9607073170731707, 0.37080487804878043]], "class": 5}