{"image": "7bf615cb-6b43-11ee-bcc3-fcb3bc5cd112.jpg", "bboxes": [[0.6243902439024389, 0.5703658536585366, 0.6926829268292681, 0.6386585365853659], [0.5560975609756097, 0.5740243902439024, 0.6256097560975609, 0.6374390243902439], [0.36219512195121933, 0.6179268292682927, 0.44268292682926813, 0.6825609756097561], [0.3134146341463415, 0.6142682926829268, 0.3780487804878048, 0.6691463414634147], [0.16829268292682933, 0.6471951219512195, 0.23658536585365858, 0.6984146341463415], [0.0, 0.661829268292683, 0.04390243902439033, 0.7008536585365854]], "class": 6}