{"image": "7bf615cb-6b43-11ee-bcc3-fcb3bc5cd112.jpg", "bboxes": [[0.7143902439024389, 0.3963414634146341, 0.7826829268292681, 0.4646341463414633], [0.6460975609756097, 0.3975609756097561, 0.7156097560975608, 0.4609756097560975], [0.45219512195121936, 0.3524390243902439, 0.5326829268292681, 0.4170731707317073], [0.40341463414634154, 0.3658536585365853, 0.46804878048780485, 0.42073170731707316], [0.25829268292682933, 0.3365853658536585, 0.32658536585365855, 0.38780487804878044], [0.08878048780487814, 0.3341463414634146, 0.13390243902439034, 0.37317073170731696], [0.030243902439024396, 0.33292682926829265, 0.08146341463414637, 0.3707317073170731]], "class": 7}