{"image": "7bf615cb-6b43-11ee-bcc3-fcb3bc5cd112.jpg", "bboxes": [[0.9033658536585365, 0.45919512195121953, 1.0, 0.5651355013550138], [0.3923902439024389, 0.3933414634146341, 0.46068292682926815, 0.4616341463414633], [0.32409756097560966, 0.3945609756097561, 0.3936097560975609, 0.4579756097560975], [0.13019512195121932, 0.3494390243902439, 0.21068292682926812, 0.4140731707317073], [0.08141463414634154, 0.36285365853658536, 0.14604878048780484, 0.41773170731707315], [0.0, 0.3335853658536585, 0.004585365853658573, 0.38480487804878044]], "class": 6}