{"image": "7bf615cb-6b43-11ee-bcc3-fcb3bc5cd112.jpg", "bboxes": [[0.9944146341463416, 0.6162682926829268, 1.0, 0.6711463414634147], [0.8492926829268294, 0.6491951219512195, 0.9175853658536586, 0.7004146341463415], [0.6797804878048781, 0.663829268292683, 0.7249024390243903, 0.7028536585365854], [0.6212439024390244, 0.6662682926829269, 0.6724634146341464, 0.7040731707317074], [0.5224634146341464, 0.6491951219512195, 0.5712439024390246, 0.689439024390244], [0.4870975609756098, 0.6491951219512195, 0.5212439024390245, 0.6809024390243903]], "class": 6}