{"image": "7bf615cb-6b43-11ee-bcc3-fcb3bc5cd112.jpg", "bboxes": [[0.8791951219512193, 0.3354390243902439, 0.9596829268292681, 0.4000731707317073], [0.8304146341463415, 0.34885365853658534, 0.8950487804878048, 0.40373170731707314], [0.6852926829268293, 0.31958536585365854, 0.7535853658536585, 0.37080487804878043], [0.5157804878048782, 0.31714634146341464, 0.5609024390243903, 0.356170731707317], [0.4572439024390244, 0.31592682926829263, 0.5084634146341463, 0.35373170731707315], [0.3584634146341464, 0.3305609756097561, 0.40724390243902453, 0.37080487804878043], [0.32309756097560977, 0.3390975609756097, 0.3572439024390245, 0.37080487804878043]], "class": 7}