{"image": "7d5ee743-759c-11ee-ba2e-fcb3bc5cd112.jpg", "bboxes": [[0.40101265822784804, 0.18525316455696206, 0.47949367088607586, 0.26246835443037986], [0.4693670886075948, 0.17639240506329112, 0.5326582278481011, 0.2574050632911393], [0.0, 0.3738607594936709, 0.027594936708860596, 0.41310126582278484]], "class": 3}