{"image": "7d5ee743-759c-11ee-ba2e-fcb3bc5cd112.jpg", "bboxes": [[0.09650632911392415, 0.20925316455696197, 0.17498734177215192, 0.28646835443037977], [0.04334177215189879, 0.20039240506329115, 0.10663291139240516, 0.28140506329113935], [0.9458734177215192, 0.24216455696202532, 1.0, 0.3345696202531645], [0.5863797468354432, 0.3915316455696203, 0.6332151898734177, 0.44089873417721526], [0.5484050632911394, 0.39786075949367095, 0.5901772151898735, 0.43710126582278486], [0.8471392405063293, 0.4345696202531646, 0.8800506329113925, 0.4750759493670885], [0.8876455696202533, 0.44849367088607595, 0.9256202531645572, 0.48267088607594943]], "class": 7}