{"image": "7d5ee743-759c-11ee-ba2e-fcb3bc5cd112.jpg", "bboxes": [[0.5880126582278481, 0.7175316455696202, 0.6664936708860758, 0.794746835443038], [0.6563670886075949, 0.7225949367088607, 0.7196582278481012, 0.8036075949367089], [0.12978481012658216, 0.5631012658227847, 0.17662025316455676, 0.6124683544303797], [0.17282278481012647, 0.5668987341772151, 0.21459493670886054, 0.6061392405063291]], "class": 4}