{"image": "7d5ee743-759c-11ee-ba2e-fcb3bc5cd112.jpg", "bboxes": [[0.8442531645569622, 0.5145189873417721, 0.8885569620253165, 0.5676835443037975], [0.7999493670886076, 0.5119873417721519, 0.8467848101265825, 0.5651518987341771], [0.7999493670886076, 0.6499620253164556, 0.8771645569620254, 0.7385696202531645], [0.7138734177215192, 0.6474303797468355, 0.8062784810126584, 0.7398354430379747], [0.35437974683544327, 0.5411012658227847, 0.4012151898734178, 0.5904683544303797], [0.31640506329113943, 0.5448987341772151, 0.35817721518987355, 0.584139240506329], [0.6151392405063293, 0.5069240506329116, 0.6480506329113925, 0.5474303797468355], [0.6556455696202533, 0.4993291139240506, 0.6936202531645572, 0.533506329113924]], "class": 8}