{"image": "7d5ee743-759c-11ee-ba2e-fcb3bc5cd112.jpg", "bboxes": [[0.13144303797468337, 0.4875189873417721, 0.1757468354430377, 0.5406835443037975], [0.17321518987341755, 0.4849873417721519, 0.22005063291139226, 0.5381518987341771], [0.14283544303797457, 0.6229620253164556, 0.22005063291139226, 0.7115696202531645], [0.2137215189873416, 0.6204303797468355, 0.3061265822784808, 0.7128354430379746], [0.6187848101265823, 0.5141012658227847, 0.6656202531645568, 0.5634683544303797], [0.6618227848101265, 0.5178987341772151, 0.7035949367088605, 0.5571392405063291], [0.3719493670886075, 0.47992405063291155, 0.40486075949367073, 0.5204303797468355], [0.3263797468354428, 0.4723291139240506, 0.3643544303797467, 0.506506329113924]], "class": 8}