{"image": "7d5ee743-759c-11ee-ba2e-fcb3bc5cd112.jpg", "bboxes": [[0.0, 0.7025316455696202, 0.07798734177215193, 0.779746835443038], [0.0, 0.7075949367088608, 0.009632911392405163, 0.7886075949367088], [0.9792531645569622, 0.5215189873417722, 1.0, 0.5746835443037974], [0.9349493670886077, 0.5189873417721519, 0.9817848101265825, 0.5721518987341772], [0.9349493670886077, 0.6569620253164556, 1.0, 0.7455696202531645], [0.8488734177215193, 0.6544303797468355, 0.9412784810126584, 0.7468354430379747], [0.4893797468354433, 0.5481012658227847, 0.5362151898734178, 0.5974683544303797], [0.4514050632911394, 0.5518987341772151, 0.49317721518987356, 0.591139240506329], [0.7501392405063293, 0.5139240506329116, 0.7830506329113925, 0.5544303797468355], [0.7906455696202533, 0.5063291139240506, 0.8286202531645572, 0.540506329113924]], "class": 10}