{"image": "7d5ee743-759c-11ee-ba2e-fcb3bc5cd112.jpg", "bboxes": [[0.3510126582278481, 0.7375316455696201, 0.4294936708860758, 0.8147468354430379], [0.41936708860759486, 0.7425949367088607, 0.4826582278481012, 0.8236075949367089]], "class": 2}