{"image": "7d5ee743-759c-11ee-ba2e-fcb3bc5cd112.jpg", "bboxes": [[0.8030126582278481, 0.20225316455696207, 0.8814936708860759, 0.27946835443037976], [0.8713670886075948, 0.19339240506329114, 0.9346582278481013, 0.27440506329113934], [0.0, 0.23516455696202532, 0.03212658227848075, 0.3275696202531645], [0.34478481012658224, 0.3845316455696203, 0.39162025316455673, 0.43389873417721525], [0.38782278481012644, 0.39086075949367094, 0.4295949367088606, 0.43010126582278485], [0.09794936708860746, 0.4275696202531646, 0.1308607594936707, 0.4680759493670885], [0.052379746835442775, 0.44149367088607594, 0.09035443037974666, 0.47567088607594943]], "class": 7}