{"image": "7db1acf0-759a-11ee-9d22-fcb3bc5cd112.jpg", "bboxes": [[0.4789493670886076, 0.8386582278481012, 0.6511012658227847, 0.9943544303797469], [0.6447721518987342, 0.826, 0.8308481012658228, 0.9994177215189872]], "class": 2}