{"image": "7db1acf0-759a-11ee-9d22-fcb3bc5cd112.jpg", "bboxes": [[0.4929493670886076, 0.015645569620253097, 0.6651012658227847, 0.17134177215189883], [0.6587721518987342, 0.010582278481012786, 0.8448481012658227, 0.18400000000000005]], "class": 2}