{"image": "7db1acf0-759a-11ee-9d22-fcb3bc5cd112.jpg", "bboxes": [[0.4869493670886076, 0.0, 0.6591012658227847, 0.1483417721518988], [0.6527721518987342, 0.0, 0.8388481012658227, 0.16100000000000003]], "class": 2}