{"image": "7db1acf0-759a-11ee-9d22-fcb3bc5cd112.jpg", "bboxes": [[0.5569493670886076, 0.8326582278481012, 0.7291012658227847, 0.9883544303797469], [0.7227721518987341, 0.82, 0.9088481012658227, 0.9934177215189872]], "class": 2}