{"image": "7db1acf0-759a-11ee-9d22-fcb3bc5cd112.jpg", "bboxes": [[0.38689873417721526, 0.014645569620253096, 0.5590506329113925, 0.17034177215189883], [0.20715189873417728, 0.009582278481012785, 0.3932278481012659, 0.18300000000000005]], "class": 2}