{"image": "7db1acf0-759a-11ee-9d22-fcb3bc5cd112.jpg", "bboxes": [[0.6449493670886075, 0.03964556962025312, 0.8171012658227848, 0.19534177215189874], [0.8107721518987341, 0.034582278481012696, 0.9968481012658227, 0.20799999999999996]], "class": 2}