{"image": "7db1acf0-759a-11ee-9d22-fcb3bc5cd112.jpg", "bboxes": [[0.4089493670886075, 0.036645569620253116, 0.5811012658227848, 0.19234177215189885], [0.5747721518987341, 0.03158227848101269, 0.7608481012658227, 0.20499999999999996]], "class": 2}