{"image": "7db1acf0-759a-11ee-9d22-fcb3bc5cd112.jpg", "bboxes": [[0.5128987341772152, 0.04964556962025313, 0.6850506329113925, 0.20534177215189875], [0.3331518987341773, 0.044582278481012705, 0.5192278481012659, 0.21799999999999997]], "class": 2}