{"image": "7f8c45b7-6b43-11ee-b6f7-fcb3bc5cd112.jpg", "bboxes": [[0.684048780487805, 0.4041219512195122, 0.7450243902439023, 0.45899999999999996], [0.7425853658536585, 0.4102195121951219, 0.803560975609756, 0.45899999999999996], [0.9352682926829268, 0.4102195121951219, 0.9999024390243902, 0.45412195121951215], [0.9999024390243902, 0.4163170731707317, 1.0, 0.46753658536585363], [0.9084390243902438, 0.3992439024390244, 0.9535609756097561, 0.433390243902439]], "class": 5}