{"image": "7f8c45b7-6b43-11ee-b6f7-fcb3bc5cd112.jpg", "bboxes": [[0.3840487804878051, 0.4231219512195122, 0.4450243902439023, 0.4779999999999999], [0.4425853658536585, 0.42921951219512194, 0.5035609756097561, 0.4779999999999999], [0.6352682926829268, 0.42921951219512194, 0.6999024390243902, 0.4731219512195121], [0.6999024390243902, 0.4353170731707317, 0.7584390243902439, 0.48653658536585365], [0.6084390243902438, 0.4182439024390244, 0.653560975609756, 0.45239024390243904], [0.9962439024390244, 0.4999512195121952, 1.0, 0.552390243902439]], "class": 6}