{"image": "7f8c45b7-6b43-11ee-b6f7-fcb3bc5cd112.jpg", "bboxes": [[0.9229756097560977, 0.3891219512195122, 0.9839512195121949, 0.44399999999999995], [0.864439024390244, 0.3952195121951219, 0.9254146341463415, 0.44399999999999995], [0.6680975609756098, 0.3952195121951219, 0.7327317073170732, 0.43912195121951214], [0.6095609756097562, 0.40131707317073173, 0.6680975609756098, 0.4525365853658536], [0.714439024390244, 0.3842439024390244, 0.7595609756097561, 0.418390243902439], [0.32297560975609757, 0.46595121951219515, 0.3717560975609756, 0.518390243902439], [0.26809756097560977, 0.46351219512195113, 0.32053658536585367, 0.519609756097561]], "class": 7}