{"image": "7f8c45b7-6b43-11ee-b6f7-fcb3bc5cd112.jpg", "bboxes": [[0.2419756097560977, 0.3821219512195122, 0.30295121951219495, 0.43699999999999994], [0.18343902439024395, 0.3882195121951219, 0.24441463414634154, 0.43699999999999994], [0.0, 0.3882195121951219, 0.05173170731707319, 0.43212195121951213], [0.03343902439024396, 0.3772439024390244, 0.07856097560975615, 0.411390243902439]], "class": 4}