{"image": "7f8c45b7-6b43-11ee-b6f7-fcb3bc5cd112.jpg", "bboxes": [[0.5900487804878051, 0.4121219512195122, 0.6510243902439024, 0.46699999999999997], [0.6485853658536584, 0.41821951219512193, 0.7095609756097561, 0.46699999999999997], [0.8412682926829268, 0.41821951219512193, 0.9059024390243902, 0.46212195121951216], [0.9059024390243902, 0.4243170731707317, 0.9644390243902439, 0.47553658536585364], [0.8144390243902438, 0.4072439024390244, 0.859560975609756, 0.44139024390243903]], "class": 5}