{"image": "7f8c45b7-6b43-11ee-b6f7-fcb3bc5cd112.jpg", "bboxes": [[0.14304878048780512, 0.4231219512195122, 0.2040243902439023, 0.4779999999999999], [0.2015853658536585, 0.42921951219512194, 0.262560975609756, 0.4779999999999999], [0.39426829268292685, 0.42921951219512194, 0.4589024390243902, 0.4731219512195121], [0.4589024390243902, 0.4353170731707317, 0.5174390243902438, 0.48653658536585365], [0.3674390243902439, 0.4182439024390244, 0.412560975609756, 0.45239024390243904], [0.7552439024390244, 0.4999512195121952, 0.8040243902439024, 0.552390243902439], [0.8064634146341463, 0.49751219512195116, 0.8589024390243902, 0.553609756097561]], "class": 7}