{"image": "7f8c45b7-6b43-11ee-b6f7-fcb3bc5cd112.jpg", "bboxes": [[0.0, 0.5850000000000001, 0.019024390243902345, 0.6398780487804878], [0.01658536585365844, 0.5850000000000001, 0.07756097560975606, 0.6337804878048781], [0.2092682926829268, 0.5898780487804879, 0.27390243902439027, 0.6337804878048781], [0.27390243902439027, 0.5764634146341463, 0.33243902439024386, 0.6276829268292683], [0.18243902439024384, 0.610609756097561, 0.22756097560975608, 0.6447560975609756], [0.5702439024390245, 0.510609756097561, 0.6190243902439024, 0.5630487804878048], [0.6214634146341463, 0.509390243902439, 0.6739024390243902, 0.5654878048780488]], "class": 7}