{"image": "7f8c45b7-6b43-11ee-b6f7-fcb3bc5cd112.jpg", "bboxes": [[0.5309756097560977, 0.5860000000000001, 0.591951219512195, 0.6408780487804878], [0.47243902439024393, 0.5860000000000001, 0.5334146341463415, 0.6347804878048781], [0.2760975609756098, 0.5908780487804879, 0.3407317073170732, 0.6347804878048781], [0.21756097560975615, 0.5774634146341464, 0.2760975609756098, 0.6286829268292683], [0.32243902439024397, 0.611609756097561, 0.36756097560975615, 0.6457560975609756]], "class": 5}