{"image": "7f8c45b7-6b43-11ee-b6f7-fcb3bc5cd112.jpg", "bboxes": [[0.23204878048780508, 0.5770000000000001, 0.29302439024390226, 0.6318780487804878], [0.29058536585365846, 0.5770000000000001, 0.3515609756097561, 0.625780487804878], [0.4832682926829268, 0.5818780487804879, 0.5479024390243903, 0.625780487804878], [0.5479024390243903, 0.5684634146341464, 0.6064390243902438, 0.6196829268292683], [0.45643902439024386, 0.602609756097561, 0.5015609756097561, 0.6367560975609756], [0.8442439024390244, 0.502609756097561, 0.8930243902439025, 0.5550487804878048], [0.8954634146341464, 0.501390243902439, 0.9479024390243902, 0.5574878048780488]], "class": 7}