{"image": "7f8c45b7-6b43-11ee-b6f7-fcb3bc5cd112.jpg", "bboxes": [[0.2540487804878051, 0.3711219512195122, 0.3150243902439023, 0.42599999999999993], [0.3125853658536585, 0.3772195121951219, 0.3735609756097561, 0.42599999999999993], [0.5052682926829268, 0.3772195121951219, 0.5699024390243902, 0.4211219512195121], [0.5699024390243902, 0.3833170731707317, 0.6284390243902438, 0.4345365853658536], [0.4784390243902439, 0.3662439024390244, 0.5235609756097561, 0.400390243902439], [0.8662439024390244, 0.4479512195121952, 0.9150243902439024, 0.500390243902439], [0.9174634146341463, 0.44551219512195117, 0.9699024390243902, 0.501609756097561]], "class": 7}