{"image": "7f8c45b7-6b43-11ee-b6f7-fcb3bc5cd112.jpg", "bboxes": [[0.31097560975609767, 0.555, 0.37195121951219495, 0.6098780487804878], [0.25243902439024396, 0.555, 0.3134146341463415, 0.603780487804878], [0.05609756097560978, 0.5598780487804879, 0.12073170731707318, 0.603780487804878], [0.0, 0.5464634146341464, 0.05609756097560978, 0.5976829268292683], [0.10243902439024395, 0.5806097560975609, 0.14756097560975615, 0.6147560975609756]], "class": 5}