{"image": "7f8c45b7-6b43-11ee-b6f7-fcb3bc5cd112.jpg", "bboxes": [[0.2039756097560977, 0.5130000000000001, 0.2649512195121949, 0.5678780487804878], [0.14543902439024395, 0.5130000000000001, 0.20641463414634154, 0.5617804878048781], [0.0, 0.5178780487804879, 0.013731707317073188, 0.5617804878048781], [0.0, 0.538609756097561, 0.040560975609756154, 0.5727560975609756]], "class": 4}