{"image": "801b8890-759a-11ee-adc0-fcb3bc5cd112.jpg", "bboxes": [[0.09943037974683544, 0.15901265822784805, 0.22348101265822773, 0.32483544303797474]], "class": 1}