{"image": "801b8890-759a-11ee-adc0-fcb3bc5cd112.jpg", "bboxes": [[0.4304303797468354, 0.14701265822784804, 0.5544810126582278, 0.3128354430379747]], "class": 1}