{"image": "801b8890-759a-11ee-adc0-fcb3bc5cd112.jpg", "bboxes": [[0.4084303797468355, 0.6201645569620252, 0.5324810126582278, 0.7859873417721519]], "class": 1}