{"image": "801b8890-759a-11ee-adc0-fcb3bc5cd112.jpg", "bboxes": [[0.8884303797468355, 0.19701265822784808, 1.0, 0.36283544303797477]], "class": 1}