{"image": "8074a2ef-6b42-11ee-8f2f-fcb3bc5cd112.jpg", "bboxes": [[0.6349756097560977, 0.32780487804878045, 0.7727804878048781, 0.4741463414634145]], "class": 1}