{"image": "8074a2ef-6b42-11ee-8f2f-fcb3bc5cd112.jpg", "bboxes": [[0.1589756097560977, 0.35680487804878047, 0.29678048780487803, 0.5031463414634145]], "class": 1}