{"image": "8074a2ef-6b42-11ee-8f2f-fcb3bc5cd112.jpg", "bboxes": [[0.26521951219512196, 0.4988536585365855, 0.40302439024390235, 0.6451951219512195]], "class": 1}