{"image": "8074a2ef-6b42-11ee-8f2f-fcb3bc5cd112.jpg", "bboxes": [[0.4529756097560977, 0.3668048780487805, 0.590780487804878, 0.5131463414634145]], "class": 1}