{"image": "8074a2ef-6b42-11ee-8f2f-fcb3bc5cd112.jpg", "bboxes": [[0.5922195121951219, 0.3588048780487805, 0.7300243902439023, 0.5051463414634145]], "class": 1}