{"image": "8074a2ef-6b42-11ee-8f2f-fcb3bc5cd112.jpg", "bboxes": [[0.08597560975609769, 0.32780487804878045, 0.22378048780487803, 0.4741463414634145]], "class": 1}