{"image": "8074a2ef-6b42-11ee-8f2f-fcb3bc5cd112.jpg", "bboxes": [[0.27321951219512197, 0.35280487804878047, 0.41102439024390225, 0.4991463414634145]], "class": 1}