{"image": "8074a2ef-6b42-11ee-8f2f-fcb3bc5cd112.jpg", "bboxes": [[0.12021951219512195, 0.3008048780487804, 0.25802439024390234, 0.4471463414634145]], "class": 1}