{"image": "8074a2ef-6b42-11ee-8f2f-fcb3bc5cd112.jpg", "bboxes": [[0.039219512195121986, 0.34980487804878047, 0.17702439024390226, 0.4961463414634145]], "class": 1}