{"image": "8074a2ef-6b42-11ee-8f2f-fcb3bc5cd112.jpg", "bboxes": [[0.9519756097560977, 0.5428536585365855, 1.0, 0.6891951219512196]], "class": 1}