{"image": "80971ce1-759c-11ee-acc6-fcb3bc5cd112.jpg", "bboxes": [[0.06925316455696207, 0.368, 0.1565949367088606, 0.43635443037974686], [0.4249493670886074, 0.578126582278481, 0.4869746835443036, 0.637620253164557], [0.4971012658227846, 0.5819240506329114, 0.5477341772151897, 0.6363544303797468], [0.7869746835443037, 0.49837974683544306, 0.8477341772151898, 0.5540759493670887], [0.838873417721519, 0.4895189873417721, 0.9021645569620252, 0.5553417721518987]], "class": 5}