{"image": "80971ce1-759c-11ee-acc6-fcb3bc5cd112.jpg", "bboxes": [[0.7162658227848102, 0.554379746835443, 0.7770253164556964, 0.6100759493670886], [0.6618354430379747, 0.5455189873417721, 0.725126582278481, 0.6113417721518988]], "class": 2}