{"image": "80971ce1-759c-11ee-acc6-fcb3bc5cd112.jpg", "bboxes": [[0.8582658227848102, 0.522379746835443, 0.9190253164556964, 0.5780759493670886], [0.8038354430379747, 0.513518987341772, 0.867126582278481, 0.5793417721518987]], "class": 2}