{"image": "80971ce1-759c-11ee-acc6-fcb3bc5cd112.jpg", "bboxes": [[0.02394936708860751, 0.312379746835443, 0.0859746835443036, 0.371873417721519], [0.09610126582278467, 0.3136455696202532, 0.14673417721518967, 0.3680759493670886], [0.38597468354430364, 0.3959240506329113, 0.4467341772151898, 0.45162025316455695], [0.437873417721519, 0.3946582278481013, 0.5011645569620252, 0.4604810126582279]], "class": 4}