{"image": "823f011b-759c-11ee-8689-fcb3bc5cd112.jpg", "bboxes": [[0.08715189873417717, 0.6249240506329115, 0.1314556962025315, 0.670493670886076], [0.13018987341772137, 0.6198607594936709, 0.18335443037974664, 0.670493670886076], [0.25677215189873415, 0.6654303797468355, 0.2972784810126582, 0.7034050632911393], [0.2934810126582277, 0.671759493670886, 0.3327215189873416, 0.7046708860759494], [0.4213291139240505, 0.6666962025316456, 0.4529746835443036, 0.7059367088607595], [0.4542405063291137, 0.6666962025316456, 0.4770253164556961, 0.7046708860759494], [0.80625, 0.6927708333333333, 0.8302083333333332, 0.7219375], [0.8302083333333332, 0.6917291666666667, 0.85, 0.7229791666666666], [0.5875, 0.7125625, 0.6125, 0.7427708333333334], [0.6104166666666667, 0.7146458333333332, 0.6364583333333332, 0.7469375]], "class": 10}