{"image": "823f011b-759c-11ee-8689-fcb3bc5cd112.jpg", "bboxes": [[0.6517916666666668, 0.7207708333333334, 0.67575, 0.7499374999999999], [0.632, 0.7197291666666668, 0.6517916666666668, 0.7509791666666666], [0.8695, 0.7405625, 0.8945, 0.7707708333333333], [0.8455416666666667, 0.7426458333333332, 0.8715833333333333, 0.7749375000000001]], "class": 4}