{"image": "823f011b-759c-11ee-8689-fcb3bc5cd112.jpg", "bboxes": [[0.9879746835443038, 0.2813291139240506, 1.0, 0.31930379746835447], [0.6347916666666668, 0.2640625, 0.65875, 0.2932291666666667], [0.615, 0.26302083333333337, 0.6347916666666668, 0.2942708333333333], [0.8525, 0.2432291666666667, 0.8775, 0.2734375], [0.8285416666666667, 0.2390625, 0.8545833333333333, 0.27135416666666673]], "class": 5}