{"image": "823f011b-759c-11ee-8689-fcb3bc5cd112.jpg", "bboxes": [[0.9606455696202534, 0.5838607594936709, 1.0, 0.634493670886076], [0.8467215189873418, 0.6294303797468355, 0.8872278481012659, 0.6674050632911392], [0.8112784810126584, 0.6357594936708861, 0.8505189873417723, 0.6686708860759494], [0.6910253164556964, 0.6306962025316456, 0.7226708860759495, 0.6699367088607595], [0.6669746835443039, 0.6306962025316456, 0.6897594936708863, 0.6686708860759494], [0.31379166666666675, 0.6567708333333333, 0.33775, 0.6859375], [0.294, 0.6557291666666667, 0.31379166666666675, 0.6869791666666667], [0.5315, 0.6765625, 0.5565, 0.7067708333333333], [0.5075416666666668, 0.6786458333333333, 0.5335833333333333, 0.7109375]], "class": 9}