{"image": "828c8da1-759a-11ee-9efe-fcb3bc5cd112.jpg", "bboxes": [[0.5368354430379747, 0.6490253164556962, 0.6672151898734178, 0.7895316455696202], [0.419113924050633, 0.6591518987341771, 0.5469620253164558, 0.797126582278481], [0.8001265822784812, 0.4186455696202532, 0.8608860759493673, 0.4945949367088607], [0.7292405063291142, 0.4123164556962025, 0.8039240506329115, 0.4756075949367089]], "class": 4}