{"image": "828c8da1-759a-11ee-9efe-fcb3bc5cd112.jpg", "bboxes": [[0.35383544303797476, 0.6880253164556962, 0.4842151898734178, 0.8285316455696202], [0.23611392405063306, 0.6981518987341772, 0.3639620253164558, 0.836126582278481], [0.6171265822784813, 0.45764556962025316, 0.6778860759493673, 0.5335949367088607], [0.5462405063291141, 0.45131645569620255, 0.6209240506329116, 0.5146075949367089]], "class": 4}