{"image": "828c8da1-759a-11ee-9efe-fcb3bc5cd112.jpg", "bboxes": [[0.6317848101265822, 0.6870253164556962, 0.7621645569620252, 0.8275316455696202], [0.7520379746835443, 0.6971518987341772, 0.879886075949367, 0.835126582278481], [0.43811392405063265, 0.4566455696202532, 0.4988734177215187, 0.5325949367088607], [0.49507594936708843, 0.45031645569620254, 0.5697594936708859, 0.5136075949367089]], "class": 4}