{"image": "828c8da1-759a-11ee-9efe-fcb3bc5cd112.jpg", "bboxes": [[0.0, 0.22146835443037982, 0.041164556962025256, 0.36197468354430384], [0.03103797468354419, 0.21387341772151902, 0.158886075949367, 0.3518481012658229]], "class": 2}