{"image": "828c8da1-759a-11ee-9efe-fcb3bc5cd112.jpg", "bboxes": [[0.9898354430379748, 0.21546835443037982, 1.0, 0.35597468354430384], [0.872113924050633, 0.20787341772151902, 0.9999620253164557, 0.3458481012658229]], "class": 2}