{"image": "828c8da1-759a-11ee-9efe-fcb3bc5cd112.jpg", "bboxes": [[0.3957848101265822, 0.6860253164556962, 0.5261645569620252, 0.8265316455696202], [0.5160379746835442, 0.6961518987341772, 0.643886075949367, 0.834126582278481], [0.20211392405063267, 0.4556455696202532, 0.26287341772151873, 0.5315949367088607], [0.25907594936708844, 0.44931645569620254, 0.33375949367088587, 0.5126075949367089]], "class": 4}