{"image": "828c8da1-759a-11ee-9efe-fcb3bc5cd112.jpg", "bboxes": [[0.47483544303797476, 0.6470253164556962, 0.6052151898734178, 0.7875316455696202], [0.357113924050633, 0.6571518987341771, 0.48496202531645577, 0.795126582278481], [0.7381265822784813, 0.4166455696202532, 0.7988860759493673, 0.4925949367088607], [0.6672405063291141, 0.4103164556962025, 0.7419240506329116, 0.4736075949367089]], "class": 4}