{"image": "8332f35c-6b43-11ee-9cf1-fcb3bc5cd112.jpg", "bboxes": [[0.7558780487804878, 0.7316829268292684, 0.9388048780487804, 0.9304634146341464], [0.9302682926829268, 0.7329024390243902, 1.0, 0.9353414634146342]], "class": 2}