{"image": "8332f35c-6b43-11ee-9cf1-fcb3bc5cd112.jpg", "bboxes": [[0.0, 0.6646829268292683, 0.0431219512195122, 0.8634634146341463]], "class": 1}