{"image": "8332f35c-6b43-11ee-9cf1-fcb3bc5cd112.jpg", "bboxes": [[0.6521951219512195, 0.12053658536585365, 0.8351219512195122, 0.31931707317073166], [0.46317073170731715, 0.11565853658536585, 0.6607317073170732, 0.3180975609756098]], "class": 2}