{"image": "8332f35c-6b43-11ee-9cf1-fcb3bc5cd112.jpg", "bboxes": [[0.5198780487804878, 0.14453658536585368, 0.7028048780487804, 0.3433170731707317], [0.6942682926829269, 0.13965853658536587, 0.8918292682926828, 0.3420975609756097]], "class": 2}