{"image": "8332f35c-6b43-11ee-9cf1-fcb3bc5cd112.jpg", "bboxes": [[0.41519512195121955, 0.6596829268292683, 0.5981219512195122, 0.8584634146341463], [0.22617073170731714, 0.6609024390243902, 0.4237317073170732, 0.8633414634146341]], "class": 2}