{"image": "8332f35c-6b43-11ee-9cf1-fcb3bc5cd112.jpg", "bboxes": [[0.5411951219512195, 0.6666829268292683, 0.7241219512195122, 0.8654634146341463], [0.35217073170731716, 0.6679024390243902, 0.5497317073170732, 0.8703414634146341]], "class": 2}