{"image": "8332f35c-6b43-11ee-9cf1-fcb3bc5cd112.jpg", "bboxes": [[0.5018780487804878, 0.14553658536585368, 0.6848048780487804, 0.3443170731707317], [0.6762682926829269, 0.14065853658536587, 0.8738292682926828, 0.34309756097560973]], "class": 2}