{"image": "8332f35c-6b43-11ee-9cf1-fcb3bc5cd112.jpg", "bboxes": [[0.2561951219512196, 0.6946829268292684, 0.4391219512195122, 0.8934634146341464], [0.06717073170731715, 0.6959024390243902, 0.2647317073170732, 0.8983414634146342]], "class": 2}