{"image": "8332f35c-6b43-11ee-9cf1-fcb3bc5cd112.jpg", "bboxes": [[0.8838780487804878, 0.11053658536585365, 1.0, 0.30931707317073165]], "class": 1}