{"image": "8332f35c-6b43-11ee-9cf1-fcb3bc5cd112.jpg", "bboxes": [[0.3448780487804878, 0.7096829268292684, 0.5278048780487805, 0.9084634146341464], [0.5192682926829268, 0.7109024390243902, 0.7168292682926829, 0.9133414634146342]], "class": 2}