{"image": "8332f35c-6b43-11ee-9cf1-fcb3bc5cd112.jpg", "bboxes": [[0.18719512195121957, 0.08053658536585362, 0.3701219512195122, 0.2793170731707316], [0.0, 0.07565853658536581, 0.19573170731707318, 0.2780975609756098]], "class": 2}