{"image": "83d415cf-759c-11ee-a0e2-fcb3bc5cd112.jpg", "bboxes": [[0.64926582278481, 0.32169620253164555, 0.6897721518987341, 0.3672658227848101], [0.6834430379746835, 0.32169620253164555, 0.7328101265822785, 0.3723291139240506], [0.003696202531645487, 0.5584050632911391, 0.12901265822784813, 0.6723291139240506], [0.0, 0.31536708860759494, 0.0049620253164555095, 0.3672658227848101], [0.24167088607594933, 0.28372151898734177, 0.2834430379746834, 0.33182278481012656], [0.28091139240506324, 0.2824556962025317, 0.31255696202531635, 0.32549367088607595], [0.5252151898734175, 0.2799240506329114, 0.5695189873417719, 0.33182278481012656], [0.5657215189873416, 0.2799240506329114, 0.6112911392405064, 0.3343544303797468], [0.908759493670886, 0.2989113924050632, 0.9442025316455696, 0.3368860759493671], [0.9404050632911392, 0.3027088607594937, 0.978379746835443, 0.34448101265822784], [0.32015189873417715, 0.21156962025316453, 0.35432911392405053, 0.2520759493670886]], "class": 11}