{"image": "83d415cf-759c-11ee-a0e2-fcb3bc5cd112.jpg", "bboxes": [[0.6532278481012659, 0.36869620253164553, 0.6937341772151899, 0.4142658227848101], [0.6101898734177215, 0.36869620253164553, 0.6595569620253164, 0.4193291139240506], [0.7734810126582281, 0.3269240506329114, 0.8177848101265824, 0.37882278481012654], [0.7317088607594936, 0.3269240506329114, 0.7772784810126584, 0.3813544303797468], [0.3987974683544304, 0.34591139240506324, 0.43424050632911393, 0.3838860759493671], [0.364620253164557, 0.3497088607594937, 0.4025949367088608, 0.3914810126582278], [0.9886708860759496, 0.25856962025316454, 1.0, 0.2990759493670886], [0.2798101265822785, 0.2965443037974684, 0.31398734177215193, 0.32818987341772154], [0.21778481012658232, 0.29527848101265824, 0.24183544303797475, 0.3256582278481013]], "class": 9}