{"image": "83d415cf-759c-11ee-a0e2-fcb3bc5cd112.jpg", "bboxes": [[0.2662278481012659, 0.5787341772151899, 0.3067341772151899, 0.6243037974683545], [0.2231898734177215, 0.5736708860759494, 0.2725569620253165, 0.6243037974683545], [0.9636962025316457, 0.28126582278481005, 1.0, 0.39265822784810134], [0.8269873417721519, 0.27367088607594936, 0.9523037974683546, 0.3875949367088608], [0.9978734177215192, 0.5724050632911393, 1.0, 0.6331645569620253], [0.9510379746835445, 0.5787341772151899, 1.0, 0.6306329113924051], [0.6725569620253166, 0.6141772151898734, 0.7143291139240507, 0.6622784810126583], [0.6434430379746836, 0.6205063291139241, 0.6750886075949368, 0.6635443037974683], [0.3864810126582281, 0.6141772151898734, 0.43078481012658243, 0.6660759493670886], [0.34470886075949364, 0.6116455696202532, 0.3902784810126584, 0.6660759493670886], [0.011797468354430407, 0.6091139240506329, 0.04724050632911394, 0.6470886075949367], [0.0, 0.6015189873417721, 0.015594936708860814, 0.6432911392405063], [0.6016708860759495, 0.6939240506329114, 0.6358481012658228, 0.7344303797468354]], "class": 13}