{"image": "83d415cf-759c-11ee-a0e2-fcb3bc5cd112.jpg", "bboxes": [[0.21622784810126586, 0.5877341772151898, 0.25673417721518993, 0.6333037974683544], [0.17318987341772152, 0.5826708860759494, 0.22255696202531647, 0.6333037974683544], [0.9136962025316456, 0.29026582278481006, 1.0, 0.40165822784810135], [0.7769873417721519, 0.28267088607594937, 0.9023037974683545, 0.3965949367088608], [0.9478734177215192, 0.5814050632911392, 1.0, 0.6421645569620253], [0.9010379746835444, 0.5877341772151898, 0.9605316455696205, 0.6396329113924051], [0.6225569620253166, 0.6231772151898735, 0.6643291139240507, 0.6712784810126582], [0.5934430379746837, 0.629506329113924, 0.6250886075949368, 0.6725443037974683], [0.3364810126582281, 0.6231772151898735, 0.38078481012658244, 0.6750759493670886], [0.29470886075949365, 0.6206455696202532, 0.3402784810126584, 0.6750759493670886], [0.5516708860759495, 0.7029240506329114, 0.5858481012658229, 0.7434303797468355]], "class": 11}