{"image": "83d415cf-759c-11ee-a0e2-fcb3bc5cd112.jpg", "bboxes": [[0.9782658227848101, 0.5697341772151899, 1.0, 0.6153037974683544], [0.20105063291139236, 0.27226582278481015, 0.32130379746835436, 0.38365822784810133], [0.33269620253164545, 0.26467088607594935, 0.4580126582278481, 0.3785949367088608], [0.2225696202531644, 0.5634050632911393, 0.28712658227848076, 0.6241645569620253], [0.27446835443037954, 0.5697341772151899, 0.3339620253164556, 0.6216329113924051], [0.5706708860759493, 0.6051772151898734, 0.6124430379746835, 0.6532784810126582], [0.6099113924050632, 0.611506329113924, 0.6415569620253163, 0.6545443037974683], [0.8542151898734176, 0.6051772151898734, 0.8985189873417719, 0.6570759493670886], [0.8947215189873416, 0.6026455696202532, 0.9402911392405063, 0.6570759493670886], [0.6491518987341771, 0.6849240506329114, 0.6833291139240505, 0.7254303797468354]], "class": 10}