{"image": "85361037-759e-11ee-9865-fcb3bc5cd112.jpg", "bboxes": [[0.8279240506329115, 0.045253164556962155, 0.9570379746835445, 0.2136075949367089], [0.6924810126582279, 0.04272151898734167, 0.8380506329113926, 0.22373417721518996], [0.9545063291139243, 0.6123417721518987, 1.0, 0.6617088607594936], [0.8975443037974685, 0.603481012658228, 0.953240506329114, 0.655379746835443], [0.7215949367088608, 0.6756329113924051, 0.7545063291139242, 0.704746835443038], [0.6810886075949367, 0.6528481012658227, 0.7190632911392406, 0.6857594936708861], [0.6519746835443039, 0.6490506329113924, 0.6886835443037976, 0.6844936708860759], [0.34691139240506347, 0.6363924050632912, 0.38235443037974687, 0.6731012658227848], [0.3114683544303797, 0.6351265822784811, 0.35197468354430383, 0.6756329113924051], [0.2228607594936709, 0.5503164556962026, 0.2722278481012659, 0.5984177215189874], [0.18362025316455696, 0.5503164556962026, 0.23045569620253173, 0.6022151898734177], [0.5038734177215192, 0.6882911392405063, 0.5279240506329115, 0.7186708860759494], [0.47475949367088627, 0.6857594936708861, 0.5064050632911394, 0.725], [0.6013417721518988, 0.6908227848101265, 0.6279240506329116, 0.7224683544303798], [0.12665822784810132, 0.6389240506329115, 0.15577215189873425, 0.6781645569620254], [0.1051392405063292, 0.643987341772152, 0.13045569620253172, 0.6794303797468355], [0.00387341772151899, 0.6427215189873418, 0.039316455696202526, 0.6756329113924051], [0.0, 0.6427215189873418, 0.007670886075949397, 0.674367088607595], [0.2608354430379746, 0.6857594936708861, 0.2899493670886077, 0.7110759493670886], [0.03805063291139243, 0.6882911392405063, 0.06336708860759495, 0.7110759493670886], [0.07602531645569627, 0.6895569620253165, 0.1013417721518988, 0.7161392405063292]], "class": 21}