{"image": "85361037-759e-11ee-9865-fcb3bc5cd112.jpg", "bboxes": [[0.24264556962025308, 0.6403924050632912, 0.2780886075949366, 0.6771012658227848], [0.27302531645569617, 0.6391265822784811, 0.3135316455696203, 0.6796329113924051], [0.3527721518987341, 0.5543164556962026, 0.4021392405063291, 0.6024177215189874], [0.3945443037974683, 0.5543164556962026, 0.441379746835443, 0.6062151898734177], [0.09707594936708852, 0.6922911392405063, 0.12112658227848083, 0.7226708860759494], [0.11859493670886057, 0.6897594936708861, 0.15024050632911368, 0.729], [0.0, 0.6948227848101265, 0.023658227848101232, 0.7264683544303798], [0.4692278481012657, 0.6429240506329115, 0.4983417721518987, 0.6821645569620254], [0.4945443037974683, 0.647987341772152, 0.5198607594936708, 0.6834303797468355], [0.5856835443037975, 0.6467215189873418, 0.621126582278481, 0.6796329113924051], [0.6173291139240507, 0.6467215189873418, 0.6502405063291139, 0.678367088607595], [0.33505063291139237, 0.6897594936708861, 0.3641645569620253, 0.7150759493670886], [0.561632911392405, 0.6922911392405063, 0.5869493670886076, 0.7150759493670886], [0.5236582278481012, 0.6935569620253165, 0.5489746835443037, 0.7201392405063292]], "class": 14}