{"image": "85361037-759e-11ee-9865-fcb3bc5cd112.jpg", "bboxes": [[0.6059240506329115, 0.04725316455696216, 0.7350379746835445, 0.2156075949367089], [0.4704810126582279, 0.04472151898734167, 0.6160506329113925, 0.22573417721518996], [0.7325063291139242, 0.6143417721518987, 0.7844050632911395, 0.6637088607594936], [0.6755443037974685, 0.605481012658228, 0.731240506329114, 0.657379746835443], [0.831240506329114, 0.6206708860759493, 0.881873417721519, 0.6738354430379747], [0.4995949367088608, 0.6776329113924051, 0.5325063291139243, 0.706746835443038], [0.45908860759493675, 0.6548481012658227, 0.49706329113924064, 0.6877594936708861], [0.42997468354430385, 0.6510506329113924, 0.4666835443037976, 0.6864936708860759], [0.12491139240506345, 0.6383924050632912, 0.16035443037974687, 0.6751012658227848], [0.08946835443037969, 0.6371265822784811, 0.12997468354430383, 0.6776329113924051], [0.000860759493670912, 0.5523164556962026, 0.05022784810126586, 0.6004177215189874], [0.0, 0.5523164556962026, 0.008455696202531726, 0.6042151898734177], [0.2818734177215192, 0.6902911392405063, 0.3059240506329115, 0.7206708860759494], [0.2527594936708863, 0.6877594936708861, 0.2844050632911394, 0.727], [0.3793417721518988, 0.6928227848101265, 0.40592405063291154, 0.7244683544303798], [0.03883544303797464, 0.6877594936708861, 0.06794936708860769, 0.7130759493670886]], "class": 16}