{"image": "85361037-759e-11ee-9865-fcb3bc5cd112.jpg", "bboxes": [[0.0, 0.007253164556962122, 0.02807594936708846, 0.17560759493670886], [0.017949367088607504, 0.004721518987341744, 0.16351898734177217, 0.18573417721518992], [0.10149367088607575, 0.6376329113924051, 0.13440506329113922, 0.6667468354430379], [0.13693670886075937, 0.6148481012658228, 0.17491139240506326, 0.647759493670886], [0.16731645569620246, 0.6110506329113925, 0.2040253164556961, 0.646493670886076], [0.47364556962025317, 0.5983924050632912, 0.5090886075949366, 0.6351012658227848], [0.5040253164556961, 0.597126582278481, 0.5445316455696203, 0.6376329113924051], [0.5837721518987342, 0.5123164556962025, 0.6331392405063291, 0.5604177215189874], [0.6255443037974683, 0.5123164556962025, 0.6723797468354431, 0.5642151898734178], [0.3280759493670885, 0.6502911392405063, 0.3521265822784808, 0.6806708860759494], [0.34959493670886055, 0.647759493670886, 0.38124050632911366, 0.687], [0.22807594936708842, 0.6528227848101266, 0.2546582278481012, 0.6844683544303798], [0.7002278481012658, 0.6009240506329114, 0.7293417721518987, 0.6401645569620253], [0.7255443037974683, 0.605987341772152, 0.7508607594936708, 0.6414303797468355], [0.8166835443037974, 0.6047215189873418, 0.852126582278481, 0.6376329113924051], [0.8483291139240506, 0.6047215189873418, 0.8812405063291138, 0.6363670886075949], [0.5660506329113923, 0.647759493670886, 0.5951645569620254, 0.6730759493670886], [0.7926329113924051, 0.6502911392405063, 0.8179493670886075, 0.6730759493670886], [0.7546582278481012, 0.6515569620253165, 0.7799746835443038, 0.6781392405063291]], "class": 19}