{"image": "855681b6-759c-11ee-9565-fcb3bc5cd112.jpg", "bboxes": [[0.009025316455696153, 0.4205696202531645, 0.11029113924050626, 0.5180379746835443], [0.13687341772151873, 0.40537974683544303, 0.24446835443037973, 0.5205696202531646], [0.29130379746835433, 0.2585443037974684, 0.3406708860759493, 0.31170886075949367], [0.49383544303797466, 0.275, 0.5432025316455695, 0.3370253164556962], [0.5381392405063291, 0.27246835443037976, 0.597632911392405, 0.3332278481012658], [0.6887721518987342, 0.26867088607594936, 0.7318101265822784, 0.3218354430379746], [0.7292784810126582, 0.264873417721519, 0.7748481012658226, 0.3268987341772152], [0.9837088607594935, 0.2636075949367088, 1.0, 0.3218354430379746], [0.8039620253164557, 0.24208860759493672, 0.8495316455696202, 0.30158227848101266]], "class": 9}