{"image": "855681b6-759c-11ee-9565-fcb3bc5cd112.jpg", "bboxes": [[0.9997215189873419, 0.3799367088607595, 1.0, 0.4634810126582279], [0.9199746835443039, 0.3799367088607595, 0.9946582278481014, 0.46854430379746836], [0.6187088607594937, 0.43056962025316453, 0.7199746835443038, 0.5280379746835442], [0.4845316455696203, 0.41537974683544304, 0.5921265822784813, 0.5305696202531646], [0.38832911392405073, 0.2685443037974684, 0.43769620253164565, 0.3217088607594937], [0.1857974683544304, 0.285, 0.23516455696202535, 0.34702531645569623], [0.13136708860759494, 0.28246835443037976, 0.1908607594936709, 0.34322784810126583], [0.0, 0.27867088607594936, 0.04022784810126586, 0.33183544303797463]], "class": 8}