{"image": "855681b6-759c-11ee-9565-fcb3bc5cd112.jpg", "bboxes": [[0.30279746835443033, 0.4239367088607595, 0.38127848101265815, 0.5074810126582279], [0.3863417721518986, 0.4239367088607595, 0.4610253164556961, 0.5125443037974684], [0.6610253164556962, 0.47456962025316457, 0.7622911392405063, 0.5720379746835442], [0.7888734177215188, 0.459379746835443, 0.8964683544303796, 0.5745696202531645], [0.20659493670886053, 0.2960886075949367, 0.2559620253164555, 0.3543164556962025], [0.1433037974683543, 0.2758354430379747, 0.18001265822784807, 0.3239367088607595], [0.2673544303797466, 0.30368354430379746, 0.32811392405063267, 0.36317721518987345], [0.9433037974683544, 0.3125443037974684, 0.9926708860759493, 0.3657088607594937], [0.0, 0.38849367088607595, 0.048367088607594755, 0.4760443037974682]], "class": 9}