{"image": "855681b6-759c-11ee-9565-fcb3bc5cd112.jpg", "bboxes": [[0.9869746835443038, 0.5504556962025315, 1.0, 0.6390632911392404], [0.6857088607594938, 0.4909620253164557, 0.7869746835443039, 0.5884303797468354], [0.5515316455696203, 0.48843037974683545, 0.6591265822784812, 0.6036202531645569], [0.45532911392405073, 0.6972911392405063, 0.5046962025316457, 0.7504556962025316], [0.2527974683544304, 0.6719746835443038, 0.3021645569620254, 0.734], [0.19836708860759494, 0.6757721518987342, 0.25786075949367093, 0.7365316455696203], [0.06418987341772163, 0.6871645569620254, 0.10722784810126586, 0.7403291139240507], [0.021151898734177336, 0.6821012658227847, 0.06672151898734183, 0.744126582278481]], "class": 8}