{"image": "855681b6-759c-11ee-9565-fcb3bc5cd112.jpg", "bboxes": [[0.13002531645569615, 0.4269620253164558, 0.23129113924050626, 0.5244303797468355], [0.2578734177215187, 0.4244303797468355, 0.3654683544303797, 0.539620253164557], [0.4123037974683543, 0.6332911392405063, 0.4616708860759493, 0.6864556962025317], [0.6148354430379747, 0.6079746835443038, 0.6642025316455695, 0.6699999999999999], [0.6591392405063291, 0.6117721518987342, 0.718632911392405, 0.6725316455696202], [0.8097721518987342, 0.6231645569620254, 0.8528101265822784, 0.6763291139240506], [0.8502784810126582, 0.6181012658227848, 0.8958481012658227, 0.680126582278481], [0.9249620253164557, 0.6434177215189874, 0.9705316455696202, 0.7029113924050633]], "class": 8}