{"image": "855681b6-759c-11ee-9565-fcb3bc5cd112.jpg", "bboxes": [[0.08302531645569611, 0.44056962025316454, 0.18429113924050622, 0.5380379746835442], [0.2108734177215188, 0.42537974683544305, 0.3184683544303797, 0.5405696202531646], [0.3653037974683543, 0.27854430379746836, 0.41467088607594926, 0.3317088607594937], [0.5678354430379746, 0.295, 0.6172025316455696, 0.35702531645569624], [0.6121392405063291, 0.2924683544303798, 0.6716329113924051, 0.3532278481012658], [0.7627721518987342, 0.2886708860759493, 0.8058101265822784, 0.34183544303797464], [0.8032784810126582, 0.284873417721519, 0.8488481012658227, 0.34689873417721523], [0.8779620253164556, 0.26208860759493674, 0.9235316455696202, 0.3215822784810127]], "class": 8}