{"image": "855681b6-759c-11ee-9565-fcb3bc5cd112.jpg", "bboxes": [[0.9499746835443038, 0.5044556962025316, 1.0, 0.5930632911392405], [0.6487088607594937, 0.4449620253164558, 0.7499746835443039, 0.5424303797468355], [0.5145316455696203, 0.4424303797468354, 0.6221265822784813, 0.557620253164557], [0.4183291139240507, 0.6512911392405063, 0.4676962025316457, 0.7044556962025317], [0.2157974683544304, 0.6259746835443039, 0.26516455696202534, 0.688], [0.16136708860759494, 0.6297721518987343, 0.2208607594936709, 0.6905316455696202], [0.027189873417721628, 0.6411645569620253, 0.07022784810126587, 0.6943291139240506], [0.0, 0.6361012658227848, 0.029721518987341825, 0.698126582278481]], "class": 8}