{"image": "862757c5-6b42-11ee-91dd-fcb3bc5cd112.jpg", "bboxes": [[0.31231707317073165, 0.6079512195121952, 0.36231707317073164, 0.6689268292682926], [0.2635365853658536, 0.6030731707317074, 0.31231707317073165, 0.6555121951219512]], "class": 2}