{"image": "862757c5-6b42-11ee-91dd-fcb3bc5cd112.jpg", "bboxes": [[0.9873170731707317, 0.3530731707317073, 1.0, 0.41404878048780486], [0.9385365853658536, 0.3664878048780487, 0.9873170731707317, 0.4189268292682926]], "class": 2}