{"image": "862757c5-6b42-11ee-91dd-fcb3bc5cd112.jpg", "bboxes": [[0.7033170731707317, 0.6069512195121951, 0.7533170731707316, 0.6679268292682927], [0.6545365853658536, 0.6020731707317073, 0.7033170731707317, 0.6545121951219512]], "class": 2}