{"image": "862757c5-6b42-11ee-91dd-fcb3bc5cd112.jpg", "bboxes": [[0.7206829268292684, 0.6099512195121952, 0.7706829268292683, 0.6709268292682926], [0.7706829268292683, 0.6050731707317074, 0.8194634146341464, 0.6575121951219512]], "class": 2}