{"image": "862757c5-6b42-11ee-91dd-fcb3bc5cd112.jpg", "bboxes": [[0.10668292682926839, 0.6069512195121951, 0.15668292682926832, 0.6679268292682927], [0.15668292682926832, 0.6020731707317073, 0.2054634146341464, 0.6545121951219512]], "class": 2}