{"image": "862757c5-6b42-11ee-91dd-fcb3bc5cd112.jpg", "bboxes": [[0.14131707317073164, 0.6309512195121951, 0.19131707317073166, 0.6919268292682927], [0.09253658536585363, 0.6260731707317073, 0.14131707317073164, 0.6785121951219513]], "class": 2}