{"image": "866269f5-6b43-11ee-9d90-fcb3bc5cd112.jpg", "bboxes": [[0.9803902439024389, 0.43799999999999994, 1.0, 0.5075121951219512], [0.6816097560975609, 0.37214634146341463, 0.7657560975609756, 0.4306829268292683], [0.6438048780487804, 0.37580487804878043, 0.7096585365853657, 0.42946341463414633], [0.010878048780487802, 0.44165853658536586, 0.0913658536585366, 0.536780487804878], [0.0, 0.44775609756097556, 0.01209756097560978, 0.5331219512195122]], "class": 5}