{"image": "866269f5-6b43-11ee-9d90-fcb3bc5cd112.jpg", "bboxes": [[0.0, 0.5573170731707318, 0.05039024390243907, 0.6158536585365854], [0.022341463414634277, 0.5585365853658537, 0.08819512195121959, 0.6121951219512196], [0.6406341463414634, 0.451219512195122, 0.7211219512195122, 0.5463414634146342], [0.7199024390243902, 0.45487804878048776, 0.8077073170731708, 0.5402439024390244]], "class": 4}