{"image": "866269f5-6b43-11ee-9d90-fcb3bc5cd112.jpg", "bboxes": [[0.1322439024390244, 0.5523170731707316, 0.2163902439024391, 0.6108536585365854], [0.1883414634146343, 0.5535365853658537, 0.2541951219512195, 0.6071951219512195], [0.8066341463414635, 0.446219512195122, 0.8871219512195122, 0.5413414634146341], [0.8859024390243903, 0.44987804878048776, 0.9737073170731707, 0.5352439024390245]], "class": 4}