{"image": "866269f5-6b43-11ee-9d90-fcb3bc5cd112.jpg", "bboxes": [[0.9523902439024389, 0.48948780487804877, 1.0, 0.559], [0.6536097560975609, 0.5663170731707317, 0.7377560975609756, 0.6248536585365854], [0.6158048780487805, 0.5675365853658536, 0.6816585365853657, 0.6211951219512195], [0.0, 0.460219512195122, 0.0633658536585366, 0.5553414634146341]], "class": 4}