{"image": "866269f5-6b43-11ee-9d90-fcb3bc5cd112.jpg", "bboxes": [[0.12351219512195144, 0.5345609756097559, 0.21497560975609753, 0.5967560975609756], [0.20278048780487823, 0.5174878048780488, 0.2796097560975611, 0.5870000000000001], [0.4942439024390244, 0.5943170731707317, 0.5783902439024391, 0.6528536585365854], [0.5503414634146343, 0.5955365853658536, 0.6161951219512196, 0.6491951219512195]], "class": 4}