{"image": "866269f5-6b43-11ee-9d90-fcb3bc5cd112.jpg", "bboxes": [[0.4738780487804878, 0.4776585365853659, 0.5543658536585366, 0.572780487804878], [0.3872926829268293, 0.48375609756097554, 0.4750975609756098, 0.5691219512195121]], "class": 2}