{"image": "866269f5-6b43-11ee-9d90-fcb3bc5cd112.jpg", "bboxes": [[0.06851219512195139, 0.5055609756097559, 0.1599756097560976, 0.5677560975609757], [0.1477804878048783, 0.48848780487804877, 0.22460975609756106, 0.558], [0.43924390243902445, 0.5653170731707318, 0.5233902439024392, 0.6238536585365854], [0.49534146341463425, 0.5665365853658537, 0.5611951219512196, 0.6201951219512196]], "class": 4}