{"image": "866269f5-6b43-11ee-9d90-fcb3bc5cd112.jpg", "bboxes": [[0.07724390243902435, 0.4101463414634146, 0.16139024390243917, 0.4686829268292683], [0.13334146341463426, 0.4138048780487804, 0.19919512195121958, 0.4674634146341463], [0.7516341463414634, 0.4796585365853659, 0.8321219512195122, 0.574780487804878], [0.8309024390243902, 0.48575609756097554, 0.9187073170731708, 0.5711219512195121]], "class": 4}