{"image": "866269f5-6b43-11ee-9d90-fcb3bc5cd112.jpg", "bboxes": [[0.9396097560975609, 0.3661463414634146, 1.0, 0.4246829268292683], [0.9018048780487804, 0.3698048780487804, 0.9676585365853657, 0.42346341463414633], [0.2688780487804878, 0.4356585365853659, 0.3493658536585366, 0.5307804878048781], [0.1822926829268293, 0.44175609756097556, 0.2700975609756098, 0.5271219512195122]], "class": 4}