{"image": "866269f5-6b43-11ee-9d90-fcb3bc5cd112.jpg", "bboxes": [[0.9953902439024389, 0.44048780487804884, 1.0, 0.51], [0.6966097560975609, 0.5173170731707317, 0.7807560975609756, 0.5758536585365854], [0.6588048780487804, 0.5185365853658537, 0.7246585365853657, 0.5721951219512196], [0.025878048780487804, 0.411219512195122, 0.1063658536585366, 0.5063414634146342], [0.0, 0.41487804878048784, 0.02709756097560978, 0.5002439024390244]], "class": 5}