{"image": "869f4239-759e-11ee-ae94-fcb3bc5cd112.jpg", "bboxes": [[0.23901265822784812, 0.4896962025316456, 0.3617974683544303, 0.5960253164556962], [0.33394936708860745, 0.474506329113924, 0.45040506329113916, 0.5884303797468354], [0.8731898734177215, 0.4985569620253165, 0.9643291139240506, 0.583367088607595], [0.9453417721518986, 0.49222784810126585, 1.0, 0.5770379746835443], [0.7352151898734176, 0.6099493670886076, 0.8073670886075949, 0.6858987341772151], [0.7934430379746835, 0.6036202531645569, 0.858, 0.6783037974683545], [0.48837974683544283, 0.7086835443037975, 0.5428101265822785, 0.7517215189873417], [0.17951898734177207, 0.7264050632911392, 0.24027848101265814, 0.7757721518987342], [0.14787341772151874, 0.7352658227848101, 0.19470886075949356, 0.7808354430379747], [0.06306329113924036, 0.7479240506329115, 0.12129113924050627, 0.794759493670886], [0.0035696202531644294, 0.7871645569620254, 0.0643291139240505, 0.8390632911392405]], "class": 11}