{"image": "869f4239-759e-11ee-ae94-fcb3bc5cd112.jpg", "bboxes": [[0.5146708860759494, 0.44555696202531647, 0.6058101265822785, 0.530367088607595], [0.45011392405063294, 0.4392278481012659, 0.5336582278481014, 0.5240379746835443], [0.3260632911392406, 0.48353164556962036, 0.39188607594936725, 0.5493544303797468], [0.2728987341772153, 0.481, 0.3349240506329114, 0.5480886075949367], [0.6716329113924051, 0.5569493670886076, 0.7437848101265824, 0.6328987341772152], [0.621, 0.550620253164557, 0.6855569620253165, 0.6253037974683544], [0.3994810126582279, 0.5670759493670887, 0.45644303797468366, 0.6303670886075949], [0.9361898734177216, 0.6556835443037975, 0.9906202531645572, 0.6987215189873417]], "class": 8}