{"image": "869f4239-759e-11ee-ae94-fcb3bc5cd112.jpg", "bboxes": [[0.5702025316455697, 0.46669620253164557, 0.6929873417721519, 0.5730253164556962], [0.48159493670886083, 0.4515063291139241, 0.5980506329113925, 0.5654303797468354], [0.0, 0.4755569620253165, 0.05881012658227849, 0.5603670886075949], [0.12463291139240516, 0.5869493670886077, 0.19678481012658233, 0.6628987341772152], [0.074, 0.580620253164557, 0.13855696202531648, 0.6553037974683544], [0.38918987341772165, 0.6856835443037974, 0.4436202531645572, 0.7287215189873417], [0.6917215189873418, 0.7034050632911393, 0.7524810126582279, 0.7527721518987343], [0.7372911392405065, 0.7122658227848102, 0.7841265822784812, 0.7578354430379747], [0.8107088607594938, 0.7249240506329114, 0.8689367088607596, 0.771759493670886], [0.8676708860759496, 0.7641645569620252, 0.9284303797468356, 0.8160632911392405]], "class": 10}