{"image": "869f4239-759e-11ee-ae94-fcb3bc5cd112.jpg", "bboxes": [[0.17201265822784806, 0.40197468354430377, 0.2947974683544303, 0.5083037974683544], [0.2669493670886075, 0.40956962025316457, 0.3834050632911392, 0.523493670886076], [0.8061898734177215, 0.41463291139240505, 0.8973291139240506, 0.49944303797468353], [0.8783417721518987, 0.4209620253164557, 0.961886075949367, 0.5057721518987341], [0.6682151898734177, 0.3121012658227848, 0.7403670886075948, 0.38805063291139236], [0.7264430379746836, 0.31969620253164555, 0.791, 0.394379746835443], [0.9555569620253164, 0.31463291139240507, 1.0, 0.3779240506329113], [0.42137974683544277, 0.24627848101265823, 0.4758101265822784, 0.2893164556962025], [0.11251898734177213, 0.2222278481012658, 0.1732784810126582, 0.27159493670886076], [0.08087341772151879, 0.2171645569620253, 0.1277088607594935, 0.2627341772151898], [0.0, 0.20324050632911395, 0.054291139240506214, 0.2500759493670886]], "class": 11}