{"image": "869f4239-759e-11ee-ae94-fcb3bc5cd112.jpg", "bboxes": [[0.3450126582278481, 0.4079746835443038, 0.46779746835443026, 0.5143037974683544], [0.43994936708860743, 0.4155696202531645, 0.5564050632911393, 0.5294936708860759], [0.9791898734177216, 0.42063291139240505, 1.0, 0.5054430379746835], [0.8412151898734177, 0.3181012658227848, 0.9133670886075949, 0.39405063291139236], [0.8994430379746835, 0.32569620253164555, 0.964, 0.40037974683544303], [0.5943797468354428, 0.2522784810126582, 0.6488101265822783, 0.2953164556962025], [0.28551898734177217, 0.2282278481012658, 0.3462784810126581, 0.27759493670886076], [0.2538734177215187, 0.2231645569620253, 0.30070886075949355, 0.26873417721518983], [0.16906329113924035, 0.20924050632911395, 0.22729113924050626, 0.2560759493670886], [0.10956962025316441, 0.16493670886075953, 0.17032911392405048, 0.2168354430379747]], "class": 10}