{"image": "869f4239-759e-11ee-ae94-fcb3bc5cd112.jpg", "bboxes": [[0.13401265822784802, 0.44669620253164555, 0.2567974683544303, 0.5530253164556962], [0.22894936708860747, 0.43150632911392406, 0.3454050632911392, 0.5454303797468354], [0.7681898734177215, 0.4555569620253165, 0.8593291139240506, 0.540367088607595], [0.8403417721518986, 0.4492278481012658, 0.9238860759493671, 0.5340379746835443], [0.9821139240506328, 0.49353164556962026, 1.0, 0.5593544303797469], [0.6302151898734176, 0.5669493670886077, 0.7023670886075948, 0.6428987341772152], [0.6884430379746835, 0.560620253164557, 0.753, 0.6353037974683544], [0.9175569620253163, 0.5770759493670887, 0.9745189873417721, 0.640367088607595], [0.38337974683544285, 0.6656835443037975, 0.43781012658227836, 0.7087215189873417], [0.07451898734177209, 0.6834050632911393, 0.13527848101265816, 0.7327721518987342], [0.04287341772151876, 0.6922658227848102, 0.08970886075949347, 0.7378354430379748], [0.0, 0.7049240506329114, 0.01629113924050629, 0.751759493670886]], "class": 12}