{"image": "869f4239-759e-11ee-ae94-fcb3bc5cd112.jpg", "bboxes": [[0.31318987341772153, 0.44055696202531647, 0.4043291139240506, 0.525367088607595], [0.3853417721518987, 0.4342278481012659, 0.46888607594936704, 0.5190379746835443], [0.5271139240506328, 0.47853164556962036, 0.5929367088607593, 0.5443544303797467], [0.5840759493670886, 0.476, 0.6461012658227847, 0.5430886075949367], [0.17521518987341766, 0.5519493670886076, 0.24736708860759482, 0.6278987341772152], [0.23344303797468358, 0.545620253164557, 0.29800000000000004, 0.6203037974683545], [0.4625569620253164, 0.5620759493670887, 0.519518987341772, 0.6253670886075949]], "class": 7}