{"image": "869f4239-759e-11ee-ae94-fcb3bc5cd112.jpg", "bboxes": [[0.6332025316455697, 0.46069620253164556, 0.7559873417721519, 0.5670253164556962], [0.5445949367088608, 0.44550632911392407, 0.6610506329113925, 0.5594303797468354], [0.030670886075949397, 0.4695569620253165, 0.12181012658227848, 0.5543670886075949], [0.0, 0.4632278481012658, 0.04965822784810132, 0.5480379746835443], [0.18763291139240515, 0.5809493670886077, 0.25978481012658233, 0.6568987341772152], [0.137, 0.574620253164557, 0.20155696202531648, 0.6493037974683544], [0.45218987341772166, 0.6796835443037974, 0.5066202531645572, 0.7227215189873417], [0.7547215189873419, 0.6974050632911393, 0.8154810126582279, 0.7467721518987342], [0.8002911392405064, 0.7062658227848102, 0.8471265822784813, 0.7518354430379747], [0.8737088607594937, 0.7189240506329114, 0.9319367088607596, 0.765759493670886], [0.9306708860759495, 0.7581645569620253, 0.9914303797468356, 0.8100632911392405]], "class": 11}