{"image": "869f4239-759e-11ee-ae94-fcb3bc5cd112.jpg", "bboxes": [[0.9122025316455697, 0.43469620253164554, 1.0, 0.5410253164556962], [0.8235949367088609, 0.41950632911392405, 0.9400506329113926, 0.5334303797468354], [0.3096708860759494, 0.44355696202531647, 0.4008101265822785, 0.528367088607595], [0.24511392405063293, 0.4372278481012659, 0.32865822784810134, 0.5220379746835443], [0.12106329113924062, 0.48153164556962036, 0.18688607594936724, 0.5473544303797468], [0.06789873417721526, 0.479, 0.1299240506329114, 0.5460886075949367], [0.46663291139240515, 0.5549493670886076, 0.5387848101265823, 0.6308987341772152], [0.416, 0.548620253164557, 0.48055696202531645, 0.6233037974683544], [0.19448101265822787, 0.5650759493670887, 0.25144303797468365, 0.6283670886075949], [0.7311898734177217, 0.6536835443037975, 0.7856202531645572, 0.6967215189873417]], "class": 10}