{"image": "869f4239-759e-11ee-ae94-fcb3bc5cd112.jpg", "bboxes": [[0.3832025316455697, 0.4806962025316456, 0.5059873417721519, 0.5870253164556962], [0.29459493670886083, 0.4655063291139241, 0.41105063291139254, 0.5794303797468354], [0.0, 0.6009493670886077, 0.00978481012658233, 0.6768987341772152], [0.20218987341772163, 0.6996835443037974, 0.2566202531645572, 0.7427215189873417], [0.5047215189873419, 0.7174050632911393, 0.5654810126582279, 0.7667721518987342], [0.5502911392405064, 0.7262658227848102, 0.5971265822784813, 0.7718354430379747], [0.6237088607594937, 0.7389240506329114, 0.6819367088607596, 0.785759493670886], [0.6806708860759495, 0.7781645569620252, 0.7414303797468356, 0.8300632911392405]], "class": 8}