{"image": "86f43b34-759c-11ee-aacc-fcb3bc5cd112.jpg", "bboxes": [[0.07129347941708308, 0.0, 0.2785569620253163, 0.07239240506329125]], "class": 1}