{"image": "86f43b34-759c-11ee-aacc-fcb3bc5cd112.jpg", "bboxes": [[0.15429347941708305, 0.8966075949367088, 0.3615569620253164, 1.0]], "class": 1}