{"image": "86f43b34-759c-11ee-aacc-fcb3bc5cd112.jpg", "bboxes": [[0.0, 0.0, 0.07855696202531637, 0.10939240506329118]], "class": 1}