{"image": "86f43b34-759c-11ee-aacc-fcb3bc5cd112.jpg", "bboxes": [[0.6834430379746836, 0.8896075949367088, 0.8907065205829169, 1.0]], "class": 1}