{"image": "86f43b34-759c-11ee-aacc-fcb3bc5cd112.jpg", "bboxes": [[0.23129347941708311, 0.0, 0.43855696202531635, 0.1313924050632912]], "class": 1}