{"image": "86f43b34-759c-11ee-aacc-fcb3bc5cd112.jpg", "bboxes": [[0.6994430379746837, 0.0, 0.9067065205829169, 0.07239240506329125]], "class": 1}