{"image": "876bef12-759a-11ee-9ee0-fcb3bc5cd112.jpg", "bboxes": [[0.9435316455696202, 0.6131139240506329, 1.0, 0.7789367088607595], [0.8650506329113923, 0.25994936708860755, 0.9422658227848101, 0.35615189873417724], [0.9397341772151898, 0.2586835443037975, 1.0, 0.35615189873417724]], "class": 3}