{"image": "876bef12-759a-11ee-9ee0-fcb3bc5cd112.jpg", "bboxes": [[0.6406329113924052, 0.17806329113924046, 0.7874683544303798, 0.34388607594936704], [0.4937974683544304, 0.1983164556962026, 0.6456962025316456, 0.342620253164557], [0.7887341772151899, 0.6008481012658228, 0.8659493670886077, 0.6970506329113924], [0.7165822784810127, 0.6008481012658228, 0.7912658227848102, 0.6983164556962025]], "class": 4}