{"image": "876bef12-759a-11ee-9ee0-fcb3bc5cd112.jpg", "bboxes": [[0.4335316455696202, 0.6311139240506329, 0.5803670886075949, 0.7969367088607595], [0.5753037974683544, 0.6323797468354431, 0.7272025316455696, 0.7766835443037974], [0.35505063291139227, 0.27794936708860757, 0.43226582278481007, 0.3741518987341772], [0.4297341772151898, 0.2766835443037975, 0.5044177215189873, 0.3741518987341772]], "class": 4}