{"image": "876bef12-759a-11ee-9ee0-fcb3bc5cd112.jpg", "bboxes": [[0.6526329113924052, 0.18306329113924047, 0.7994683544303798, 0.34888607594936705], [0.5057974683544304, 0.2033164556962026, 0.6576962025316456, 0.347620253164557], [0.8007341772151899, 0.6058481012658228, 0.8779493670886077, 0.7020506329113925], [0.7285822784810128, 0.6058481012658228, 0.8032658227848102, 0.7033164556962026]], "class": 4}