{"image": "87754b9d-6b46-11ee-a1dc-fcb3bc5cd112.jpg", "bboxes": [[0.9392439024390241, 0.4459512195121952, 1.0, 0.525219512195122]], "class": 1}