{"image": "87754b9d-6b46-11ee-a1dc-fcb3bc5cd112.jpg", "bboxes": [[0.239439024390244, 0.49163414634146335, 0.33212195121951227, 0.5611463414634146], [0.31260975609756114, 0.4989512195121952, 0.39675609756097585, 0.578219512195122]], "class": 2}