{"image": "87754b9d-6b46-11ee-a1dc-fcb3bc5cd112.jpg", "bboxes": [[0.241439024390244, 0.42763414634146335, 0.33412195121951227, 0.49714634146341463], [0.31460975609756114, 0.4349512195121952, 0.39875609756097585, 0.514219512195122]], "class": 2}