{"image": "87754b9d-6b46-11ee-a1dc-fcb3bc5cd112.jpg", "bboxes": [[0.7348780487804877, 0.47185365853658534, 0.827560975609756, 0.5413658536585366], [0.6702439024390242, 0.454780487804878, 0.7543902439024389, 0.5340487804878049]], "class": 2}