{"image": "8882d9c3-759d-11ee-b278-fcb3bc5cd112.jpg", "bboxes": [[0.6207848101265823, 0.6066202531645569, 0.6650886075949365, 0.6547215189873417], [0.6587594936708858, 0.6053544303797469, 0.7017974683544304, 0.6559873417721519], [0.5992658227848101, 0.5559873417721519, 0.6347088607594935, 0.587632911392405], [0.7119240506329113, 0.5559873417721519, 0.7334430379746835, 0.5825696202531645], [0.7296455696202531, 0.5559873417721519, 0.7562278481012656, 0.5838354430379746], [0.7600253164556962, 0.526873417721519, 0.7752151898734175, 0.5496582278481013], [0.7714177215189872, 0.5281392405063291, 0.7904050632911392, 0.5559873417721519], [0.8532830188679246, 0.5346415094339623, 0.8683773584905661, 0.5553962264150942], [0.8664905660377359, 0.5384150943396225, 0.8834716981132076, 0.5553962264150942], [0.938188679245283, 0.5403018867924528, 0.9561132075471699, 0.5619999999999998]], "class": 10}