{"image": "8882d9c3-759d-11ee-b278-fcb3bc5cd112.jpg", "bboxes": [[0.9975569620253166, 0.5099873417721519, 1.0, 0.5365696202531646], [0.9747721518987343, 0.5099873417721519, 1.0, 0.5378354430379746], [0.9557848101265825, 0.480873417721519, 0.9709746835443038, 0.5036582278481012], [0.9405949367088607, 0.4821392405063291, 0.9595822784810127, 0.5099873417721519], [0.8626226415094339, 0.48864150943396223, 0.8777169811320754, 0.5093962264150943], [0.8475283018867924, 0.49241509433962255, 0.8645094339622641, 0.5093962264150943], [0.7748867924528301, 0.4943018867924528, 0.7928113207547169, 0.5159999999999999]], "class": 7}