{"image": "8882d9c3-759d-11ee-b278-fcb3bc5cd112.jpg", "bboxes": [[0.23491139240506345, 0.4002784810126583, 0.27921518987341776, 0.448379746835443], [0.1982025316455697, 0.39901265822784804, 0.24124050632911417, 0.44964556962025315], [0.26529113924050646, 0.4673670886075949, 0.3007341772151899, 0.4990126582278481], [0.16655696202531659, 0.47243037974683544, 0.18807594936708869, 0.4990126582278481], [0.14377215189873435, 0.4711645569620253, 0.17035443037974687, 0.4990126582278481], [0.12478481012658245, 0.5053417721518988, 0.13997468354430384, 0.5281265822784811], [0.1095949367088607, 0.4990126582278481, 0.12858227848101272, 0.526860759493671], [0.031622641509433946, 0.4996037735849057, 0.046716981132075376, 0.5203584905660377], [0.016528301886792406, 0.4996037735849057, 0.0335094339622641, 0.5165849056603775]], "class": 9}