{"image": "8882d9c3-759d-11ee-b278-fcb3bc5cd112.jpg", "bboxes": [[0.938622641509434, 0.5066037735849058, 0.9537169811320754, 0.5273584905660378], [0.9235283018867924, 0.5066037735849058, 0.940509433962264, 0.5235849056603774], [0.8508867924528302, 0.5000000000000001, 0.8688113207547169, 0.5216981132075471]], "class": 3}