{"image": "8882d9c3-759d-11ee-b278-fcb3bc5cd112.jpg", "bboxes": [[0.9925949367088607, 0.4611392405063291, 1.0, 0.4889873417721519], [0.914622641509434, 0.46764150943396227, 0.9297169811320753, 0.4883962264150942], [0.8995283018867924, 0.47141509433962253, 0.9165094339622641, 0.4883962264150942], [0.8268867924528301, 0.47330188679245283, 0.8448113207547169, 0.4949999999999999]], "class": 4}