{"image": "8882d9c3-759d-11ee-b278-fcb3bc5cd112.jpg", "bboxes": [[0.38378481012658217, 0.38627848101265827, 0.4280886075949365, 0.434379746835443], [0.42175949367088583, 0.385012658227848, 0.46479746835443025, 0.43564556962025314], [0.3622658227848101, 0.453367088607595, 0.3977088607594935, 0.4850126582278481], [0.4749240506329113, 0.4584303797468354, 0.49644303797468337, 0.4850126582278481], [0.4926455696202531, 0.4571645569620254, 0.5192278481012657, 0.4850126582278481], [0.5230253164556962, 0.4913417721518988, 0.5382151898734175, 0.5141265822784811], [0.5344177215189873, 0.4850126582278481, 0.5534050632911394, 0.5128607594936709], [0.6162830188679247, 0.4856037735849058, 0.631377358490566, 0.5063584905660378], [0.6294905660377359, 0.4856037735849058, 0.6464716981132076, 0.5025849056603775], [0.701188679245283, 0.4790000000000001, 0.7191132075471698, 0.5006981132075472]], "class": 10}