{"image": "8882d9c3-759d-11ee-b278-fcb3bc5cd112.jpg", "bboxes": [[0.0, 0.4950126582278481, 0.00240506329113932, 0.522860759493671], [0.06528301886792465, 0.4956037735849057, 0.08037735849056604, 0.5163584905660377], [0.07849056603773585, 0.4956037735849057, 0.09547169811320755, 0.5125849056603775], [0.15018867924528312, 0.4890000000000001, 0.16811320754716985, 0.5106981132075472]], "class": 4}