{"image": "8882d9c3-759d-11ee-b278-fcb3bc5cd112.jpg", "bboxes": [[0.0007848101265822693, 0.597620253164557, 0.0450886075949366, 0.6457215189873418], [0.038759493670885825, 0.5963544303797469, 0.08179746835443025, 0.6469873417721519], [0.0, 0.5469873417721519, 0.014708860759493514, 0.578632911392405], [0.09192405063291131, 0.5469873417721519, 0.11344303797468347, 0.5735696202531645], [0.10964556962025318, 0.5469873417721519, 0.13622784810126565, 0.5748354430379746], [0.14002531645569616, 0.517873417721519, 0.15521518987341754, 0.5406582278481012], [0.15141772151898725, 0.5191392405063291, 0.17040506329113925, 0.5469873417721519], [0.23328301886792457, 0.5256415094339623, 0.24837735849056608, 0.5463962264150942], [0.2464905660377359, 0.5294150943396225, 0.2634716981132076, 0.5463962264150942], [0.31818867924528305, 0.5313018867924528, 0.3361132075471699, 0.5529999999999999]], "class": 10}