{"image": "888d56f5-759c-11ee-80d8-fcb3bc5cd112.jpg", "bboxes": [[0.1537468354430381, 0.5172658227848101, 0.22336708860759494, 0.6197974683544303], [0.06767088607594951, 0.5273924050632911, 0.16767088607594952, 0.6299240506329113]], "class": 2}