{"image": "888d56f5-759c-11ee-80d8-fcb3bc5cd112.jpg", "bboxes": [[0.672632911392405, 0.5012658227848101, 0.7422531645569619, 0.6037974683544304], [0.7283291139240504, 0.5113924050632911, 0.8283291139240505, 0.6139240506329114]], "class": 2}