{"image": "888d56f5-759c-11ee-80d8-fcb3bc5cd112.jpg", "bboxes": [[0.783632911392405, 0.37720253164556966, 0.8532531645569619, 0.4797341772151899], [0.8393291139240505, 0.3670759493670886, 0.9393291139240505, 0.4696075949367089]], "class": 2}