{"image": "888d56f5-759c-11ee-80d8-fcb3bc5cd112.jpg", "bboxes": [[0.7336835443037976, 0.3883544303797468, 0.8653291139240508, 0.5174683544303798], [0.8248227848101267, 0.409873417721519, 0.9235569620253166, 0.5237974683544304]], "class": 2}