{"image": "888d56f5-759c-11ee-80d8-fcb3bc5cd112.jpg", "bboxes": [[0.0, 0.4725316455696202, 0.07531645569620238, 0.6016455696202532], [0.9006329113924051, 0.36620253164556965, 0.9702531645569619, 0.4687341772151899], [0.9563291139240505, 0.3560759493670886, 1.0, 0.4586075949367089]], "class": 3}