{"image": "888d56f5-759c-11ee-80d8-fcb3bc5cd112.jpg", "bboxes": [[0.0, 0.3293544303797469, 0.050316455696202356, 0.4584683544303798], [0.8756329113924051, 0.4622658227848101, 0.945253164556962, 0.5647974683544303], [0.9313291139240505, 0.47239240506329105, 1.0, 0.5749240506329114]], "class": 3}