{"image": "888d56f5-759c-11ee-80d8-fcb3bc5cd112.jpg", "bboxes": [[0.4406708860759493, 0.3813544303797469, 0.5723164556962024, 0.5104683544303799], [0.3824430379746834, 0.40287341772151897, 0.48117721518987333, 0.5167974683544304]], "class": 2}