{"image": "888d56f5-759c-11ee-80d8-fcb3bc5cd112.jpg", "bboxes": [[0.7586835443037976, 0.3883544303797468, 0.8903291139240507, 0.5174683544303798], [0.8498227848101266, 0.409873417721519, 0.9485569620253166, 0.5237974683544304]], "class": 2}