{"image": "898ca153-6b43-11ee-b2ec-fcb3bc5cd112.jpg", "bboxes": [[0.9534878048780487, 0.3838780487804878, 1.0, 0.46436585365853655], [0.8498292682926829, 0.3094878048780488, 0.9022682926829269, 0.36802439024390243], [0.7827560975609756, 0.3204634146341463, 0.8498292682926829, 0.3692439024390244], [0.6888536585365854, 0.2960731707317073, 0.7473902439024391, 0.3558292682926829], [0.6339756097560976, 0.2997317073170731, 0.6949512195121952, 0.353390243902439], [0.5169024390243904, 0.4155853658536585, 0.5839756097560976, 0.49241463414634146], [0.4412926829268293, 0.4180243902439024, 0.501048780487805, 0.4777804878048781], [0.43885365853658537, 0.3265609756097561, 0.49373170731707317, 0.3899756097560975], [0.3681219512195123, 0.3387560975609756, 0.4290975609756098, 0.4009512195121951]], "class": 9}