{"image": "898ca153-6b43-11ee-b2ec-fcb3bc5cd112.jpg", "bboxes": [[0.9028292682926828, 0.6969756097560975, 0.9552682926829268, 0.7555121951219512], [0.8357560975609756, 0.6957560975609756, 0.9028292682926828, 0.7445365853658537], [0.7418536585365854, 0.709170731707317, 0.8003902439024391, 0.7689268292682927], [0.6869756097560976, 0.7116097560975609, 0.7479512195121951, 0.7652682926829268], [0.5699024390243903, 0.5725853658536585, 0.6369756097560976, 0.6494146341463415], [0.4942926829268293, 0.5872195121951219, 0.5540487804878049, 0.6469756097560976], [0.49185365853658536, 0.6750243902439025, 0.5467317073170732, 0.7384390243902439], [0.4211219512195123, 0.6640487804878049, 0.4820975609756098, 0.7262439024390244]], "class": 8}