{"image": "898ca153-6b43-11ee-b2ec-fcb3bc5cd112.jpg", "bboxes": [[0.49921951219512195, 0.39419512195121953, 0.5589756097560976, 0.46248780487804875], [0.5601951219512196, 0.3868780487804878, 0.6175121951219512, 0.46736585365853656], [0.6687317073170732, 0.3124878048780488, 0.7211707317073172, 0.37102439024390244], [0.7211707317073172, 0.3234634146341463, 0.7882439024390244, 0.3722439024390244], [0.8236097560975608, 0.2990731707317073, 0.8821463414634146, 0.3588292682926829], [0.8760487804878049, 0.3027317073170731, 0.9370243902439024, 0.356390243902439], [0.9870243902439024, 0.4185853658536585, 1.0, 0.49541463414634146]], "class": 7}