{"image": "898ca153-6b43-11ee-b2ec-fcb3bc5cd112.jpg", "bboxes": [[0.9300243902439024, 0.5815121951219513, 0.989780487804878, 0.6498048780487805], [0.8714878048780488, 0.5766341463414635, 0.9288048780487804, 0.6571219512195122], [0.7678292682926828, 0.6729756097560976, 0.8202682926829268, 0.7315121951219512], [0.7007560975609756, 0.6717560975609755, 0.7678292682926828, 0.7205365853658536], [0.6068536585365853, 0.685170731707317, 0.6653902439024392, 0.7449268292682927], [0.5519756097560976, 0.6876097560975609, 0.6129512195121951, 0.7412682926829268], [0.43490243902439035, 0.5485853658536586, 0.5019756097560976, 0.6254146341463415], [0.35929268292682937, 0.5632195121951219, 0.419048780487805, 0.6229756097560976], [0.3568536585365854, 0.6510243902439025, 0.4117317073170732, 0.7144390243902439], [0.28612195121951234, 0.6400487804878049, 0.3470975609756098, 0.7022439024390243]], "class": 10}