{"image": "898ca153-6b43-11ee-b2ec-fcb3bc5cd112.jpg", "bboxes": [[0.0, 0.5686341463414635, 0.03751219512195125, 0.6491219512195122], [0.08873170731707314, 0.6649756097560976, 0.1411707317073172, 0.7235121951219512], [0.1411707317073172, 0.6637560975609755, 0.20824390243902435, 0.7125365853658536], [0.24360975609756086, 0.677170731707317, 0.30214634146341457, 0.7369268292682927], [0.2960487804878048, 0.6796097560975609, 0.3570243902439024, 0.7332682926829268], [0.40702439024390247, 0.5405853658536586, 0.4740975609756096, 0.6174146341463415], [0.489951219512195, 0.555219512195122, 0.5497073170731707, 0.6149756097560977], [0.4972682926829268, 0.6430243902439025, 0.5521463414634147, 0.7064390243902439], [0.5619024390243903, 0.6320487804878049, 0.6228780487804877, 0.6942439024390243]], "class": 9}