{"image": "898ca153-6b43-11ee-b2ec-fcb3bc5cd112.jpg", "bboxes": [[0.9310243902439024, 0.3511951219512195, 0.990780487804878, 0.4194878048780487], [0.8724878048780488, 0.3438780487804878, 0.9298048780487804, 0.4243658536585365], [0.7688292682926828, 0.2694878048780488, 0.8212682926829268, 0.3280243902439024], [0.7017560975609756, 0.2804634146341463, 0.7688292682926828, 0.3292439024390244], [0.6078536585365854, 0.2560731707317073, 0.6663902439024392, 0.31582926829268293], [0.5529756097560976, 0.2597317073170731, 0.6139512195121951, 0.313390243902439], [0.43590243902439035, 0.37558536585365854, 0.5029756097560976, 0.4524146341463415], [0.36029268292682937, 0.37802439024390244, 0.420048780487805, 0.4377804878048781], [0.3578536585365854, 0.2865609756097561, 0.4127317073170732, 0.34997560975609754], [0.28712195121951234, 0.2987560975609756, 0.3480975609756098, 0.3609512195121951]], "class": 10}