{"image": "898ca153-6b43-11ee-b2ec-fcb3bc5cd112.jpg", "bboxes": [[0.9288536585365854, 0.6801707317073171, 0.9873902439024391, 0.7399268292682927], [0.8739756097560976, 0.682609756097561, 0.9349512195121952, 0.7362682926829269], [0.7569024390243904, 0.5435853658536585, 0.8239756097560976, 0.6204146341463415], [0.6812926829268293, 0.5582195121951219, 0.741048780487805, 0.6179756097560976], [0.6788536585365854, 0.6460243902439025, 0.7337317073170732, 0.709439024390244], [0.6081219512195123, 0.6350487804878049, 0.6690975609756098, 0.6972439024390245]], "class": 6}