{"image": "898ca153-6b43-11ee-b2ec-fcb3bc5cd112.jpg", "bboxes": [[0.44102439024390244, 0.5655121951219513, 0.500780487804878, 0.6338048780487805], [0.3824878048780488, 0.5606341463414635, 0.43980487804878043, 0.6411219512195122], [0.27882926829268284, 0.6569756097560976, 0.3312682926829268, 0.7155121951219512], [0.2117560975609756, 0.6557560975609755, 0.27882926829268284, 0.7045365853658536], [0.11785365853658539, 0.6691707317073171, 0.17639024390243913, 0.7289268292682927], [0.06297560975609759, 0.671609756097561, 0.12395121951219516, 0.7252682926829268], [0.0, 0.5325853658536586, 0.012975609756097583, 0.6094146341463416]], "class": 7}