{"image": "898ca153-6b43-11ee-b2ec-fcb3bc5cd112.jpg", "bboxes": [[0.39821951219512197, 0.5305121951219512, 0.45797560975609763, 0.5988048780487805], [0.4591951219512196, 0.5256341463414634, 0.5165121951219512, 0.6061219512195122], [0.5677317073170731, 0.6219756097560976, 0.6201707317073171, 0.6805121951219513], [0.6201707317073171, 0.6207560975609756, 0.6872439024390244, 0.6695365853658537], [0.7226097560975608, 0.6341707317073171, 0.7811463414634146, 0.6939268292682927], [0.7750487804878048, 0.636609756097561, 0.8360243902439024, 0.6902682926829269], [0.8860243902439024, 0.49758536585365853, 0.9530975609756097, 0.5744146341463414], [0.9689512195121951, 0.5122195121951219, 1.0, 0.5719756097560975], [0.9762682926829268, 0.6000243902439024, 1.0, 0.6634390243902439]], "class": 9}