{"image": "898ca153-6b43-11ee-b2ec-fcb3bc5cd112.jpg", "bboxes": [[0.004731707317073175, 0.6439756097560976, 0.057170731707317124, 0.7025121951219513], [0.057170731707317124, 0.6427560975609756, 0.12424390243902439, 0.6915365853658537], [0.1596097560975609, 0.6561707317073171, 0.2181463414634146, 0.7159268292682928], [0.21204878048780484, 0.658609756097561, 0.27302439024390246, 0.7122682926829269], [0.3230243902439024, 0.5195853658536584, 0.39009756097560966, 0.5964146341463414], [0.40595121951219504, 0.5342195121951219, 0.4657073170731707, 0.5939756097560975], [0.41326829268292686, 0.6220243902439024, 0.4681463414634146, 0.685439024390244], [0.4779024390243902, 0.6110487804878049, 0.5388780487804876, 0.6732439024390244]], "class": 8}