{"image": "89cede43-759a-11ee-bdd0-fcb3bc5cd112.jpg", "bboxes": [[0.07453164556962022, 0.5550126582278482, 0.19731645569620238, 0.7005822784810126], [0.1909873417721517, 0.5626075949367089, 0.30364556962025313, 0.6955189873417721], [0.3289620253164557, 0.3929873417721519, 0.3884556962025316, 0.4550126582278481], [0.3795949367088607, 0.40058227848101263, 0.4378227848101266, 0.4575443037974684]], "class": 4}