{"image": "89cede43-759a-11ee-bdd0-fcb3bc5cd112.jpg", "bboxes": [[0.4565316455696202, 0.5520126582278482, 0.5793164556962025, 0.6975822784810126], [0.5729873417721517, 0.5596075949367089, 0.6856455696202531, 0.6925189873417721], [0.7109620253164557, 0.3899873417721519, 0.7704556962025316, 0.4520126582278481], [0.7615949367088607, 0.39758227848101263, 0.8198227848101266, 0.4545443037974684]], "class": 4}