{"image": "89cede43-759a-11ee-bdd0-fcb3bc5cd112.jpg", "bboxes": [[0.4416835443037976, 0.5470126582278482, 0.5644683544303798, 0.6925822784810126], [0.3353544303797469, 0.5546075949367089, 0.4480126582278483, 0.6875189873417721], [0.2505443037974684, 0.3849873417721519, 0.3100379746835443, 0.4470126582278481], [0.20117721518987344, 0.3925822784810126, 0.2594050632911393, 0.4495443037974684]], "class": 4}