{"image": "89cede43-759a-11ee-bdd0-fcb3bc5cd112.jpg", "bboxes": [[0.0, 0.26341772151898735, 0.06431645569620237, 0.4089873417721518], [0.0579873417721517, 0.2684810126582279, 0.17064556962025312, 0.4013924050632911], [0.19596202531645568, 0.508987341772152, 0.2554556962025316, 0.5710126582278481], [0.24659493670886068, 0.5064556962025316, 0.3048227848101266, 0.5634177215189874]], "class": 4}