{"image": "89cede43-759a-11ee-bdd0-fcb3bc5cd112.jpg", "bboxes": [[0.0, 0.24241772151898733, 0.0963164556962024, 0.3879873417721518], [0.08998734177215173, 0.24748101265822786, 0.20264556962025315, 0.3803924050632911], [0.2279620253164556, 0.487987341772152, 0.28745569620253164, 0.5500126582278482], [0.2785949367088607, 0.4854556962025316, 0.3368227848101266, 0.5424177215189874]], "class": 4}