{"image": "89cede43-759a-11ee-bdd0-fcb3bc5cd112.jpg", "bboxes": [[0.3956835443037976, 0.2924177215189874, 0.5184683544303798, 0.4379873417721518], [0.2893544303797469, 0.2974810126582279, 0.4020126582278483, 0.43039240506329113], [0.20454430379746838, 0.5379873417721519, 0.26403797468354434, 0.6000126582278482], [0.15517721518987343, 0.5354556962025316, 0.2134050632911393, 0.5924177215189874]], "class": 4}