{"image": "89cede43-759a-11ee-bdd0-fcb3bc5cd112.jpg", "bboxes": [[0.07553164556962022, 0.2994177215189874, 0.19831645569620238, 0.4449873417721518], [0.1919873417721517, 0.3044810126582279, 0.30464556962025313, 0.43739240506329113], [0.3299620253164557, 0.5449873417721519, 0.3894556962025316, 0.6070126582278481], [0.3805949367088607, 0.5424556962025315, 0.4388227848101266, 0.5994177215189873]], "class": 4}