{"image": "89cede43-759a-11ee-bdd0-fcb3bc5cd112.jpg", "bboxes": [[0.8085316455696202, 0.3054177215189874, 0.9313164556962024, 0.45098734177215183], [0.9249873417721517, 0.3104810126582279, 1.0, 0.44339240506329114]], "class": 2}