{"image": "89f57632-759d-11ee-9ce4-fcb3bc5cd112.jpg", "bboxes": [[0.8945833333333335, 0.41960416666666667, 0.92375, 0.4560625], [0.8675, 0.4154375, 0.8977083333333334, 0.4529375], [0.8320833333333335, 0.3852291666666667, 0.855, 0.4123125]], "class": 3}