{"image": "89f57632-759d-11ee-9ce4-fcb3bc5cd112.jpg", "bboxes": [[0.0, 0.4316041666666667, 0.014416666666666522, 0.4680625], [0.011291666666666478, 0.4274375, 0.04149999999999998, 0.4649375], [0.05400000000000005, 0.3972291666666667, 0.07691666666666652, 0.4243125]], "class": 3}