{"image": "89f57632-759d-11ee-9ce4-fcb3bc5cd112.jpg", "bboxes": [[0.8065833333333334, 0.3886041666666667, 0.83575, 0.4250625], [0.7795, 0.3844375, 0.8097083333333335, 0.4219375], [0.7440833333333334, 0.3542291666666667, 0.767, 0.3813125]], "class": 3}