{"image": "89f57632-759d-11ee-9ce4-fcb3bc5cd112.jpg", "bboxes": [[0.6705833333333335, 0.5279375, 0.69975, 0.5643958333333333], [0.6435, 0.5310625, 0.6737083333333335, 0.5685625000000001], [0.6080833333333335, 0.5716875, 0.631, 0.5987708333333333]], "class": 3}