{"image": "89f57632-759d-11ee-9ce4-fcb3bc5cd112.jpg", "bboxes": [[0.9125833333333335, 0.5349375000000001, 0.94175, 0.5713958333333333], [0.8855, 0.5380625, 0.9157083333333335, 0.5755625], [0.8500833333333335, 0.5786875, 0.873, 0.6057708333333334]], "class": 3}