{"image": "89f57632-759d-11ee-9ce4-fcb3bc5cd112.jpg", "bboxes": [[0.10524999999999995, 0.3896041666666667, 0.13441666666666652, 0.4260625], [0.13129166666666647, 0.3854375, 0.16149999999999998, 0.4229375], [0.17400000000000004, 0.3552291666666667, 0.19691666666666652, 0.3823125]], "class": 3}