{"image": "89f57632-759d-11ee-9ce4-fcb3bc5cd112.jpg", "bboxes": [[0.7302500000000001, 0.5709375, 0.7594166666666665, 0.6073958333333334], [0.7562916666666666, 0.5740624999999999, 0.7865, 0.6115625], [0.7989999999999999, 0.6146875, 0.8219166666666665, 0.6417708333333333]], "class": 3}