{"image": "89f57632-759d-11ee-9ce4-fcb3bc5cd112.jpg", "bboxes": [[0.34658333333333347, 0.5459375, 0.37575, 0.5823958333333333], [0.3195, 0.5490625, 0.3497083333333335, 0.5865625], [0.28408333333333347, 0.5896874999999999, 0.307, 0.6167708333333333]], "class": 3}