{"image": "89f57632-759d-11ee-9ce4-fcb3bc5cd112.jpg", "bboxes": [[0.13024999999999998, 0.5789375, 0.15941666666666654, 0.6153958333333334], [0.1562916666666665, 0.5820624999999999, 0.1865, 0.6195625], [0.19899999999999995, 0.6226875000000001, 0.22191666666666654, 0.6497708333333333]], "class": 3}