{"image": "8a24bf23-759c-11ee-8877-fcb3bc5cd112.jpg", "bboxes": [[0.8795063291139242, 0.4634936708860759, 0.9503924050632914, 0.533113924050633], [0.9453291139240507, 0.4634936708860759, 0.9921645569620254, 0.5280506329113924], [0.7390000000000002, 0.4571645569620253, 0.8035569620253166, 0.5318481012658227], [0.6769746835443038, 0.4571645569620253, 0.7503924050632913, 0.5267848101265822], [0.45798734177215217, 0.37994936708860755, 0.49469620253164565, 0.4255189873417721], [0.4352025316455697, 0.383746835443038, 0.4643164556962026, 0.4204556962025316], [0.5516582278481015, 0.3558987341772152, 0.5883670886075951, 0.39007594936708856], [0.6782405063291141, 0.32298734177215194, 0.7124177215189875, 0.34956962025316457], [0.20735443037974688, 0.32172151898734175, 0.23393670886075948, 0.34830379746835444], [0.18330379746835446, 0.32045569620253167, 0.20862025316455696, 0.34450632911392404], [0.04997560975609747, 0.31765853658536586, 0.06948780487804868, 0.3363577235772358], [0.0020081300813006918, 0.2875772357723577, 0.019081300813008056, 0.30302439024390243], [0.11095121951219505, 0.2916422764227642, 0.13046341463414626, 0.31196747967479677], [0.39631707317073167, 0.2957073170731707, 0.4133902439024389, 0.31440650406504067], [0.49566666666666653, 0.28430303030303034, 0.513090909090909, 0.3055151515151515]], "class": 15}