{"image": "8a24bf23-759c-11ee-8877-fcb3bc5cd112.jpg", "bboxes": [[0.9570000000000002, 0.4861645569620253, 1.0, 0.5608481012658227], [0.8949746835443039, 0.4861645569620253, 0.9683924050632914, 0.5557848101265822], [0.6759873417721521, 0.4089493670886076, 0.7126962025316457, 0.4545189873417721], [0.6532025316455697, 0.412746835443038, 0.6823164556962026, 0.4494556962025316], [0.7696582278481015, 0.3848987341772152, 0.8063670886075952, 0.4190759493670886], [0.8962405063291141, 0.3519873417721519, 0.9304177215189875, 0.37856962025316454], [0.42535443037974685, 0.3507215189873418, 0.4519367088607595, 0.37730379746835446], [0.40130379746835443, 0.3494556962025317, 0.426620253164557, 0.37350632911392406], [0.061471544715447066, 0.32795934959349593, 0.07691869918699183, 0.3458455284552846], [0.04927642276422762, 0.3312113821138211, 0.06553658536585362, 0.3458455284552846], [0.015130081300813003, 0.3263333333333333, 0.02813821138211381, 0.3434065040650407], [0.26797560975609747, 0.3466585365853659, 0.2874878048780487, 0.3653577235772358], [0.22000813008130068, 0.3165772357723577, 0.23708130081300804, 0.3320243902439024], [0.12895121951219504, 0.3165772357723577, 0.1443983739837398, 0.33283739837398374], [0.11675609756097549, 0.3165772357723577, 0.1313902439024389, 0.33690243902439027], [0.17935772357723567, 0.3263333333333333, 0.19073983739837388, 0.3434065040650407], [0.328951219512195, 0.3206422764227642, 0.34846341463414626, 0.3409674796747968], [0.6143170731707317, 0.3247073170731707, 0.6313902439024389, 0.3434065040650407], [0.7136666666666666, 0.3133030303030303, 0.731090909090909, 0.3345151515151515]], "class": 19}