{"image": "8a24bf23-759c-11ee-8877-fcb3bc5cd112.jpg", "bboxes": [[0.8709873417721522, 0.5744810126582278, 0.9076962025316456, 0.6200506329113924], [0.8482025316455697, 0.5795443037974684, 0.8773164556962026, 0.616253164556962], [0.9646582278481014, 0.6099240506329114, 1.0, 0.6441012658227848], [0.6203544303797469, 0.6516962025316455, 0.6469367088607595, 0.6782784810126583], [0.5963037974683545, 0.6554936708860759, 0.6216202531645569, 0.6795443037974683], [0.08411382113821139, 0.6652682926829268, 0.1052520325203252, 0.6864065040650407], [0.07110569105691053, 0.6595772357723577, 0.0906178861788618, 0.6855934959349593], [0.2564715447154471, 0.6831544715447154, 0.27191869918699185, 0.7010406504065041], [0.24427642276422762, 0.6831544715447154, 0.2605365853658536, 0.697788617886179], [0.210130081300813, 0.6855934959349593, 0.22313821138211382, 0.7026666666666667], [0.4629756097560975, 0.6636422764227642, 0.48248780487804865, 0.6823414634146341], [0.4150081300813007, 0.6969756097560975, 0.43208130081300805, 0.7124227642276423], [0.3239512195121951, 0.6961626016260163, 0.33939837398373984, 0.7124227642276423], [0.3117560975609755, 0.6920975609756097, 0.32639024390243887, 0.7124227642276423], [0.3743577235772357, 0.6855934959349593, 0.38573983739837386, 0.7026666666666667], [0.523951219512195, 0.6880325203252032, 0.5434634146341463, 0.7083577235772358], [0.8093170731707316, 0.6855934959349593, 0.8263902439024389, 0.7042926829268292], [0.9086666666666665, 0.6944848484848485, 0.926090909090909, 0.7156969696969697], [0.12306060606060606, 0.6732727272727272, 0.142, 0.6944848484848485]], "class": 19}