{"image": "8a24bf23-759c-11ee-8877-fcb3bc5cd112.jpg", "bboxes": [[0.9549746835443038, 0.4402151898734178, 1.0, 0.5098354430379747], [0.7359873417721522, 0.5414810126582279, 0.7726962025316456, 0.5870506329113925], [0.7132025316455697, 0.5465443037974684, 0.7423164556962026, 0.5832531645569621], [0.8296582278481014, 0.5769240506329114, 0.8663670886075951, 0.6111012658227848], [0.9562405063291142, 0.6174303797468355, 0.9904177215189874, 0.644012658227848], [0.48535443037974685, 0.6186962025316456, 0.5119367088607595, 0.6452784810126582], [0.4613037974683544, 0.622493670886076, 0.486620253164557, 0.6465443037974683], [0.12147154471544706, 0.6501544715447154, 0.13691869918699184, 0.6680406504065041], [0.10927642276422762, 0.6501544715447154, 0.12553658536585363, 0.6647886178861788], [0.075130081300813, 0.6525934959349593, 0.0881382113821138, 0.6696666666666666], [0.32797560975609746, 0.6306422764227642, 0.3474878048780487, 0.6493414634146342], [0.2800081300813007, 0.6639756097560976, 0.29708130081300804, 0.6794227642276423], [0.18895121951219504, 0.6631626016260163, 0.2043983739837398, 0.6794227642276423], [0.1767560975609755, 0.6590975609756098, 0.1913902439024389, 0.6794227642276423], [0.23935772357723567, 0.6525934959349593, 0.25073983739837385, 0.6696666666666666], [0.3889512195121951, 0.6550325203252032, 0.40846341463414626, 0.6753577235772358], [0.6743170731707316, 0.6525934959349593, 0.6913902439024389, 0.6712926829268293], [0.7736666666666665, 0.6614848484848486, 0.791090909090909, 0.6826969696969697], [0.0, 0.6402727272727273, 0.007, 0.6614848484848486]], "class": 19}