{"image": "8a24bf23-759c-11ee-8877-fcb3bc5cd112.jpg", "bboxes": [[0.9850000000000002, 0.45215189873417727, 1.0, 0.5268354430379747], [0.9229746835443039, 0.4572151898734178, 0.9963924050632913, 0.5268354430379747], [0.7039873417721522, 0.5584810126582278, 0.7406962025316457, 0.6040506329113924], [0.6812025316455697, 0.5635443037974683, 0.7103164556962026, 0.600253164556962], [0.7976582278481015, 0.5939240506329114, 0.8343670886075952, 0.6281012658227848], [0.9242405063291141, 0.6344303797468355, 0.9584177215189875, 0.6610126582278482], [0.4533544303797469, 0.6356962025316455, 0.4799367088607595, 0.6622784810126583], [0.42930379746835445, 0.6394936708860759, 0.45462025316455695, 0.6635443037974683], [0.08947154471544706, 0.6671544715447154, 0.10491869918699183, 0.6850406504065041], [0.07727642276422762, 0.6671544715447154, 0.09353658536585363, 0.681788617886179], [0.043130081300813, 0.6695934959349593, 0.056138211382113806, 0.6866666666666668], [0.2959756097560975, 0.6476422764227643, 0.31548780487804867, 0.6663414634146341], [0.24800813008130068, 0.6809756097560976, 0.26508130081300807, 0.6964227642276423], [0.15695121951219504, 0.6801626016260163, 0.1723983739837398, 0.6964227642276423], [0.1447560975609755, 0.6760975609756097, 0.1593902439024389, 0.6964227642276423], [0.20735772357723567, 0.6695934959349593, 0.21873983739837388, 0.6866666666666668], [0.35695121951219505, 0.6720325203252032, 0.3764634146341463, 0.6923577235772358], [0.6423170731707316, 0.6695934959349593, 0.6593902439024389, 0.6882926829268292], [0.7416666666666665, 0.6784848484848485, 0.759090909090909, 0.6996969696969697]], "class": 19}