{"image": "8a24bf23-759c-11ee-8877-fcb3bc5cd112.jpg", "bboxes": [[0.9530000000000002, 0.4691645569620253, 1.0, 0.5438481012658227], [0.8909746835443039, 0.4691645569620253, 0.9643924050632914, 0.5387848101265822], [0.6719873417721521, 0.39194936708860756, 0.7086962025316457, 0.43751898734177214], [0.6492025316455697, 0.39574683544303796, 0.6783164556962027, 0.4324556962025316], [0.7656582278481014, 0.3678987341772152, 0.8023670886075952, 0.40207594936708857], [0.8922405063291141, 0.33498734177215195, 0.9264177215189875, 0.3615696202531645], [0.42135443037974685, 0.33372151898734176, 0.4479367088607595, 0.36030379746835445], [0.3973037974683544, 0.3324556962025317, 0.422620253164557, 0.35650632911392405], [0.05747154471544707, 0.3109593495934959, 0.07291869918699183, 0.3288455284552846], [0.045276422764227615, 0.3142113821138211, 0.06153658536585362, 0.3288455284552846], [0.011130081300813003, 0.3093333333333333, 0.02413821138211381, 0.3264065040650407], [0.26397560975609746, 0.32965853658536587, 0.2834878048780487, 0.34835772357723577], [0.21600813008130068, 0.29957723577235773, 0.23308130081300807, 0.31502439024390244], [0.12495121951219505, 0.29957723577235773, 0.1403983739837398, 0.3158373983739837], [0.11275609756097549, 0.29957723577235773, 0.1273902439024389, 0.31990243902439025], [0.17535772357723567, 0.3093333333333333, 0.18673983739837388, 0.3264065040650407], [0.3249512195121951, 0.3036422764227642, 0.34446341463414626, 0.3239674796747968], [0.6103170731707317, 0.3077073170731707, 0.6273902439024389, 0.3264065040650407], [0.7096666666666666, 0.2963030303030303, 0.727090909090909, 0.31751515151515153]], "class": 19}