{"image": "8aaa3edc-6b46-11ee-84da-fcb3bc5cd112.jpg", "bboxes": [[0.6172926829268293, 0.5370975609756098, 0.6733902439024388, 0.5822195121951219], [0.6550975609756097, 0.5419756097560976, 0.7050975609756097, 0.5919756097560975]], "class": 2}