{"image": "8aaa3edc-6b46-11ee-84da-fcb3bc5cd112.jpg", "bboxes": [[0.6232926829268293, 0.48009756097560974, 0.6793902439024389, 0.525219512195122], [0.6610975609756097, 0.48497560975609755, 0.7110975609756097, 0.5349756097560976]], "class": 2}