{"image": "8aaa3edc-6b46-11ee-84da-fcb3bc5cd112.jpg", "bboxes": [[0.5032926829268293, 0.4357804878048781, 0.5593902439024389, 0.4809024390243902], [0.5410975609756097, 0.42602439024390243, 0.5910975609756096, 0.4760243902439024], [0.9118292682926828, 0.44675609756097556, 0.9642682926829268, 0.49553658536585377], [0.9532926829268292, 0.43699999999999994, 1.0, 0.4821219512195122]], "class": 4}