{"image": "8aaa3edc-6b46-11ee-84da-fcb3bc5cd112.jpg", "bboxes": [[0.08660975609756105, 0.4147804878048781, 0.14270731707317075, 0.4599024390243902], [0.05490243902439029, 0.4050243902439024, 0.10490243902439034, 0.4550243902439024]], "class": 2}