{"image": "8aaa3edc-6b46-11ee-84da-fcb3bc5cd112.jpg", "bboxes": [[0.561609756097561, 0.5250975609756098, 0.6177073170731708, 0.5702195121951219], [0.5299024390243903, 0.5299756097560976, 0.5799024390243903, 0.5799756097560975], [0.1567317073170732, 0.5104634146341462, 0.20917073170731715, 0.5592439024390244], [0.10917073170731717, 0.5238780487804878, 0.16770731707317077, 0.5690000000000001]], "class": 4}