{"image": "8aaa3edc-6b46-11ee-84da-fcb3bc5cd112.jpg", "bboxes": [[0.3132926829268292, 0.5220975609756098, 0.3693902439024389, 0.5672195121951219], [0.3510975609756097, 0.5269756097560976, 0.40109756097560967, 0.5769756097560976], [0.7218292682926829, 0.5074634146341462, 0.7742682926829269, 0.5562439024390244], [0.7632926829268293, 0.5208780487804878, 0.8218292682926829, 0.5660000000000001]], "class": 4}