{"image": "8aaa3edc-6b46-11ee-84da-fcb3bc5cd112.jpg", "bboxes": [[0.017609756097561102, 0.5360975609756098, 0.0737073170731708, 0.5812195121951219], [0.0, 0.5409756097560976, 0.03590243902439039, 0.5909756097560976]], "class": 2}