{"image": "8aaa3edc-6b46-11ee-84da-fcb3bc5cd112.jpg", "bboxes": [[0.5952926829268292, 0.46178048780487807, 0.6513902439024389, 0.5069024390243903], [0.6330975609756097, 0.4520243902439024, 0.6830975609756097, 0.5020243902439024]], "class": 2}