{"image": "8aaa3edc-6b46-11ee-84da-fcb3bc5cd112.jpg", "bboxes": [[0.3946097560975611, 0.4177804878048781, 0.4507073170731708, 0.4629024390243902], [0.36290243902439034, 0.4080243902439024, 0.4129024390243903, 0.4580243902439024], [0.0, 0.42875609756097555, 0.04217073170731711, 0.47753658536585375], [0.0, 0.41899999999999993, 0.0007073170731707323, 0.4641219512195122]], "class": 4}