{"image": "8aaa3edc-6b46-11ee-84da-fcb3bc5cd112.jpg", "bboxes": [[0.581609756097561, 0.44878048780487806, 0.6377073170731707, 0.49390243902439024], [0.5499024390243903, 0.43902439024390244, 0.5999024390243903, 0.48902439024390243], [0.17673170731707322, 0.4597560975609756, 0.22917073170731717, 0.5085365853658538], [0.1291707317073172, 0.44999999999999996, 0.1877073170731708, 0.4951219512195122]], "class": 4}