{"image": "8aaa3edc-6b46-11ee-84da-fcb3bc5cd112.jpg", "bboxes": [[0.6666097560975611, 0.4827804878048781, 0.7227073170731708, 0.5279024390243903], [0.6349024390243903, 0.4730243902439024, 0.6849024390243903, 0.5230243902439025], [0.2617317073170732, 0.49375609756097555, 0.31417073170731713, 0.5425365853658537], [0.21417073170731715, 0.48399999999999993, 0.27270731707317075, 0.5291219512195122]], "class": 4}