{"image": "8aaa3edc-6b46-11ee-84da-fcb3bc5cd112.jpg", "bboxes": [[0.9942926829268293, 0.4767804878048781, 1.0, 0.5219024390243903]], "class": 1}