{"image": "8bc5ccf7-759c-11ee-a6bc-fcb3bc5cd112.jpg", "bboxes": [[0.44944303797468343, 0.315873417721519, 0.5329873417721517, 0.4044810126582279], [0.5367848101265822, 0.32220253164556956, 0.6304556962025315, 0.40954430379746853], [0.533433962264151, 0.5670377358490566, 0.5655094339622642, 0.601], [0.5626792452830189, 0.5642075471698114, 0.5938113207547171, 0.600056603773585], [0.7966415094339623, 0.5679811320754717, 0.8258867924528303, 0.5981698113207548], [0.8211698113207548, 0.5623207547169812, 0.8504150943396227, 0.5981698113207548], [0.9994716981132076, 0.5557169811320756, 1.0, 0.5849622641509434]], "class": 7}