{"image": "8bc5ccf7-759c-11ee-a6bc-fcb3bc5cd112.jpg", "bboxes": [[0.5014430379746835, 0.27687341772151897, 0.5849873417721516, 0.36548101265822786], [0.5887848101265822, 0.28320253164556963, 0.6824556962025314, 0.3705443037974685], [0.5854339622641509, 0.5280377358490567, 0.6175094339622642, 0.562], [0.6146792452830189, 0.5252075471698114, 0.6458113207547171, 0.5610566037735849], [0.8486415094339622, 0.5289811320754718, 0.8778867924528303, 0.5591698113207548], [0.8731698113207548, 0.5233207547169811, 0.9024150943396226, 0.5591698113207548]], "class": 6}