{"image": "8bc5ccf7-759c-11ee-a6bc-fcb3bc5cd112.jpg", "bboxes": [[0.2730126582278483, 0.6445189873417722, 0.35655696202531656, 0.733126582278481], [0.1755443037974685, 0.6394556962025315, 0.2692151898734178, 0.7267974683544304], [0.24049056603773578, 0.44799999999999995, 0.27256603773584903, 0.4819622641509434], [0.21218867924528287, 0.448943396226415, 0.24332075471698114, 0.4847924528301886], [0.0, 0.45083018867924524, 0.009358490566037745, 0.48101886792452825]], "class": 5}