{"image": "8bc5ccf7-759c-11ee-a6bc-fcb3bc5cd112.jpg", "bboxes": [[0.9050126582278483, 0.6585189873417722, 0.9885569620253166, 0.747126582278481], [0.8075443037974686, 0.6534556962025315, 0.9012151898734178, 0.7407974683544304], [0.8724905660377358, 0.46199999999999997, 0.904566037735849, 0.4959622641509434], [0.8441886792452828, 0.462943396226415, 0.8753207547169811, 0.4987924528301886], [0.6121132075471697, 0.46483018867924525, 0.6413584905660378, 0.49501886792452826], [0.5875849056603774, 0.46483018867924525, 0.6168301886792452, 0.5006792452830188], [0.41305660377358494, 0.47803773584905657, 0.4385283018867924, 0.5072830188679245], [0.384754716981132, 0.4761509433962264, 0.4149433962264151, 0.5082264150943396], [0.2856981132075472, 0.4535094339622641, 0.31116981132075466, 0.47803773584905657], [0.26588679245283015, 0.4535094339622641, 0.2894716981132075, 0.48086792452830185]], "class": 10}