{"image": "8bc5ccf7-759c-11ee-a6bc-fcb3bc5cd112.jpg", "bboxes": [[0.9185443037974685, 0.28620253164556964, 1.0, 0.3735443037974685], [0.9834905660377358, 0.5310377358490566, 1.0, 0.5650000000000001], [0.9551886792452828, 0.5282075471698113, 0.9863207547169811, 0.564056603773585], [0.7231132075471698, 0.5319811320754717, 0.7523584905660378, 0.5621698113207547], [0.6985849056603773, 0.5263207547169813, 0.7278301886792452, 0.5621698113207547], [0.5240566037735849, 0.5197169811320755, 0.5495283018867924, 0.5489622641509435], [0.495754716981132, 0.5187735849056604, 0.5259433962264151, 0.5508490566037736], [0.39669811320754716, 0.5489622641509435, 0.42216981132075465, 0.5734905660377358], [0.37688679245283013, 0.5461320754716982, 0.4004716981132075, 0.5734905660377358]], "class": 9}