{"image": "8bc5ccf7-759c-11ee-a6bc-fcb3bc5cd112.jpg", "bboxes": [[0.22744303797468346, 0.284873417721519, 0.3109873417721517, 0.37348101265822786], [0.3147848101265822, 0.29120253164556964, 0.4084556962025315, 0.3785443037974685], [0.311433962264151, 0.5360377358490567, 0.3435094339622642, 0.5700000000000001], [0.34067924528301885, 0.5332075471698114, 0.3718113207547171, 0.5690566037735849], [0.5746415094339623, 0.5369811320754718, 0.6038867924528303, 0.5671698113207548], [0.5991698113207548, 0.5313207547169811, 0.6284150943396227, 0.5671698113207548], [0.7774716981132076, 0.5247169811320755, 0.8029433962264151, 0.5539622641509434], [0.8010566037735849, 0.5237735849056604, 0.831245283018868, 0.5558490566037737], [0.9048301886792454, 0.5539622641509434, 0.9303018867924528, 0.578490566037736], [0.9265283018867925, 0.5511320754716982, 0.9501132075471699, 0.578490566037736]], "class": 10}