{"image": "8bc5ccf7-759c-11ee-a6bc-fcb3bc5cd112.jpg", "bboxes": [[0.8350126582278483, 0.284873417721519, 0.9185569620253166, 0.37348101265822786], [0.7375443037974685, 0.29120253164556964, 0.8312151898734178, 0.3785443037974685], [0.8024905660377358, 0.5360377358490567, 0.834566037735849, 0.5700000000000001], [0.7741886792452829, 0.5332075471698114, 0.8053207547169812, 0.5690566037735849], [0.5421132075471697, 0.5369811320754718, 0.5713584905660377, 0.5671698113207548], [0.5175849056603773, 0.5313207547169811, 0.5468301886792453, 0.5671698113207548], [0.34305660377358493, 0.5247169811320755, 0.3685283018867924, 0.5539622641509434], [0.314754716981132, 0.5237735849056604, 0.34494339622641507, 0.5558490566037737], [0.21569811320754717, 0.5539622641509434, 0.24116981132075466, 0.578490566037736], [0.19588679245283014, 0.5511320754716982, 0.2194716981132075, 0.578490566037736]], "class": 10}