{"image": "8bc5ccf7-759c-11ee-a6bc-fcb3bc5cd112.jpg", "bboxes": [[0.006443037974683374, 0.319873417721519, 0.08998734177215173, 0.4084810126582279], [0.09378481012658224, 0.32620253164556956, 0.18745569620253155, 0.41354430379746854], [0.09043396226415101, 0.5710377358490566, 0.12250943396226421, 0.605], [0.11967924528301888, 0.5682075471698114, 0.15081132075471715, 0.604056603773585], [0.3536415094339622, 0.5719811320754717, 0.3828867924528303, 0.6021698113207548], [0.3781698113207548, 0.5663207547169812, 0.40741509433962264, 0.6021698113207548], [0.5564716981132076, 0.5597169811320755, 0.5819433962264151, 0.5889622641509434], [0.5800566037735849, 0.5587735849056604, 0.610245283018868, 0.5908490566037736], [0.6838301886792453, 0.5889622641509434, 0.7093018867924528, 0.6134905660377359], [0.7055283018867925, 0.5861320754716981, 0.7291132075471698, 0.6134905660377359]], "class": 10}