{"image": "8c4727ec-759a-11ee-b847-fcb3bc5cd112.jpg", "bboxes": [[0.2472658227848102, 0.6205696202531645, 0.37891139240506344, 0.783860759493671], [0.11688607594936719, 0.6243670886075949, 0.2523291139240507, 0.7737341772151899], [0.22954430379746837, 0.45474683544303796, 0.29283544303797465, 0.5218354430379747]], "class": 3}