{"image": "8c4727ec-759a-11ee-b847-fcb3bc5cd112.jpg", "bboxes": [[0.5542658227848102, 0.1621392405063291, 0.6859113924050635, 0.3254303797468354], [0.42388607594936717, 0.17226582278481006, 0.5593291139240507, 0.321632911392405], [0.5365443037974684, 0.4241645569620254, 0.5998354430379746, 0.491253164556962]], "class": 3}