{"image": "8c4727ec-759a-11ee-b847-fcb3bc5cd112.jpg", "bboxes": [[0.1812658227848102, 0.6365696202531645, 0.31291139240506344, 0.7998607594936709], [0.050886075949367185, 0.640367088607595, 0.18632911392405072, 0.7897341772151899], [0.1635443037974684, 0.47074683544303797, 0.22683544303797465, 0.5378354430379746]], "class": 3}