{"image": "8c4727ec-759a-11ee-b847-fcb3bc5cd112.jpg", "bboxes": [[0.5230886075949366, 0.6845696202531646, 0.6547341772151898, 0.8478607594936709], [0.6496708860759492, 0.688367088607595, 0.7851139240506328, 0.83773417721519], [0.6091645569620254, 0.518746835443038, 0.6724556962025316, 0.5858354430379746]], "class": 3}