{"image": "8c4727ec-759a-11ee-b847-fcb3bc5cd112.jpg", "bboxes": [[0.8270886075949365, 0.6855696202531646, 0.9587341772151898, 0.8488607594936709], [0.9536708860759493, 0.689367088607595, 1.0, 0.83873417721519], [0.9131645569620254, 0.519746835443038, 0.9764556962025316, 0.5868354430379746]], "class": 3}