{"image": "8c4727ec-759a-11ee-b847-fcb3bc5cd112.jpg", "bboxes": [[0.7490886075949366, 0.6525696202531646, 0.8807341772151898, 0.8158607594936709], [0.8756708860759492, 0.656367088607595, 1.0, 0.8057341772151899], [0.8351645569620254, 0.486746835443038, 0.8984556962025316, 0.5538354430379746]], "class": 3}