{"image": "8c4727ec-759a-11ee-b847-fcb3bc5cd112.jpg", "bboxes": [[0.7502658227848102, 0.21113924050632904, 0.8819113924050634, 0.37443037974683546], [0.6198860759493672, 0.2212658227848101, 0.7553291139240507, 0.37063291139240506], [0.7325443037974684, 0.4731645569620253, 0.7958354430379746, 0.540253164556962]], "class": 3}