{"image": "8c4727ec-759a-11ee-b847-fcb3bc5cd112.jpg", "bboxes": [[0.5100886075949366, 0.6435696202531646, 0.6417341772151898, 0.8068607594936709], [0.6366708860759493, 0.647367088607595, 0.7721139240506328, 0.7967341772151899], [0.5961645569620253, 0.477746835443038, 0.6594556962025316, 0.5448354430379746]], "class": 3}