{"image": "8c4727ec-759a-11ee-b847-fcb3bc5cd112.jpg", "bboxes": [[0.4802658227848102, 0.17413924050632912, 0.6119113924050634, 0.33743037974683543], [0.34988607594936716, 0.18426582278481007, 0.4853291139240507, 0.33363291139240503], [0.4625443037974684, 0.4361645569620254, 0.5258354430379747, 0.503253164556962]], "class": 3}