{"image": "8d5227c1-759d-11ee-8164-fcb3bc5cd112.jpg", "bboxes": [[0.9952658227848104, 0.593139240506329, 1.0, 0.7728860759493671], [0.4889367088607595, 0.33111392405063295, 0.6028607594936709, 0.4602278481012658], [0.3750126582278482, 0.3285822784810127, 0.5066582278481013, 0.4450379746835443]], "class": 3}