{"image": "8d5227c1-759d-11ee-8164-fcb3bc5cd112.jpg", "bboxes": [[0.9665569620253166, 0.23417721518987344, 1.0, 0.410126582278481], [0.8032658227848103, 0.2291139240506329, 1.0, 0.40886075949367096], [0.2969367088607595, 0.5417721518987342, 0.4108607594936709, 0.6708860759493671], [0.18301265822784818, 0.5569620253164558, 0.3146582278481013, 0.6734177215189874]], "class": 4}