{"image": "8d5227c1-759d-11ee-8164-fcb3bc5cd112.jpg", "bboxes": [[0.9832658227848103, 0.5551392405063291, 1.0, 0.7348860759493671], [0.4769367088607595, 0.2931139240506329, 0.5908607594936709, 0.4222278481012658], [0.3630126582278482, 0.2905822784810127, 0.4946582278481013, 0.4070379746835443]], "class": 3}