{"image": "8d5227c1-759d-11ee-8164-fcb3bc5cd112.jpg", "bboxes": [[0.6885569620253166, 0.576873417721519, 0.8569113924050634, 0.7528227848101265], [0.5252658227848104, 0.578139240506329, 0.7341265822784813, 0.7578860759493671], [0.018936708860759495, 0.31611392405063293, 0.1328607594936709, 0.4452278481012658], [0.0, 0.31358227848101267, 0.03665822784810132, 0.43003797468354427]], "class": 4}