{"image": "8d5227c1-759d-11ee-8164-fcb3bc5cd112.jpg", "bboxes": [[0.2840886075949366, 0.627873417721519, 0.45244303797468344, 0.8038227848101266], [0.40687341772151875, 0.6291392405063291, 0.6157341772151896, 0.8088860759493671]], "class": 2}