{"image": "8d5227c1-759d-11ee-8164-fcb3bc5cd112.jpg", "bboxes": [[0.9182658227848103, 0.26711392405063294, 1.0, 0.4468607594936709], [0.4119367088607595, 0.5797721518987342, 0.525860759493671, 0.7088860759493671], [0.29801265822784817, 0.5949620253164557, 0.4296582278481013, 0.7114177215189873]], "class": 3}