{"image": "8d5227c1-759d-11ee-8164-fcb3bc5cd112.jpg", "bboxes": [[0.32713924050632914, 0.3671139240506329, 0.4410632911392405, 0.4962278481012658], [0.4233417721518987, 0.36458227848101266, 0.5549873417721518, 0.4810379746835443]], "class": 2}