{"image": "8d5227c1-759d-11ee-8164-fcb3bc5cd112.jpg", "bboxes": [[0.0, 0.2311139240506329, 0.03973417721518968, 0.41086075949367096], [0.4321392405063291, 0.5437721518987342, 0.5460632911392405, 0.6728860759493671], [0.5283417721518987, 0.5589620253164558, 0.6599873417721518, 0.6754177215189874]], "class": 3}