{"image": "8d6fe3dc-759c-11ee-8740-fcb3bc5cd112.jpg", "bboxes": [[0.0, 0.6295625, 0.005166666666666542, 0.6712291666666668], [0.0010000000000000009, 0.6295625, 0.03641666666666654, 0.6712291666666668]], "class": 2}