{"image": "8d6fe3dc-759c-11ee-8740-fcb3bc5cd112.jpg", "bboxes": [[0.039874999999999994, 0.2937708333333333, 0.07216666666666649, 0.3354375], [0.06799999999999995, 0.2937708333333333, 0.10341666666666649, 0.3354375]], "class": 2}