{"image": "8e25f4f3-6b46-11ee-9f0e-fcb3bc5cd112.jpg", "bboxes": [[0.6994390243902437, 0.5245609756097561, 0.7482195121951218, 0.579439024390244], [0.8384634146341463, 0.4587073170731707, 0.867731707317073, 0.5062682926829268], [0.867731707317073, 0.45992682926829265, 0.9030975609756097, 0.501390243902439], [0.45675609756097557, 0.3891951219512195, 0.4823658536585367, 0.41236585365853656], [0.4799268292682928, 0.3891951219512195, 0.5018780487804879, 0.4160243902439024]], "class": 5}