{"image": "8e25f4f3-6b46-11ee-9f0e-fcb3bc5cd112.jpg", "bboxes": [[0.1404390243902437, 0.48956097560975614, 0.1892195121951219, 0.5444390243902439], [0.27946341463414626, 0.4237073170731707, 0.3087317073170731, 0.4712682926829268], [0.3087317073170731, 0.4249268292682926, 0.3440975609756096, 0.466390243902439]], "class": 3}