{"image": "8e25f4f3-6b46-11ee-9f0e-fcb3bc5cd112.jpg", "bboxes": [[0.10378048780487814, 0.42256097560975603, 0.15256097560975626, 0.4774390243902439], [0.0, 0.49573170731707317, 0.013536585365853738, 0.5432926829268293], [0.3696341463414633, 0.5896341463414634, 0.3952439024390244, 0.6128048780487805], [0.35012195121951206, 0.5859756097560975, 0.37207317073170726, 0.6128048780487805]], "class": 4}