{"image": "8e25f4f3-6b46-11ee-9f0e-fcb3bc5cd112.jpg", "bboxes": [[0.3624390243902438, 0.49756097560975615, 0.4112195121951219, 0.552439024390244], [0.5014634146341463, 0.4317073170731707, 0.5307317073170731, 0.4792682926829268], [0.5307317073170731, 0.4329268292682926, 0.5660975609756096, 0.474390243902439], [0.1197560975609756, 0.3621951219512195, 0.14536585365853671, 0.38536585365853654], [0.1429268292682927, 0.3621951219512195, 0.16487804878048795, 0.3890243902439024]], "class": 5}