{"image": "8e25f4f3-6b46-11ee-9f0e-fcb3bc5cd112.jpg", "bboxes": [[0.2657804878048781, 0.45656097560975606, 0.31456097560975627, 0.5114390243902438], [0.14626829268292693, 0.5297317073170732, 0.17553658536585373, 0.5772926829268292], [0.11090243902439033, 0.534609756097561, 0.14626829268292693, 0.5760731707317074], [0.5316341463414633, 0.6236341463414634, 0.5572439024390244, 0.6468048780487805], [0.5121219512195121, 0.6199756097560976, 0.5340731707317072, 0.6468048780487805]], "class": 5}