{"image": "8e25f4f3-6b46-11ee-9f0e-fcb3bc5cd112.jpg", "bboxes": [[0.6464390243902438, 0.47756097560975613, 0.6952195121951219, 0.5324390243902439], [0.7854634146341463, 0.4117073170731707, 0.814731707317073, 0.4592682926829268], [0.814731707317073, 0.41292682926829266, 0.8500975609756096, 0.454390243902439], [0.40375609756097564, 0.3421951219512195, 0.42936585365853674, 0.3653658536585365], [0.42692682926829273, 0.3421951219512195, 0.44887804878048787, 0.36902439024390243]], "class": 5}