{"image": "8e25f4f3-6b46-11ee-9f0e-fcb3bc5cd112.jpg", "bboxes": [[0.20778048780487812, 0.4615609756097562, 0.25656097560975627, 0.5164390243902439], [0.08826829268292692, 0.3957073170731707, 0.11753658536585374, 0.44326829268292683], [0.05290243902439033, 0.39692682926829265, 0.08826829268292692, 0.438390243902439], [0.4736341463414633, 0.3261951219512195, 0.4992439024390244, 0.34936585365853656], [0.4541219512195121, 0.3261951219512195, 0.47607317073170724, 0.3530243902439024]], "class": 5}