{"image": "8e25f4f3-6b46-11ee-9f0e-fcb3bc5cd112.jpg", "bboxes": [[0.25278048780487816, 0.4735609756097561, 0.30156097560975625, 0.5284390243902438], [0.13326829268292692, 0.5467317073170732, 0.16253658536585375, 0.5942926829268294], [0.09790243902439033, 0.551609756097561, 0.13326829268292692, 0.5930731707317074], [0.5186341463414633, 0.6406341463414635, 0.5442439024390244, 0.6638048780487805], [0.4991219512195121, 0.6369756097560976, 0.5210731707317072, 0.6638048780487805]], "class": 5}