{"image": "8e25f4f3-6b46-11ee-9f0e-fcb3bc5cd112.jpg", "bboxes": [[0.8027804878048781, 0.42156097560975603, 0.8515609756097563, 0.4764390243902439], [0.6832682926829269, 0.49473170731707317, 0.7125365853658537, 0.5422926829268293], [0.6479024390243904, 0.499609756097561, 0.6832682926829269, 0.5410731707317074]], "class": 3}