{"image": "8e25f4f3-6b46-11ee-9f0e-fcb3bc5cd112.jpg", "bboxes": [[0.3857804878048781, 0.45356097560975606, 0.43456097560975626, 0.5084390243902439], [0.2662682926829269, 0.5267317073170732, 0.29553658536585375, 0.5742926829268293], [0.23090243902439034, 0.531609756097561, 0.2662682926829269, 0.5730731707317074], [0.6516341463414633, 0.6206341463414635, 0.6772439024390244, 0.6438048780487805], [0.6321219512195121, 0.6169756097560977, 0.6540731707317072, 0.6438048780487805]], "class": 5}