{"image": "8e984227-759a-11ee-89df-fcb3bc5cd112.jpg", "bboxes": [[0.17963291139240528, 0.35813924050632906, 0.2555822784810127, 0.44674683544303795], [0.1087468354430382, 0.34548101265822784, 0.18722784810126586, 0.43535443037974686]], "class": 2}