{"image": "8e984227-759a-11ee-89df-fcb3bc5cd112.jpg", "bboxes": [[0.3064177215189873, 0.36313924050632906, 0.3823670886075947, 0.45174683544303795], [0.37477215189873414, 0.35048101265822784, 0.45325316455696174, 0.44035443037974686], [0.6355316455696203, 0.541620253164557, 0.6886962025316455, 0.611240506329114], [0.6848987341772151, 0.5428860759493671, 0.7507215189873417, 0.611240506329114]], "class": 4}