{"image": "8e984227-759a-11ee-89df-fcb3bc5cd112.jpg", "bboxes": [[0.2094177215189873, 0.3821392405063291, 0.28536708860759474, 0.47074683544303797], [0.27777215189873417, 0.36948101265822786, 0.35625316455696177, 0.4593544303797469], [0.5385316455696202, 0.560620253164557, 0.5916962025316456, 0.6302405063291139], [0.5878987341772152, 0.5618860759493671, 0.6537215189873418, 0.6302405063291139]], "class": 4}