{"image": "8e984227-759a-11ee-89df-fcb3bc5cd112.jpg", "bboxes": [[0.28463291139240526, 0.4081392405063291, 0.36058227848101276, 0.496746835443038], [0.2137468354430382, 0.3954810126582279, 0.29222784810126584, 0.4853544303797469], [0.0, 0.586620253164557, 0.031468354430379805, 0.6562405063291139]], "class": 3}