{"image": "8e984227-759a-11ee-89df-fcb3bc5cd112.jpg", "bboxes": [[0.16541772151898726, 0.517253164556962, 0.2413670886075947, 0.6058607594936709], [0.23377215189873413, 0.5286455696202531, 0.31225316455696184, 0.6185189873417721], [0.49453164556962015, 0.35775949367088605, 0.5476962025316455, 0.42737974683544305], [0.5438987341772151, 0.35775949367088605, 0.6097215189873417, 0.42611392405063286]], "class": 4}