{"image": "8e984227-759a-11ee-89df-fcb3bc5cd112.jpg", "bboxes": [[0.14463291139240528, 0.4141392405063291, 0.22058227848101272, 0.502746835443038], [0.07374683544303821, 0.4014810126582279, 0.15222784810126586, 0.4913544303797469]], "class": 2}