{"image": "8f46b6b8-759c-11ee-bc51-fcb3bc5cd112.jpg", "bboxes": [[0.9329367088607596, 0.5243037974683544, 0.9734430379746837, 0.5736708860759494], [0.9012911392405065, 0.5281012658227847, 0.9367341772151901, 0.5724050632911392], [0.8619622641509433, 0.4031132075471698, 0.8855471698113206, 0.425754716981132]], "class": 3}