{"image": "8f46b6b8-759c-11ee-bc51-fcb3bc5cd112.jpg", "bboxes": [[0.7499367088607596, 0.5813037974683545, 0.7904430379746836, 0.6306708860759493], [0.7182911392405065, 0.5851012658227848, 0.7537341772151901, 0.6294050632911392], [0.9980379746835445, 0.4964936708860759, 1.0, 0.5256075949367089], [0.8412264150943395, 0.48558490566037726, 0.8572641509433961, 0.5063396226415093], [0.8270754716981132, 0.48369811320754713, 0.8440566037735848, 0.5101132075471697], [0.6789622641509434, 0.4601132075471698, 0.7025471698113206, 0.482754716981132]], "class": 6}