{"image": "8f46b6b8-759c-11ee-bc51-fcb3bc5cd112.jpg", "bboxes": [[0.7169367088607597, 0.39932911392405057, 0.7574430379746836, 0.44869620253164555], [0.6852911392405064, 0.4005949367088608, 0.7207341772151902, 0.44489873417721526], [0.9814936708860762, 0.5056582278481013, 1.0, 0.5360379746835443], [0.9650379746835445, 0.5043924050632911, 0.9878227848101266, 0.5335063291139241], [0.8082264150943395, 0.5236603773584907, 0.8242641509433961, 0.5444150943396227], [0.7940754716981132, 0.5198867924528303, 0.8110566037735848, 0.546301886792453], [0.6459622641509434, 0.547245283018868, 0.6695471698113206, 0.5698867924528301]], "class": 7}