{"image": "8f46b6b8-759c-11ee-bc51-fcb3bc5cd112.jpg", "bboxes": [[0.3939367088607596, 0.37432911392405055, 0.43444303797468364, 0.4236962025316455], [0.3622911392405065, 0.3755949367088608, 0.3977341772151901, 0.41989873417721524], [0.6584936708860762, 0.4806582278481013, 0.6838101265822786, 0.5110379746835443], [0.6420379746835445, 0.47939240506329106, 0.6648227848101267, 0.508506329113924], [0.48522641509433945, 0.49866037735849067, 0.501264150943396, 0.5194150943396227], [0.47107547169811326, 0.4948867924528303, 0.4880566037735848, 0.5213018867924528], [0.32296226415094337, 0.522245283018868, 0.3465471698113206, 0.5448867924528302]], "class": 7}