{"image": "8f46b6b8-759c-11ee-bc51-fcb3bc5cd112.jpg", "bboxes": [[0.09355696202531638, 0.5703037974683545, 0.13406329113924043, 0.6196708860759494], [0.13026582278480991, 0.5741012658227848, 0.16570886075949354, 0.6184050632911392], [0.026735849056603866, 0.47458490566037725, 0.04277358490566052, 0.4953396226415094], [0.039943396226415184, 0.4726981132075471, 0.05692452830188677, 0.49911320754716976], [0.18145283018867941, 0.44911320754716977, 0.2050377358490566, 0.47175471698113197]], "class": 5}