{"image": "8f46b6b8-759c-11ee-bc51-fcb3bc5cd112.jpg", "bboxes": [[0.9289367088607596, 0.38632911392405056, 0.9694430379746837, 0.43569620253164554], [0.8972911392405065, 0.3875949367088608, 0.9327341772151901, 0.43189873417721525], [0.8579622641509433, 0.534245283018868, 0.8815471698113206, 0.5568867924528302]], "class": 3}