{"image": "8f46b6b8-759c-11ee-bc51-fcb3bc5cd112.jpg", "bboxes": [[0.4739367088607596, 0.5753037974683545, 0.5144430379746836, 0.6246708860759494], [0.4422911392405065, 0.5791012658227848, 0.4777341772151901, 0.6234050632911392], [0.7384936708860762, 0.4879620253164557, 0.7638101265822786, 0.5183417721518987], [0.7220379746835445, 0.4904936708860759, 0.7448227848101266, 0.5196075949367089], [0.5652264150943395, 0.47958490566037726, 0.5812641509433961, 0.5003396226415093], [0.5510754716981132, 0.4776981132075471, 0.5680566037735848, 0.5041132075471697], [0.4029622641509434, 0.4541132075471698, 0.4265471698113206, 0.476754716981132]], "class": 7}