{"image": "8f46b6b8-759c-11ee-bc51-fcb3bc5cd112.jpg", "bboxes": [[0.3979367088607596, 0.4353291139240506, 0.43844303797468365, 0.4846962025316456], [0.3662911392405065, 0.43659493670886085, 0.4017341772151901, 0.4808987341772153], [0.6624936708860761, 0.5416582278481012, 0.6878101265822786, 0.5720379746835442], [0.6460379746835445, 0.5403924050632911, 0.6688227848101267, 0.5695063291139241], [0.48922641509433945, 0.5596603773584906, 0.505264150943396, 0.5804150943396227], [0.47507547169811326, 0.5558867924528302, 0.4920566037735848, 0.5823018867924529], [0.32696226415094337, 0.583245283018868, 0.3505471698113206, 0.6058867924528302]], "class": 7}