{"image": "8f46b6b8-759c-11ee-bc51-fcb3bc5cd112.jpg", "bboxes": [[0.5535569620253163, 0.5463037974683544, 0.5940632911392404, 0.5956708860759494], [0.5902658227848099, 0.5501012658227847, 0.6257088607594935, 0.5944050632911392], [0.3041898734177214, 0.4589620253164557, 0.32950632911392386, 0.48934177215189867], [0.3231772151898733, 0.4614936708860759, 0.3459620253164556, 0.4906075949367089], [0.48673584905660394, 0.4505849056603773, 0.5027735849056605, 0.47133962264150936], [0.49994339622641515, 0.4486981132075471, 0.5169245283018868, 0.47511320754716974], [0.6414528301886794, 0.4251132075471698, 0.6650377358490567, 0.447754716981132]], "class": 7}