{"image": "910d57b4-759a-11ee-b35b-fcb3bc5cd112.jpg", "bboxes": [[0.419873417721519, 0.583746835443038, 0.46924050632911385, 0.6521012658227847], [0.4591139240506328, 0.5761518987341772, 0.5224050632911392, 0.6419746835443038], [0.27177215189873416, 0.7014683544303797, 0.3160759493670886, 0.7470379746835443]], "class": 3}