{"image": "910d57b4-759a-11ee-b35b-fcb3bc5cd112.jpg", "bboxes": [[0.320873417721519, 0.590746835443038, 0.37024050632911387, 0.6591012658227848], [0.3601139240506328, 0.5831518987341772, 0.42340506329113914, 0.6489746835443038], [0.17277215189873418, 0.7084683544303798, 0.21707594936708863, 0.7540379746835443]], "class": 3}