{"image": "910d57b4-759a-11ee-b35b-fcb3bc5cd112.jpg", "bboxes": [[0.8957721518987342, 0.2329620253164557, 0.9400759493670886, 0.27853164556962023]], "class": 1}