{"image": "910d57b4-759a-11ee-b35b-fcb3bc5cd112.jpg", "bboxes": [[0.0, 0.2819620253164557, 0.04122784810126586, 0.3275316455696203]], "class": 1}