{"image": "910d57b4-759a-11ee-b35b-fcb3bc5cd112.jpg", "bboxes": [[0.0, 0.3698987341772152, 0.04312658227848101, 0.438253164556962], [0.0, 0.3800253164556962, 0.003886075949367182, 0.44584810126582286], [0.14692405063291142, 0.2749620253164557, 0.19122784810126586, 0.32053164556962027]], "class": 3}