{"image": "910d57b4-759a-11ee-b35b-fcb3bc5cd112.jpg", "bboxes": [[0.9447721518987341, 0.7234683544303797, 0.9890759493670885, 0.7690379746835443]], "class": 1}