{"image": "910d57b4-759a-11ee-b35b-fcb3bc5cd112.jpg", "bboxes": [[0.39187341772151896, 0.3378987341772152, 0.4412405063291138, 0.40625316455696203], [0.43111392405063287, 0.34802531645569623, 0.4944050632911392, 0.41384810126582283], [0.24377215189873414, 0.24296202531645572, 0.2880759493670886, 0.28853164556962024]], "class": 3}