{"image": "910d57b4-759a-11ee-b35b-fcb3bc5cd112.jpg", "bboxes": [[0.912873417721519, 0.3168987341772152, 0.9622405063291138, 0.385253164556962], [0.9521139240506328, 0.3270253164556962, 1.0, 0.3928481012658228], [0.7647721518987342, 0.2219620253164557, 0.8090759493670886, 0.2675316455696203]], "class": 3}