{"image": "91254e43-759c-11ee-88ee-fcb3bc5cd112.jpg", "bboxes": [[0.3355569620253165, 0.4644936708860759, 0.3672025316455697, 0.5100632911392405], [0.30264556962025324, 0.46575949367088604, 0.33808860759493675, 0.5075316455696202], [0.2634050632911393, 0.3936075949367088, 0.29125316455696215, 0.4227215189873418], [0.24441772151898744, 0.3974050632911392, 0.2697341772151899, 0.4201898734177215], [0.16973417721519002, 0.40373417721518984, 0.19758227848101273, 0.4315822784810126], [0.6963164556962025, 0.40373417721518984, 0.7266962025316457, 0.43411392405063287], [0.8001139240506332, 0.4265189873417721, 0.8317594936708863, 0.4619620253164557]], "class": 7}