{"image": "91254e43-759c-11ee-88ee-fcb3bc5cd112.jpg", "bboxes": [[0.7107974683544303, 0.48993670886075946, 0.7424430379746836, 0.5355063291139242], [0.7399113924050632, 0.49246835443037984, 0.7753544303797468, 0.534240506329114], [0.7867468354430378, 0.5772784810126582, 0.8145949367088607, 0.6063924050632912], [0.8082658227848101, 0.5798101265822785, 0.8335822784810125, 0.6025949367088608], [0.8804177215189872, 0.5684177215189874, 0.9082658227848099, 0.5962658227848101], [0.3513037974683544, 0.5658860759493671, 0.3816835443037975, 0.5962658227848101], [0.24624050632911376, 0.5380379746835443, 0.2778860759493669, 0.5734810126582279]], "class": 7}