{"image": "91254e43-759c-11ee-88ee-fcb3bc5cd112.jpg", "bboxes": [[0.5365569620253164, 0.5139367088607595, 0.5682025316455697, 0.5595063291139242], [0.5036455696202532, 0.5164683544303799, 0.5390886075949368, 0.5582405063291139], [0.4644050632911393, 0.6012784810126582, 0.4922531645569621, 0.6303924050632912], [0.44541772151898745, 0.6038101265822785, 0.4707341772151899, 0.6265949367088608], [0.37073417721519003, 0.5924177215189874, 0.39858227848101274, 0.6202658227848101], [0.8973164556962026, 0.5898860759493672, 0.9276962025316456, 0.6202658227848101]], "class": 6}