{"image": "91254e43-759c-11ee-88ee-fcb3bc5cd112.jpg", "bboxes": [[0.11555696202531647, 0.5079367088607595, 0.1472025316455697, 0.5535063291139242], [0.08264556962025324, 0.5104683544303799, 0.11808860759493678, 0.5522405063291139], [0.0434050632911393, 0.5952784810126582, 0.07125316455696214, 0.6243924050632912], [0.024417721518987436, 0.5978101265822785, 0.049734177215189905, 0.6205949367088608], [0.4763164556962025, 0.5838860759493671, 0.5066962025316457, 0.6142658227848101], [0.5801139240506331, 0.5560379746835442, 0.6117594936708863, 0.591481012658228], [0.8611265822784813, 0.4509746835443038, 0.9130253164556964, 0.513], [0.9066962025316456, 0.4345189873417721, 0.9649240506329115, 0.5092025316455696], [0.8927721518987344, 0.582620253164557, 0.9142911392405065, 0.6092025316455696], [0.9877088607594937, 0.5775569620253165, 1.0, 0.6092025316455696]], "class": 10}