{"image": "91254e43-759c-11ee-88ee-fcb3bc5cd112.jpg", "bboxes": [[0.32055696202531647, 0.4844936708860759, 0.3522025316455697, 0.5300632911392406], [0.2876455696202532, 0.48575949367088606, 0.3230886075949368, 0.5275316455696202], [0.2484050632911393, 0.41360759493670884, 0.27625316455696214, 0.44272151898734174], [0.22941772151898743, 0.41740506329113924, 0.2547341772151899, 0.44018987341772153], [0.15473417721519, 0.42373417721518986, 0.18258227848101274, 0.4515822784810126], [0.6813164556962025, 0.42373417721518986, 0.7116962025316457, 0.4541139240506329], [0.7851139240506332, 0.44651898734177214, 0.8167594936708863, 0.4819620253164557]], "class": 7}