{"image": "91254e43-759c-11ee-88ee-fcb3bc5cd112.jpg", "bboxes": [[0.46579746835443026, 0.45893670886075955, 0.4974430379746836, 0.5045063291139241], [0.4949113924050632, 0.4614683544303798, 0.5303544303797467, 0.5032405063291139], [0.5417468354430379, 0.5462784810126582, 0.5695949367088606, 0.5753924050632911], [0.5632658227848101, 0.5488101265822785, 0.5885822784810126, 0.5715949367088607], [0.6354177215189873, 0.5374177215189874, 0.66326582278481, 0.5652658227848102], [0.10630379746835428, 0.5348860759493671, 0.13668354430379748, 0.5652658227848102], [0.0012405063291137663, 0.5070379746835443, 0.03288607594936688, 0.5424810126582279]], "class": 7}