{"image": "91254e43-759c-11ee-88ee-fcb3bc5cd112.jpg", "bboxes": [[0.7037974683544304, 0.4514936708860759, 0.7354430379746835, 0.4970632911392405], [0.7329113924050632, 0.4527594936708861, 0.7683544303797467, 0.4945316455696202], [0.7797468354430379, 0.3806075949367088, 0.8075949367088607, 0.40972151898734177], [0.8012658227848101, 0.3844050632911392, 0.8265822784810126, 0.4071898734177215], [0.8734177215189873, 0.3907341772151898, 0.90126582278481, 0.41858227848101265], [0.3443037974683544, 0.3907341772151898, 0.37468354430379747, 0.42111392405063286], [0.23924050632911376, 0.4135189873417721, 0.27088607594936687, 0.4489620253164557]], "class": 7}