{"image": "93738102-6b43-11ee-9059-fcb3bc5cd112.jpg", "bboxes": [[0.6007317073170731, 0.279780487804878, 0.7275609756097561, 0.4127073170731707], [0.4848780487804877, 0.2736829268292683, 0.6031707317073169, 0.405390243902439], [0.7543902439024389, 0.20173170731707318, 0.8434146341463413, 0.29441463414634145], [0.2653658536585366, 0.1883170731707317, 0.3507317073170732, 0.28465853658536583], [0.18365853658536593, 0.1883170731707317, 0.26292682926829275, 0.2761219512195122], [0.021463414634146374, 0.15660975609756095, 0.06902439024390253, 0.2139268292682927], [0.07512195121951232, 0.15295121951219512, 0.13121951219512198, 0.21636585365853658]], "class": 7}