{"image": "93738102-6b43-11ee-9059-fcb3bc5cd112.jpg", "bboxes": [[0.0, 0.2636829268292683, 0.1131219512195123, 0.395390243902439], [0.24726829268292683, 0.1783170731707317, 0.3326341463414634, 0.2746585365853658], [0.3350731707317073, 0.1783170731707317, 0.41434146341463407, 0.2661219512195122], [0.5289756097560975, 0.14660975609756097, 0.5765365853658536, 0.2039268292682927], [0.466780487804878, 0.1429512195121951, 0.5228780487804877, 0.2063658536585366]], "class": 5}