{"image": "93738102-6b43-11ee-9059-fcb3bc5cd112.jpg", "bboxes": [[0.0, 0.565609756097561, 0.09312195121951228, 0.6973170731707317], [0.2272682926829268, 0.6863414634146342, 0.31263414634146336, 0.7826829268292683], [0.31507317073170726, 0.6948780487804878, 0.39434146341463405, 0.7826829268292683], [0.5089756097560975, 0.7570731707317073, 0.5565365853658536, 0.8143902439024391], [0.446780487804878, 0.7546341463414634, 0.5028780487804877, 0.8180487804878049]], "class": 5}