{"image": "93738102-6b43-11ee-9059-fcb3bc5cd112.jpg", "bboxes": [[0.5497317073170732, 0.6022926829268294, 0.676560975609756, 0.7352195121951219], [0.4338780487804877, 0.609609756097561, 0.5521707317073169, 0.7413170731707317], [0.7033902439024389, 0.7205853658536585, 0.7924146341463413, 0.8132682926829268], [0.21436585365853658, 0.7303414634146341, 0.2997317073170732, 0.8266829268292684], [0.13265853658536594, 0.7388780487804878, 0.21192682926829276, 0.8266829268292684], [0.0, 0.8010731707317074, 0.01802439024390253, 0.858390243902439], [0.02412195121951231, 0.7986341463414635, 0.08021951219512198, 0.8620487804878049]], "class": 7}