{"image": "93738102-6b43-11ee-9059-fcb3bc5cd112.jpg", "bboxes": [[0.9327317073170732, 0.280780487804878, 1.0, 0.4137073170731707], [0.8168780487804876, 0.2746829268292683, 0.9351707317073169, 0.406390243902439], [0.5973658536585366, 0.1893170731707317, 0.6827317073170732, 0.28565853658536583], [0.515658536585366, 0.1893170731707317, 0.5949268292682928, 0.2771219512195122], [0.3534634146341464, 0.15760975609756095, 0.4010243902439025, 0.21492682926829268], [0.40712195121951233, 0.15395121951219512, 0.463219512195122, 0.21736585365853658]], "class": 6}