{"image": "93738102-6b43-11ee-9059-fcb3bc5cd112.jpg", "bboxes": [[0.7837317073170732, 0.5622926829268293, 0.910560975609756, 0.6952195121951219], [0.6678780487804877, 0.569609756097561, 0.7861707317073169, 0.7013170731707317], [0.9373902439024389, 0.6805853658536586, 1.0, 0.7732682926829268], [0.4483658536585366, 0.6903414634146342, 0.5337317073170732, 0.7866829268292683], [0.36665853658536596, 0.6988780487804878, 0.44592682926829275, 0.7866829268292683], [0.20446341463414638, 0.7610731707317073, 0.25202439024390255, 0.8183902439024391], [0.2581219512195123, 0.7586341463414634, 0.31421951219512195, 0.8220487804878049]], "class": 7}