{"image": "93738102-6b43-11ee-9059-fcb3bc5cd112.jpg", "bboxes": [[0.0, 0.592609756097561, 0.08912195121951227, 0.7243170731707317], [0.2232682926829268, 0.7133414634146342, 0.30863414634146336, 0.8096829268292682], [0.31107317073170726, 0.7218780487804878, 0.39034146341463405, 0.8096829268292682], [0.5049756097560975, 0.7840731707317073, 0.5525365853658537, 0.841390243902439], [0.442780487804878, 0.7816341463414634, 0.4988780487804877, 0.8450487804878049]], "class": 5}