{"image": "93738102-6b43-11ee-9059-fcb3bc5cd112.jpg", "bboxes": [[0.9927317073170732, 0.5652926829268292, 1.0, 0.698219512195122], [0.8768780487804877, 0.5726097560975609, 0.995170731707317, 0.7043170731707318], [0.6573658536585366, 0.6933414634146342, 0.7427317073170732, 0.7896829268292683], [0.5756585365853659, 0.7018780487804879, 0.6549268292682927, 0.7896829268292683], [0.4134634146341464, 0.7640731707317073, 0.4610243902439025, 0.821390243902439], [0.46712195121951233, 0.7616341463414634, 0.523219512195122, 0.8250487804878048]], "class": 6}