{"image": "93738102-6b43-11ee-9059-fcb3bc5cd112.jpg", "bboxes": [[0.0, 0.334780487804878, 0.03226829268292686, 0.4677073170731707], [0.029829268292683064, 0.3286829268292683, 0.14812195121951233, 0.460390243902439], [0.28226829268292686, 0.2433170731707317, 0.3676341463414634, 0.3396585365853658], [0.3700731707317072, 0.2433170731707317, 0.4493414634146341, 0.3311219512195122], [0.5639756097560975, 0.21160975609756097, 0.6115365853658536, 0.2689268292682927], [0.5017804878048779, 0.2079512195121951, 0.5578780487804877, 0.2713658536585366]], "class": 6}