{"image": "93738102-6b43-11ee-9059-fcb3bc5cd112.jpg", "bboxes": [[0.0, 0.3026829268292683, 0.05712195121951236, 0.434390243902439], [0.19126829268292678, 0.2173170731707317, 0.27663414634146344, 0.3136585365853658], [0.27907317073170723, 0.2173170731707317, 0.358341463414634, 0.3051219512195122], [0.4729756097560974, 0.18560975609756097, 0.5205365853658537, 0.2429268292682927], [0.41078048780487797, 0.18195121951219512, 0.46687804878048766, 0.24536585365853658]], "class": 5}