{"image": "93738102-6b43-11ee-9059-fcb3bc5cd112.jpg", "bboxes": [[0.6517317073170732, 0.281780487804878, 0.778560975609756, 0.4147073170731707], [0.5358780487804877, 0.2756829268292683, 0.6541707317073169, 0.407390243902439], [0.8053902439024389, 0.20373170731707319, 0.8944146341463413, 0.29641463414634145], [0.3163658536585366, 0.1903170731707317, 0.4017317073170732, 0.28665853658536583], [0.23465853658536592, 0.1903170731707317, 0.31392682926829274, 0.2781219512195122], [0.07246341463414638, 0.15860975609756095, 0.12002439024390253, 0.21592682926829268], [0.1261219512195123, 0.15495121951219512, 0.18221951219512197, 0.21836585365853659]], "class": 7}