{"image": "93738102-6b43-11ee-9059-fcb3bc5cd112.jpg", "bboxes": [[0.7007317073170732, 0.273780487804878, 0.827560975609756, 0.4067073170731707], [0.5848780487804877, 0.2676829268292683, 0.7031707317073169, 0.399390243902439], [0.8543902439024389, 0.19573170731707318, 0.9434146341463413, 0.28841463414634144], [0.3653658536585366, 0.1823170731707317, 0.4507317073170732, 0.2786585365853658], [0.28365853658536594, 0.1823170731707317, 0.3629268292682927, 0.2701219512195122], [0.12146341463414638, 0.15060975609756097, 0.16902439024390253, 0.2079268292682927], [0.17512195121951232, 0.1469512195121951, 0.231219512195122, 0.2103658536585366]], "class": 7}