{"image": "93738102-6b43-11ee-9059-fcb3bc5cd112.jpg", "bboxes": [[0.2797317073170732, 0.263780487804878, 0.406560975609756, 0.3967073170731707], [0.1638780487804877, 0.2576829268292683, 0.28217073170731694, 0.38939024390243904], [0.4333902439024389, 0.1857317073170732, 0.5224146341463413, 0.27841463414634143], [0.0, 0.1723170731707317, 0.029731707317073187, 0.2686585365853658]], "class": 4}