{"image": "93738102-6b43-11ee-9059-fcb3bc5cd112.jpg", "bboxes": [[0.01943902439024392, 0.282780487804878, 0.14626829268292685, 0.4157073170731707], [0.14382926829268305, 0.2766829268292683, 0.2621219512195123, 0.408390243902439], [0.39626829268292685, 0.1913170731707317, 0.4816341463414634, 0.28765853658536583], [0.4840731707317073, 0.1913170731707317, 0.5633414634146341, 0.2791219512195122], [0.6779756097560975, 0.15960975609756095, 0.7255365853658536, 0.21692682926829268], [0.615780487804878, 0.15595121951219512, 0.6718780487804876, 0.21936585365853659]], "class": 6}