{"image": "93738102-6b43-11ee-9059-fcb3bc5cd112.jpg", "bboxes": [[0.11426829268292682, 0.7183414634146341, 0.19963414634146337, 0.8146829268292684], [0.20207317073170727, 0.7268780487804878, 0.28134146341463406, 0.8146829268292684], [0.39597560975609747, 0.7890731707317074, 0.4435365853658536, 0.846390243902439], [0.333780487804878, 0.7866341463414634, 0.3898780487804877, 0.8500487804878049]], "class": 4}