{"image": "94556777-759d-11ee-afc4-fcb3bc5cd112.jpg", "bboxes": [[0.4023584905660378, 0.46943396226415085, 0.42311320754716986, 0.499622641509434], [0.4202830188679245, 0.4684905660377358, 0.44669811320754726, 0.499622641509434], [0.4966981132075473, 0.4666037735849056, 0.5183962264150943, 0.49584905660377354], [0.5202830188679245, 0.46094339622641506, 0.5419811320754718, 0.490188679245283], [0.5466981132075472, 0.4590566037735848, 0.5646226415094341, 0.4892452830188679], [0.5627358490566037, 0.46283018867924525, 0.5825471698113208, 0.48641509433962254]], "class": 6}