{"image": "94556777-759d-11ee-afc4-fcb3bc5cd112.jpg", "bboxes": [[0.24435849056603776, 0.5193773584905661, 0.2651132075471698, 0.5495660377358491], [0.2622830188679245, 0.5193773584905661, 0.28869811320754735, 0.5505094339622643], [0.3386981132075473, 0.5231509433962265, 0.3603962264150944, 0.5523962264150943], [0.36228301886792447, 0.528811320754717, 0.3839811320754718, 0.5580566037735849], [0.3886981132075473, 0.5297547169811321, 0.40662264150943406, 0.5599433962264152], [0.40473584905660365, 0.5325849056603774, 0.4245471698113208, 0.5561698113207547]], "class": 6}