{"image": "94556777-759d-11ee-afc4-fcb3bc5cd112.jpg", "bboxes": [[0.23888679245283015, 0.45237735849056604, 0.25964150943396225, 0.48256603773584916], [0.2153018867924527, 0.45237735849056604, 0.2417169811320755, 0.4835094339622642], [0.14360377358490564, 0.4561509433962264, 0.1653018867924527, 0.4853962264150944], [0.12001886792452819, 0.461811320754717, 0.14171698113207548, 0.49105660377358495], [0.09737735849056593, 0.46275471698113213, 0.1153018867924527, 0.49294339622641514], [0.07945283018867917, 0.46558490566037747, 0.09926415094339631, 0.48916981132075477]], "class": 6}