{"image": "94556777-759d-11ee-afc4-fcb3bc5cd112.jpg", "bboxes": [[0.9900188679245282, 0.531811320754717, 1.0, 0.5610566037735849], [0.9673773584905659, 0.5327547169811321, 0.9853018867924527, 0.5629433962264152], [0.9494528301886792, 0.5355849056603774, 0.9692641509433964, 0.5591698113207548]], "class": 3}