{"image": "94556777-759d-11ee-afc4-fcb3bc5cd112.jpg", "bboxes": [[0.9438867924528301, 0.514377358490566, 0.9646415094339622, 0.5445660377358492], [0.9203018867924527, 0.514377358490566, 0.9467169811320755, 0.5455094339622641], [0.8486037735849057, 0.5181509433962265, 0.8703018867924527, 0.5473962264150943], [0.8250188679245282, 0.523811320754717, 0.8467169811320755, 0.5530566037735849], [0.8023773584905659, 0.5247547169811322, 0.8203018867924528, 0.5549433962264152], [0.7844528301886792, 0.5275849056603774, 0.8042641509433963, 0.5511698113207548]], "class": 6}