{"image": "94556777-759d-11ee-afc4-fcb3bc5cd112.jpg", "bboxes": [[0.7868867924528301, 0.4943773584905661, 0.8076415094339623, 0.5245660377358492], [0.7633018867924527, 0.4943773584905661, 0.7897169811320754, 0.5255094339622642], [0.6916037735849057, 0.49815094339622645, 0.7133018867924527, 0.5273962264150944], [0.6680188679245282, 0.503811320754717, 0.6897169811320755, 0.5330566037735849], [0.645377358490566, 0.5047547169811322, 0.6633018867924527, 0.5349433962264152], [0.6274528301886791, 0.5075849056603774, 0.6472641509433963, 0.5311698113207548]], "class": 6}