{"image": "94556777-759d-11ee-afc4-fcb3bc5cd112.jpg", "bboxes": [[0.31288679245283013, 0.46437735849056605, 0.33364150943396226, 0.4945660377358492], [0.2893018867924527, 0.46437735849056605, 0.31571698113207547, 0.4955094339622642], [0.21760377358490565, 0.4681509433962264, 0.2393018867924527, 0.4973962264150944], [0.1940188679245282, 0.473811320754717, 0.2157169811320755, 0.5030566037735849], [0.17137735849056593, 0.47475471698113214, 0.18930188679245272, 0.5049433962264152], [0.15345283018867917, 0.4775849056603775, 0.1732641509433963, 0.5011698113207548]], "class": 6}