{"image": "94556777-759d-11ee-afc4-fcb3bc5cd112.jpg", "bboxes": [[0.4288867924528301, 0.4984339622641509, 0.44964150943396225, 0.5286226415094339], [0.4053018867924527, 0.4974905660377358, 0.43171698113207546, 0.5286226415094339], [0.3336037735849056, 0.49560377358490565, 0.3553018867924527, 0.5248490566037736], [0.3100188679245282, 0.4899433962264151, 0.3317169811320755, 0.519188679245283], [0.28737735849056595, 0.4880566037735848, 0.3053018867924527, 0.5182452830188679], [0.26945283018867916, 0.4918301886792452, 0.2892641509433963, 0.5154150943396225]], "class": 6}