{"image": "94556777-759d-11ee-afc4-fcb3bc5cd112.jpg", "bboxes": [[0.7213584905660377, 0.47937735849056606, 0.7421132075471699, 0.5095660377358491], [0.7392830188679245, 0.47937735849056606, 0.7656981132075473, 0.5105094339622642], [0.8156981132075473, 0.48315094339622644, 0.8373962264150944, 0.5123962264150943], [0.8392830188679246, 0.488811320754717, 0.8609811320754718, 0.518056603773585], [0.8656981132075473, 0.48975471698113215, 0.883622641509434, 0.5199433962264152], [0.8817358490566036, 0.4925849056603775, 0.9015471698113209, 0.5161698113207548]], "class": 6}