{"image": "94556777-759d-11ee-afc4-fcb3bc5cd112.jpg", "bboxes": [[0.4878867924528302, 0.5173773584905661, 0.5086415094339622, 0.5475660377358491], [0.4643018867924527, 0.5173773584905661, 0.4907169811320755, 0.5485094339622643], [0.3926037735849056, 0.5211509433962265, 0.4143018867924527, 0.5503962264150943], [0.3690188679245282, 0.526811320754717, 0.3907169811320755, 0.5560566037735849], [0.34637735849056595, 0.5277547169811321, 0.3643018867924527, 0.5579433962264152], [0.32845283018867916, 0.5305849056603775, 0.3482641509433963, 0.5541698113207547]], "class": 6}