{"image": "94556777-759d-11ee-afc4-fcb3bc5cd112.jpg", "bboxes": [[0.49335849056603776, 0.45643396226415084, 0.5141132075471698, 0.48662264150943396], [0.5112830188679245, 0.4554905660377358, 0.5376981132075473, 0.48662264150943396], [0.5876981132075473, 0.4536037735849056, 0.6093962264150944, 0.48284905660377353], [0.6112830188679246, 0.4479433962264151, 0.6329811320754718, 0.47718867924528297], [0.6376981132075472, 0.4460566037735848, 0.6556226415094341, 0.47624528301886787], [0.6537358490566036, 0.44983018867924524, 0.6735471698113209, 0.47341509433962253]], "class": 6}