{"image": "955b3466-759c-11ee-aa04-fcb3bc5cd112.jpg", "bboxes": [[0.18796202531645556, 0.40853164556962024, 0.24112658227848083, 0.4743544303797469], [0.3601139240506327, 0.4541012658227848, 0.4221392405063291, 0.5224556962025316], [0.4132784810126582, 0.4578987341772152, 0.47150632911392376, 0.5199240506329116], [0.6639113924050632, 0.416126582278481, 0.7132784810126582, 0.4680253164556962], [0.7107468354430377, 0.4173924050632911, 0.7550506329113923, 0.4692911392405063], [0.9461898734177215, 0.4211898734177215, 1.0, 0.49713924050632907], [0.7791012658227846, 0.33764556962025316, 0.8284683544303797, 0.3971392405063291], [0.6234050632911392, 0.3591645569620253, 0.6550506329113923, 0.406], [0.652518987341772, 0.3578987341772152, 0.6917594936708858, 0.41359493670886077], [0.5044177215189873, 0.33131645569620255, 0.5423924050632911, 0.3616962025316455], [0.5588481012658226, 0.34777215189873417, 0.5980886075949365, 0.395873417721519]], "class": 11}