{"image": "955b3466-759c-11ee-aa04-fcb3bc5cd112.jpg", "bboxes": [[0.7907215189873418, 0.396126582278481, 0.8400886075949368, 0.4480253164556962], [0.7489493670886077, 0.3973924050632911, 0.7932531645569623, 0.4492911392405063], [0.4919873417721519, 0.4011898734177215, 0.5578101265822785, 0.4771392405063291], [0.4438860759493672, 0.41258227848101264, 0.49831645569620253, 0.475873417721519], [0.6755316455696203, 0.3176455696202532, 0.7248987341772154, 0.3771392405063291], [0.8489493670886077, 0.3391645569620253, 0.8805949367088608, 0.386], [0.8122405063291142, 0.3378987341772152, 0.8514810126582278, 0.39359493670886075], [0.9616075949367089, 0.31131645569620253, 0.9995822784810128, 0.34169620253164557], [0.9059113924050635, 0.3277721518987342, 0.9451518987341774, 0.375873417721519], [0.37806329113924053, 0.375873417721519, 0.4261645569620254, 0.43156962025316453]], "class": 10}