{"image": "955b3466-759c-11ee-aa04-fcb3bc5cd112.jpg", "bboxes": [[0.8197215189873418, 0.5159746835443038, 0.8690886075949368, 0.567873417721519], [0.7779493670886077, 0.5147088607594936, 0.8222531645569623, 0.5666075949367089], [0.5209873417721519, 0.4868607594936709, 0.5868101265822785, 0.5628101265822785], [0.47288607594936716, 0.48812658227848105, 0.5273164556962026, 0.5514177215189874], [0.7045316455696203, 0.5868607594936709, 0.7538987341772154, 0.6463544303797468], [0.8779493670886077, 0.5780000000000001, 0.9095949367088608, 0.6248354430379748], [0.8412405063291142, 0.5704050632911393, 0.8804810126582279, 0.6261012658227848], [0.9906075949367089, 0.6223037974683545, 1.0, 0.6526835443037975], [0.9349113924050635, 0.588126582278481, 0.9741518987341774, 0.6362278481012658], [0.4070632911392405, 0.5324303797468355, 0.45516455696202535, 0.588126582278481]], "class": 10}