{"image": "955b3466-759c-11ee-aa04-fcb3bc5cd112.jpg", "bboxes": [[0.9348607594936709, 0.44754430379746835, 0.9968860759493673, 0.5158987341772152], [0.8854936708860762, 0.4500759493670885, 0.9437215189873418, 0.5121012658227848], [0.6437215189873419, 0.5019746835443037, 0.6930886075949367, 0.553873417721519], [0.6019493670886077, 0.5007088607594936, 0.6462531645569622, 0.5526075949367089], [0.3449873417721519, 0.4728607594936709, 0.4108101265822785, 0.5488101265822785], [0.29688607594936717, 0.47412658227848103, 0.3513164556962025, 0.5374177215189874], [0.5285316455696203, 0.572860759493671, 0.5778987341772154, 0.6323544303797468], [0.7019493670886077, 0.5640000000000001, 0.7335949367088608, 0.6108354430379748], [0.6652405063291141, 0.5564050632911393, 0.7044810126582279, 0.6121012658227848], [0.8146075949367089, 0.6083037974683545, 0.8525822784810128, 0.6386835443037975], [0.7589113924050634, 0.574126582278481, 0.7981518987341774, 0.6222278481012657], [0.2310632911392405, 0.5184303797468355, 0.27916455696202536, 0.574126582278481]], "class": 12}