{"image": "955b3466-759c-11ee-aa04-fcb3bc5cd112.jpg", "bboxes": [[0.8987215189873419, 0.5099746835443038, 0.9480886075949367, 0.561873417721519], [0.8569493670886077, 0.5087088607594936, 0.9012531645569622, 0.5606075949367089], [0.599987341772152, 0.4808607594936709, 0.6658101265822784, 0.5568101265822785], [0.5518860759493672, 0.48212658227848104, 0.6063164556962025, 0.5454177215189874], [0.7835316455696203, 0.5808607594936709, 0.8328987341772154, 0.6403544303797468], [0.9569493670886077, 0.5720000000000001, 0.9885949367088608, 0.6188354430379748], [0.9202405063291141, 0.5644050632911393, 0.9594810126582278, 0.6201012658227848], [0.4860632911392405, 0.5264303797468355, 0.5341645569620254, 0.582126582278481]], "class": 8}