{"image": "955b3466-759c-11ee-aa04-fcb3bc5cd112.jpg", "bboxes": [[0.9338734177215192, 0.43353164556962026, 0.9870379746835445, 0.49935443037974686], [0.7528607594936709, 0.4791012658227848, 0.8148860759493674, 0.5474556962025316], [0.7034936708860762, 0.4828987341772152, 0.7617215189873419, 0.5449240506329115], [0.4617215189873418, 0.441126582278481, 0.5110886075949368, 0.4930253164556962], [0.4199493670886077, 0.4423924050632911, 0.46425316455696225, 0.4942911392405063], [0.16298734177215193, 0.44618987341772154, 0.22881012658227848, 0.5221392405063291], [0.11488607594936719, 0.4575822784810126, 0.16931645569620252, 0.520873417721519], [0.3465316455696203, 0.3626455696202532, 0.3958987341772154, 0.42213924050632906], [0.5199493670886077, 0.3841645569620253, 0.5515949367088608, 0.431], [0.4832405063291142, 0.3828987341772152, 0.5224810126582279, 0.43859493670886074], [0.6326075949367089, 0.3563164556962025, 0.6705822784810127, 0.38669620253164555], [0.5769113924050635, 0.3727721518987342, 0.6161518987341774, 0.420873417721519], [0.0490632911392405, 0.420873417721519, 0.09716455696202536, 0.4765696202531645]], "class": 13}