{"image": "9629598c-759d-11ee-a22f-fcb3bc5cd112.jpg", "bboxes": [[0.6530379746835443, 0.18740506329113926, 0.7175949367088608, 0.2582911392405064], [0.5872151898734178, 0.30006329113924046, 0.6391139240506329, 0.36841772151898733], [0.5150632911392407, 0.31778481012658233, 0.5732911392405063, 0.36968354430379746]], "class": 3}