{"image": "9629598c-759d-11ee-a22f-fcb3bc5cd112.jpg", "bboxes": [[0.03336708860759474, 0.8756835443037975, 0.13463291139240507, 0.9655569620253166], [0.4726075949367087, 0.811126582278481, 0.5384303797468353, 0.8858101265822785], [0.5295696202531645, 0.8073291139240507, 0.6055189873417721, 0.882012658227848], [0.4004556962025315, 0.7339113924050632, 0.4612151898734176, 0.7972025316455696], [0.5695130665577788, 0.9668227848101265, 0.6839999999999997, 1.0], [0.6789061380463338, 0.9744177215189873, 0.7877974683544303, 1.0], [0.7257721518987341, 0.7035316455696202, 0.7827341772151897, 0.7630253164556962]], "class": 7}