{"image": "9629598c-759d-11ee-a22f-fcb3bc5cd112.jpg", "bboxes": [[0.9673670886075949, 0.04544303797468341, 1.0, 0.13531645569620254], [0.5635696202531647, 0.12518987341772148, 0.6293924050632913, 0.199873417721519], [0.49648101265822786, 0.12898734177215188, 0.5724303797468355, 0.2036708860759493], [0.6407848101265824, 0.21379746835443036, 0.7015443037974685, 0.2770886075949368], [0.4180000000000002, 0.0, 0.5324869334422212, 0.04417721518987339], [0.3142025316455697, 0.0, 0.4230938619536662, 0.0365822784810127], [0.3192658227848103, 0.24797468354430385, 0.37622784810126586, 0.3074683544303798]], "class": 7}