{"image": "9629598c-759d-11ee-a22f-fcb3bc5cd112.jpg", "bboxes": [[0.5910379746835444, 0.20840506329113928, 0.6555949367088608, 0.2792911392405064], [0.5252151898734178, 0.3210632911392405, 0.5771139240506329, 0.38941772151898735], [0.4530632911392406, 0.33878481012658235, 0.5112911392405064, 0.3906835443037975]], "class": 3}