{"image": "9629598c-759d-11ee-a22f-fcb3bc5cd112.jpg", "bboxes": [[0.9562025316455697, 0.9904177215189872, 1.0, 1.0], [0.9612658227848103, 0.7195316455696202, 1.0, 0.7790253164556962], [0.5030379746835444, 0.7537088607594936, 0.5675949367088609, 0.8245949367088607], [0.4372151898734178, 0.6435822784810126, 0.4891139240506329, 0.7119367088607595], [0.36506329113924063, 0.6423164556962025, 0.4232911392405064, 0.6942151898734177]], "class": 5}