{"image": "9629598c-759d-11ee-a22f-fcb3bc5cd112.jpg", "bboxes": [[0.30740506329113915, 0.7537088607594936, 0.3719620253164556, 0.8245949367088607], [0.3858860759493671, 0.6435822784810126, 0.4377848101265822, 0.7119367088607595], [0.4517088607594937, 0.6423164556962025, 0.5099367088607594, 0.6942151898734177]], "class": 3}