{"image": "96776f7d-6b42-11ee-812d-fcb3bc5cd112.jpg", "bboxes": [[0.9678292682926829, 0.7233658536585366, 1.0, 0.7697073170731707]], "class": 1}