{"image": "96776f7d-6b42-11ee-812d-fcb3bc5cd112.jpg", "bboxes": [[0.979951219512195, 0.29329268292682925, 1.0, 0.3371951219512195], [0.9348292682926829, 0.29329268292682925, 0.9872682926829268, 0.3396341463414634]], "class": 2}