{"image": "96776f7d-6b42-11ee-812d-fcb3bc5cd112.jpg", "bboxes": [[0.0008048780487807106, 0.5647804878048781, 0.08617073170731715, 0.6391707317073171], [0.07519512195121958, 0.5538048780487805, 0.14470731707317075, 0.6220975609756098], [0.22885365853658546, 0.6538048780487805, 0.291048780487805, 0.6977073170731708], [0.2837317073170732, 0.6513658536585366, 0.33617073170731715, 0.6977073170731708]], "class": 4}