{"image": "96776f7d-6b42-11ee-812d-fcb3bc5cd112.jpg", "bboxes": [[0.17680487804878064, 0.3418292682926829, 0.2621707317073172, 0.41621951219512193], [0.2511951219512195, 0.35890243902439023, 0.3207073170731708, 0.4271951219512195], [0.4048536585365855, 0.28329268292682924, 0.46704878048780507, 0.3271951219512195], [0.45973170731707313, 0.28329268292682924, 0.5121707317073172, 0.32963414634146343]], "class": 4}