{"image": "96776f7d-6b42-11ee-812d-fcb3bc5cd112.jpg", "bboxes": [[0.2248048780487807, 0.6107804878048781, 0.3101707317073171, 0.685170731707317], [0.29919512195121956, 0.5998048780487806, 0.3687073170731707, 0.6680975609756098], [0.45285365853658555, 0.6998048780487804, 0.515048780487805, 0.7437073170731707], [0.5077317073170732, 0.6973658536585365, 0.5601707317073171, 0.7437073170731707]], "class": 4}