{"image": "96776f7d-6b42-11ee-812d-fcb3bc5cd112.jpg", "bboxes": [[0.0, 0.5678048780487805, 0.05570731707317078, 0.6360975609756098], [0.1398536585365855, 0.6678048780487804, 0.20204878048780506, 0.7117073170731707], [0.19473170731707323, 0.6653658536585366, 0.24717073170731718, 0.7117073170731707]], "class": 3}