{"image": "96776f7d-6b42-11ee-812d-fcb3bc5cd112.jpg", "bboxes": [[0.9358292682926829, 0.6357804878048781, 1.0, 0.7101707317073171], [0.8772926829268293, 0.6248048780487805, 0.9468048780487804, 0.6930975609756098], [0.730951219512195, 0.7248048780487806, 0.7931463414634145, 0.7687073170731707], [0.6858292682926829, 0.7223658536585367, 0.7382682926829268, 0.7687073170731707]], "class": 4}