{"image": "96776f7d-6b42-11ee-812d-fcb3bc5cd112.jpg", "bboxes": [[0.3568048780487807, 0.3278292682926829, 0.44217073170731713, 0.4022195121951219], [0.43119512195121956, 0.3449024390243902, 0.5007073170731708, 0.4131951219512195], [0.5848536585365856, 0.26929268292682923, 0.6470487804878051, 0.3131951219512195], [0.6397317073170732, 0.26929268292682923, 0.6921707317073171, 0.3156341463414634]], "class": 4}