{"image": "984522f9-759d-11ee-bc7c-fcb3bc5cd112.jpg", "bboxes": [[0.15203797468354419, 0.09687341772151903, 0.30646835443037956, 0.23991139240506332], [0.2950759493670885, 0.08168354430379743, 0.45710126582278465, 0.2538354430379748], [0.7178607594936707, 0.17408860759493683, 0.8279873417721517, 0.3057341772151899], [0.8216582278481013, 0.17155696202531645, 0.9419113924050633, 0.30700000000000005], [0.9684936708860759, 0.0, 1.0, 0.15130379746835443]], "class": 5}