{"image": "984522f9-759d-11ee-bc7c-fcb3bc5cd112.jpg", "bboxes": [[0.7275316455696205, 0.7350886075949367, 0.8819620253164557, 0.8781265822784811], [0.5768987341772154, 0.7211645569620252, 0.7389240506329116, 0.8933164556962025], [0.2060126582278483, 0.6692658227848101, 0.3161392405063293, 0.8009113924050633], [0.09208860759493677, 0.668, 0.21234177215189878, 0.8034430379746835], [0.0, 0.8236962025316455, 0.06550632911392415, 1.0]], "class": 5}