{"image": "984522f9-759d-11ee-bc7c-fcb3bc5cd112.jpg", "bboxes": [[0.8225316455696204, 0.7430886075949367, 0.9769620253164558, 0.886126582278481], [0.6718987341772154, 0.7291645569620252, 0.8339240506329115, 0.9013164556962026], [0.3010126582278483, 0.6772658227848101, 0.41113924050632933, 0.8089113924050633], [0.18708860759493678, 0.676, 0.3073417721518988, 0.8114430379746835], [0.0035443037974683877, 0.8316962025316456, 0.16050632911392415, 1.0]], "class": 5}