{"image": "984522f9-759d-11ee-bc7c-fcb3bc5cd112.jpg", "bboxes": [[0.20486075949367066, 0.7142658227848101, 0.3149873417721517, 0.8459113924050632], [0.30865822784810115, 0.713, 0.42891139240506326, 0.8484430379746836], [0.45549367088607584, 0.8686962025316456, 0.6124556962025316, 1.0]], "class": 3}