{"image": "984522f9-759d-11ee-bc7c-fcb3bc5cd112.jpg", "bboxes": [[0.9135316455696204, 0.10287341772151903, 1.0, 0.24591139240506332], [0.7628987341772153, 0.08768354430379743, 0.9249240506329115, 0.2598354430379748], [0.3920126582278483, 0.18008860759493672, 0.5021392405063293, 0.3117341772151899], [0.27808860759493675, 0.17755696202531646, 0.3983417721518988, 0.31299999999999994], [0.0945443037974684, 0.0, 0.2515063291139242, 0.15730379746835443]], "class": 5}