{"image": "984522f9-759d-11ee-bc7c-fcb3bc5cd112.jpg", "bboxes": [[0.0, 0.10987341772151904, 0.14846835443037953, 0.25291139240506333], [0.13707594936708845, 0.09468354430379744, 0.2991012658227846, 0.2668354430379748], [0.5598607594936706, 0.18708860759493673, 0.6699873417721517, 0.31873417721518993], [0.6636582278481011, 0.18455696202531646, 0.7839113924050632, 0.31999999999999995], [0.8104936708860758, 0.0, 0.9674556962025316, 0.16430379746835444]], "class": 5}