{"image": "984522f9-759d-11ee-bc7c-fcb3bc5cd112.jpg", "bboxes": [[0.15186075949367073, 0.7242658227848101, 0.26198734177215166, 0.8559113924050632], [0.2556582278481012, 0.723, 0.3759113924050632, 0.8584430379746836], [0.4024936708860758, 0.8786962025316456, 0.5594556962025317, 1.0]], "class": 3}