{"image": "984522f9-759d-11ee-bc7c-fcb3bc5cd112.jpg", "bboxes": [[0.8300126582278483, 0.7002658227848101, 0.9401392405063294, 0.8319113924050632], [0.7160886075949368, 0.699, 0.8363417721518988, 0.8344430379746836], [0.5325443037974684, 0.8546962025316456, 0.6895063291139242, 1.0]], "class": 3}