{"image": "984522f9-759d-11ee-bc7c-fcb3bc5cd112.jpg", "bboxes": [[0.015860759493670717, 0.7272658227848101, 0.12598734177215165, 0.8589113924050632], [0.1196582278481012, 0.726, 0.2399113924050632, 0.8614430379746836], [0.2664936708860759, 0.8816962025316456, 0.42345569620253165, 1.0]], "class": 3}