{"image": "984522f9-759d-11ee-bc7c-fcb3bc5cd112.jpg", "bboxes": [[0.0, 0.19208860759493673, 0.02198734177215167, 0.32373417721518993], [0.015658227848101225, 0.18955696202531647, 0.13591139240506322, 0.32499999999999996], [0.1624936708860758, 0.0, 0.31945569620253156, 0.16930379746835444]], "class": 3}