{"image": "984522f9-759d-11ee-bc7c-fcb3bc5cd112.jpg", "bboxes": [[0.8940126582278483, 0.1330886075949368, 1.0, 0.2647341772151899], [0.7800886075949368, 0.13055696202531641, 0.9003417721518988, 0.266], [0.5965443037974684, 0.0, 0.7535063291139241, 0.11030379746835439]], "class": 3}