{"image": "984522f9-759d-11ee-bc7c-fcb3bc5cd112.jpg", "bboxes": [[0.6925316455696204, 0.7670886075949367, 0.8469620253164558, 0.910126582278481], [0.5418987341772153, 0.7531645569620252, 0.7039240506329115, 0.9253164556962026], [0.1710126582278483, 0.7012658227848101, 0.2811392405063293, 0.8329113924050632], [0.05708860759493677, 0.7, 0.1773417721518988, 0.8354430379746836], [0.0, 0.8556962025316456, 0.030506329113924154, 1.0]], "class": 5}