{"image": "99d6c1fe-759c-11ee-ae6e-fcb3bc5cd112.jpg", "bboxes": [[0.99375, 0.8690625000000001, 1.0, 0.8961458333333333], [0.6947916666666665, 0.8878125, 0.71875, 0.9117708333333333], [0.7145833333333332, 0.8815625, 0.740625, 0.9044791666666667], [0.49791666666666656, 0.9232291666666667, 0.5166666666666665, 0.9461458333333334], [0.5104166666666665, 0.9180208333333333, 0.5302083333333333, 0.9451041666666666]], "class": 5}