{"image": "99d6c1fe-759c-11ee-ae6e-fcb3bc5cd112.jpg", "bboxes": [[0.33741666666666675, 0.8170625, 0.35825, 0.8441458333333334], [0.317625, 0.8139375, 0.34366666666666673, 0.8462291666666667], [0.63325, 0.8358125000000001, 0.6572083333333335, 0.8597708333333334], [0.611375, 0.8295625, 0.6374166666666667, 0.8524791666666667], [0.8353333333333335, 0.8712291666666667, 0.8540833333333335, 0.8941458333333333], [0.8217916666666667, 0.8660208333333334, 0.8415833333333335, 0.8931041666666667]], "class": 6}