{"image": "99d6c1fe-759c-11ee-ae6e-fcb3bc5cd112.jpg", "bboxes": [[0.39241666666666675, 0.8010625, 0.41325, 0.8281458333333334], [0.372625, 0.7979375, 0.3986666666666667, 0.8302291666666667], [0.68825, 0.8198125, 0.7122083333333334, 0.8437708333333334], [0.666375, 0.8135625, 0.6924166666666668, 0.8364791666666667], [0.8903333333333335, 0.8552291666666667, 0.9090833333333335, 0.8781458333333334], [0.8767916666666667, 0.8500208333333333, 0.8965833333333335, 0.8771041666666667]], "class": 6}