{"image": "99d6c1fe-759c-11ee-ae6e-fcb3bc5cd112.jpg", "bboxes": [[0.85875, 0.8590625000000001, 0.8795833333333333, 0.8861458333333333], [0.8733333333333333, 0.8559375, 0.899375, 0.8882291666666666], [0.5597916666666665, 0.8778125, 0.58375, 0.9017708333333333], [0.5795833333333333, 0.8715625, 0.6056250000000001, 0.8944791666666667], [0.36291666666666655, 0.9132291666666666, 0.3816666666666665, 0.9361458333333333], [0.3754166666666665, 0.9080208333333334, 0.3952083333333333, 0.9351041666666666]], "class": 6}