{"image": "99d6c1fe-759c-11ee-ae6e-fcb3bc5cd112.jpg", "bboxes": [[0.2974166666666667, 0.8320625, 0.31825, 0.8591458333333333], [0.277625, 0.8289375, 0.30366666666666675, 0.8612291666666667], [0.59325, 0.8508125, 0.6172083333333335, 0.8747708333333333], [0.571375, 0.8445625, 0.5974166666666667, 0.8674791666666667], [0.7953333333333334, 0.8862291666666666, 0.8140833333333335, 0.9091458333333333], [0.7817916666666668, 0.8810208333333334, 0.8015833333333335, 0.9081041666666667]], "class": 6}