{"image": "99d6c1fe-759c-11ee-ae6e-fcb3bc5cd112.jpg", "bboxes": [[0.7864166666666668, 0.8050625, 0.80725, 0.8321458333333334], [0.766625, 0.8019375, 0.7926666666666667, 0.8342291666666667]], "class": 2}