{"image": "99d6c1fe-759c-11ee-ae6e-fcb3bc5cd112.jpg", "bboxes": [[0.8184166666666668, 0.8170625, 0.83925, 0.8441458333333334], [0.798625, 0.8139375, 0.8246666666666668, 0.8462291666666667]], "class": 2}