{"image": "99d6c1fe-759c-11ee-ae6e-fcb3bc5cd112.jpg", "bboxes": [[0.81975, 0.14885416666666665, 0.8405833333333332, 0.17593749999999997], [0.8343333333333333, 0.14677083333333332, 0.860375, 0.17906250000000004], [0.5207916666666665, 0.13322916666666665, 0.5447500000000001, 0.1571875], [0.5405833333333332, 0.14052083333333332, 0.5666249999999999, 0.1634375], [0.3239166666666665, 0.09885416666666666, 0.34266666666666656, 0.12177083333333331], [0.3364166666666665, 0.09989583333333331, 0.35620833333333324, 0.12697916666666667]], "class": 6}