{"image": "9a3a9779-759d-11ee-9dfb-fcb3bc5cd112.jpg", "bboxes": [[0.3360253164556962, 0.4656075949367089, 0.38792405063291135, 0.5124430379746835], [0.3853924050632911, 0.4706708860759494, 0.4372911392405062, 0.5213037974683544], [0.4600759493670886, 0.4618101265822785, 0.514506329113924, 0.5225696202531646], [0.5170379746835443, 0.4580126582278481, 0.5676708860759493, 0.5149746835443038], [0.6246329113924051, 0.4339620253164557, 0.6727341772151898, 0.4845949367088607], [0.663873417721519, 0.4288987341772152, 0.7069113924050632, 0.4833291139240506]], "class": 6}