{"image": "9a3a9779-759d-11ee-9dfb-fcb3bc5cd112.jpg", "bboxes": [[0.5710759493670887, 0.4625569620253165, 0.6229746835443037, 0.5093924050632911], [0.5217088607594937, 0.45369620253164555, 0.5736075949367089, 0.5043291139240507], [0.44449367088607594, 0.4524303797468354, 0.4989240506329114, 0.5131898734177215], [0.39132911392405073, 0.4600253164556962, 0.4419620253164558, 0.516987341772152], [0.2862658227848102, 0.4904050632911393, 0.33436708860759495, 0.5410379746835443], [0.2520886075949368, 0.49167088607594944, 0.295126582278481, 0.5461012658227848]], "class": 6}