{"image": "9a3a9779-759d-11ee-9dfb-fcb3bc5cd112.jpg", "bboxes": [[0.4630253164556962, 0.4576075949367089, 0.5149240506329114, 0.5044430379746835], [0.5123924050632911, 0.4626708860759494, 0.5642911392405063, 0.5133037974683544], [0.5870759493670885, 0.4538101265822785, 0.641506329113924, 0.5145696202531646], [0.6440379746835443, 0.4500126582278481, 0.6946708860759493, 0.5069746835443038], [0.7516329113924051, 0.4259620253164557, 0.7997341772151898, 0.4765949367088607], [0.790873417721519, 0.4208987341772152, 0.8339113924050632, 0.4753291139240506]], "class": 6}