{"image": "9a3a9779-759d-11ee-9dfb-fcb3bc5cd112.jpg", "bboxes": [[0.3070253164556963, 0.5106075949367089, 0.35892405063291133, 0.5574430379746835], [0.35639240506329106, 0.5156708860759494, 0.4082911392405063, 0.5663037974683545], [0.4310759493670886, 0.5068101265822785, 0.485506329113924, 0.5675696202531646], [0.48803797468354426, 0.5030126582278481, 0.5386708860759493, 0.5599746835443037], [0.595632911392405, 0.4789620253164557, 0.6437341772151898, 0.5295949367088607], [0.634873417721519, 0.47389873417721523, 0.6779113924050633, 0.5283291139240506]], "class": 6}