{"image": "9a3a9779-759d-11ee-9dfb-fcb3bc5cd112.jpg", "bboxes": [[0.0950759493670887, 0.5116075949367089, 0.14697468354430374, 0.5584430379746835], [0.04570886075949374, 0.5166708860759494, 0.0976075949367089, 0.5673037974683545], [0.0, 0.5078101265822785, 0.022924050632911416, 0.5685696202531646]], "class": 3}