{"image": "9c4f1755-759d-11ee-aff7-fcb3bc5cd112.jpg", "bboxes": [[0.9100886075949368, 0.33139240506329115, 1.0, 0.4541772151898734], [0.7594556962025317, 0.40481012658227844, 0.8569240506329115, 0.48962025316455693], [0.5581898734177216, 0.07443037974683542, 0.6999620253164558, 0.21240506329113928], [0.04932911392405072, 0.23518987341772146, 0.17337974683544313, 0.36936708860759493], [0.0, 0.25797468354430386, 0.055658227848101316, 0.3756962025316457], [0.2670506329113925, 0.509873417721519, 0.3442658227848103, 0.5807594936708861], [0.3480632911392406, 0.5111392405063291, 0.41388607594936727, 0.5769620253164557], [0.021481012658227883, 0.5541772151898734, 0.08603797468354435, 0.6212658227848101], [0.6100886075949368, 0.6579746835443038, 0.6619873417721519, 0.6972151898734178], [0.5986962025316457, 0.5250632911392406, 0.6556582278481015, 0.5718987341772153], [0.07337974683544303, 0.6554430379746835, 0.1303417721518988, 0.7010126582278481]], "class": 11}