{"image": "9c4f1755-759d-11ee-aff7-fcb3bc5cd112.jpg", "bboxes": [[0.9564556962025317, 0.5093797468354431, 1.0, 0.5941898734177216], [0.7551898734177216, 0.7865949367088607, 0.8969620253164557, 0.9245696202531646], [0.2463291139240507, 0.6296329113924051, 0.37037974683544317, 0.7638101265822785], [0.12354430379746839, 0.6233037974683543, 0.2526582278481013, 0.7410253164556961], [0.46405063291139254, 0.4182405063291139, 0.5412658227848103, 0.489126582278481], [0.5450632911392406, 0.4220379746835443, 0.6108860759493673, 0.4878607594936709], [0.2184810126582279, 0.37773417721518987, 0.28303797468354436, 0.44482278481012655], [0.1336708860759494, 0.38659493670886075, 0.19063291139240515, 0.45115189873417716], [0.8070886075949367, 0.30178481012658226, 0.858987341772152, 0.3410253164556962], [0.7956962025316456, 0.4271012658227848, 0.8526582278481014, 0.4739367088607595], [0.270379746835443, 0.2979873417721519, 0.3273417721518988, 0.3435569620253165]], "class": 11}