{"image": "9c4f1755-759d-11ee-aff7-fcb3bc5cd112.jpg", "bboxes": [[0.5883291139240507, 0.21318987341772155, 0.7123797468354431, 0.3473670886075949], [0.46554430379746836, 0.23597468354430384, 0.5946582278481013, 0.3536962025316457], [0.160481012658228, 0.3587594936708861, 0.24655696202531646, 0.4562278481012658], [0.08073417721519002, 0.37521518987341773, 0.16174683544303808, 0.4562278481012658], [0.8060506329113926, 0.48787341772151904, 0.8832658227848104, 0.5587594936708861], [0.8870632911392407, 0.48913924050632906, 0.9528860759493673, 0.5549620253164558], [0.5604810126582279, 0.5321772151898734, 0.6250379746835444, 0.5992658227848102], [0.4756708860759494, 0.5258481012658228, 0.5326329113924052, 0.5904050632911393], [0.25035443037974686, 0.5220506329113924, 0.3123797468354431, 0.5853417721518988], [0.18579746835443053, 0.5372405063291139, 0.24908860759493678, 0.5891392405063292], [0.612379746835443, 0.6334430379746836, 0.6693417721518988, 0.6790126582278481]], "class": 11}