{"image": "9c4f1755-759d-11ee-aff7-fcb3bc5cd112.jpg", "bboxes": [[0.01807594936708845, 0.5143797468354431, 0.11554430379746827, 0.5991898734177216], [0.1750379746835442, 0.7915949367088607, 0.31681012658227836, 0.9295696202531646], [0.7016202531645568, 0.6346329113924051, 0.8256708860759493, 0.7688101265822784], [0.8193417721518987, 0.6283037974683543, 0.9484556962025316, 0.7460253164556961], [0.5307341772151897, 0.4232405063291139, 0.6079493670886075, 0.494126582278481], [0.4611139240506327, 0.4270379746835443, 0.5269367088607594, 0.4928607594936709], [0.7889620253164557, 0.3827341772151898, 0.8535189873417721, 0.44982278481012655], [0.8813670886075948, 0.39159493670886075, 0.9383291139240506, 0.45615189873417716], [0.2130126582278481, 0.30678481012658226, 0.26491139240506323, 0.34602531645569623], [0.21934177215189854, 0.4321012658227848, 0.2763037974683543, 0.4789367088607595], [0.7446582278481012, 0.3029873417721519, 0.801620253164557, 0.34855696202531644]], "class": 11}