{"image": "9c4f1755-759d-11ee-aff7-fcb3bc5cd112.jpg", "bboxes": [[0.9494556962025317, 0.5023797468354431, 1.0, 0.5871898734177216], [0.7481898734177216, 0.7795949367088607, 0.8899620253164557, 0.9175696202531646], [0.2393291139240507, 0.6226329113924051, 0.36337974683544316, 0.7568101265822785], [0.11654430379746838, 0.6163037974683543, 0.24565822784810132, 0.7340253164556961], [0.45705063291139253, 0.41124050632911396, 0.5342658227848103, 0.482126582278481], [0.5380632911392407, 0.4150379746835443, 0.6038860759493673, 0.4808607594936709], [0.21148101265822788, 0.37073417721518986, 0.27603797468354435, 0.43782278481012654], [0.1266708860759494, 0.37959493670886074, 0.18363291139240517, 0.44415189873417715], [0.8000886075949368, 0.29478481012658225, 0.851987341772152, 0.3340253164556962], [0.7886962025316456, 0.4201012658227848, 0.8456582278481014, 0.4669367088607595], [0.263379746835443, 0.2909873417721519, 0.3203417721518988, 0.3365569620253165]], "class": 11}