{"image": "9c4f1755-759d-11ee-aff7-fcb3bc5cd112.jpg", "bboxes": [[0.5783291139240507, 0.675632911392405, 0.7023797468354431, 0.8098101265822785], [0.4555443037974684, 0.6693037974683543, 0.5846582278481013, 0.7870253164556962], [0.150481012658228, 0.5667721518987341, 0.23655696202531645, 0.6642405063291139], [0.07073417721519001, 0.5667721518987341, 0.1517468354430381, 0.6477848101265822], [0.7960506329113926, 0.46424050632911396, 0.8732658227848104, 0.535126582278481], [0.8770632911392406, 0.4680379746835443, 0.9428860759493672, 0.533860759493671], [0.5504810126582279, 0.42373417721518986, 0.6150379746835444, 0.4908227848101266], [0.4656708860759494, 0.43259493670886073, 0.5226329113924052, 0.49715189873417714], [0.24035443037974688, 0.43765822784810127, 0.30237974683544316, 0.5009493670886076], [0.17579746835443052, 0.43386075949367087, 0.23908860759493678, 0.48575949367088606], [0.602379746835443, 0.3439873417721519, 0.6593417721518988, 0.3895569620253165]], "class": 11}