{"image": "9c4f1755-759d-11ee-aff7-fcb3bc5cd112.jpg", "bboxes": [[0.5703291139240507, 0.22718987341772157, 0.6943797468354431, 0.3613670886075949], [0.4475443037974684, 0.24997468354430386, 0.5766582278481013, 0.3676962025316457], [0.142481012658228, 0.372759493670886, 0.22855696202531647, 0.47022784810126583], [0.06273417721519002, 0.38921518987341774, 0.1437468354430381, 0.47022784810126583], [0.7880506329113925, 0.5018734177215189, 0.8652658227848103, 0.5727594936708861], [0.8690632911392406, 0.5031392405063291, 0.9348860759493673, 0.5689620253164558], [0.5424810126582279, 0.5461772151898734, 0.6070379746835444, 0.6132658227848102], [0.4576708860759494, 0.5398481012658228, 0.5146329113924052, 0.6044050632911393], [0.23235443037974687, 0.5360506329113924, 0.29437974683544316, 0.5993417721518988], [0.16779746835443052, 0.5512405063291139, 0.23108860759493677, 0.6031392405063292], [0.594379746835443, 0.6474430379746836, 0.6513417721518988, 0.6930126582278481]], "class": 11}