{"image": "9c4f1755-759d-11ee-aff7-fcb3bc5cd112.jpg", "bboxes": [[0.0, 0.5508227848101266, 0.01791139240506323, 0.6736075949367089], [0.0710759493670885, 0.5153797468354431, 0.16854430379746832, 0.6001898734177216], [0.22803797468354425, 0.7925949367088607, 0.3698101265822784, 0.9305696202531646], [0.7546202531645568, 0.6356329113924051, 0.8786708860759493, 0.7698101265822784], [0.8723417721518987, 0.6293037974683543, 1.0, 0.7470253164556961], [0.5837341772151896, 0.4242405063291139, 0.6609493670886075, 0.495126582278481], [0.5141139240506327, 0.42803797468354426, 0.5799367088607594, 0.4938607594936709], [0.8419620253164557, 0.3837341772151898, 0.9065189873417722, 0.45082278481012655], [0.9343670886075949, 0.39259493670886075, 0.9913291139240507, 0.45715189873417716], [0.26601265822784803, 0.30778481012658226, 0.3179113924050633, 0.34702531645569623], [0.2723417721518986, 0.4331012658227848, 0.32930379746835436, 0.4799367088607595], [0.7976582278481013, 0.3039873417721519, 0.854620253164557, 0.34955696202531644]], "class": 12}