{"image": "9e2822ce-759c-11ee-bffd-fcb3bc5cd112.jpg", "bboxes": [[0.0, 0.5551012658227847, 0.01415189873417728, 0.6006708860759493], [0.3052911392405065, 0.5335822784810127, 0.3508607594936711, 0.5690253164556962], [0.26098734177215216, 0.527253164556962, 0.3128860759493673, 0.5715569620253165], [0.3293417721518988, 0.5943417721518988, 0.36731645569620264, 0.6247215189873417]], "class": 4}