{"image": "9e2822ce-759c-11ee-bffd-fcb3bc5cd112.jpg", "bboxes": [[0.5338481012658227, 0.5341012658227848, 0.5806835443037974, 0.5796708860759494], [0.5718227848101265, 0.5315696202531646, 0.6135949367088607, 0.5796708860759494], [0.646506329113924, 0.5581518987341771, 0.6844810126582277, 0.5885316455696202], [0.1971392405063288, 0.5125822784810126, 0.2427088607594935, 0.5480253164556962], [0.2351139240506327, 0.506253164556962, 0.28701265822784783, 0.5505569620253165], [0.1806835443037974, 0.5733417721518987, 0.21865822784810118, 0.6037215189873417], [0.9325822784810126, 0.5670126582278481, 0.9642278481012657, 0.5986582278481012]], "class": 7}