{"image": "9e2822ce-759c-11ee-bffd-fcb3bc5cd112.jpg", "bboxes": [[0.7168481012658228, 0.3793291139240506, 0.7636835443037975, 0.4248987341772152], [0.7548227848101265, 0.3793291139240506, 0.7965949367088607, 0.42743037974683545], [0.8295063291139241, 0.37046835443037973, 0.8674810126582277, 0.4008481012658228], [0.38013924050632886, 0.4109746835443038, 0.42570886075949355, 0.4464177215189874], [0.41811392405063275, 0.4084430379746835, 0.4700126582278479, 0.45274683544303795], [0.36368354430379735, 0.35527848101265824, 0.40165822784810123, 0.3856582278481013]], "class": 6}