{"image": "9e2822ce-759c-11ee-bffd-fcb3bc5cd112.jpg", "bboxes": [[0.2688481012658227, 0.5291012658227847, 0.3156835443037975, 0.5746708860759494], [0.3068227848101266, 0.5265696202531646, 0.34859493670886066, 0.5746708860759494], [0.381506329113924, 0.5531518987341771, 0.4194810126582278, 0.5835316455696202], [0.7384683544303796, 0.5620126582278482, 0.7777088607594935, 0.5961898734177216], [0.0, 0.501253164556962, 0.022012658227847814, 0.5455569620253164], [0.6675822784810126, 0.5620126582278482, 0.6992278481012657, 0.5936582278481013]], "class": 6}