{"image": "9e2822ce-759c-11ee-bffd-fcb3bc5cd112.jpg", "bboxes": [[0.5073164556962025, 0.4093291139240506, 0.5541518987341773, 0.4548987341772152], [0.4744050632911393, 0.4093291139240506, 0.5161772151898735, 0.4574303797468355], [0.4035189873417722, 0.40046835443037976, 0.44149367088607594, 0.43084810126582285], [0.045291139240506484, 0.3878101265822785, 0.08453164556962031, 0.42198734177215186], [0.8452911392405065, 0.4409746835443038, 0.8908607594936712, 0.47641772151898737], [0.8009873417721521, 0.43844303797468354, 0.8528860759493673, 0.482746835443038], [0.8693417721518988, 0.3852784810126582, 0.9073164556962027, 0.41565822784810125], [0.12377215189873425, 0.39034177215189875, 0.1554177215189874, 0.42198734177215186]], "class": 8}