{"image": "9e2822ce-759c-11ee-bffd-fcb3bc5cd112.jpg", "bboxes": [[0.7818481012658227, 0.4243291139240506, 0.8286835443037974, 0.4698987341772152], [0.8198227848101266, 0.4243291139240506, 0.8615949367088607, 0.47243037974683544], [0.894506329113924, 0.41546835443037977, 0.9324810126582278, 0.44584810126582286], [0.4451392405063289, 0.45597468354430376, 0.4907088607594935, 0.4914177215189874], [0.4831139240506327, 0.45344303797468355, 0.5350126582278478, 0.497746835443038], [0.4286835443037974, 0.4002784810126582, 0.4666582278481012, 0.43065822784810126]], "class": 6}