{"image": "9e2822ce-759c-11ee-bffd-fcb3bc5cd112.jpg", "bboxes": [[0.18829113924050647, 0.5425822784810126, 0.23386075949367113, 0.5780253164556962], [0.14398734177215214, 0.536253164556962, 0.1958860759493673, 0.5805569620253165], [0.21234177215189878, 0.6033417721518988, 0.25031645569620264, 0.6337215189873417]], "class": 3}