{"image": "9e2822ce-759c-11ee-bffd-fcb3bc5cd112.jpg", "bboxes": [[0.43531645569620253, 0.5181012658227848, 0.4821518987341773, 0.5636708860759494], [0.4024050632911393, 0.5155696202531646, 0.4441772151898734, 0.5636708860759494], [0.3315189873417722, 0.5421518987341771, 0.369493670886076, 0.5725316455696203], [0.0, 0.5510126582278481, 0.012531645569620308, 0.5851898734177214], [0.7732911392405065, 0.49658227848101266, 0.8188607594936711, 0.5320253164556963], [0.7289873417721522, 0.490253164556962, 0.7808860759493673, 0.5345569620253164], [0.7973417721518988, 0.5573417721518987, 0.8353164556962026, 0.5877215189873417], [0.05177215189873425, 0.5510126582278481, 0.08341772151898738, 0.5826582278481013]], "class": 8}