{"image": "9e2822ce-759c-11ee-bffd-fcb3bc5cd112.jpg", "bboxes": [[0.8788481012658227, 0.3973291139240506, 0.9256835443037975, 0.4428987341772152], [0.9168227848101266, 0.3973291139240506, 0.9585949367088606, 0.44543037974683547], [0.991506329113924, 0.38846835443037975, 1.0, 0.41884810126582284], [0.5421392405063288, 0.4289746835443038, 0.5877088607594936, 0.46441772151898736], [0.5801139240506328, 0.4264430379746835, 0.6320126582278478, 0.47074683544303797], [0.5256835443037974, 0.37327848101265826, 0.5636582278481013, 0.40365822784810124]], "class": 6}