{"image": "9e2822ce-759c-11ee-bffd-fcb3bc5cd112.jpg", "bboxes": [[0.7411392405063288, 0.46297468354430377, 0.7867088607594935, 0.4984177215189874], [0.7791139240506327, 0.46044303797468356, 0.8310126582278479, 0.504746835443038], [0.7246835443037973, 0.40727848101265823, 0.7626582278481012, 0.43765822784810127]], "class": 3}