{"image": "9e575fe4-6b42-11ee-ad8d-fcb3bc5cd112.jpg", "bboxes": [[0.910658536585366, 0.6294634146341465, 0.9618780487804877, 0.6745853658536586], [0.8728536585365854, 0.6258048780487805, 0.9143170731707317, 0.6709268292682926]], "class": 2}