{"image": "9e575fe4-6b42-11ee-ad8d-fcb3bc5cd112.jpg", "bboxes": [[0.5881219512195124, 0.6144634146341463, 0.6393414634146339, 0.6595853658536586], [0.6356829268292683, 0.6108048780487805, 0.6771463414634147, 0.6559268292682927]], "class": 2}