{"image": "9e575fe4-6b42-11ee-ad8d-fcb3bc5cd112.jpg", "bboxes": [[0.27612195121951233, 0.34441463414634144, 0.327341463414634, 0.3895365853658536], [0.32368292682926825, 0.3480731707317073, 0.3651463414634146, 0.39319512195121953]], "class": 2}