{"image": "9e575fe4-6b42-11ee-ad8d-fcb3bc5cd112.jpg", "bboxes": [[0.689658536585366, 0.3944146341463414, 0.7408780487804877, 0.4395365853658536], [0.6518536585365854, 0.3980731707317073, 0.6933170731707318, 0.4431951219512195]], "class": 2}