{"image": "9e575fe4-6b42-11ee-ad8d-fcb3bc5cd112.jpg", "bboxes": [[0.22465853658536605, 0.5594634146341464, 0.27587804878048766, 0.6045853658536586], [0.1868536585365854, 0.5558048780487805, 0.22831707317073177, 0.6009268292682928]], "class": 2}