{"image": "9e575fe4-6b42-11ee-ad8d-fcb3bc5cd112.jpg", "bboxes": [[0.17765853658536604, 0.3824146341463414, 0.22887804878048768, 0.42753658536585365], [0.13985365853658538, 0.3860731707317073, 0.18131707317073176, 0.4311951219512195]], "class": 2}