{"image": "9e575fe4-6b42-11ee-ad8d-fcb3bc5cd112.jpg", "bboxes": [[0.4671219512195123, 0.35141463414634144, 0.5183414634146339, 0.3965365853658536], [0.5146829268292683, 0.3550731707317073, 0.5561463414634147, 0.4001951219512195]], "class": 2}