{"image": "9e575fe4-6b42-11ee-ad8d-fcb3bc5cd112.jpg", "bboxes": [[0.19665853658536606, 0.6094634146341464, 0.2478780487804877, 0.6545853658536586], [0.1588536585365854, 0.6058048780487805, 0.20031707317073175, 0.6509268292682927]], "class": 2}