{"image": "9e575fe4-6b42-11ee-ad8d-fcb3bc5cd112.jpg", "bboxes": [[0.47865853658536606, 0.5984634146341463, 0.5298780487804877, 0.6435853658536586], [0.44085365853658537, 0.5948048780487805, 0.48231707317073175, 0.6399268292682927]], "class": 2}