{"image": "9e575fe4-6b42-11ee-ad8d-fcb3bc5cd112.jpg", "bboxes": [[0.07965853658536605, 0.3864146341463414, 0.1308780487804877, 0.4315365853658536], [0.04185365853658538, 0.39007317073170733, 0.08331707317073175, 0.4351951219512195]], "class": 2}