{"image": "9e575fe4-6b42-11ee-ad8d-fcb3bc5cd112.jpg", "bboxes": [[0.2581219512195123, 0.3934146341463414, 0.309341463414634, 0.4385365853658536], [0.30568292682926823, 0.3970731707317073, 0.3471463414634146, 0.4421951219512195]], "class": 2}