{"image": "9e575fe4-6b42-11ee-ad8d-fcb3bc5cd112.jpg", "bboxes": [[0.551658536585366, 0.6274634146341465, 0.6028780487804877, 0.6725853658536586], [0.5138536585365854, 0.6238048780487805, 0.5553170731707318, 0.6689268292682926]], "class": 2}