{"image": "9e61c4f5-759d-11ee-90a5-fcb3bc5cd112.jpg", "bboxes": [[0.3344050632911394, 0.44915189873417716, 0.4457974683544305, 0.5263670886075948], [0.15592405063291143, 0.27067088607594936, 0.22174683544303822, 0.34282278481012657]], "class": 2}