{"image": "9e61c4f5-759d-11ee-90a5-fcb3bc5cd112.jpg", "bboxes": [[0.0, 0.4126329113924052, 0.06559493670886063, 0.4898481012658228], [0.17825316455696183, 0.5961772151898734, 0.24407594936708854, 0.6683291139240506], [0.527620253164557, 0.7278227848101266, 0.5643291139240506, 0.7645316455696203], [0.5592658227848101, 0.7303544303797468, 0.6010379746835443, 0.7632658227848101], [0.7858481012658227, 0.6898481012658229, 0.8238227848101265, 0.7252911392405064], [0.8200253164556961, 0.6860506329113925, 0.8504050632911392, 0.7240253164556962], [0.7124303797468353, 0.7885822784810126, 0.7314177215189872, 0.8138987341772151], [0.7301518987341772, 0.7885822784810126, 0.7516708860759493, 0.8101012658227847], [0.7757215189873417, 0.7670632911392405, 0.8035696202531646, 0.7974430379746835]], "class": 9}