{"image": "9e61c4f5-759d-11ee-90a5-fcb3bc5cd112.jpg", "bboxes": [[0.5172025316455695, 0.46263291139240514, 0.6285949367088606, 0.5398481012658228], [0.7412531645569618, 0.6461772151898735, 0.8070759493670886, 0.7183291139240506]], "class": 2}