{"image": "9e61c4f5-759d-11ee-90a5-fcb3bc5cd112.jpg", "bboxes": [[0.6214050632911394, 0.4366329113924051, 0.7327974683544305, 0.5138481012658228], [0.4429240506329114, 0.6201772151898735, 0.5087468354430382, 0.6923291139240506], [0.12267088607594939, 0.7518227848101267, 0.15937974683544304, 0.7885316455696202], [0.08596202531645576, 0.7543544303797468, 0.1277341772151899, 0.7872658227848102]], "class": 4}