{"image": "9e61c4f5-759d-11ee-90a5-fcb3bc5cd112.jpg", "bboxes": [[0.7954050632911394, 0.48163291139240516, 0.9067974683544305, 0.5588481012658228], [0.6169240506329114, 0.6651772151898734, 0.6827468354430382, 0.7373291139240506], [0.2966708860759494, 0.7968227848101266, 0.333379746835443, 0.8335316455696202], [0.2599620253164558, 0.7993544303797468, 0.3017341772151899, 0.8322658227848101], [0.037177215189873436, 0.7588481012658228, 0.07515189873417734, 0.7942911392405063], [0.010594936708860815, 0.7550506329113924, 0.04097468354430384, 0.7930253164556962], [0.12958227848101272, 0.8575822784810126, 0.14856962025316467, 0.8828987341772152], [0.10932911392405072, 0.8575822784810126, 0.13084810126582283, 0.8791012658227848], [0.05743037974683546, 0.8360632911392405, 0.0852784810126583, 0.8664430379746835]], "class": 9}