{"image": "9e61c4f5-759d-11ee-90a5-fcb3bc5cd112.jpg", "bboxes": [[0.4844050632911394, 0.4881518987341772, 0.5957974683544305, 0.5653670886075949], [0.3059240506329114, 0.30967088607594934, 0.3717468354430382, 0.38182278481012655], [0.0, 0.2134683544303798, 0.02237974683544303, 0.2501772151898734]], "class": 3}