{"image": "9e61c4f5-759d-11ee-90a5-fcb3bc5cd112.jpg", "bboxes": [[0.08925316455696175, 0.6281772151898735, 0.15507594936708857, 0.7003291139240506], [0.438620253164557, 0.7598227848101267, 0.47532911392405064, 0.7965316455696202], [0.4702658227848101, 0.7623544303797468, 0.5120379746835442, 0.7952658227848101], [0.6968481012658226, 0.7218481012658228, 0.7348227848101265, 0.7572911392405063], [0.7310253164556961, 0.7180506329113925, 0.7614050632911392, 0.7560253164556963], [0.6234303797468354, 0.8205822784810126, 0.6424177215189872, 0.8458987341772152], [0.6411518987341771, 0.8205822784810126, 0.6626708860759493, 0.8421012658227848], [0.6867215189873417, 0.7990632911392405, 0.7145696202531646, 0.8294430379746834]], "class": 8}