{"image": "9e61c4f5-759d-11ee-90a5-fcb3bc5cd112.jpg", "bboxes": [[0.3752025316455695, 0.46863291139240515, 0.48659493670886056, 0.5458481012658228], [0.5992531645569619, 0.6521772151898735, 0.6650759493670886, 0.7243291139240506], [0.948620253164557, 0.7838227848101267, 0.9853291139240506, 0.8205316455696202], [0.9802658227848101, 0.7863544303797468, 1.0, 0.8192658227848101]], "class": 4}