{"image": "9e61c4f5-759d-11ee-90a5-fcb3bc5cd112.jpg", "bboxes": [[0.6804050632911394, 0.4396329113924051, 0.7917974683544305, 0.5168481012658228], [0.5019240506329115, 0.6231772151898735, 0.5677468354430382, 0.6953291139240507], [0.1816708860759494, 0.7548227848101267, 0.21837974683544303, 0.7915316455696202], [0.14496202531645577, 0.7573544303797468, 0.1867341772151899, 0.7902658227848101], [0.014582278481012735, 0.8155822784810126, 0.03356962025316466, 0.8408987341772152], [0.0, 0.8155822784810126, 0.015848101265822832, 0.8371012658227848]], "class": 6}