{"image": "9e61c4f5-759d-11ee-90a5-fcb3bc5cd112.jpg", "bboxes": [[0.4904050632911394, 0.4366329113924051, 0.6017974683544305, 0.5138481012658228], [0.3119240506329114, 0.6201772151898735, 0.3777468354430382, 0.6923291139240506], [0.0, 0.7518227848101267, 0.028379746835443028, 0.7885316455696202]], "class": 3}