{"image": "9e7cdc78-6b43-11ee-801d-fcb3bc5cd112.jpg", "bboxes": [[0.7022439024390243, 0.37802439024390244, 0.8010243902439025, 0.47924390243902437], [0.7790731707317073, 0.3560731707317073, 0.9120000000000001, 0.46095121951219514], [0.9217560975609757, 0.2231463414634146, 1.0, 0.312170731707317], [0.8327317073170731, 0.1829024390243902, 0.8912682926829268, 0.214609756097561], [0.6095609756097562, 0.237780487804878, 0.6778536585365854, 0.2865609756097561], [0.5449268292682927, 0.2341219512195122, 0.5924878048780488, 0.2987560975609756]], "class": 6}