{"image": "9e7cdc78-6b43-11ee-801d-fcb3bc5cd112.jpg", "bboxes": [[0.5989756097560974, 0.4967560975609756, 0.6977560975609756, 0.5979756097560975], [0.4879999999999999, 0.5150487804878048, 0.6209268292682926, 0.6199268292682927], [0.0, 0.6394390243902439, 0.08799999999999997, 0.7321219512195122], [0.06117073170731713, 0.6162682926829268, 0.19653658536585383, 0.712609756097561], [0.29775609756097565, 0.6833414634146342, 0.3989756097560976, 0.7723658536585366], [0.38921951219512196, 0.663829268292683, 0.47824390243902437, 0.7528536585365854], [0.5087317073170732, 0.761390243902439, 0.5672682926829269, 0.7930975609756098], [0.7221463414634146, 0.689439024390244, 0.7904390243902438, 0.738219512195122], [0.8075121951219513, 0.6772439024390244, 0.8550731707317072, 0.7418780487804878]], "class": 9}