{"image": "9e7cdc78-6b43-11ee-801d-fcb3bc5cd112.jpg", "bboxes": [[0.0, 0.5317560975609756, 2.439024390253053e-05, 0.6329756097560976], [0.0, 0.5500487804878048, 0.11100000000000011, 0.6549268292682927], [0.511, 0.6744390243902438, 0.6366097560975609, 0.7671219512195122], [0.40246341463414614, 0.6512682926829269, 0.5378292682926828, 0.747609756097561], [0.20002439024390242, 0.7183414634146341, 0.3012439024390244, 0.8073658536585365], [0.1207560975609756, 0.698829268292683, 0.209780487804878, 0.7878536585365854], [0.031731707317073185, 0.7963902439024391, 0.09026829268292681, 0.8280975609756098]], "class": 7}