{"image": "9e7cdc78-6b43-11ee-801d-fcb3bc5cd112.jpg", "bboxes": [[0.4359756097560975, 0.4747560975609756, 0.5347560975609755, 0.5759756097560975], [0.32499999999999984, 0.49304878048780487, 0.45792682926829265, 0.5979268292682927], [0.0, 0.5942682926829268, 0.0335365853658538, 0.690609756097561], [0.13475609756097562, 0.6613414634146342, 0.23597560975609755, 0.7503658536585366], [0.22621951219512193, 0.6418292682926829, 0.31524390243902445, 0.7308536585365855], [0.34573170731707314, 0.739390243902439, 0.40426829268292686, 0.7710975609756098], [0.5591463414634146, 0.6674390243902439, 0.6274390243902439, 0.716219512195122], [0.6445121951219512, 0.6552439024390244, 0.6920731707317073, 0.7198780487804878]], "class": 8}