{"image": "9e7cdc78-6b43-11ee-801d-fcb3bc5cd112.jpg", "bboxes": [[0.023243902439024397, 0.3990243902439024, 0.12202439024390253, 0.5002439024390244], [0.10007317073170736, 0.3770731707317073, 0.23300000000000012, 0.48195121951219516], [0.633, 0.2648780487804878, 0.7586097560975609, 0.3575609756097561], [0.5244634146341461, 0.284390243902439, 0.6598292682926828, 0.3807317073170731], [0.3220243902439024, 0.22463414634146345, 0.4232439024390244, 0.3136585365853658], [0.2427560975609756, 0.2441463414634146, 0.331780487804878, 0.33317073170731704], [0.1537317073170732, 0.20390243902439023, 0.21226829268292682, 0.235609756097561]], "class": 7}