{"image": "9e7cdc78-6b43-11ee-801d-fcb3bc5cd112.jpg", "bboxes": [[0.14097560975609746, 0.3530243902439024, 0.2397560975609756, 0.4542439024390244], [0.029999999999999916, 0.33107317073170733, 0.1629268292682926, 0.4359512195121952], [0.0, 0.19814634146341462, 0.020243902439024408, 0.28717073170731705], [0.050731707317073216, 0.15790243902439022, 0.10926829268292682, 0.18960975609756098], [0.26414634146341465, 0.21278048780487802, 0.33243902439024386, 0.2615609756097561], [0.3495121951219512, 0.2091219512195122, 0.3970731707317072, 0.27375609756097563]], "class": 6}