{"image": "9e7cdc78-6b43-11ee-801d-fcb3bc5cd112.jpg", "bboxes": [[0.5679756097560975, 0.37102439024390244, 0.6667560975609756, 0.4722439024390244], [0.45699999999999985, 0.3490731707317073, 0.5899268292682927, 0.4539512195121952], [0.0, 0.2368780487804878, 0.05700000000000005, 0.3295609756097561], [0.0301707317073171, 0.25639024390243903, 0.1655365853658538, 0.35273170731707315], [0.2667560975609756, 0.19663414634146342, 0.36797560975609755, 0.28565853658536583], [0.35821951219512194, 0.2161463414634146, 0.44724390243902434, 0.305170731707317], [0.47773170731707315, 0.1759024390243902, 0.5362682926829268, 0.207609756097561], [0.6911463414634147, 0.23078048780487803, 0.7594390243902438, 0.2795609756097561], [0.7765121951219512, 0.2271219512195122, 0.8240731707317073, 0.2917560975609756]], "class": 9}