{"image": "9e7cdc78-6b43-11ee-801d-fcb3bc5cd112.jpg", "bboxes": [[0.1992439024390244, 0.37702439024390244, 0.29802439024390254, 0.47824390243902437], [0.27607317073170734, 0.3550731707317073, 0.40900000000000014, 0.45995121951219514], [0.809, 0.2428780487804878, 0.9346097560975609, 0.3355609756097561], [0.7004634146341462, 0.26239024390243904, 0.8358292682926829, 0.35873170731707316], [0.49802439024390244, 0.20263414634146343, 0.5992439024390244, 0.29165853658536584], [0.4187560975609756, 0.2221463414634146, 0.5077804878048781, 0.311170731707317], [0.3297317073170732, 0.1819024390243902, 0.3882682926829268, 0.213609756097561], [0.10656097560975615, 0.236780487804878, 0.17485365853658538, 0.2855609756097561], [0.04192682926829275, 0.2331219512195122, 0.08948780487804879, 0.2977560975609756]], "class": 9}