{"image": "9e7cdc78-6b43-11ee-801d-fcb3bc5cd112.jpg", "bboxes": [[0.7742439024390244, 0.4897560975609756, 0.8730243902439025, 0.5909756097560976], [0.8510731707317074, 0.5080487804878049, 0.9840000000000001, 0.6129268292682927], [0.9937560975609756, 0.656829268292683, 1.0, 0.7458536585365854], [0.9047317073170732, 0.754390243902439, 0.9632682926829268, 0.7860975609756098], [0.6815609756097561, 0.6824390243902438, 0.7498536585365854, 0.7312195121951219], [0.6169268292682928, 0.6702439024390243, 0.6644878048780488, 0.7348780487804878]], "class": 6}