{"image": "9e7cdc78-6b43-11ee-801d-fcb3bc5cd112.jpg", "bboxes": [[0.21297560975609742, 0.4030243902439024, 0.31175609756097555, 0.5042439024390244], [0.10199999999999987, 0.3810731707317073, 0.23492682926829267, 0.48595121951219516], [0.0, 0.22863414634146342, 0.012975609756097573, 0.3176585365853658], [0.003219512195121954, 0.2481463414634146, 0.09224390243902436, 0.33717073170731704], [0.12273170731707317, 0.2079024390243902, 0.18126829268292677, 0.239609756097561], [0.3361463414634146, 0.262780487804878, 0.4044390243902438, 0.3115609756097561], [0.42151219512195126, 0.2591219512195122, 0.4690731707317073, 0.3237560975609756]], "class": 7}