{"image": "a228023f-759c-11ee-84e7-fcb3bc5cd112.jpg", "bboxes": [[0.0, 0.39187341772151896, 0.027949367088607513, 0.46149367088607596], [0.36339240506329107, 0.4399746835443038, 0.4304810126582278, 0.481746835443038], [0.010227848101265646, 0.5665569620253165, 0.03554430379746831, 0.5931392405063292]], "class": 3}