{"image": "a228023f-759c-11ee-84e7-fcb3bc5cd112.jpg", "bboxes": [[0.3702151898734175, 0.4250759493670886, 0.42211392405063275, 0.48963291139240517], [0.4170506329113923, 0.428873417721519, 0.46894936708860746, 0.498493670886076], [0.8043924050632911, 0.47697468354430383, 0.8714810126582277, 0.518746835443038], [0.3423670886075947, 0.578240506329114, 0.3702151898734175, 0.6060886075949368], [0.36768354430379735, 0.5769746835443038, 0.3967974683544303, 0.6111518987341772], [0.4512278481012656, 0.6035569620253165, 0.47654430379746826, 0.6301392405063291], [0.4005949367088606, 0.6225443037974684, 0.4208481012658226, 0.6415316455696203], [0.15249367088607568, 0.6136835443037975, 0.1752784810126582, 0.6364683544303797], [0.17401265822784806, 0.6162151898734177, 0.19299999999999973, 0.6377341772151899], [0.27148101265822766, 0.6124177215189874, 0.29046835443037955, 0.6314050632911392], [0.28667088607594926, 0.6073544303797468, 0.3081898734177214, 0.6301392405063291]], "class": 11}