{"image": "a228023f-759c-11ee-84e7-fcb3bc5cd112.jpg", "bboxes": [[0.8318860759493673, 0.5373670886075949, 0.8837848101265824, 0.6019240506329114], [0.7850506329113925, 0.528506329113924, 0.8369493670886077, 0.598126582278481], [0.38251898734177225, 0.508253164556962, 0.4496075949367089, 0.5500253164556962], [0.8837848101265824, 0.42091139240506326, 0.9116329113924053, 0.4487594936708861], [0.8572025316455697, 0.41584810126582283, 0.8863164556962027, 0.4500253164556962], [0.7774556962025317, 0.39686075949367083, 0.8027721518987344, 0.4234430379746835], [0.8331518987341774, 0.38546835443037974, 0.8534050632911394, 0.40445569620253163], [0.9635316455696205, 0.39559493670886076, 0.9825189873417723, 0.41458227848101264], [0.9458101265822786, 0.39686075949367083, 0.9673291139240507, 0.4196455696202532]], "class": 9}