{"image": "a228023f-759c-11ee-84e7-fcb3bc5cd112.jpg", "bboxes": [[0.29621518987341755, 0.5223670886075948, 0.3481139240506327, 0.5869240506329114], [0.34305063291139226, 0.513506329113924, 0.3949493670886075, 0.583126582278481], [0.7303924050632911, 0.493253164556962, 0.7974810126582278, 0.5350253164556962], [0.26836708860759473, 0.4059113924050633, 0.29621518987341755, 0.43375949367088606], [0.2936835443037974, 0.4008481012658228, 0.32279746835443024, 0.4350253164556962], [0.37722784810126564, 0.3818607594936709, 0.4025443037974683, 0.4084430379746835], [0.32659493670886064, 0.37046835443037973, 0.34684810126582266, 0.3894556962025316], [0.07849367088607573, 0.37553164556962026, 0.10127848101265813, 0.3983164556962025], [0.1000126582278481, 0.3742658227848101, 0.11899999999999977, 0.3957848101265823], [0.1974810126582277, 0.38059493670886074, 0.2164683544303796, 0.39958227848101263], [0.2126708860759493, 0.3818607594936709, 0.23418987341772135, 0.40464556962025316]], "class": 11}