{"image": "a228023f-759c-11ee-84e7-fcb3bc5cd112.jpg", "bboxes": [[0.6428860759493673, 0.5343670886075949, 0.6947848101265824, 0.5989240506329114], [0.5960506329113925, 0.525506329113924, 0.6479493670886077, 0.595126582278481], [0.19351898734177223, 0.505253164556962, 0.2606075949367089, 0.5470253164556962], [0.6947848101265824, 0.4179113924050633, 0.7226329113924053, 0.4457594936708861], [0.6682025316455698, 0.41284810126582283, 0.6973164556962026, 0.4470253164556962], [0.5884556962025317, 0.39386075949367083, 0.6137721518987344, 0.4204430379746835], [0.6441518987341774, 0.38246835443037974, 0.6644050632911395, 0.40145569620253163], [0.8897215189873419, 0.3875316455696203, 0.9125063291139243, 0.4103164556962025], [0.8720000000000002, 0.3862658227848101, 0.8909873417721519, 0.4077848101265823], [0.7745316455696204, 0.39259493670886075, 0.7935189873417724, 0.41158227848101264], [0.7568101265822786, 0.39386075949367083, 0.7783291139240507, 0.4166455696202532]], "class": 11}