{"image": "a228023f-759c-11ee-84e7-fcb3bc5cd112.jpg", "bboxes": [[0.07821518987341758, 0.38207594936708855, 0.1301139240506327, 0.44663291139240513], [0.1250506329113923, 0.38587341772151895, 0.17694936708860742, 0.45549367088607595], [0.5123924050632911, 0.4339746835443038, 0.5794810126582277, 0.475746835443038], [0.05036708860759476, 0.5352405063291139, 0.07821518987341758, 0.5630886075949367], [0.07568354430379731, 0.5339746835443038, 0.10479746835443027, 0.5681518987341772], [0.15922784810126567, 0.5605569620253165, 0.18454430379746822, 0.5871392405063292], [0.10859493670886056, 0.5795443037974684, 0.12884810126582258, 0.5985316455696202], [0.0, 0.5643544303797468, 0.01618987341772138, 0.5871392405063292]], "class": 8}