{"image": "a2c70a11-759d-11ee-bfe6-fcb3bc5cd112.jpg", "bboxes": [[0.49739240506329124, 0.5905189873417721, 0.6657468354430383, 0.7310253164556961], [0.3872658227848102, 0.6133037974683543, 0.5113164556962025, 0.779126582278481], [0.0, 0.40064556962025316, 0.10751898734177223, 0.5525443037974684], [0.396126582278481, 0.3208987341772152, 0.475873417721519, 0.4019113924050633], [0.3125822784810127, 0.3259620253164557, 0.3973924050632912, 0.41077215189873423]], "class": 5}