{"image": "a2c70a11-759d-11ee-bfe6-fcb3bc5cd112.jpg", "bboxes": [[0.8732531645569618, 0.6165189873417721, 1.0, 0.7570253164556962]], "class": 1}