{"image": "a2c70a11-759d-11ee-bfe6-fcb3bc5cd112.jpg", "bboxes": [[0.0, 0.5875189873417721, 0.11474683544303821, 0.7280253164556961]], "class": 1}