{"image": "a2c70a11-759d-11ee-bfe6-fcb3bc5cd112.jpg", "bboxes": [[0.6253924050632912, 0.23297468354430384, 0.7937468354430383, 0.37348101265822786], [0.5152658227848103, 0.184873417721519, 0.6393164556962025, 0.3506962025316457], [0.1114683544303798, 0.41145569620253164, 0.23551898734177223, 0.5633544303797469], [0.00893670886075958, 0.4101898734177215, 0.10893670886075961, 0.564620253164557], [0.524126582278481, 0.5620886075949367, 0.603873417721519, 0.6431012658227848], [0.4405822784810127, 0.5532278481012658, 0.5253924050632912, 0.6380379746835443]], "class": 6}