{"image": "a2c70a11-759d-11ee-bfe6-fcb3bc5cd112.jpg", "bboxes": [[0.7943924050632912, 0.2779746835443039, 0.9627468354430382, 0.4184810126582279], [0.6842658227848102, 0.22987341772151904, 0.8083164556962025, 0.3956962025316456], [0.2804683544303798, 0.45645569620253157, 0.4045189873417722, 0.6083544303797468], [0.17793670886075957, 0.45518987341772155, 0.2779367088607596, 0.6096202531645569], [0.693126582278481, 0.6070886075949367, 0.772873417721519, 0.6881012658227847], [0.6095822784810128, 0.5982278481012657, 0.6943924050632913, 0.6830379746835442]], "class": 6}