{"image": "a2c70a11-759d-11ee-bfe6-fcb3bc5cd112.jpg", "bboxes": [[0.3002531645569618, 0.2009746835443038, 0.4686075949367088, 0.34148101265822783], [0.4546835443037974, 0.15287341772151897, 0.5787341772151897, 0.31869620253164566], [0.8584810126582277, 0.3794556962025316, 0.9825316455696202, 0.5313544303797468], [0.9850632911392404, 0.3781898734177215, 1.0, 0.532620253164557], [0.49012658227848105, 0.5300886075949367, 0.569873417721519, 0.6111012658227848], [0.5686075949367088, 0.5212278481012658, 0.6534177215189872, 0.6060379746835443]], "class": 6}