{"image": "a2c70a11-759d-11ee-bfe6-fcb3bc5cd112.jpg", "bboxes": [[0.2532531645569618, 0.26797468354430387, 0.42160759493670874, 0.4084810126582279], [0.4076835443037975, 0.21987341772151903, 0.5317341772151898, 0.3856962025316457], [0.8114810126582278, 0.44645569620253156, 0.9355316455696202, 0.5983544303797468], [0.9380632911392404, 0.44518987341772154, 1.0, 0.5996202531645569], [0.443126582278481, 0.5970886075949366, 0.522873417721519, 0.6781012658227847], [0.5216075949367087, 0.5882278481012657, 0.6064177215189872, 0.6730379746835443]], "class": 6}