{"image": "a2c70a11-759d-11ee-bfe6-fcb3bc5cd112.jpg", "bboxes": [[0.2902531645569618, 0.1979746835443038, 0.4586075949367088, 0.33848101265822783], [0.44468354430379753, 0.14987341772151896, 0.5687341772151897, 0.31569620253164565], [0.8484810126582277, 0.3764556962025316, 0.9725316455696202, 0.5283544303797468], [0.9750632911392404, 0.3751898734177215, 1.0, 0.529620253164557], [0.48012658227848104, 0.5270886075949367, 0.559873417721519, 0.6081012658227848], [0.5586075949367088, 0.5182278481012658, 0.6434177215189872, 0.6030379746835444]], "class": 6}