{"image": "a2c70a11-759d-11ee-bfe6-fcb3bc5cd112.jpg", "bboxes": [[0.7042531645569619, 0.2709746835443039, 0.8726075949367088, 0.4114810126582279], [0.8586835443037975, 0.22287341772151903, 0.9827341772151897, 0.3886962025316457], [0.894126582278481, 0.6000886075949368, 0.973873417721519, 0.6811012658227849], [0.9726075949367088, 0.5912278481012658, 1.0, 0.6760379746835443]], "class": 4}