{"image": "a3eba6df-6b44-11ee-87cf-fcb3bc5cd112.jpg", "bboxes": [[0.4009268292682925, 0.5135609756097561, 0.43507317073170726, 0.5501463414634147]], "class": 1}