{"image": "a3eba6df-6b44-11ee-87cf-fcb3bc5cd112.jpg", "bboxes": [[0.8829268292682928, 0.5355609756097561, 0.9170731707317075, 0.5721463414634146]], "class": 1}