{"image": "a3eba6df-6b44-11ee-87cf-fcb3bc5cd112.jpg", "bboxes": [[0.6749268292682927, 0.5535609756097561, 0.7090731707317075, 0.5901463414634146]], "class": 1}