{"image": "a3eba6df-6b44-11ee-87cf-fcb3bc5cd112.jpg", "bboxes": [[0.12492682926829275, 0.576560975609756, 0.15907317073170749, 0.6131463414634146]], "class": 1}