{"image": "a3eba6df-6b44-11ee-87cf-fcb3bc5cd112.jpg", "bboxes": [[0.19892682926829253, 0.4468536585365854, 0.2330731707317073, 0.4834390243902439]], "class": 1}