{"image": "a3eba6df-6b44-11ee-87cf-fcb3bc5cd112.jpg", "bboxes": [[0.7089268292682925, 0.5635609756097562, 0.7430731707317073, 0.6001463414634146]], "class": 1}