{"image": "a3eba6df-6b44-11ee-87cf-fcb3bc5cd112.jpg", "bboxes": [[0.8819268292682928, 0.5165609756097561, 0.9160731707317075, 0.5531463414634146]], "class": 1}