{"image": "a3eba6df-6b44-11ee-87cf-fcb3bc5cd112.jpg", "bboxes": [[0.7059268292682925, 0.558560975609756, 0.7400731707317072, 0.5951463414634146]], "class": 1}