{"image": "a3eba6df-6b44-11ee-87cf-fcb3bc5cd112.jpg", "bboxes": [[0.5369268292682927, 0.4148536585365854, 0.5710731707317075, 0.4514390243902439]], "class": 1}