{"image": "a3eba6df-6b44-11ee-87cf-fcb3bc5cd112.jpg", "bboxes": [[0.5079268292682926, 0.37985365853658537, 0.5420731707317072, 0.4164390243902439]], "class": 1}