{"image": "a3eba6df-6b44-11ee-87cf-fcb3bc5cd112.jpg", "bboxes": [[0.32092682926829275, 0.556560975609756, 0.35507317073170747, 0.5931463414634146]], "class": 1}