{"image": "a3eba6df-6b44-11ee-87cf-fcb3bc5cd112.jpg", "bboxes": [[0.6659268292682927, 0.43485365853658536, 0.7000731707317075, 0.4714390243902439]], "class": 1}