{"image": "a41dcd79-759c-11ee-8120-fcb3bc5cd112.jpg", "bboxes": [[0.5366329113924053, 0.5534430379746835, 0.5708101265822786, 0.5901518987341772], [0.5087848101265824, 0.5521772151898734, 0.5353670886075952, 0.5850886075949366]], "class": 2}