{"image": "a41dcd79-759c-11ee-8120-fcb3bc5cd112.jpg", "bboxes": [[0.5181898734177214, 0.42184810126582284, 0.5523670886075946, 0.4585569620253165], [0.5536329113924048, 0.4269113924050634, 0.5802151898734176, 0.4598227848101266]], "class": 2}