{"image": "a41dcd79-759c-11ee-8120-fcb3bc5cd112.jpg", "bboxes": [[0.5796329113924052, 0.49744303797468353, 0.6138101265822786, 0.5341518987341771], [0.5517848101265824, 0.49617721518987346, 0.5783670886075952, 0.5290886075949367]], "class": 2}