{"image": "a41dcd79-759c-11ee-8120-fcb3bc5cd112.jpg", "bboxes": [[0.5331898734177214, 0.4608481012658229, 0.5673670886075948, 0.4975569620253165], [0.5686329113924048, 0.4659113924050633, 0.5952151898734175, 0.49882278481012654]], "class": 2}