{"image": "a41dcd79-759c-11ee-8120-fcb3bc5cd112.jpg", "bboxes": [[0.6456329113924053, 0.41784810126582284, 0.6798101265822786, 0.4545569620253165], [0.6177848101265825, 0.42291139240506337, 0.6443670886075952, 0.4558227848101266]], "class": 2}