{"image": "a41dcd79-759c-11ee-8120-fcb3bc5cd112.jpg", "bboxes": [[0.27963291139240526, 0.5084430379746835, 0.3138101265822786, 0.5451518987341771], [0.25178481012658244, 0.5071772151898735, 0.2783670886075952, 0.5400886075949367]], "class": 2}