{"image": "a41dcd79-759c-11ee-8120-fcb3bc5cd112.jpg", "bboxes": [[0.11318987341772135, 0.45284810126582287, 0.14736708860759473, 0.4895569620253165], [0.14863291139240487, 0.4579113924050633, 0.17521518987341755, 0.49082278481012653]], "class": 2}