{"image": "a41dcd79-759c-11ee-8120-fcb3bc5cd112.jpg", "bboxes": [[0.6011898734177215, 0.3878481012658228, 0.6353670886075947, 0.42455696202531645], [0.6366329113924047, 0.39291139240506334, 0.6632151898734175, 0.4258227848101266]], "class": 2}