{"image": "a4a0188f-6b40-11ee-9cf9-fcb3bc5cd112.jpg", "bboxes": [[0.9124390243902437, 0.5800731707317074, 0.9660975609756096, 0.6593414634146342], [0.8331707317073171, 0.5093414634146342, 0.8843902439024389, 0.5569024390243902]], "class": 2}