{"image": "a4a0188f-6b40-11ee-9cf9-fcb3bc5cd112.jpg", "bboxes": [[0.9744390243902438, 0.3176585365853658, 1.0, 0.3969268292682926], [0.8951707317073171, 0.4200975609756098, 0.9463902439024389, 0.4676585365853658]], "class": 2}