{"image": "a4a0188f-6b40-11ee-9cf9-fcb3bc5cd112.jpg", "bboxes": [[0.993780487804878, 0.6378536585365854, 1.0, 0.7305365853658538], [0.8974390243902437, 0.6390731707317073, 0.9510975609756097, 0.7183414634146342], [0.8181707317073171, 0.5683414634146342, 0.8693902439024389, 0.6159024390243902]], "class": 3}