{"image": "a4a0188f-6b40-11ee-9cf9-fcb3bc5cd112.jpg", "bboxes": [[0.09304878048780507, 0.6088536585365854, 0.166219512195122, 0.7015365853658537], [0.20890243902439032, 0.6100731707317074, 0.2625609756097562, 0.6893414634146342], [0.2906097560975611, 0.5393414634146342, 0.3418292682926829, 0.5869024390243902]], "class": 3}