{"image": "a4a0188f-6b40-11ee-9cf9-fcb3bc5cd112.jpg", "bboxes": [[0.949780487804878, 0.28846341463414626, 1.0, 0.38114634146341464], [0.8534390243902438, 0.3006585365853658, 0.9070975609756097, 0.3799268292682927], [0.7741707317073171, 0.4030975609756098, 0.8253902439024389, 0.4506585365853658]], "class": 3}