{"image": "a4a0188f-6b40-11ee-9cf9-fcb3bc5cd112.jpg", "bboxes": [[0.622780487804878, 0.5978536585365853, 0.695951219512195, 0.6905365853658537], [0.5264390243902437, 0.5990731707317074, 0.5800975609756097, 0.6783414634146342], [0.44717073170731714, 0.5283414634146342, 0.4983902439024389, 0.5759024390243902]], "class": 3}