{"image": "a50f3c48-759d-11ee-802b-fcb3bc5cd112.jpg", "bboxes": [[0.27182278481012645, 0.737379746835443, 0.3591645569620252, 0.837379746835443], [0.3553670886075947, 0.7424430379746836, 0.4566329113924049, 0.8259873417721519], [0.6211898734177215, 0.586746835443038, 0.675620253164557, 0.6462405063291139], [0.6705569620253163, 0.586746835443038, 0.7249873417721517, 0.6449746835443038], [0.17815189873417714, 0.5234556962025316, 0.22878481012658225, 0.577886075949367], [0.22878481012658225, 0.5209240506329116, 0.27941772151898725, 0.5753544303797469], [0.34650632911392376, 0.49181012658227846, 0.3933417721518987, 0.557632911392405], [0.38827848101265816, 0.4943417721518987, 0.43891139240506327, 0.5513037974683545]], "class": 8}