{"image": "a50f3c48-759d-11ee-802b-fcb3bc5cd112.jpg", "bboxes": [[0.6308227848101264, 0.719379746835443, 0.7181645569620252, 0.819379746835443], [0.7143670886075948, 0.7244430379746836, 0.8156329113924049, 0.8079873417721519], [0.9801898734177215, 0.568746835443038, 1.0, 0.628240506329114], [0.5371518987341772, 0.5054556962025316, 0.5877848101265822, 0.5598860759493671], [0.5877848101265822, 0.5029240506329116, 0.6384177215189872, 0.5573544303797469], [0.7055063291139239, 0.4738101265822785, 0.7523417721518987, 0.5396329113924051], [0.7472784810126583, 0.47634177215189866, 0.7979113924050633, 0.5333037974683544]], "class": 7}