{"image": "a50f3c48-759d-11ee-802b-fcb3bc5cd112.jpg", "bboxes": [[0.44183544303797473, 0.17062025316455698, 0.5291772151898736, 0.27062025316455696], [0.3443670886075951, 0.18201265822784807, 0.4456329113924053, 0.2655569620253164], [0.12537974683544303, 0.3617594936708861, 0.1798101265822785, 0.42125316455696205], [0.0760126582278482, 0.36302531645569625, 0.13044303797468365, 0.42125316455696205], [0.5722151898734178, 0.430113924050633, 0.6228481012658228, 0.4845443037974684], [0.5215822784810127, 0.43264556962025313, 0.5722151898734178, 0.4870759493670884], [0.4076582278481013, 0.450367088607595, 0.4544936708860762, 0.5161898734177215], [0.3620886075949368, 0.45669620253164556, 0.41272151898734183, 0.5136582278481013]], "class": 8}