{"image": "a50f3c48-759d-11ee-802b-fcb3bc5cd112.jpg", "bboxes": [[0.0068227848101264366, 0.189620253164557, 0.09416455696202519, 0.289620253164557], [0.09036708860759468, 0.20101265822784808, 0.1916329113924049, 0.28455696202531644], [0.35618987341772157, 0.380759493670886, 0.41062025316455697, 0.44025316455696206], [0.4055569620253163, 0.38202531645569626, 0.45998734177215184, 0.44025316455696206], [0.0, 0.45164556962025315, 0.014417721518987237, 0.5060759493670886], [0.08150632911392386, 0.4693670886075949, 0.12834177215189868, 0.5351898734177215], [0.12327848101265815, 0.4756962025316456, 0.17391139240506326, 0.5326582278481014]], "class": 7}