{"image": "a50f3c48-759d-11ee-802b-fcb3bc5cd112.jpg", "bboxes": [[0.16083544303797476, 0.702379746835443, 0.24817721518987354, 0.802379746835443], [0.06336708860759506, 0.7074430379746836, 0.16463291139240527, 0.7909873417721519], [0.29121518987341777, 0.4884556962025316, 0.3418481012658228, 0.5428860759493671], [0.24058227848101274, 0.48592405063291155, 0.29121518987341777, 0.5403544303797468], [0.12665822784810132, 0.4568101265822785, 0.1734936708860762, 0.5226329113924051], [0.08108860759493677, 0.4593417721518987, 0.13172151898734183, 0.5163037974683544]], "class": 6}