{"image": "a50f3c48-759d-11ee-802b-fcb3bc5cd112.jpg", "bboxes": [[0.0, 0.733379746835443, 0.016164556962025234, 0.833379746835443], [0.012367088607594723, 0.7384430379746836, 0.11363291139240494, 0.8219873417721519], [0.2781898734177215, 0.582746835443038, 0.332620253164557, 0.6422405063291139], [0.32755696202531637, 0.582746835443038, 0.38198734177215177, 0.6409746835443038], [0.0035063291139237895, 0.48781012658227846, 0.05034177215189872, 0.553632911392405], [0.04527848101265819, 0.49034177215189867, 0.09591139240506319, 0.5473037974683544]], "class": 6}