{"image": "a50f3c48-759d-11ee-802b-fcb3bc5cd112.jpg", "bboxes": [[0.0, 0.7503797468354431, 0.020164556962025237, 0.850379746835443], [0.016367088607594726, 0.7554430379746835, 0.11763291139240495, 0.838987341772152], [0.2821898734177215, 0.599746835443038, 0.336620253164557, 0.6592405063291139], [0.33155696202531637, 0.599746835443038, 0.38598734177215177, 0.6579746835443038], [0.007506329113923793, 0.5048101265822785, 0.054341772151898726, 0.570632911392405], [0.04927848101265819, 0.5073417721518987, 0.09991139240506319, 0.5643037974683545]], "class": 6}