{"image": "a50f3c48-759d-11ee-802b-fcb3bc5cd112.jpg", "bboxes": [[0.6028354430379748, 0.690379746835443, 0.6901772151898735, 0.790379746835443], [0.505367088607595, 0.6954430379746835, 0.6066329113924053, 0.7789873417721519], [0.28637974683544304, 0.539746835443038, 0.3408101265822785, 0.599240506329114], [0.2370126582278482, 0.539746835443038, 0.2914430379746836, 0.5979746835443037], [0.7332151898734178, 0.4764556962025316, 0.7838481012658228, 0.5308860759493671], [0.6825822784810127, 0.47392405063291154, 0.7332151898734178, 0.5283544303797468], [0.5686582278481013, 0.4448101265822785, 0.6154936708860762, 0.5106329113924051], [0.5230886075949368, 0.4473417721518987, 0.5737215189873418, 0.5043037974683544]], "class": 8}