{"image": "a50f3c48-759d-11ee-802b-fcb3bc5cd112.jpg", "bboxes": [[0.3708354430379748, 0.691379746835443, 0.45817721518987353, 0.791379746835443], [0.27336708860759507, 0.6964430379746835, 0.3746329113924053, 0.7799873417721519], [0.05437974683544303, 0.540746835443038, 0.10881012658227848, 0.600240506329114], [0.005012658227848192, 0.540746835443038, 0.05944303797468365, 0.5989746835443037], [0.5012151898734177, 0.4774556962025316, 0.5518481012658228, 0.5318860759493671], [0.45058227848101273, 0.47492405063291154, 0.5012151898734177, 0.5293544303797468], [0.33665822784810134, 0.4458101265822785, 0.38349367088607617, 0.5116329113924051], [0.29108860759493677, 0.4483417721518987, 0.3417215189873418, 0.5053037974683544]], "class": 8}