{"image": "a50f3c48-759d-11ee-802b-fcb3bc5cd112.jpg", "bboxes": [[0.37982278481012643, 0.180620253164557, 0.4671645569620252, 0.28062025316455697], [0.4633670886075947, 0.19201265822784808, 0.5646329113924049, 0.27555696202531643], [0.7291898734177216, 0.371759493670886, 0.783620253164557, 0.43125316455696205], [0.7785569620253163, 0.37302531645569625, 0.8329873417721518, 0.43125316455696205], [0.2861518987341771, 0.4401139240506329, 0.33678481012658223, 0.4945443037974684], [0.33678481012658223, 0.44264556962025314, 0.38741772151898723, 0.49707594936708843], [0.45450632911392386, 0.4603670886075949, 0.5013417721518987, 0.5261898734177215], [0.49627848101265815, 0.46669620253164557, 0.5469113924050633, 0.5236582278481013]], "class": 8}