{"image": "a6094c05-759c-11ee-94d6-fcb3bc5cd112.jpg", "bboxes": [[0.6124556962025316, 0.27562025316455696, 0.6934683544303797, 0.3515696202531645], [0.7035949367088608, 0.2794177215189873, 0.7896708860759493, 0.3541012658227848], [0.856759493670886, 0.19840506329113927, 0.8808101265822784, 0.22118987341772153], [0.9985316455696202, 0.20600000000000002, 1.0, 0.22878481012658228]], "class": 4}