{"image": "a6094c05-759c-11ee-94d6-fcb3bc5cd112.jpg", "bboxes": [[0.7495443037974685, 0.4753291139240506, 0.9014430379746836, 0.6158354430379747], [0.8584050632911394, 0.44115189873417715, 0.9748607594936709, 0.5550759493670886], [0.0, 0.23862025316455698, 0.04954430379746839, 0.31456962025316454]], "class": 3}