{"image": "a6094c05-759c-11ee-94d6-fcb3bc5cd112.jpg", "bboxes": [[0.5634556962025317, 0.6764303797468354, 0.6444683544303798, 0.7523797468354431], [0.6545949367088607, 0.6738987341772151, 0.7406708860759492, 0.7485822784810127], [0.807759493670886, 0.8068101265822785, 0.8318101265822784, 0.8295949367088608], [0.9495316455696201, 0.7992151898734177, 0.9659873417721517, 0.822]], "class": 4}