{"image": "a6094c05-759c-11ee-94d6-fcb3bc5cd112.jpg", "bboxes": [[0.4964556962025316, 0.6444303797468355, 0.5774683544303797, 0.720379746835443], [0.5875949367088606, 0.6418987341772152, 0.6736708860759493, 0.7165822784810127], [0.7407594936708859, 0.7748101265822784, 0.7648101265822784, 0.7975949367088607], [0.8825316455696202, 0.7672151898734177, 0.8989873417721518, 0.79]], "class": 4}