{"image": "a6094c05-759c-11ee-94d6-fcb3bc5cd112.jpg", "bboxes": [[0.41455696202531633, 0.3331645569620254, 0.5664556962025316, 0.4736708860759494], [0.34113924050632904, 0.39392405063291147, 0.45759493670886053, 0.5078481012658229]], "class": 2}