{"image": "a6094c05-759c-11ee-94d6-fcb3bc5cd112.jpg", "bboxes": [[0.6424556962025316, 0.6904303797468354, 0.7234683544303797, 0.766379746835443], [0.7335949367088608, 0.6878987341772151, 0.8196708860759493, 0.7625822784810127], [0.8867594936708859, 0.8208101265822785, 0.9108101265822783, 0.8435949367088608]], "class": 3}