{"image": "a6094c05-759c-11ee-94d6-fcb3bc5cd112.jpg", "bboxes": [[0.2775316455696203, 0.6534303797468355, 0.3585443037974684, 0.729379746835443], [0.1813291139240507, 0.6508987341772152, 0.2674050632911393, 0.7255822784810126], [0.09018987341772162, 0.7838101265822784, 0.11424050632911406, 0.8065949367088607]], "class": 3}