{"image": "a6094c05-759c-11ee-94d6-fcb3bc5cd112.jpg", "bboxes": [[0.45045569620253156, 0.6904303797468354, 0.5314683544303798, 0.766379746835443], [0.5415949367088607, 0.6878987341772151, 0.6276708860759492, 0.7625822784810127], [0.694759493670886, 0.8208101265822785, 0.7188101265822784, 0.8435949367088608], [0.8365316455696201, 0.8132151898734177, 0.8529873417721517, 0.836]], "class": 4}