{"image": "a6094c05-759c-11ee-94d6-fcb3bc5cd112.jpg", "bboxes": [[0.3665316455696203, 0.6144303797468355, 0.4475443037974684, 0.690379746835443], [0.27032911392405073, 0.6118987341772152, 0.3564050632911393, 0.6865822784810127], [0.17918987341772163, 0.7448101265822784, 0.20324050632911406, 0.7675949367088607], [0.04501265822784822, 0.7372151898734177, 0.06146835443037983, 0.76]], "class": 4}