{"image": "a6094c05-759c-11ee-94d6-fcb3bc5cd112.jpg", "bboxes": [[0.4605443037974685, 0.3181645569620254, 0.6124430379746837, 0.4586708860759494], [0.5694050632911394, 0.37892405063291146, 0.6858607594936709, 0.4928481012658228]], "class": 2}