{"image": "a6094c05-759c-11ee-94d6-fcb3bc5cd112.jpg", "bboxes": [[0.39353164556962034, 0.6924303797468354, 0.47454430379746837, 0.768379746835443], [0.2973291139240507, 0.6898987341772151, 0.3834050632911393, 0.7645822784810127], [0.20618987341772163, 0.8228101265822785, 0.23024050632911405, 0.8455949367088608], [0.07201265822784822, 0.8152151898734177, 0.08846835443037983, 0.838]], "class": 4}