{"image": "a6094c05-759c-11ee-94d6-fcb3bc5cd112.jpg", "bboxes": [[0.6435443037974685, 0.5183291139240506, 0.7954430379746836, 0.6588354430379746], [0.7524050632911394, 0.4841518987341772, 0.8688607594936709, 0.5980759493670886]], "class": 2}