{"image": "a808a37a-759c-11ee-af70-fcb3bc5cd112.jpg", "bboxes": [[0.2197721518987341, 0.46874683544303797, 0.2817974683544303, 0.5257088607594937], [0.28686075949367085, 0.4624177215189874, 0.34129113924050625, 0.5193797468354431], [0.0007848101265822693, 0.648493670886076, 0.02863291139240487, 0.6814050632911393]], "class": 3}