{"image": "a808a37a-759c-11ee-af70-fcb3bc5cd112.jpg", "bboxes": [[0.1822025316455697, 0.4562911392405063, 0.24422784810126585, 0.513253164556962], [0.12270886075949375, 0.46262025316455696, 0.1771392405063292, 0.5195822784810126], [0.4657468354430382, 0.2980632911392405, 0.4999240506329115, 0.33224050632911395], [0.43536708860759515, 0.3005949367088608, 0.4632151898734178, 0.333506329113924], [0.6024556962025317, 0.27021518987341775, 0.6214430379746837, 0.303126582278481], [0.5860000000000002, 0.2752784810126582, 0.6037215189873418, 0.30565822784810126], [0.6353670886075952, 0.25755696202531647, 0.6581518987341773, 0.27907594936708857]], "class": 7}