{"image": "a808a37a-759c-11ee-af70-fcb3bc5cd112.jpg", "bboxes": [[0.0022025316455697064, 0.4262911392405063, 0.06422784810126586, 0.48325316455696204], [0.2857468354430382, 0.2680632911392405, 0.3199240506329115, 0.3022405063291139], [0.25536708860759516, 0.27059493670886076, 0.28321518987341776, 0.30350632911392406], [0.4224556962025317, 0.24021518987341772, 0.44144303797468365, 0.273126582278481], [0.40600000000000025, 0.24527848101265823, 0.42372151898734184, 0.2756582278481013], [0.45536708860759517, 0.22755696202531647, 0.4781518987341774, 0.24907594936708857]], "class": 6}