{"image": "a808a37a-759c-11ee-af70-fcb3bc5cd112.jpg", "bboxes": [[0.5522025316455698, 0.46674683544303797, 0.6142278481012658, 0.5237088607594937], [0.49270886075949377, 0.4604177215189874, 0.5471392405063292, 0.5173797468354431], [0.8357468354430382, 0.647759493670886, 0.8699240506329116, 0.6819367088607595], [0.8053670886075952, 0.646493670886076, 0.8332151898734178, 0.6794050632911393], [0.9724556962025317, 0.676873417721519, 0.9914430379746837, 0.7097848101265822], [0.9560000000000002, 0.6743417721518987, 0.9737215189873418, 0.7047215189873417]], "class": 6}