{"image": "a808a37a-759c-11ee-af70-fcb3bc5cd112.jpg", "bboxes": [[0.6222025316455697, 0.4632911392405063, 0.6842278481012659, 0.520253164556962], [0.5627088607594938, 0.46962025316455697, 0.6171392405063292, 0.5265822784810126], [0.9057468354430382, 0.3050632911392405, 0.9399240506329115, 0.33924050632911396], [0.8753670886075952, 0.30759493670886073, 0.9032151898734178, 0.34050632911392403]], "class": 4}