{"image": "a808a37a-759c-11ee-af70-fcb3bc5cd112.jpg", "bboxes": [[0.7600759493670884, 0.656759493670886, 0.7942531645569618, 0.6909367088607594], [0.7967848101265822, 0.6554936708860759, 0.8246329113924048, 0.6884050632911393], [0.6385569620253164, 0.685873417721519, 0.6575443037974682, 0.7187848101265824], [0.6562784810126582, 0.6833417721518987, 0.6739999999999997, 0.7137215189873418], [0.6018481012658226, 0.7099240506329114, 0.6246329113924048, 0.7314430379746835]], "class": 5}