{"image": "a808a37a-759c-11ee-af70-fcb3bc5cd112.jpg", "bboxes": [[0.2512025316455697, 0.46874683544303797, 0.31322784810126586, 0.5257088607594937], [0.19170886075949375, 0.4624177215189874, 0.2461392405063292, 0.5193797468354431], [0.5347468354430382, 0.649759493670886, 0.5689240506329115, 0.6839367088607595], [0.5043670886075952, 0.648493670886076, 0.5322151898734178, 0.6814050632911393], [0.6714556962025318, 0.678873417721519, 0.6904430379746836, 0.7117848101265822], [0.6550000000000002, 0.6763417721518987, 0.6727215189873418, 0.7067215189873417], [0.7043670886075952, 0.7029240506329114, 0.7271518987341774, 0.7244430379746836]], "class": 7}