{"image": "a808a37a-759c-11ee-af70-fcb3bc5cd112.jpg", "bboxes": [[0.017202531645569705, 0.510746835443038, 0.07922784810126586, 0.5677088607594937], [0.0, 0.5044177215189873, 0.012139240506329202, 0.561379746835443], [0.3007468354430382, 0.6917594936708861, 0.33492405063291153, 0.7259367088607596], [0.2703670886075952, 0.6904936708860759, 0.2982151898734178, 0.7234050632911393], [0.4374556962025317, 0.720873417721519, 0.45644303797468366, 0.7537848101265823], [0.4210000000000002, 0.7183417721518988, 0.4387215189873418, 0.7487215189873417], [0.4703670886075952, 0.7449240506329113, 0.4931518987341774, 0.7664430379746835]], "class": 7}