{"image": "a808a37a-759c-11ee-af70-fcb3bc5cd112.jpg", "bboxes": [[0.4022025316455697, 0.497746835443038, 0.4642278481012659, 0.5547088607594937], [0.34270886075949375, 0.4914177215189873, 0.3971392405063292, 0.548379746835443], [0.6857468354430382, 0.6787594936708861, 0.7199240506329115, 0.7129367088607594], [0.6553670886075952, 0.6774936708860759, 0.6832151898734178, 0.7104050632911392], [0.8224556962025317, 0.707873417721519, 0.8414430379746837, 0.7407848101265823], [0.8060000000000003, 0.7053417721518987, 0.8237215189873418, 0.7357215189873418], [0.8553670886075951, 0.7319240506329114, 0.8781518987341774, 0.7534430379746835]], "class": 7}