{"image": "aa1e4a59-759c-11ee-a647-fcb3bc5cd112.jpg", "bboxes": [[0.26924050632911367, 0.5719113924050633, 0.33126582278480987, 0.659253164556962], [0.3274683544303796, 0.5744430379746835, 0.3894936708860758, 0.6567215189873417], [0.17177215189873418, 0.4402658227848101, 0.21860759493670867, 0.49343037974683546], [0.05658227848101249, 0.389632911392405, 0.0958227848101264, 0.4225443037974683], [0.09075949367088587, 0.39469620253164556, 0.12873417721518965, 0.4238101265822785], [0.0, 0.35418987341772157, 0.02367088607594925, 0.389632911392405]], "class": 6}