{"image": "aa1e4a59-759c-11ee-a647-fcb3bc5cd112.jpg", "bboxes": [[0.9867341772151901, 0.392746835443038, 1.0, 0.48008860759493677], [0.9285063291139243, 0.3952784810126583, 0.9905316455696205, 0.4775569620253165]], "class": 2}