{"image": "aa1e4a59-759c-11ee-a647-fcb3bc5cd112.jpg", "bboxes": [[0.21724050632911374, 0.380746835443038, 0.2792658227848098, 0.46808860759493676], [0.27546835443037954, 0.38327848101265827, 0.33749367088607574, 0.4655569620253165], [0.11977215189873414, 0.5465696202531645, 0.16660759493670863, 0.5997341772151898], [0.004582278481012558, 0.6174556962025317, 0.04382278481012647, 0.650367088607595], [0.038759493670885825, 0.6161898734177216, 0.07673417721518971, 0.6453037974683544]], "class": 5}