{"image": "aa1e4a59-759c-11ee-a647-fcb3bc5cd112.jpg", "bboxes": [[0.0, 0.404746835443038, 0.06026582278480985, 0.4920886075949368], [0.056468354430379564, 0.4072784810126583, 0.11849367088607576, 0.4895569620253165]], "class": 2}