{"image": "aa1e4a59-759c-11ee-a647-fcb3bc5cd112.jpg", "bboxes": [[0.9987341772151901, 0.4969113924050632, 1.0, 0.584253164556962], [0.9405063291139243, 0.49944303797468353, 1.0, 0.5817215189873417]], "class": 2}