{"image": "aa1e4a59-759c-11ee-a647-fcb3bc5cd112.jpg", "bboxes": [[0.6242405063291137, 0.385746835443038, 0.6862658227848099, 0.47308860759493676], [0.6824683544303796, 0.38827848101265827, 0.7444936708860757, 0.4705569620253165], [0.5267721518987342, 0.5515696202531646, 0.5736075949367087, 0.60473417721519], [0.4115822784810125, 0.6224556962025316, 0.4508227848101265, 0.655367088607595], [0.44575949367088585, 0.6211898734177215, 0.48373417721518963, 0.6503037974683544], [0.3470253164556961, 0.655367088607595, 0.37867088607594923, 0.6908101265822784]], "class": 6}