{"image": "aa1e4a59-759c-11ee-a647-fcb3bc5cd112.jpg", "bboxes": [[0.9527341772151902, 0.5209113924050632, 1.0, 0.608253164556962], [0.8945063291139242, 0.5234430379746835, 0.9565316455696204, 0.6057215189873417]], "class": 2}