{"image": "aa1e4a59-759c-11ee-a647-fcb3bc5cd112.jpg", "bboxes": [[0.5512405063291137, 0.5379113924050632, 0.6132658227848098, 0.625253164556962], [0.6094683544303796, 0.5404430379746835, 0.6714936708860757, 0.6227215189873417], [0.4537721518987341, 0.4062658227848101, 0.5006075949367086, 0.4594303797468355], [0.3385822784810125, 0.35563291139240505, 0.37782278481012643, 0.38854430379746835], [0.3727594936708858, 0.3606962025316455, 0.4107341772151897, 0.3898101265822785], [0.27402531645569617, 0.3201898734177216, 0.3056708860759493, 0.35563291139240505]], "class": 6}