{"image": "aa1e4a59-759c-11ee-a647-fcb3bc5cd112.jpg", "bboxes": [[0.9827341772151901, 0.5309113924050632, 1.0, 0.618253164556962], [0.9245063291139243, 0.5334430379746835, 0.9865316455696205, 0.6157215189873417]], "class": 2}