{"image": "aa1e4a59-759c-11ee-a647-fcb3bc5cd112.jpg", "bboxes": [[0.7677341772151901, 0.5619113924050633, 0.8297594936708863, 0.649253164556962], [0.7095063291139243, 0.5644430379746835, 0.7715316455696204, 0.6467215189873418], [0.8803924050632913, 0.43026582278481007, 0.9272278481012659, 0.48343037974683545], [0.9702658227848103, 0.38469620253164555, 1.0, 0.4138101265822785]], "class": 4}