{"image": "aa1e4a59-759c-11ee-a647-fcb3bc5cd112.jpg", "bboxes": [[0.8857341772151901, 0.5519113924050633, 0.9477594936708863, 0.639253164556962], [0.8275063291139243, 0.5544430379746835, 0.8895316455696204, 0.6367215189873418], [0.9983924050632913, 0.4202658227848101, 1.0, 0.47343037974683544]], "class": 3}