{"image": "aa1e4a59-759c-11ee-a647-fcb3bc5cd112.jpg", "bboxes": [[0.8567341772151902, 0.353746835443038, 0.9187594936708863, 0.44108860759493673], [0.7985063291139243, 0.35627848101265824, 0.8605316455696205, 0.43855696202531647], [0.9693924050632914, 0.5195696202531646, 1.0, 0.5727341772151899]], "class": 3}