{"image": "ac40cad3-759c-11ee-906f-fcb3bc5cd112.jpg", "bboxes": [[0.7731645569620254, 0.4698607594936709, 0.8086075949367088, 0.5091012658227848], [0.8073417721518987, 0.4698607594936709, 0.8453164556962025, 0.5027721518987343]], "class": 2}