{"image": "ac40cad3-759c-11ee-906f-fcb3bc5cd112.jpg", "bboxes": [[0.6883924050632912, 0.41189873417721523, 0.7238354430379746, 0.4511392405063291], [0.6516835443037975, 0.4182278481012658, 0.6896582278481013, 0.4511392405063291]], "class": 2}