{"image": "ac40cad3-759c-11ee-906f-fcb3bc5cd112.jpg", "bboxes": [[0.25516455696202534, 0.4808987341772152, 0.29060759493670874, 0.5201392405063291], [0.2893417721518987, 0.4872278481012658, 0.3273164556962025, 0.5201392405063291]], "class": 2}