{"image": "ac40cad3-759c-11ee-906f-fcb3bc5cd112.jpg", "bboxes": [[0.18416455696202538, 0.5158607594936709, 0.21960759493670878, 0.5551012658227847], [0.21834177215189865, 0.5158607594936709, 0.25631645569620254, 0.5487721518987342]], "class": 2}