{"image": "ac40cad3-759c-11ee-906f-fcb3bc5cd112.jpg", "bboxes": [[0.6673924050632912, 0.47189873417721523, 0.7028354430379746, 0.5111392405063291], [0.6306835443037975, 0.4782278481012658, 0.6686582278481014, 0.5111392405063291]], "class": 2}