{"image": "ac40cad3-759c-11ee-906f-fcb3bc5cd112.jpg", "bboxes": [[0.7901645569620254, 0.4418987341772152, 0.8256075949367088, 0.4811392405063291], [0.8243417721518986, 0.4482278481012658, 0.8623164556962025, 0.4811392405063291]], "class": 2}