{"image": "ac40cad3-759c-11ee-906f-fcb3bc5cd112.jpg", "bboxes": [[0.27716455696202535, 0.4568987341772152, 0.31260759493670875, 0.49613924050632907], [0.31134177215189873, 0.4632278481012658, 0.3493164556962025, 0.49613924050632907]], "class": 2}