{"image": "ac40cad3-759c-11ee-906f-fcb3bc5cd112.jpg", "bboxes": [[0.7381645569620254, 0.4228987341772152, 0.7736075949367087, 0.4621392405063291], [0.7723417721518987, 0.4292278481012658, 0.8103164556962026, 0.4621392405063291]], "class": 2}