{"image": "ac40cad3-759c-11ee-906f-fcb3bc5cd112.jpg", "bboxes": [[0.5293924050632912, 0.5478607594936709, 0.5648354430379746, 0.5871012658227848], [0.49268354430379746, 0.5478607594936709, 0.5306582278481013, 0.5807721518987342]], "class": 2}