{"image": "ac40cad3-759c-11ee-906f-fcb3bc5cd112.jpg", "bboxes": [[0.11339240506329122, 0.530860759493671, 0.14883544303797464, 0.5701012658227849], [0.07668354430379748, 0.530860759493671, 0.11465822784810131, 0.5637721518987342]], "class": 2}