{"image": "ac40cad3-759c-11ee-906f-fcb3bc5cd112.jpg", "bboxes": [[0.8491645569620254, 0.536860759493671, 0.8846075949367088, 0.5761012658227849], [0.8833417721518987, 0.536860759493671, 0.9213164556962026, 0.5697721518987342]], "class": 2}