{"image": "ac40cad3-759c-11ee-906f-fcb3bc5cd112.jpg", "bboxes": [[0.3541645569620253, 0.4298987341772152, 0.3896075949367088, 0.4691392405063291], [0.3883417721518987, 0.4362278481012658, 0.4263164556962026, 0.4691392405063291]], "class": 2}