{"image": "ac40cad3-759c-11ee-906f-fcb3bc5cd112.jpg", "bboxes": [[0.14716455696202535, 0.528860759493671, 0.18260759493670875, 0.5681012658227849], [0.18134177215189873, 0.528860759493671, 0.2193164556962025, 0.5617721518987342]], "class": 2}