{"image": "ad90f228-759d-11ee-81e2-fcb3bc5cd112.jpg", "bboxes": [[0.0, 0.533506329113924, 0.04627848101265819, 0.6993291139240506], [0.03994936708860741, 0.522113924050633, 0.19564556962025315, 0.6575569620253164], [0.17792405063291128, 0.3043924050632912, 0.22729113924050626, 0.3588227848101266], [0.3336202531645568, 0.2892025316455696, 0.39691139240506323, 0.34743037974683544], [0.3956455696202531, 0.28540506329113924, 0.4513417721518985, 0.3461645569620253], [0.4741265822784808, 0.25882278481012655, 0.5222278481012657, 0.313253164556962], [0.5614683544303797, 0.23856962025316455, 0.6032405063291137, 0.28034177215189876], [0.6475443037974683, 0.24236708860759495, 0.6905822784810126, 0.29173417721518985], [0.6893164556962026, 0.23856962025316455, 0.7399493670886076, 0.29553164556962025], [0.7196962025316456, 0.2967974683544303, 0.784253164556962, 0.3600886075949367], [0.7804556962025316, 0.29426582278481006, 0.8488101265822785, 0.3588227848101266], [0.6513417721518987, 0.19932911392405067, 0.6880506329113922, 0.23477215189873418], [0.8361518987341772, 0.17781012658227852, 0.8703291139240505, 0.21198734177215192], [0.8665316455696201, 0.18034177215189875, 0.904506329113924, 0.22084810126582277]], "class": 14}