{"image": "ad90f228-759d-11ee-81e2-fcb3bc5cd112.jpg", "bboxes": [[0.0, 0.49741772151898733, 0.06281012658227836, 0.6062784810126582], [0.13622784810126565, 0.3176708860759494, 0.26027848101265816, 0.483493670886076], [0.2539493670886075, 0.3594430379746836, 0.4096455696202531, 0.49488607594936707], [0.39192405063291136, 0.6581772151898735, 0.4412911392405062, 0.7126075949367088], [0.5476202531645568, 0.6695696202531645, 0.6109113924050632, 0.7277974683544304], [0.6096455696202532, 0.6708354430379747, 0.6653417721518986, 0.7315949367088608], [0.6881265822784808, 0.703746835443038, 0.7362278481012656, 0.7581772151898735], [0.7754683544303798, 0.7366582278481013, 0.8172405063291137, 0.7784303797468355], [0.8615443037974683, 0.7252658227848101, 0.9045822784810126, 0.7746329113924051], [0.9033164556962026, 0.7214683544303797, 0.9539493670886076, 0.7784303797468355], [0.9336962025316455, 0.6569113924050634, 0.998253164556962, 0.7202025316455696], [0.9944556962025316, 0.6581772151898735, 1.0, 0.72273417721519], [0.8653417721518987, 0.7822278481012658, 0.9020506329113923, 0.8176708860759494]], "class": 13}