{"image": "ad90f228-759d-11ee-81e2-fcb3bc5cd112.jpg", "bboxes": [[0.0, 0.5114177215189875, 0.0078101265822784205, 0.6202784810126583], [0.0812278481012656, 0.3316708860759494, 0.20527848101265822, 0.497493670886076], [0.19894936708860744, 0.3734430379746836, 0.3546455696202532, 0.5088860759493671], [0.3369240506329113, 0.6721772151898735, 0.3862911392405063, 0.7266075949367088], [0.4926202531645567, 0.6835696202531645, 0.5559113924050632, 0.7417974683544304], [0.5546455696202531, 0.6848354430379747, 0.6103417721518986, 0.7455949367088608], [0.6331265822784808, 0.717746835443038, 0.6812278481012657, 0.7721772151898734], [0.7204683544303797, 0.7506582278481013, 0.7622405063291138, 0.7924303797468355], [0.8065443037974682, 0.7392658227848101, 0.8495822784810126, 0.7886329113924051], [0.8483164556962025, 0.7354683544303797, 0.8989493670886076, 0.7924303797468355], [0.8786962025316456, 0.6709113924050633, 0.9432531645569621, 0.7342025316455696], [0.9394556962025316, 0.6721772151898735, 1.0, 0.73673417721519], [0.8103417721518986, 0.7962278481012658, 0.8470506329113923, 0.8316708860759493], [0.9951518987341772, 0.8190126582278481, 1.0, 0.8531898734177215]], "class": 14}