{"image": "ad90f228-759d-11ee-81e2-fcb3bc5cd112.jpg", "bboxes": [[0.8381898734177217, 0.4127215189873418, 0.9242658227848103, 0.5215822784810126], [0.9217341772151899, 0.4215822784810126, 1.0, 0.524113924050633], [0.6407215189873419, 0.535506329113924, 0.7647721518987344, 0.7013291139240506], [0.49135443037974685, 0.524113924050633, 0.6470506329113925, 0.6595569620253164], [0.45970886075949374, 0.3063924050632912, 0.5090759493670887, 0.3608227848101266], [0.29008860759493676, 0.2912025316455696, 0.35337974683544326, 0.34943037974683544], [0.23565822784810142, 0.28740506329113924, 0.2913544303797469, 0.3481645569620253], [0.16477215189873437, 0.26082278481012655, 0.21287341772151921, 0.315253164556962], [0.08375949367088628, 0.24056962025316456, 0.12553164556962032, 0.28234177215189876], [0.0, 0.24436708860759496, 0.039455696202531726, 0.29373417721518985], [0.0, 0.20132911392405067, 0.03565822784810132, 0.23677215189873418]], "class": 11}