{"image": "ad90f228-759d-11ee-81e2-fcb3bc5cd112.jpg", "bboxes": [[0.0, 0.518506329113924, 0.016278481012658164, 0.6843291139240506], [0.009949367088607497, 0.5071139240506329, 0.16564556962025312, 0.6425569620253164], [0.14792405063291125, 0.28939240506329117, 0.19729113924050623, 0.34382278481012657], [0.30362025316455676, 0.27420253164556957, 0.3669113924050632, 0.3324303797468355], [0.3656455696202531, 0.2704050632911392, 0.4213417721518986, 0.3311645569620253], [0.4441265822784808, 0.24382278481012656, 0.49222784810126563, 0.29825316455696205], [0.5314683544303798, 0.22356962025316454, 0.5732405063291137, 0.26534177215189875], [0.6175443037974683, 0.22736708860759494, 0.6605822784810127, 0.27673417721518984], [0.6593164556962026, 0.22356962025316454, 0.7099493670886076, 0.28053164556962024], [0.6896962025316455, 0.28179746835443037, 0.754253164556962, 0.3450886075949367], [0.7504556962025316, 0.27926582278481005, 0.8188101265822785, 0.34382278481012657], [0.6213417721518987, 0.18432911392405066, 0.6580506329113923, 0.2197721518987342], [0.8061518987341771, 0.1628101265822785, 0.8403291139240506, 0.1969873417721519], [0.8365316455696202, 0.16534177215189877, 0.874506329113924, 0.20584810126582279]], "class": 14}