{"image": "ad90f228-759d-11ee-81e2-fcb3bc5cd112.jpg", "bboxes": [[0.07573417721518971, 0.4474177215189874, 0.16181012658227834, 0.5562784810126582], [0.0, 0.444886075949367, 0.07826582278481009, 0.5474177215189874], [0.23522784810126562, 0.26767088607594935, 0.35927848101265814, 0.43349367088607593], [0.35294936708860747, 0.30944303797468353, 0.5086455696202532, 0.444886075949367], [0.49092405063291134, 0.6081772151898734, 0.5402911392405063, 0.6626075949367088], [0.6466202531645567, 0.6195696202531645, 0.7099113924050633, 0.6777974683544303], [0.7086455696202532, 0.6208354430379748, 0.7643417721518986, 0.6815949367088607], [0.7871265822784808, 0.653746835443038, 0.8352278481012656, 0.7081772151898734], [0.8744683544303797, 0.6866582278481013, 0.9162405063291137, 0.7284303797468354], [0.9605443037974682, 0.6752658227848102, 1.0, 0.724632911392405], [0.9643417721518986, 0.7322278481012658, 1.0, 0.7676708860759494]], "class": 11}