{"image": "ad90f228-759d-11ee-81e2-fcb3bc5cd112.jpg", "bboxes": [[0.0, 0.28667088607594937, 0.020278481012658167, 0.45249367088607595], [0.0139493670886075, 0.32844303797468355, 0.16964556962025312, 0.46388607594936704], [0.15192405063291126, 0.6271772151898735, 0.20129113924050623, 0.6816075949367089], [0.30762025316455677, 0.6385696202531645, 0.3709113924050632, 0.6967974683544305], [0.3696455696202531, 0.6398354430379747, 0.4253417721518986, 0.7005949367088607], [0.4481265822784808, 0.6727468354430379, 0.49622784810126563, 0.7271772151898734], [0.5354683544303798, 0.7056582278481013, 0.5772405063291137, 0.7474303797468355], [0.6215443037974683, 0.6942658227848102, 0.6645822784810127, 0.7436329113924051], [0.6633164556962026, 0.6904683544303798, 0.7139493670886076, 0.7474303797468355], [0.6936962025316455, 0.6259113924050632, 0.758253164556962, 0.6892025316455697], [0.7544556962025316, 0.6271772151898735, 0.8228101265822785, 0.6917341772151899], [0.6253417721518987, 0.7512278481012657, 0.6620506329113923, 0.7866708860759494], [0.8101518987341771, 0.774012658227848, 0.8443291139240506, 0.8081898734177215], [0.8405316455696202, 0.7651518987341772, 0.878506329113924, 0.8056582278481013]], "class": 14}