{"image": "ad90f228-759d-11ee-81e2-fcb3bc5cd112.jpg", "bboxes": [[0.024734177215189668, 0.45172151898734175, 0.1108101265822784, 0.5605822784810126], [0.0, 0.46058227848101263, 0.027265822784810045, 0.563113924050633], [0.1842278481012657, 0.5745063291139241, 0.3082784810126582, 0.7403291139240507], [0.3019493670886074, 0.563113924050633, 0.45764556962025316, 0.6985569620253165], [0.4399240506329113, 0.34539240506329116, 0.48929113924050627, 0.39982278481012656], [0.5956202531645567, 0.3302025316455696, 0.6589113924050632, 0.3884303797468355], [0.6576455696202531, 0.3264050632911392, 0.7133417721518986, 0.3871645569620253], [0.7361265822784808, 0.2998227848101266, 0.7842278481012657, 0.35425316455696204], [0.8234683544303797, 0.27956962025316456, 0.8652405063291138, 0.32134177215189874], [0.9095443037974683, 0.28336708860759496, 0.9525822784810126, 0.33273417721518983], [0.9513164556962025, 0.27956962025316456, 1.0, 0.33653164556962023], [0.9816962025316456, 0.33779746835443036, 1.0, 0.4010886075949367], [0.9133417721518987, 0.24032911392405065, 0.9500506329113924, 0.2757721518987342]], "class": 13}