{"image": "ad90f228-759d-11ee-81e2-fcb3bc5cd112.jpg", "bboxes": [[0.03822784810126567, 0.546506329113924, 0.16227848101265818, 0.7123291139240506], [0.1559493670886074, 0.535113924050633, 0.31164556962025314, 0.6705569620253164], [0.29392405063291127, 0.31739240506329114, 0.34329113924050625, 0.37182278481012654], [0.4496202531645568, 0.3022025316455696, 0.5129113924050632, 0.36043037974683545], [0.5116455696202531, 0.29840506329113925, 0.5673417721518985, 0.3591645569620253], [0.5901265822784808, 0.27182278481012656, 0.6382278481012656, 0.326253164556962], [0.6774683544303797, 0.25156962025316454, 0.7192405063291137, 0.2933417721518987], [0.7635443037974683, 0.25536708860759494, 0.8065822784810126, 0.30473417721518986], [0.8053164556962025, 0.25156962025316454, 0.8559493670886076, 0.30853164556962026], [0.8356962025316456, 0.30979746835443034, 0.900253164556962, 0.3730886075949367], [0.8964556962025316, 0.30726582278481, 0.9648101265822785, 0.37182278481012654], [0.7673417721518987, 0.21232911392405066, 0.8040506329113923, 0.2477721518987342], [0.9521518987341772, 0.19081012658227853, 0.9863291139240506, 0.22498734177215193], [0.9825316455696202, 0.19334177215189877, 1.0, 0.23384810126582278]], "class": 14}