{"image": "ad90f228-759d-11ee-81e2-fcb3bc5cd112.jpg", "bboxes": [[0.0, 0.25967088607594935, 0.10827848101265813, 0.4254936708860759], [0.10194936708860747, 0.3014430379746835, 0.2576455696202531, 0.436886075949367], [0.23992405063291133, 0.6001772151898734, 0.2892911392405062, 0.6546075949367088], [0.39562025316455673, 0.6115696202531645, 0.4589113924050632, 0.6697974683544303], [0.45764556962025316, 0.6128354430379748, 0.5133417721518986, 0.6735949367088607], [0.5361265822784808, 0.645746835443038, 0.5842278481012657, 0.7001772151898734], [0.6234683544303796, 0.6786582278481013, 0.6652405063291137, 0.7204303797468354], [0.7095443037974682, 0.6672658227848102, 0.7525822784810126, 0.716632911392405], [0.7513164556962025, 0.6634683544303798, 0.8019493670886075, 0.7204303797468354], [0.7816962025316456, 0.5989113924050633, 0.846253164556962, 0.6622025316455696], [0.8424556962025316, 0.6001772151898734, 0.9108101265822784, 0.66473417721519], [0.7133417721518986, 0.7242278481012658, 0.7500506329113923, 0.7596708860759493], [0.8981518987341772, 0.747012658227848, 0.9323291139240506, 0.7811898734177215], [0.9285316455696202, 0.7381518987341773, 0.9665063291139241, 0.7786582278481012]], "class": 14}