{"image": "ae30749c-6b40-11ee-be49-fcb3bc5cd112.jpg", "bboxes": [[0.9554878048780485, 0.44375609756097556, 1.0, 0.5169268292682927], [0.7176829268292682, 0.43399999999999994, 0.7932926829268292, 0.49497560975609756], [0.6579268292682925, 0.43765853658536585, 0.7189024390243901, 0.4974146341463415]], "class": 3}