{"image": "ae30749c-6b40-11ee-be49-fcb3bc5cd112.jpg", "bboxes": [[0.028317073170731843, 0.4810731707317073, 0.09051219512195141, 0.5542439024390244], [0.0, 0.4713170731707318, 0.002707317073170734, 0.5530243902439025], [0.25270731707317073, 0.5030243902439024, 0.3283170731707319, 0.5640000000000001], [0.32709756097560994, 0.5005853658536585, 0.38807317073170744, 0.5603414634146342]], "class": 4}