{"image": "ae30749c-6b40-11ee-be49-fcb3bc5cd112.jpg", "bboxes": [[0.9556829268292681, 0.4719999999999999, 1.0, 0.5329756097560976], [0.8959268292682925, 0.4756585365853659, 0.9569024390243901, 0.5354146341463415]], "class": 2}