{"image": "ae30749c-6b40-11ee-be49-fcb3bc5cd112.jpg", "bboxes": [[0.0, 0.45175609756097557, 0.061512195121951385, 0.5249268292682927], [0.22370731707317082, 0.44199999999999995, 0.29931707317073186, 0.5029756097560976], [0.2980975609756099, 0.44565853658536586, 0.3590731707317075, 0.5054146341463416]], "class": 3}