{"image": "ae30749c-6b40-11ee-be49-fcb3bc5cd112.jpg", "bboxes": [[0.9704878048780485, 0.44075609756097556, 1.0, 0.5139268292682927], [0.7326829268292682, 0.43099999999999994, 0.8082926829268292, 0.4919756097560976], [0.6729268292682925, 0.4346585365853659, 0.7339024390243901, 0.4944146341463415]], "class": 3}