{"image": "ae30749c-6b40-11ee-be49-fcb3bc5cd112.jpg", "bboxes": [[0.8316829268292681, 0.5240243902439023, 0.9072926829268292, 0.5850000000000001], [0.7719268292682925, 0.5215853658536584, 0.8329024390243901, 0.5813414634146341]], "class": 2}