{"image": "ae30749c-6b40-11ee-be49-fcb3bc5cd112.jpg", "bboxes": [[0.9086829268292681, 0.46699999999999997, 0.9842926829268293, 0.5279756097560976], [0.8489268292682925, 0.4706585365853659, 0.90990243902439, 0.5304146341463415]], "class": 2}