{"image": "ae30749c-6b40-11ee-be49-fcb3bc5cd112.jpg", "bboxes": [[0.9946829268292682, 0.45099999999999996, 1.0, 0.5119756097560976], [0.9349268292682925, 0.45465853658536587, 0.9959024390243901, 0.5144146341463416]], "class": 2}