{"image": "ae586a97-759c-11ee-a81c-fcb3bc5cd112.jpg", "bboxes": [[0.39495833333333347, 0.4045208333333332, 0.4230833333333335, 0.42952083333333335]], "class": 1}