{"image": "ae586a97-759c-11ee-a81c-fcb3bc5cd112.jpg", "bboxes": [[0.09691666666666654, 0.5664791666666666, 0.1250416666666665, 0.5914791666666668]], "class": 1}