{"image": "ae586a97-759c-11ee-a81c-fcb3bc5cd112.jpg", "bboxes": [[0.7659583333333335, 0.3905208333333332, 0.7940833333333335, 0.41552083333333334]], "class": 1}