{"image": "af91a325-759d-11ee-8fa5-fcb3bc5cd112.jpg", "bboxes": [[0.01915189873417722, 0.5358227848101266, 0.1191518987341772, 0.6370886075949367], [0.12041772151898722, 0.5332911392405064, 0.23434177215189855, 0.630759493670886], [0.41282278481012646, 0.4446835443037975, 0.47484810126582255, 0.5117721518987342], [0.47105063291139226, 0.4434177215189874, 0.5394050632911391, 0.49911392405063293], [0.36218987341772135, 0.41050632911392404, 0.41282278481012646, 0.4573417721518987], [0.6001645569620253, 0.40924050632911396, 0.6482658227848102, 0.4535443037974684], [0.6457341772151898, 0.40924050632911396, 0.6875063291139241, 0.4535443037974684]], "class": 7}