{"image": "af91a325-759d-11ee-8fa5-fcb3bc5cd112.jpg", "bboxes": [[0.3431518987341772, 0.3109113924050634, 0.44315189873417715, 0.4121772151898735], [0.4444177215189873, 0.31724050632911394, 0.5583417721518986, 0.41470886075949365], [0.7368227848101265, 0.4362278481012659, 0.7988481012658226, 0.5033164556962025], [0.7950506329113923, 0.448886075949367, 0.8634050632911392, 0.5045822784810126], [0.6861898734177214, 0.4906582278481013, 0.7368227848101265, 0.537493670886076], [0.9241645569620253, 0.4944556962025316, 0.9722658227848101, 0.538759493670886], [0.9697341772151898, 0.4944556962025316, 1.0, 0.538759493670886]], "class": 7}