{"image": "af91a325-759d-11ee-8fa5-fcb3bc5cd112.jpg", "bboxes": [[0.011151898734177212, 0.5898227848101265, 0.11115189873417719, 0.6910886075949366], [0.11241772151898721, 0.5872911392405064, 0.22634177215189855, 0.6847594936708861], [0.40482278481012646, 0.49868354430379747, 0.46684810126582266, 0.5657721518987341], [0.46305063291139237, 0.4974177215189874, 0.5314050632911391, 0.553113924050633], [0.35418987341772135, 0.46450632911392403, 0.40482278481012646, 0.5113417721518987], [0.5921645569620253, 0.46324050632911395, 0.6402658227848101, 0.5075443037974684], [0.6377341772151898, 0.46324050632911395, 0.6795063291139241, 0.5075443037974684]], "class": 7}