{"image": "af91a325-759d-11ee-8fa5-fcb3bc5cd112.jpg", "bboxes": [[0.43315189873417714, 0.5518227848101266, 0.5331518987341772, 0.6530886075949367], [0.5344177215189873, 0.5492911392405063, 0.6483417721518986, 0.646759493670886], [0.8268227848101264, 0.4606835443037975, 0.8888481012658226, 0.5277721518987342], [0.8850506329113923, 0.45941772151898735, 0.9534050632911392, 0.5151139240506329], [0.7761898734177214, 0.42650632911392405, 0.8268227848101264, 0.47334177215189865]], "class": 5}