{"image": "af91a325-759d-11ee-8fa5-fcb3bc5cd112.jpg", "bboxes": [[0.8578481012658228, 0.6058227848101265, 0.9578481012658229, 0.7070886075949366], [0.7426582278481014, 0.6032911392405064, 0.8565822784810128, 0.7007594936708861], [0.5021518987341774, 0.5146835443037975, 0.5641772151898735, 0.5817721518987341], [0.4375949367088608, 0.5134177215189873, 0.5059493670886077, 0.5691139240506329], [0.5641772151898735, 0.48050632911392405, 0.6148101265822786, 0.5273417721518987], [0.3287341772151899, 0.47924050632911397, 0.3768354430379748, 0.5235443037974684], [0.28949367088607597, 0.47924050632911397, 0.3312658227848102, 0.5235443037974684]], "class": 7}