{"image": "af91a325-759d-11ee-8fa5-fcb3bc5cd112.jpg", "bboxes": [[0.8658481012658228, 0.6048227848101265, 0.9658481012658229, 0.7060886075949366], [0.7506582278481014, 0.6022911392405064, 0.8645822784810128, 0.6997594936708861], [0.5101518987341774, 0.5136835443037975, 0.5721772151898735, 0.5807721518987341], [0.4455949367088608, 0.5124177215189873, 0.5139493670886077, 0.5681139240506329], [0.5721772151898735, 0.47950632911392405, 0.6228101265822786, 0.5263417721518987], [0.3367341772151899, 0.47824050632911397, 0.38483544303797473, 0.5225443037974684], [0.297493670886076, 0.47824050632911397, 0.3392658227848102, 0.5225443037974684]], "class": 7}