{"image": "af91a325-759d-11ee-8fa5-fcb3bc5cd112.jpg", "bboxes": [[0.028151898734177117, 0.3429113924050633, 0.1281518987341772, 0.4441772151898734], [0.12941772151898723, 0.34924050632911396, 0.24334177215189856, 0.4467088607594937], [0.42182278481012647, 0.46822784810126583, 0.48384810126582256, 0.5353164556962025], [0.48005063291139227, 0.48088607594936705, 0.5484050632911392, 0.5365822784810126], [0.37118987341772136, 0.5226582278481013, 0.42182278481012647, 0.5694936708860759], [0.6091645569620252, 0.5264556962025316, 0.65726582278481, 0.5707594936708861], [0.6547341772151898, 0.5264556962025316, 0.696506329113924, 0.5707594936708861]], "class": 7}