{"image": "af91a325-759d-11ee-8fa5-fcb3bc5cd112.jpg", "bboxes": [[0.06882278481012649, 0.48822784810126585, 0.13084810126582258, 0.5553164556962025], [0.1270506329113923, 0.5008860759493671, 0.19540506329113916, 0.5565822784810126], [0.01818987341772138, 0.5426582278481014, 0.06882278481012649, 0.589493670886076], [0.2561645569620252, 0.5464556962025315, 0.30426582278481007, 0.590759493670886], [0.3017341772151898, 0.5464556962025315, 0.3435063291139241, 0.590759493670886]], "class": 5}