{"image": "af91a325-759d-11ee-8fa5-fcb3bc5cd112.jpg", "bboxes": [[0.7148481012658229, 0.5628227848101266, 0.8148481012658229, 0.6640886075949367], [0.5996582278481014, 0.5602911392405063, 0.7135822784810127, 0.657759493670886], [0.3591518987341774, 0.4716835443037975, 0.42117721518987356, 0.5387721518987342], [0.29459493670886083, 0.47041772151898736, 0.3629493670886077, 0.526113924050633], [0.42117721518987356, 0.43750632911392406, 0.4718101265822786, 0.48434177215189866], [0.1857341772151899, 0.43624050632911393, 0.23383544303797477, 0.4805443037974684], [0.14649367088607596, 0.43624050632911393, 0.18826582278481022, 0.4805443037974684]], "class": 7}