{"image": "b0144812-6b44-11ee-acfa-fcb3bc5cd112.jpg", "bboxes": [[0.42592682926829273, 0.3100487804878048, 0.5125121951219513, 0.3917560975609756], [0.5112926829268292, 0.3112682926829268, 0.5978780487804878, 0.38565853658536586]], "class": 2}