{"image": "b0144812-6b44-11ee-acfa-fcb3bc5cd112.jpg", "bboxes": [[0.5849268292682928, 0.2540487804878049, 0.6715121951219514, 0.3357560975609756], [0.6702926829268292, 0.25526829268292683, 0.7568780487804878, 0.3296585365853658]], "class": 2}