{"image": "b0144812-6b44-11ee-acfa-fcb3bc5cd112.jpg", "bboxes": [[0.8419268292682928, 0.24604878048780487, 0.9285121951219513, 0.32775609756097557], [0.9272926829268292, 0.24726829268292683, 1.0, 0.3216585365853658]], "class": 2}