{"image": "b0144812-6b44-11ee-acfa-fcb3bc5cd112.jpg", "bboxes": [[0.7464878048780487, 0.6212439024390244, 0.8330731707317073, 0.7029512195121952], [0.6611219512195122, 0.6273414634146341, 0.7477073170731707, 0.7017317073170732]], "class": 2}