{"image": "b0144812-6b44-11ee-acfa-fcb3bc5cd112.jpg", "bboxes": [[0.8449268292682928, 0.24804878048780488, 0.9315121951219514, 0.32975609756097557], [0.9302926829268292, 0.24926829268292683, 1.0, 0.3236585365853658]], "class": 2}