{"image": "b0144812-6b44-11ee-acfa-fcb3bc5cd112.jpg", "bboxes": [[0.07448780487804868, 0.6712439024390244, 0.16107317073170724, 0.7529512195121951], [0.0, 0.6773414634146342, 0.07570731707317077, 0.7517317073170732]], "class": 2}