{"image": "b0144812-6b44-11ee-acfa-fcb3bc5cd112.jpg", "bboxes": [[0.19992682926829275, 0.6602439024390244, 0.28651219512195136, 0.7419512195121951], [0.2852926829268292, 0.6663414634146342, 0.3718780487804878, 0.7407317073170732]], "class": 2}