{"image": "b0144812-6b44-11ee-acfa-fcb3bc5cd112.jpg", "bboxes": [[0.4114878048780487, 0.2740487804878048, 0.49807317073170726, 0.3557560975609756], [0.3261219512195122, 0.27526829268292685, 0.41270731707317077, 0.34965853658536583]], "class": 2}