{"image": "b0144812-6b44-11ee-acfa-fcb3bc5cd112.jpg", "bboxes": [[0.6564878048780487, 0.6782439024390244, 0.7430731707317072, 0.7599512195121951], [0.5711219512195121, 0.6843414634146342, 0.6577073170731708, 0.7587317073170732]], "class": 2}