{"image": "b0144812-6b44-11ee-acfa-fcb3bc5cd112.jpg", "bboxes": [[0.22948780487804868, 0.2660487804878048, 0.31607317073170726, 0.3477560975609756], [0.14412195121951218, 0.26726829268292684, 0.23070731707317077, 0.3416585365853658]], "class": 2}