{"image": "b0144812-6b44-11ee-acfa-fcb3bc5cd112.jpg", "bboxes": [[0.6094878048780487, 0.6672439024390244, 0.6960731707317073, 0.7489512195121951], [0.5241219512195122, 0.6733414634146342, 0.6107073170731707, 0.7477317073170732]], "class": 2}