{"image": "b0144812-6b44-11ee-acfa-fcb3bc5cd112.jpg", "bboxes": [[0.9284878048780487, 0.2610487804878049, 1.0, 0.3427560975609756], [0.8431219512195122, 0.26226829268292684, 0.9297073170731708, 0.3366585365853658]], "class": 2}