{"image": "b0144812-6b44-11ee-acfa-fcb3bc5cd112.jpg", "bboxes": [[0.8364878048780486, 0.6372439024390244, 0.9230731707317072, 0.7189512195121952], [0.7511219512195122, 0.6433414634146342, 0.8377073170731708, 0.7177317073170731]], "class": 2}