{"image": "b353cc5c-759d-11ee-a175-fcb3bc5cd112.jpg", "bboxes": [[0.7147468354430382, 0.5847215189873417, 0.8362658227848103, 0.7302911392405063], [0.5919620253164558, 0.577126582278481, 0.7172784810126585, 0.7201645569620252], [0.235, 0.38218987341772154, 0.3223417721518988, 0.4733291139240506], [0.1387974683544304, 0.37459493670886074, 0.2172784810126583, 0.45307594936708856], [0.4185443037974684, 0.31003797468354427, 0.455253164556962, 0.3505443037974683], [0.5236075949367089, 0.2834556962025317, 0.5615822784810126, 0.31256962025316454], [0.4982911392405064, 0.2834556962025317, 0.524873417721519, 0.31256962025316454], [0.6375, 0.2654375, 0.65625, 0.2914791666666667], [0.6177083333333334, 0.26439583333333333, 0.6364583333333333, 0.2914791666666667], [0.8166666666666668, 0.2373125, 0.8333333333333335, 0.25918750000000007], [0.7989583333333334, 0.2404375, 0.8197916666666667, 0.2654375], [0.721875, 0.2539791666666667, 0.746875, 0.2841875], [0.7041666666666667, 0.2539791666666667, 0.7229166666666668, 0.2810625], [0.7020833333333335, 0.2248125, 0.7229166666666668, 0.2456458333333333]], "class": 14}