{"image": "b353cc5c-759d-11ee-a175-fcb3bc5cd112.jpg", "bboxes": [[0.19074683544303822, 0.5927215189873417, 0.3122658227848103, 0.7382911392405063], [0.06796202531645576, 0.585126582278481, 0.1932784810126584, 0.7281645569620252], [0.0, 0.29145569620253164, 0.03758227848101262, 0.32056962025316454], [0.0, 0.29145569620253164, 0.0008734177215189902, 0.32056962025316454], [0.1135, 0.2734375, 0.13225, 0.2994791666666667], [0.09370833333333337, 0.27239583333333334, 0.11245833333333337, 0.2994791666666667], [0.29266666666666674, 0.2453125, 0.30933333333333346, 0.2671875000000001], [0.27495833333333347, 0.2484375, 0.29579166666666673, 0.2734375], [0.197875, 0.2619791666666667, 0.222875, 0.2921875], [0.18016666666666675, 0.2619791666666667, 0.19891666666666674, 0.2890625], [0.17808333333333348, 0.2328125, 0.19891666666666674, 0.2536458333333333]], "class": 11}