{"image": "b353cc5c-759d-11ee-a175-fcb3bc5cd112.jpg", "bboxes": [[0.5377341772151897, 0.26270886075949373, 0.6592531645569618, 0.4082784810126583], [0.6567215189873417, 0.2728354430379748, 0.7820379746835442, 0.415873417721519], [0.9187468354430379, 0.6424556962025316, 0.9554556962025316, 0.6829620253164557], [0.8124177215189874, 0.6804303797468354, 0.8503924050632912, 0.7095443037974684], [0.849126582278481, 0.6804303797468354, 0.8757088607594936, 0.7095443037974684], [0.71775, 0.7015208333333334, 0.7364999999999999, 0.7275625], [0.7375416666666667, 0.7015208333333334, 0.7562916666666666, 0.7286041666666667], [0.5406666666666665, 0.7338125, 0.5573333333333332, 0.7556875000000001], [0.5542083333333332, 0.7275625, 0.5750416666666665, 0.7525625], [0.6271249999999999, 0.7088125000000001, 0.6521250000000001, 0.7390208333333332], [0.6510833333333332, 0.7119375, 0.6698333333333333, 0.7390208333333332], [0.6510833333333332, 0.7473541666666668, 0.6719166666666665, 0.7681875]], "class": 12}