{"image": "b353cc5c-759d-11ee-a175-fcb3bc5cd112.jpg", "bboxes": [[0.3457468354430382, 0.5857215189873417, 0.4672658227848103, 0.7312911392405063], [0.22296202531645576, 0.578126582278481, 0.3482784810126584, 0.7211645569620252], [0.04954430379746839, 0.31103797468354427, 0.08625316455696203, 0.3515443037974683], [0.1546075949367089, 0.2844556962025317, 0.19258227848101261, 0.31356962025316454], [0.12929113924050636, 0.2844556962025317, 0.155873417721519, 0.31356962025316454], [0.2685, 0.2664375, 0.28725, 0.2924791666666667], [0.24870833333333336, 0.26539583333333333, 0.26745833333333335, 0.2924791666666667], [0.44766666666666677, 0.2383125, 0.4643333333333335, 0.26018750000000007], [0.4299583333333335, 0.2414375, 0.45079166666666676, 0.2664375], [0.352875, 0.2549791666666667, 0.377875, 0.2851875], [0.3351666666666667, 0.2549791666666667, 0.35391666666666677, 0.2820625], [0.3330833333333335, 0.2258125, 0.35391666666666677, 0.24664583333333331]], "class": 12}