{"image": "b353cc5c-759d-11ee-a175-fcb3bc5cd112.jpg", "bboxes": [[0.08473417721518972, 0.5927215189873417, 0.20625316455696174, 0.7382911392405063], [0.2037215189873416, 0.585126582278481, 0.32903797468354423, 0.7281645569620252], [0.5986582278481012, 0.3901898734177215, 0.6859999999999999, 0.4813291139240506], [0.7037215189873417, 0.38259493670886074, 0.7822025316455696, 0.46107594936708857], [0.46574683544303797, 0.3180379746835443, 0.5024556962025316, 0.3585443037974683], [0.35941772151898743, 0.29145569620253164, 0.3973924050632911, 0.32056962025316454], [0.39612658227848097, 0.29145569620253164, 0.42270886075949365, 0.32056962025316454], [0.26475000000000004, 0.2734375, 0.2835, 0.2994791666666667], [0.2845416666666666, 0.27239583333333334, 0.3032916666666666, 0.2994791666666667], [0.08766666666666656, 0.2453125, 0.10433333333333328, 0.2671875000000001], [0.10120833333333323, 0.2484375, 0.12204166666666649, 0.2734375], [0.17412499999999997, 0.2619791666666667, 0.199125, 0.2921875], [0.19808333333333328, 0.2619791666666667, 0.2168333333333332, 0.2890625], [0.19808333333333328, 0.2328125, 0.21891666666666654, 0.2536458333333333]], "class": 14}