{"image": "b353cc5c-759d-11ee-a175-fcb3bc5cd112.jpg", "bboxes": [[0.3727468354430382, 0.24270886075949372, 0.49426582278481035, 0.38827848101265827], [0.24996202531645575, 0.2528354430379748, 0.3752784810126584, 0.39587341772151896], [0.07654430379746839, 0.6224556962025316, 0.11325316455696202, 0.6629620253164556], [0.1816075949367089, 0.6604303797468354, 0.2195822784810126, 0.6895443037974683], [0.15629113924050636, 0.6604303797468354, 0.182873417721519, 0.6895443037974683], [0.2955, 0.6815208333333334, 0.31425, 0.7075625], [0.2757083333333334, 0.6815208333333334, 0.2944583333333334, 0.7086041666666667], [0.47466666666666674, 0.7138125, 0.4913333333333335, 0.7356875], [0.45695833333333347, 0.7075625, 0.4777916666666667, 0.7325625], [0.379875, 0.6888125, 0.404875, 0.7190208333333333], [0.36216666666666675, 0.6919375, 0.38091666666666674, 0.7190208333333333], [0.3600833333333335, 0.7273541666666667, 0.38091666666666674, 0.7481875]], "class": 12}