{"image": "b353cc5c-759d-11ee-a175-fcb3bc5cd112.jpg", "bboxes": [[0.5537468354430382, 0.6357215189873417, 0.6752658227848103, 0.7812911392405063], [0.4309620253164558, 0.6281265822784811, 0.5562784810126584, 0.7711645569620252], [0.074, 0.4331898734177215, 0.1613417721518988, 0.5243291139240506], [0.0, 0.4255949367088608, 0.05627848101265829, 0.5040759493670885], [0.2575443037974684, 0.3610379746835443, 0.29425316455696204, 0.4015443037974683], [0.3626075949367089, 0.3344556962025317, 0.40058227848101263, 0.3635696202531645], [0.33729113924050635, 0.3344556962025317, 0.363873417721519, 0.3635696202531645], [0.4765, 0.3164375, 0.49525, 0.34247916666666667], [0.4567083333333334, 0.3153958333333333, 0.47545833333333337, 0.34247916666666667], [0.6556666666666667, 0.2883125, 0.6723333333333334, 0.31018750000000006], [0.6379583333333335, 0.2914375, 0.6587916666666668, 0.3164375], [0.560875, 0.3049791666666667, 0.585875, 0.3351875], [0.5431666666666668, 0.3049791666666667, 0.5619166666666667, 0.3320625], [0.5410833333333335, 0.2758125, 0.5619166666666667, 0.29664583333333333]], "class": 14}