{"image": "b46b4ebd-759c-11ee-890f-fcb3bc5cd112.jpg", "bboxes": [[0.2626075949367088, 0.5130632911392405, 0.2891898734177215, 0.5396455696202531], [0.29172151898734167, 0.5054683544303797, 0.3233670886075949, 0.5358481012658228]], "class": 2}