{"image": "b46b4ebd-759c-11ee-890f-fcb3bc5cd112.jpg", "bboxes": [[0.4726075949367088, 0.5020632911392405, 0.4991898734177215, 0.5286455696202531], [0.5017215189873416, 0.49446835443037984, 0.5333670886075949, 0.5248481012658228]], "class": 2}