{"image": "b46b4ebd-759c-11ee-890f-fcb3bc5cd112.jpg", "bboxes": [[0.7758101265822784, 0.5410632911392406, 0.8023924050632912, 0.5676455696202531], [0.7416329113924052, 0.5334683544303798, 0.7732784810126583, 0.5638481012658229]], "class": 2}