{"image": "b46b4ebd-759c-11ee-890f-fcb3bc5cd112.jpg", "bboxes": [[0.06351898734177208, 0.3417215189873418, 0.14832911392405046, 0.4303291139240506], [0.6306075949367087, 0.5290632911392406, 0.6571898734177215, 0.5556455696202531], [0.6597215189873418, 0.5214683544303798, 0.6913670886075949, 0.5518481012658228]], "class": 3}