{"image": "b46b4ebd-759c-11ee-890f-fcb3bc5cd112.jpg", "bboxes": [[0.26151898734177215, 0.6246708860759494, 0.3463291139240505, 0.7132784810126582], [0.8286075949367088, 0.49935443037974686, 0.8551898734177215, 0.5259367088607595], [0.8577215189873417, 0.5031518987341772, 0.8893670886075948, 0.5335316455696202]], "class": 3}