{"image": "b46b4ebd-759c-11ee-890f-fcb3bc5cd112.jpg", "bboxes": [[0.0, 0.5596708860759494, 0.041329113924050476, 0.6482784810126582], [0.5236075949367087, 0.43435443037974686, 0.5501898734177215, 0.4609367088607595], [0.5527215189873418, 0.43815189873417715, 0.5843670886075949, 0.4685316455696202]], "class": 3}