{"image": "b46b4ebd-759c-11ee-890f-fcb3bc5cd112.jpg", "bboxes": [[0.4596075949367088, 0.4670632911392405, 0.48618987341772146, 0.4936455696202531], [0.48872151898734173, 0.4594683544303798, 0.5203670886075948, 0.4898481012658228]], "class": 2}