{"image": "b76ec84a-759d-11ee-8033-fcb3bc5cd112.jpg", "bboxes": [[0.7048860759493671, 0.2106708860759493, 0.8517215189873418, 0.3499113924050633], [0.5264050632911393, 0.20687341772151902, 0.6719746835443039, 0.36003797468354437], [0.38716455696202534, 0.4929493670886076, 0.47197468354430383, 0.5549746835443038], [0.3213417721518988, 0.48029113924050637, 0.40108860759493675, 0.5511772151898735], [0.07830379746835453, 0.49421518987341784, 0.16311392405063305, 0.5739620253164557], [0.0, 0.496746835443038, 0.08463291139240517, 0.5752278481012658]], "class": 6}