{"image": "b76ec84a-759d-11ee-8033-fcb3bc5cd112.jpg", "bboxes": [[0.23227848101265813, 0.6850886075949366, 0.3791139240506328, 0.8243291139240507], [0.4120253164556962, 0.6749620253164557, 0.5575949367088606, 0.828126582278481], [0.6120253164556961, 0.48002531645569624, 0.6968354430379746, 0.5420506329113924], [0.6829113924050632, 0.4838227848101266, 0.7626582278481012, 0.5547088607594937], [0.920886075949367, 0.4610379746835443, 1.0, 0.5407848101265822], [0.9993670886075948, 0.45977215189873427, 1.0, 0.538253164556962]], "class": 6}