{"image": "b76ec84a-759d-11ee-8033-fcb3bc5cd112.jpg", "bboxes": [[0.7312784810126582, 0.6620886075949367, 0.8781139240506328, 0.8013291139240507], [0.9110253164556962, 0.6519620253164556, 1.0, 0.805126582278481]], "class": 2}