{"image": "b76ec84a-759d-11ee-8033-fcb3bc5cd112.jpg", "bboxes": [[0.2818860759493672, 0.6470886075949367, 0.42872151898734184, 0.7863291139240507], [0.1034050632911393, 0.6369620253164556, 0.24897468354430385, 0.790126582278481], [0.0, 0.4420253164556962, 0.04897468354430384, 0.5040506329113924]], "class": 3}