{"image": "b76ec84a-759d-11ee-8033-fcb3bc5cd112.jpg", "bboxes": [[0.8248860759493671, 0.2056708860759493, 0.9717215189873418, 0.3449113924050633], [0.6464050632911393, 0.201873417721519, 0.7919746835443039, 0.35503797468354437], [0.5071645569620253, 0.4879493670886076, 0.5919746835443038, 0.5499746835443038], [0.4413417721518988, 0.47529113924050637, 0.5210886075949368, 0.5461772151898734], [0.19830379746835453, 0.48921518987341783, 0.28311392405063307, 0.5689620253164558], [0.10969620253164566, 0.491746835443038, 0.20463291139240516, 0.5702278481012657]], "class": 6}