{"image": "b76ec84a-759d-11ee-8033-fcb3bc5cd112.jpg", "bboxes": [[0.2818860759493672, 0.18167088607594928, 0.42872151898734184, 0.3209113924050634], [0.1034050632911393, 0.177873417721519, 0.24897468354430385, 0.33103797468354434], [0.0, 0.46394936708860757, 0.04897468354430384, 0.5259746835443038]], "class": 3}