{"image": "b76ec84a-759d-11ee-8033-fcb3bc5cd112.jpg", "bboxes": [[0.5372784810126582, 0.1996708860759493, 0.6841139240506329, 0.3389113924050633], [0.7170253164556961, 0.195873417721519, 0.8625949367088607, 0.34903797468354436], [0.9170253164556962, 0.4819493670886076, 1.0, 0.5439746835443038], [0.9879113924050632, 0.46929113924050636, 1.0, 0.5401772151898734]], "class": 4}