{"image": "b76ec84a-759d-11ee-8033-fcb3bc5cd112.jpg", "bboxes": [[0.18088607594936718, 0.2026708860759493, 0.3277215189873418, 0.3419113924050633], [0.0024050632911392996, 0.198873417721519, 0.14797468354430385, 0.35203797468354436]], "class": 2}