{"image": "b76ec84a-759d-11ee-8033-fcb3bc5cd112.jpg", "bboxes": [[0.8458860759493672, 0.2116708860759493, 0.9927215189873418, 0.3509113924050633], [0.6674050632911392, 0.20787341772151902, 0.8129746835443038, 0.36103797468354437], [0.5281645569620254, 0.4939493670886076, 0.6129746835443038, 0.5559746835443038], [0.4623417721518988, 0.48129113924050637, 0.5420886075949368, 0.5521772151898734], [0.21930379746835454, 0.49521518987341784, 0.30411392405063303, 0.5749620253164557], [0.13069620253164566, 0.497746835443038, 0.22563291139240516, 0.5762278481012657]], "class": 6}