{"image": "b76ec84a-759d-11ee-8033-fcb3bc5cd112.jpg", "bboxes": [[0.5968860759493672, 0.1936708860759493, 0.7437215189873418, 0.3329113924050633], [0.4184050632911393, 0.189873417721519, 0.5639746835443038, 0.34303797468354436], [0.27916455696202536, 0.4759493670886076, 0.36397468354430385, 0.5379746835443038], [0.21334177215189878, 0.46329113924050636, 0.29308860759493677, 0.5341772151898734], [0.0, 0.4772151898734178, 0.05511392405063305, 0.5569620253164558]], "class": 5}