{"image": "b76ec84a-759d-11ee-8033-fcb3bc5cd112.jpg", "bboxes": [[0.3192784810126582, 0.23067088607594932, 0.4661139240506328, 0.3699113924050633], [0.49902531645569614, 0.22687341772151903, 0.6445949367088607, 0.3800379746835444], [0.6990253164556961, 0.5129493670886076, 0.7838354430379746, 0.5749746835443038], [0.7699113924050632, 0.5002911392405064, 0.8496582278481012, 0.5711772151898734]], "class": 4}