{"image": "b76ec84a-759d-11ee-8033-fcb3bc5cd112.jpg", "bboxes": [[0.2518860759493672, 0.6750886075949366, 0.3987215189873418, 0.8143291139240507], [0.0734050632911393, 0.6649620253164557, 0.21897468354430386, 0.818126582278481], [0.0, 0.47002531645569623, 0.018974683544303844, 0.5320506329113924]], "class": 3}