{"image": "b76ec84a-759d-11ee-8033-fcb3bc5cd112.jpg", "bboxes": [[0.5722784810126582, 0.15367088607594925, 0.7191139240506328, 0.29291139240506336], [0.7520253164556961, 0.14987341772151896, 0.8975949367088607, 0.3030379746835443], [0.9520253164556962, 0.43594936708860754, 1.0, 0.49797468354430374]], "class": 3}