{"image": "b76ec84a-759d-11ee-8033-fcb3bc5cd112.jpg", "bboxes": [[0.20227848101265822, 0.6950886075949366, 0.3491139240506328, 0.8343291139240507], [0.38202531645569615, 0.6849620253164557, 0.5275949367088607, 0.838126582278481], [0.5820253164556961, 0.4900253164556962, 0.6668354430379746, 0.5520506329113924], [0.6529113924050632, 0.49382278481012654, 0.7326582278481012, 0.5647088607594937], [0.890886075949367, 0.4710379746835443, 0.9756962025316455, 0.5507848101265822], [0.9693670886075948, 0.4697721518987342, 1.0, 0.548253164556962]], "class": 6}