{"image": "b76ec84a-759d-11ee-8033-fcb3bc5cd112.jpg", "bboxes": [[0.5392784810126582, 0.16667088607594926, 0.6861139240506329, 0.3059113924050634], [0.7190253164556961, 0.16287341772151898, 0.8645949367088607, 0.31603797468354433], [0.9190253164556962, 0.44894936708860755, 1.0, 0.5109746835443039], [0.9899113924050632, 0.43629113924050633, 1.0, 0.5071772151898735]], "class": 4}