{"image": "b9d14229-759b-11ee-b482-fcb3bc5cd112.jpg", "bboxes": [[0.4761518987341774, 0.5179873417721519, 0.5558987341772154, 0.5825443037974685], [0.5052658227848102, 0.37621518987341773, 0.5989367088607596, 0.4635569620253165], [0.4128607594936709, 0.3673544303797469, 0.5090632911392405, 0.4724177215189874]], "class": 3}