{"image": "b9d14229-759b-11ee-b482-fcb3bc5cd112.jpg", "bboxes": [[0.3871518987341774, 0.5279873417721519, 0.4668987341772154, 0.5925443037974684], [0.4162658227848102, 0.38621518987341774, 0.5099367088607596, 0.4735569620253165], [0.32386075949367094, 0.3773544303797469, 0.4200632911392405, 0.48241772151898743]], "class": 3}