{"image": "b9d14229-759b-11ee-b482-fcb3bc5cd112.jpg", "bboxes": [[0.0021012658227845815, 0.5489873417721519, 0.08184810126582265, 0.6135443037974684], [0.0, 0.40721518987341776, 0.052734177215189804, 0.4945569620253165], [0.048936708860759515, 0.3983544303797468, 0.1451392405063291, 0.5034177215189874]], "class": 3}