{"image": "b9d14229-759b-11ee-b482-fcb3bc5cd112.jpg", "bboxes": [[0.9481518987341774, 0.4504556962025316, 1.0, 0.515012658227848], [0.9772658227848102, 0.5694430379746835, 1.0, 0.6567848101265822], [0.8848607594936709, 0.5605822784810126, 0.9810632911392405, 0.6656455696202531]], "class": 3}