{"image": "b9d14229-759b-11ee-b482-fcb3bc5cd112.jpg", "bboxes": [[0.1511012658227846, 0.3824556962025316, 0.23084810126582256, 0.4470126582278481], [0.1080632911392404, 0.5014430379746835, 0.20173417721518982, 0.5887848101265822], [0.19793670886075954, 0.4925822784810126, 0.2941392405063291, 0.5976455696202532]], "class": 3}