{"image": "b9d14229-759b-11ee-b482-fcb3bc5cd112.jpg", "bboxes": [[0.5041518987341774, 0.3944556962025316, 0.5838987341772154, 0.4590126582278481], [0.5332658227848102, 0.5134430379746835, 0.6269367088607596, 0.6007848101265822], [0.44086075949367093, 0.5045822784810127, 0.5370632911392405, 0.6096455696202532]], "class": 3}