{"image": "be0aa8dc-6b42-11ee-bf4a-fcb3bc5cd112.jpg", "bboxes": [[0.33024390243902435, 0.5851707317073171, 0.460731707317073, 0.7046829268292684], [0.4546341463414634, 0.588829268292683, 0.5668292682926829, 0.7180975609756097], [0.3339024390243902, 0.4327317073170731, 0.413170731707317, 0.5266341463414634]], "class": 3}