{"image": "be0aa8dc-6b42-11ee-bf4a-fcb3bc5cd112.jpg", "bboxes": [[0.0, 0.6101707317073172, 0.012756097560975604, 0.7296829268292684], [0.0, 0.45773170731707313, 0.009097560975609782, 0.5516341463414635]], "class": 2}