{"image": "be0aa8dc-6b42-11ee-bf4a-fcb3bc5cd112.jpg", "bboxes": [[0.49626829268292694, 0.6261707317073172, 0.6267560975609756, 0.7456829268292684], [0.39017073170731714, 0.6298292682926829, 0.5023658536585366, 0.7590975609756098], [0.543829268292683, 0.47373170731707315, 0.6230975609756098, 0.5676341463414634]], "class": 3}