{"image": "be0aa8dc-6b42-11ee-bf4a-fcb3bc5cd112.jpg", "bboxes": [[0.18626829268292694, 0.6101707317073172, 0.3167560975609756, 0.7296829268292684], [0.08017073170731714, 0.6138292682926829, 0.1923658536585366, 0.7430975609756097], [0.23382926829268297, 0.45773170731707313, 0.31309756097560976, 0.5516341463414635]], "class": 3}