{"image": "be0aa8dc-6b42-11ee-bf4a-fcb3bc5cd112.jpg", "bboxes": [[0.0, 0.6171707317073172, 0.0647560975609756, 0.7366829268292684], [0.0, 0.46473170731707314, 0.06109756097560978, 0.5586341463414634]], "class": 2}