{"image": "be0aa8dc-6b42-11ee-bf4a-fcb3bc5cd112.jpg", "bboxes": [[0.3912682926829269, 0.5901707317073172, 0.5217560975609756, 0.7096829268292684], [0.28517073170731716, 0.593829268292683, 0.3973658536585366, 0.7230975609756097], [0.438829268292683, 0.4377317073170731, 0.5180975609756098, 0.5316341463414634]], "class": 3}