{"image": "c0aa68a0-6b42-11ee-982e-fcb3bc5cd112.jpg", "bboxes": [[0.7295853658536584, 0.4896341463414634, 0.7820243902439025, 0.5457317073170732], [0.6820243902439024, 0.4847560975609756, 0.7332439024390244, 0.5408536585365854]], "class": 2}