{"image": "c0aa68a0-6b42-11ee-982e-fcb3bc5cd112.jpg", "bboxes": [[0.2829756097560976, 0.4896341463414634, 0.33541463414634154, 0.5457317073170732], [0.33175609756097557, 0.4847560975609756, 0.38297560975609757, 0.5408536585365854]], "class": 2}