{"image": "c0aa68a0-6b42-11ee-982e-fcb3bc5cd112.jpg", "bboxes": [[0.3075853658536585, 0.4202682926829268, 0.3600243902439024, 0.4763658536585366], [0.2600243902439024, 0.4251463414634146, 0.3112439024390244, 0.4812439024390244]], "class": 2}