{"image": "c0aa68a0-6b42-11ee-982e-fcb3bc5cd112.jpg", "bboxes": [[0.6339756097560976, 0.4282682926829268, 0.6864146341463415, 0.48436585365853657], [0.6827560975609757, 0.43314634146341463, 0.7339756097560977, 0.4892439024390244]], "class": 2}