{"image": "c0aa68a0-6b42-11ee-982e-fcb3bc5cd112.jpg", "bboxes": [[0.5949756097560976, 0.4746341463414634, 0.6474146341463416, 0.5307317073170732], [0.6437560975609756, 0.4697560975609756, 0.6949756097560975, 0.5258536585365854]], "class": 2}