{"image": "c0aa68a0-6b42-11ee-982e-fcb3bc5cd112.jpg", "bboxes": [[0.7815853658536585, 0.5136341463414634, 0.8340243902439024, 0.5697317073170731], [0.7340243902439024, 0.5087560975609756, 0.7852439024390244, 0.5648536585365853]], "class": 2}