{"image": "c0aa68a0-6b42-11ee-982e-fcb3bc5cd112.jpg", "bboxes": [[0.5639756097560975, 0.4756341463414634, 0.6164146341463416, 0.5317317073170732], [0.6127560975609756, 0.4707560975609756, 0.6639756097560976, 0.5268536585365854]], "class": 2}