{"image": "c0aa68a0-6b42-11ee-982e-fcb3bc5cd112.jpg", "bboxes": [[0.24658536585365845, 0.4252682926829268, 0.2990243902439024, 0.48136585365853657], [0.19902439024390242, 0.4301463414634146, 0.2502439024390244, 0.4862439024390244]], "class": 2}