{"image": "c0aa68a0-6b42-11ee-982e-fcb3bc5cd112.jpg", "bboxes": [[0.9375853658536585, 0.4746341463414634, 0.9900243902439024, 0.5307317073170732], [0.8900243902439025, 0.4697560975609756, 0.9412439024390244, 0.5258536585365854]], "class": 2}