{"image": "c0aa68a0-6b42-11ee-982e-fcb3bc5cd112.jpg", "bboxes": [[0.42258536585365847, 0.4652682926829268, 0.4750243902439024, 0.5213658536585366], [0.37502439024390244, 0.4701463414634146, 0.4262439024390244, 0.5262439024390244]], "class": 2}