{"image": "c4f66f3b-6b44-11ee-a010-fcb3bc5cd112.jpg", "bboxes": [[0.3112926829268293, 0.430780487804878, 0.3466585365853657, 0.4893170731707318], [0.2527560975609756, 0.4259024390243902, 0.3076341463414634, 0.4783414634146341]], "class": 2}