{"image": "c4f66f3b-6b44-11ee-a010-fcb3bc5cd112.jpg", "bboxes": [[0.5083414634146343, 0.36678048780487804, 0.5437073170731707, 0.42531707317073175], [0.5473658536585366, 0.36190243902439023, 0.6022439024390244, 0.4143414634146342], [0.8717560975609756, 0.3850731707317072, 0.9193170731707316, 0.43995121951219507], [0.9193170731707316, 0.37897560975609756, 0.9619999999999999, 0.4338536585365854]], "class": 4}