{"image": "c4f66f3b-6b44-11ee-a010-fcb3bc5cd112.jpg", "bboxes": [[0.7652926829268294, 0.5406829268292682, 0.8006585365853657, 0.5992195121951219], [0.7067560975609756, 0.5516585365853658, 0.7616341463414634, 0.6040975609756097], [0.38968292682926836, 0.5260487804878049, 0.4372439024390244, 0.5809268292682928], [0.3470000000000001, 0.5321463414634147, 0.38968292682926836, 0.5870243902439024]], "class": 4}