{"image": "c4f66f3b-6b44-11ee-a010-fcb3bc5cd112.jpg", "bboxes": [[0.3183414634146343, 0.38178048780487805, 0.3537073170731706, 0.44031707317073177], [0.35736585365853657, 0.37690243902439025, 0.4122439024390244, 0.4293414634146342], [0.6817560975609755, 0.40007317073170723, 0.7293170731707317, 0.4549512195121951], [0.7293170731707317, 0.3939756097560976, 0.7719999999999999, 0.44885365853658543]], "class": 4}