{"image": "c4f66f3b-6b44-11ee-a010-fcb3bc5cd112.jpg", "bboxes": [[0.7282926829268294, 0.5466829268292682, 0.7636585365853658, 0.6052195121951219], [0.6697560975609756, 0.5576585365853658, 0.7246341463414634, 0.6100975609756097], [0.35268292682926833, 0.5320487804878049, 0.4002439024390244, 0.5869268292682928], [0.3100000000000001, 0.5381463414634147, 0.35268292682926833, 0.5930243902439024]], "class": 4}