{"image": "c4f66f3b-6b44-11ee-a010-fcb3bc5cd112.jpg", "bboxes": [[0.23529268292682934, 0.5026829268292683, 0.2706585365853657, 0.561219512195122], [0.1767560975609756, 0.5136585365853659, 0.2316341463414634, 0.5660975609756098]], "class": 2}