{"image": "c4f66f3b-6b44-11ee-a010-fcb3bc5cd112.jpg", "bboxes": [[0.7873414634146343, 0.5426829268292682, 0.8227073170731707, 0.6012195121951219], [0.8263658536585365, 0.5536585365853658, 0.8812439024390244, 0.6060975609756097]], "class": 2}