{"image": "c4f66f3b-6b44-11ee-a010-fcb3bc5cd112.jpg", "bboxes": [[0.14929268292682935, 0.4017804878048781, 0.1846585365853657, 0.4603170731707318], [0.09075609756097561, 0.39690243902439026, 0.1456341463414634, 0.4493414634146342]], "class": 2}