{"image": "c4f66f3b-6b44-11ee-a010-fcb3bc5cd112.jpg", "bboxes": [[0.019341463414634275, 0.5596829268292682, 0.05470731707317067, 0.618219512195122], [0.05836585365853664, 0.5706585365853658, 0.11324390243902438, 0.6230975609756098], [0.3827560975609756, 0.5450487804878049, 0.43031707317073165, 0.5999268292682928], [0.43031707317073165, 0.5511463414634146, 0.47299999999999986, 0.6060243902439024]], "class": 4}