{"image": "cdc8fd95-6b44-11ee-a9d7-fcb3bc5cd112.jpg", "bboxes": [[0.8705365853658537, 0.6205853658536585, 0.9193170731707316, 0.6632682926829269], [0.8205365853658536, 0.6169268292682928, 0.8717560975609756, 0.659609756097561]], "class": 2}