{"image": "cdc8fd95-6b44-11ee-a9d7-fcb3bc5cd112.jpg", "bboxes": [[0.0, 0.362390243902439, 0.03546341463414637, 0.40507317073170723]], "class": 1}