{"image": "cdc8fd95-6b44-11ee-a9d7-fcb3bc5cd112.jpg", "bboxes": [[0.6646829268292683, 0.5715853658536586, 0.7134634146341463, 0.6142682926829268], [0.7122439024390244, 0.5679268292682927, 0.7634634146341464, 0.610609756097561]], "class": 2}