{"image": "cdc8fd95-6b44-11ee-a9d7-fcb3bc5cd112.jpg", "bboxes": [[0.0, 0.6175853658536585, 0.01046341463414635, 0.6602682926829269], [0.009243902439024398, 0.6139268292682928, 0.060463414634146395, 0.656609756097561]], "class": 2}