{"image": "cdc8fd95-6b44-11ee-a9d7-fcb3bc5cd112.jpg", "bboxes": [[0.4986829268292684, 0.3877317073170732, 0.5474634146341464, 0.4304146341463414], [0.5462439024390244, 0.39139024390243904, 0.5974634146341464, 0.43407317073170726]], "class": 2}