{"image": "cdc8fd95-6b44-11ee-a9d7-fcb3bc5cd112.jpg", "bboxes": [[0.4116829268292683, 0.4017317073170732, 0.4604634146341464, 0.4444146341463414], [0.45924390243902435, 0.40539024390243905, 0.5104634146341464, 0.44807317073170727]], "class": 2}