{"image": "cdc8fd95-6b44-11ee-a9d7-fcb3bc5cd112.jpg", "bboxes": [[0.4956829268292684, 0.4107317073170732, 0.5444634146341464, 0.4534146341463414], [0.5432439024390243, 0.41439024390243906, 0.5944634146341463, 0.4570731707317073]], "class": 2}