{"image": "cdc8fd95-6b44-11ee-a9d7-fcb3bc5cd112.jpg", "bboxes": [[0.7625365853658537, 0.4047317073170732, 0.8113170731707317, 0.4474146341463414], [0.7125365853658536, 0.40839024390243905, 0.7637560975609756, 0.4510731707317073]], "class": 2}