{"image": "cdc8fd95-6b44-11ee-a9d7-fcb3bc5cd112.jpg", "bboxes": [[0.8165365853658536, 0.5945853658536586, 0.8653170731707317, 0.6372682926829268], [0.7665365853658537, 0.5909268292682928, 0.8177560975609756, 0.633609756097561]], "class": 2}