{"image": "cdc8fd95-6b44-11ee-a9d7-fcb3bc5cd112.jpg", "bboxes": [[0.4505365853658536, 0.5885853658536586, 0.49931707317073165, 0.6312682926829268], [0.4005365853658536, 0.5849268292682928, 0.4517560975609756, 0.627609756097561]], "class": 2}