{"image": "cdc8fd95-6b44-11ee-a9d7-fcb3bc5cd112.jpg", "bboxes": [[0.5895365853658536, 0.34173170731707314, 0.6383170731707316, 0.38441463414634147], [0.5395365853658536, 0.345390243902439, 0.5907560975609756, 0.3880731707317072]], "class": 2}