{"image": "cdc8fd95-6b44-11ee-a9d7-fcb3bc5cd112.jpg", "bboxes": [[0.6075365853658536, 0.3987317073170732, 0.6563170731707316, 0.4414146341463414], [0.5575365853658536, 0.40239024390243905, 0.6087560975609756, 0.44507317073170727]], "class": 2}