{"image": "d4c9fbd3-6b42-11ee-a8cc-fcb3bc5cd112.jpg", "bboxes": [[0.7504390243902439, 0.26182926829268294, 0.8284878048780486, 0.35573170731707315], [0.8528780487804878, 0.2654878048780488, 0.9150731707317072, 0.3520731707317073]], "class": 2}