{"image": "d4c9fbd3-6b42-11ee-a8cc-fcb3bc5cd112.jpg", "bboxes": [[0.12851219512195133, 0.2308292682926829, 0.20656097560975614, 0.3247317073170731], [0.04192682926829275, 0.2344878048780488, 0.1041219512195122, 0.3210731707317073]], "class": 2}