{"image": "d4c9fbd3-6b42-11ee-a8cc-fcb3bc5cd112.jpg", "bboxes": [[0.4135121951219513, 0.6722682926829269, 0.49156097560975615, 0.7661707317073171], [0.32692682926829275, 0.6759268292682927, 0.3891219512195122, 0.7625121951219512]], "class": 2}