{"image": "d4c9fbd3-6b42-11ee-a8cc-fcb3bc5cd112.jpg", "bboxes": [[0.46143902439024387, 0.6982682926829269, 0.5394878048780487, 0.7921707317073171], [0.5638780487804878, 0.7019268292682928, 0.6260731707317073, 0.7885121951219511]], "class": 2}