{"image": "d4c9fbd3-6b42-11ee-a8cc-fcb3bc5cd112.jpg", "bboxes": [[0.9294390243902438, 0.7192682926829268, 1.0, 0.8131707317073171]], "class": 1}