{"image": "d71b0181-6b44-11ee-ba1e-fcb3bc5cd112.jpg", "bboxes": [[0.720780487804878, 0.6051463414634146, 0.7378536585365852, 0.619780487804878], [0.7378536585365852, 0.595390243902439, 0.7585853658536584, 0.6185609756097561]], "class": 2}