{"image": "d71b0181-6b44-11ee-ba1e-fcb3bc5cd112.jpg", "bboxes": [[0.21014634146341474, 0.3212195121951219, 0.227219512195122, 0.33585365853658533], [0.18941463414634155, 0.3224390243902439, 0.21014634146341474, 0.34560975609756095]], "class": 2}