{"image": "d71b0181-6b44-11ee-ba1e-fcb3bc5cd112.jpg", "bboxes": [[0.993780487804878, 0.35221951219512193, 1.0, 0.3668536585365853]], "class": 1}