{"image": "d71b0181-6b44-11ee-ba1e-fcb3bc5cd112.jpg", "bboxes": [[0.49214634146341474, 0.6391463414634146, 0.509219512195122, 0.6537804878048781], [0.47141463414634155, 0.629390243902439, 0.49214634146341474, 0.6525609756097561]], "class": 2}