{"image": "d71b0181-6b44-11ee-ba1e-fcb3bc5cd112.jpg", "bboxes": [[0.22514634146341472, 0.6391463414634146, 0.24221951219512197, 0.6537804878048781], [0.20441463414634153, 0.629390243902439, 0.22514634146341472, 0.6525609756097561]], "class": 2}