{"image": "d81e7ada-6b42-11ee-9845-fcb3bc5cd112.jpg", "bboxes": [[0.11492682926829274, 0.3601463414634146, 0.19053658536585374, 0.43087804878048774], [0.027121951219512313, 0.3613658536585365, 0.10151219512195132, 0.44551219512195117]], "class": 2}