{"image": "d81e7ada-6b42-11ee-9845-fcb3bc5cd112.jpg", "bboxes": [[0.06892682926829274, 0.36914634146341463, 0.14453658536585373, 0.43987804878048775], [0.0, 0.3703658536585365, 0.055512195121951324, 0.4545121951219512]], "class": 2}