{"image": "d81e7ada-6b42-11ee-9845-fcb3bc5cd112.jpg", "bboxes": [[0.9254634146341463, 0.3941463414634146, 1.0, 0.4648780487804877]], "class": 1}