{"image": "d81e7ada-6b42-11ee-9845-fcb3bc5cd112.jpg", "bboxes": [[0.4584634146341463, 0.3911463414634146, 0.5340731707317072, 0.46187804878048777], [0.5474878048780487, 0.39236585365853655, 0.6218780487804877, 0.47651219512195114]], "class": 2}