{"image": "d81e7ada-6b42-11ee-9845-fcb3bc5cd112.jpg", "bboxes": [[0.6464634146341462, 0.3871463414634146, 0.7220731707317072, 0.45787804878048777], [0.7354878048780487, 0.38836585365853654, 0.8098780487804877, 0.47251219512195114]], "class": 2}