{"image": "da076150-6b44-11ee-b768-fcb3bc5cd112.jpg", "bboxes": [[0.8728292682926828, 0.4014634146341463, 0.8911219512195121, 0.45390243902439015], [0.869170731707317, 0.44414634146341464, 0.8886829268292681, 0.4612195121951219], [0.8484390243902438, 0.44780487804878044, 0.8764878048780488, 0.4660975609756097]], "class": 3}