{"image": "da076150-6b44-11ee-b768-fcb3bc5cd112.jpg", "bboxes": [[0.4668780487804879, 0.5500975609756098, 0.48517073170731717, 0.6025365853658537], [0.4693170731707319, 0.5427804878048781, 0.48882926829268303, 0.5598536585365854], [0.4815121951219512, 0.5379024390243903, 0.5095609756097563, 0.5561951219512196]], "class": 3}