{"image": "da076150-6b44-11ee-b768-fcb3bc5cd112.jpg", "bboxes": [[0.9098292682926828, 0.5230975609756099, 0.9281219512195121, 0.5755365853658536], [0.9061707317073169, 0.5157804878048781, 0.9256829268292681, 0.5328536585365854], [0.8854390243902437, 0.5109024390243903, 0.9134878048780488, 0.5291951219512195]], "class": 3}