{"image": "da076150-6b44-11ee-b768-fcb3bc5cd112.jpg", "bboxes": [[0.42287804878048796, 0.4184634146341463, 0.44117073170731713, 0.47090243902439016], [0.42531707317073186, 0.4611463414634146, 0.4448292682926831, 0.47821951219512193], [0.43751219512195116, 0.46480487804878046, 0.4655609756097563, 0.48309756097560974]], "class": 3}