{"image": "da076150-6b44-11ee-b768-fcb3bc5cd112.jpg", "bboxes": [[0.5118292682926828, 0.4104634146341463, 0.5301219512195121, 0.46290243902439016], [0.508170731707317, 0.4531463414634146, 0.5276829268292681, 0.4702195121951219], [0.4874390243902437, 0.45680487804878045, 0.5154878048780488, 0.47509756097560973]], "class": 3}