{"image": "da076150-6b44-11ee-b768-fcb3bc5cd112.jpg", "bboxes": [[0.044878048780487956, 0.3944634146341463, 0.06317073170731713, 0.44690243902439014], [0.04731707317073186, 0.43714634146341463, 0.0668292682926831, 0.4542195121951219], [0.05951219512195116, 0.44080487804878044, 0.08756097560975629, 0.4590975609756097]], "class": 3}