{"image": "da076150-6b44-11ee-b768-fcb3bc5cd112.jpg", "bboxes": [[0.27682926829268284, 0.3534634146341463, 0.29512195121951207, 0.40590243902439016], [0.2731707317073169, 0.3961463414634146, 0.2926829268292681, 0.41321951219512193], [0.25243902439024374, 0.39980487804878045, 0.2804878048780488, 0.41809756097560974]], "class": 3}