{"image": "da076150-6b44-11ee-b768-fcb3bc5cd112.jpg", "bboxes": [[0.26482926829268283, 0.37646341463414634, 0.28312195121951206, 0.4289024390243902], [0.2611707317073169, 0.4191463414634146, 0.28068292682926815, 0.4362195121951219], [0.24043902439024373, 0.4228048780487804, 0.2684878048780488, 0.4410975609756097]], "class": 3}