{"image": "da076150-6b44-11ee-b768-fcb3bc5cd112.jpg", "bboxes": [[0.2178780487804879, 0.5690975609756098, 0.23617073170731717, 0.6215365853658537], [0.2203170731707319, 0.5617804878048781, 0.23982926829268303, 0.5788536585365853], [0.2325121951219512, 0.5569024390243903, 0.2605609756097562, 0.5751951219512196]], "class": 3}