{"image": "da076150-6b44-11ee-b768-fcb3bc5cd112.jpg", "bboxes": [[0.033878048780487946, 0.5660975609756098, 0.05217073170731712, 0.6185365853658538], [0.03631707317073185, 0.5587804878048781, 0.05582926829268309, 0.5758536585365854], [0.04851219512195126, 0.5539024390243903, 0.07656097560975628, 0.5721951219512196]], "class": 3}