{"image": "da076150-6b44-11ee-b768-fcb3bc5cd112.jpg", "bboxes": [[0.19587804878048787, 0.5600975609756098, 0.21417073170731715, 0.6125365853658538], [0.19831707317073188, 0.5527804878048781, 0.21782926829268312, 0.5698536585365854], [0.21051219512195118, 0.5479024390243903, 0.2385609756097563, 0.5661951219512196]], "class": 3}