{"image": "da076150-6b44-11ee-b768-fcb3bc5cd112.jpg", "bboxes": [[0.27582926829268284, 0.42846341463414633, 0.29412195121951207, 0.48090243902439017], [0.2721707317073169, 0.4711463414634146, 0.2916829268292681, 0.48821951219512194], [0.25143902439024374, 0.47480487804878047, 0.2794878048780488, 0.49309756097560975]], "class": 3}