{"image": "da076150-6b44-11ee-b768-fcb3bc5cd112.jpg", "bboxes": [[0.30382926829268286, 0.5460975609756098, 0.3221219512195121, 0.5985365853658537], [0.3001707317073169, 0.5387804878048781, 0.31968292682926813, 0.5558536585365854], [0.2794390243902437, 0.5339024390243903, 0.3074878048780488, 0.5521951219512196]], "class": 3}