{"image": "da076150-6b44-11ee-b768-fcb3bc5cd112.jpg", "bboxes": [[0.44287804878048787, 0.37846341463414634, 0.46117073170731715, 0.4309024390243902], [0.4453170731707319, 0.4211463414634146, 0.4648292682926831, 0.4382195121951219], [0.4575121951219512, 0.4248048780487804, 0.4855609756097563, 0.4430975609756097]], "class": 3}