{"image": "da076150-6b44-11ee-b768-fcb3bc5cd112.jpg", "bboxes": [[0.12387804878048791, 0.3954634146341463, 0.1421707317073172, 0.44790243902439014], [0.12631707317073182, 0.43814634146341463, 0.14582926829268306, 0.4552195121951219], [0.13851219512195123, 0.44180487804878044, 0.16656097560975625, 0.4600975609756097]], "class": 3}