{"image": "da076150-6b44-11ee-b768-fcb3bc5cd112.jpg", "bboxes": [[0.0, 0.5659024390243903, 0.0055609756097563245, 0.5841951219512196]], "class": 1}