{"image": "da076150-6b44-11ee-b768-fcb3bc5cd112.jpg", "bboxes": [[0.09887804878048789, 0.5630975609756098, 0.11717073170731718, 0.6155365853658537], [0.10131707317073191, 0.5557804878048781, 0.12082926829268303, 0.5728536585365853], [0.11351219512195121, 0.5509024390243903, 0.14156097560975622, 0.5691951219512196]], "class": 3}