{"image": "dbba2e88-6b42-11ee-aae6-fcb3bc5cd112.jpg", "bboxes": [[0.7037317073170729, 0.5673658536585366, 0.8012926829268292, 0.7441951219512195]], "class": 1}