{"image": "dbba2e88-6b42-11ee-aae6-fcb3bc5cd112.jpg", "bboxes": [[0.6633170731707316, 0.24795121951219512, 0.7499024390243902, 0.3381951219512195], [0.7633170731707317, 0.24673170731707314, 0.8425853658536585, 0.3296585365853658]], "class": 2}