{"image": "dbba2e88-6b42-11ee-aae6-fcb3bc5cd112.jpg", "bboxes": [[0.881731707317073, 0.2518048780487805, 0.9792926829268292, 0.42863414634146335], [0.06709756097560979, 0.6018048780487805, 0.15368292682926835, 0.6920487804878048], [0.0, 0.6103414634146342, 0.0536829268292683, 0.6932682926829269]], "class": 3}