{"image": "dbba2e88-6b42-11ee-aae6-fcb3bc5cd112.jpg", "bboxes": [[0.4680975609756098, 0.6608048780487805, 0.5546829268292683, 0.7510487804878049], [0.37541463414634146, 0.6693414634146342, 0.4546829268292683, 0.7522682926829268]], "class": 2}