{"image": "dbba2e88-6b42-11ee-aae6-fcb3bc5cd112.jpg", "bboxes": [[0.5003170731707316, 0.2389512195121951, 0.5869024390243902, 0.3291951219512195], [0.6003170731707317, 0.23773170731707313, 0.6795853658536586, 0.3206585365853658]], "class": 2}