{"image": "dbba2e88-6b42-11ee-aae6-fcb3bc5cd112.jpg", "bboxes": [[0.6177317073170729, 0.2798048780487804, 0.7152926829268292, 0.4566341463414634]], "class": 1}