{"image": "dbba2e88-6b42-11ee-aae6-fcb3bc5cd112.jpg", "bboxes": [[0.6443170731707317, 0.6348048780487805, 0.7309024390243902, 0.725048780487805], [0.7443170731707317, 0.6433414634146342, 0.8235853658536585, 0.7262682926829269]], "class": 2}