{"image": "dd102637-6b41-11ee-9831-fcb3bc5cd112.jpg", "bboxes": [[0.3250731707317075, 0.4645853658536585, 0.41775609756097565, 0.5816585365853659], [0.5506829268292683, 0.580439024390244, 0.6262926829268292, 0.6401951219512196], [0.6665365853658536, 0.8304390243902439, 0.7128780487804878, 0.8658048780487805], [0.7287317073170732, 0.8255609756097562, 0.7640975609756097, 0.8584878048780488]], "class": 4}