{"image": "dd102637-6b41-11ee-9831-fcb3bc5cd112.jpg", "bboxes": [[0.11268292682926839, 0.3518048780487804, 0.1882926829268292, 0.4115609756097561], [0.22853658536585364, 0.1261951219512195, 0.2748780487804878, 0.1615609756097561], [0.2907317073170731, 0.1335121951219512, 0.3260975609756097, 0.1664390243902439]], "class": 3}