{"image": "dd102637-6b41-11ee-9831-fcb3bc5cd112.jpg", "bboxes": [[0.7112439024390244, 0.4753414634146341, 0.8039268292682925, 0.5924146341463415], [0.5027073170731707, 0.4168048780487804, 0.5783170731707317, 0.4765609756097561], [0.4161219512195122, 0.19119512195121952, 0.46246341463414636, 0.2265609756097561], [0.36490243902439035, 0.1985121951219512, 0.4002682926829269, 0.2314390243902439]], "class": 4}