{"image": "dd102637-6b41-11ee-9831-fcb3bc5cd112.jpg", "bboxes": [[0.8292439024390243, 0.41958536585365847, 0.9219268292682925, 0.5366585365853659], [0.6207073170731707, 0.5354390243902438, 0.6963170731707317, 0.5951951219512195], [0.5341219512195122, 0.7854390243902439, 0.5804634146341464, 0.8208048780487804], [0.48290243902439034, 0.7805609756097561, 0.518268292682927, 0.8134878048780487]], "class": 4}