{"image": "dd102637-6b41-11ee-9831-fcb3bc5cd112.jpg", "bboxes": [[0.3702439024390244, 0.4305853658536585, 0.46292682926829254, 0.5476585365853659], [0.16170731707317076, 0.5464390243902439, 0.23731707317073164, 0.6061951219512196], [0.07512195121951219, 0.7964390243902439, 0.12146341463414638, 0.8318048780487806], [0.02390243902439033, 0.7915609756097561, 0.059268292682926924, 0.8244878048780488]], "class": 4}