{"image": "dd102637-6b41-11ee-9831-fcb3bc5cd112.jpg", "bboxes": [[0.16507317073170746, 0.4405853658536585, 0.2577560975609756, 0.5576585365853659], [0.3906829268292683, 0.556439024390244, 0.46629268292682924, 0.6161951219512196], [0.5065365853658537, 0.806439024390244, 0.5528780487804879, 0.8418048780487805], [0.568731707317073, 0.8015609756097561, 0.6040975609756096, 0.8344878048780489]], "class": 4}