{"image": "dd24029b-6b41-11ee-ad36-fcb3bc5cd112.jpg", "bboxes": [[0.8659024390243903, 0.19841463414634145, 0.9098048780487805, 0.23865853658536582], [0.8024878048780488, 0.20817073170731706, 0.8524878048780488, 0.24109756097560972]], "class": 2}