{"image": "dd24029b-6b41-11ee-ad36-fcb3bc5cd112.jpg", "bboxes": [[0.1411707317073172, 0.4947560975609756, 0.24360975609756108, 0.5935365853658536], [0.28019512195121954, 0.48134146341463413, 0.3582439024390244, 0.5947560975609756], [0.4801951219512195, 0.8313414634146341, 0.5240975609756097, 0.8715853658536585], [0.5375121951219513, 0.8289024390243903, 0.5875121951219512, 0.8618292682926829]], "class": 4}