{"image": "dd24029b-6b41-11ee-ad36-fcb3bc5cd112.jpg", "bboxes": [[0.0, 0.42775609756097566, 0.03860975609756112, 0.5265365853658537], [0.07519512195121958, 0.4143414634146342, 0.15324390243902442, 0.5277560975609756], [0.2751951219512194, 0.7643414634146342, 0.3190975609756097, 0.8045853658536586], [0.3325121951219512, 0.7619024390243903, 0.3825121951219512, 0.794829268292683]], "class": 4}