{"image": "dd24029b-6b41-11ee-ad36-fcb3bc5cd112.jpg", "bboxes": [[0.9513902439024389, 0.4424634146341463, 1.0, 0.5412439024390244], [0.8367560975609756, 0.44124390243902434, 0.9148048780487804, 0.5546585365853658], [0.6709024390243903, 0.16441463414634144, 0.7148048780487806, 0.2046585365853658], [0.6074878048780488, 0.17417073170731706, 0.6574878048780488, 0.20709756097560972]], "class": 4}