{"image": "dd24029b-6b41-11ee-ad36-fcb3bc5cd112.jpg", "bboxes": [[0.3243902439024389, 0.42575609756097565, 0.42682926829268286, 0.5245365853658537], [0.2097560975609756, 0.4123414634146342, 0.2878048780487804, 0.5257560975609756], [0.04390243902439033, 0.7623414634146342, 0.08780487804878055, 0.8025853658536586], [0.0, 0.7599024390243903, 0.03048780487804879, 0.792829268292683]], "class": 4}