{"image": "dd24029b-6b41-11ee-ad36-fcb3bc5cd112.jpg", "bboxes": [[0.4953902439024389, 0.42375609756097565, 0.5978292682926829, 0.5225365853658537], [0.3807560975609756, 0.4103414634146342, 0.45880487804878045, 0.5237560975609756], [0.21490243902439032, 0.7603414634146342, 0.25880487804878055, 0.8005853658536586], [0.1514878048780488, 0.7579024390243903, 0.2014878048780488, 0.790829268292683]], "class": 4}