{"image": "dd24029b-6b41-11ee-ad36-fcb3bc5cd112.jpg", "bboxes": [[0.4793902439024389, 0.4434634146341463, 0.5818292682926829, 0.5422439024390244], [0.3647560975609756, 0.44224390243902434, 0.44280487804878044, 0.5556585365853658], [0.19890243902439034, 0.16541463414634144, 0.24280487804878056, 0.20565853658536581], [0.1354878048780488, 0.17517073170731706, 0.18548780487804878, 0.20809756097560972]], "class": 4}