{"image": "dd24029b-6b41-11ee-ad36-fcb3bc5cd112.jpg", "bboxes": [[0.5551707317073171, 0.4034634146341463, 0.6576097560975611, 0.5022439024390244], [0.6941951219512196, 0.40224390243902436, 0.7722439024390244, 0.5156585365853659], [0.8941951219512194, 0.12541463414634146, 0.9380975609756097, 0.16565853658536583], [0.9515121951219512, 0.13517073170731705, 1.0, 0.1680975609756097]], "class": 4}