{"image": "dd24029b-6b41-11ee-ad36-fcb3bc5cd112.jpg", "bboxes": [[0.7993902439024388, 0.4484634146341463, 0.9018292682926828, 0.5472439024390244], [0.6847560975609756, 0.44724390243902434, 0.7628048780487804, 0.5606585365853658], [0.5189024390243904, 0.17041463414634145, 0.5628048780487805, 0.21065853658536582], [0.4554878048780488, 0.18017073170731707, 0.5054878048780488, 0.21309756097560972]], "class": 4}