{"image": "dd24029b-6b41-11ee-ad36-fcb3bc5cd112.jpg", "bboxes": [[0.36117073170731717, 0.42346341463414633, 0.46360975609756105, 0.5222439024390244], [0.5001951219512195, 0.4222439024390243, 0.5782439024390245, 0.5356585365853658], [0.7001951219512195, 0.14541463414634145, 0.7440975609756096, 0.18565853658536582], [0.7575121951219512, 0.15517073170731707, 0.8075121951219513, 0.18809756097560973]], "class": 4}