{"image": "dd813501-6b41-11ee-b349-fcb3bc5cd112.jpg", "bboxes": [[0.618048780487805, 0.47304878048780485, 0.7204878048780488, 0.5815853658536585], [0.7570731707317075, 0.46329268292682924, 0.838780487804878, 0.5803658536585365], [0.9692682926829268, 0.8059756097560976, 1.0, 0.845]], "class": 3}