{"image": "dd813501-6b41-11ee-b349-fcb3bc5cd112.jpg", "bboxes": [[0.146048780487805, 0.40441463414634143, 0.24848780487804878, 0.5129512195121951], [0.28507317073170746, 0.4056341463414634, 0.36678048780487804, 0.5227073170731708], [0.4972682926829268, 0.141, 0.5411707317073171, 0.1800243902439024], [0.5582439024390244, 0.1458780487804878, 0.6082439024390244, 0.18978048780487802]], "class": 4}