{"image": "dd813501-6b41-11ee-b349-fcb3bc5cd112.jpg", "bboxes": [[0.0, 0.44804878048780483, 0.05948780487804883, 0.5565853658536586], [0.09607317073170751, 0.4382926829268292, 0.17778048780487798, 0.5553658536585366], [0.30826829268292677, 0.7809756097560976, 0.35217073170731705, 0.8200000000000001], [0.3692439024390244, 0.771219512195122, 0.41924390243902443, 0.8151219512195123]], "class": 4}