{"image": "dd813501-6b41-11ee-b349-fcb3bc5cd112.jpg", "bboxes": [[0.2620487804878051, 0.5000487804878049, 0.36448780487804877, 0.6085853658536586], [0.40107317073170745, 0.49029268292682926, 0.48278048780487803, 0.6073658536585366], [0.6132682926829268, 0.8329756097560976, 0.657170731707317, 0.872], [0.6742439024390243, 0.823219512195122, 0.7242439024390244, 0.8671219512195122]], "class": 4}