{"image": "dd813501-6b41-11ee-b349-fcb3bc5cd112.jpg", "bboxes": [[0.1320487804878051, 0.42441463414634145, 0.23448780487804877, 0.5329512195121952], [0.27107317073170745, 0.4256341463414634, 0.35278048780487803, 0.5427073170731708], [0.4832682926829268, 0.161, 0.5271707317073171, 0.20002439024390242], [0.5442439024390244, 0.1658780487804878, 0.5942439024390245, 0.209780487804878]], "class": 4}