{"image": "dd813501-6b41-11ee-b349-fcb3bc5cd112.jpg", "bboxes": [[0.5235121951219512, 0.45304878048780484, 0.6259512195121949, 0.5615853658536586], [0.405219512195122, 0.4432926829268292, 0.4869268292682925, 0.5603658536585365], [0.23082926829268297, 0.7859756097560976, 0.2747317073170732, 0.825], [0.16375609756097562, 0.776219512195122, 0.2137560975609756, 0.8201219512195121]], "class": 4}