{"image": "dd813501-6b41-11ee-b349-fcb3bc5cd112.jpg", "bboxes": [[0.0952682926829268, 0.124, 0.13917073170731709, 0.16302439024390242], [0.15624390243902442, 0.1288780487804878, 0.20624390243902435, 0.172780487804878]], "class": 2}