{"image": "dd813501-6b41-11ee-b349-fcb3bc5cd112.jpg", "bboxes": [[0.882219512195122, 0.47929268292682925, 0.9639268292682925, 0.5963658536585366], [0.707829268292683, 0.8219756097560975, 0.7517317073170732, 0.861], [0.6407560975609756, 0.812219512195122, 0.6907560975609756, 0.8561219512195122]], "class": 3}