{"image": "dd813501-6b41-11ee-b349-fcb3bc5cd112.jpg", "bboxes": [[0.8565121951219512, 0.4304146341463414, 0.958951219512195, 0.5389512195121952], [0.7382195121951219, 0.4316341463414634, 0.8199268292682925, 0.5487073170731708], [0.563829268292683, 0.167, 0.6077317073170732, 0.20602439024390243], [0.4967560975609756, 0.1718780487804878, 0.5467560975609757, 0.21578048780487802]], "class": 4}