{"image": "dd813501-6b41-11ee-b349-fcb3bc5cd112.jpg", "bboxes": [[0.3675121951219512, 0.42041463414634145, 0.46995121951219493, 0.5289512195121951], [0.24921951219512198, 0.4216341463414634, 0.33092682926829253, 0.5387073170731708], [0.07482926829268297, 0.157, 0.11873170731707319, 0.19602439024390242], [0.0077560975609756045, 0.1618780487804878, 0.057756097560975606, 0.205780487804878]], "class": 4}