{"image": "ddbdd61e-6b41-11ee-9942-fcb3bc5cd112.jpg", "bboxes": [[0.8170975609756097, 0.38380487804878044, 0.931731707317073, 0.47770731707317077], [0.706121951219512, 0.3886829268292683, 0.7902682926829269, 0.48990243902439023], [0.5256341463414634, 0.10453658536585365, 0.5780731707317074, 0.146]], "class": 3}