{"image": "ddbdd61e-6b41-11ee-9942-fcb3bc5cd112.jpg", "bboxes": [[0.5290975609756097, 0.49429268292682926, 0.643731707317073, 0.5881951219512196], [0.41812195121951207, 0.48209756097560974, 0.5022682926829268, 0.5833170731707318], [0.2376341463414634, 0.8260000000000001, 0.29007317073170735, 0.8674634146341463]], "class": 3}