{"image": "ddbdd61e-6b41-11ee-9942-fcb3bc5cd112.jpg", "bboxes": [[0.0, 0.4158048780487804, 0.008902439024390363, 0.5097073170731707], [0.0357317073170732, 0.4206829268292683, 0.11987804878048791, 0.5219024390243903], [0.24792682926829268, 0.13653658536585364, 0.30036585365853663, 0.178]], "class": 3}