{"image": "ddbdd61e-6b41-11ee-9942-fcb3bc5cd112.jpg", "bboxes": [[0.9140975609756097, 0.40980487804878046, 1.0, 0.5037073170731707], [0.8031219512195121, 0.4146829268292683, 0.8872682926829268, 0.5159024390243903], [0.6226341463414634, 0.13053658536585366, 0.6750731707317074, 0.172]], "class": 3}