{"image": "ddbdd61e-6b41-11ee-9942-fcb3bc5cd112.jpg", "bboxes": [[0.39209756097560966, 0.48229268292682925, 0.506731707317073, 0.5761951219512196], [0.2811219512195121, 0.47009756097560973, 0.3652682926829268, 0.5713170731707318], [0.1006341463414634, 0.8140000000000001, 0.15307317073170737, 0.8554634146341463]], "class": 3}