{"image": "ddbdd61e-6b41-11ee-9942-fcb3bc5cd112.jpg", "bboxes": [[0.5110975609756097, 0.40580487804878046, 0.625731707317073, 0.4997073170731708], [0.4001219512195121, 0.4106829268292683, 0.4842682926829268, 0.5119024390243903], [0.21963414634146342, 0.12653658536585366, 0.27207317073170734, 0.168]], "class": 3}