{"image": "ddbdd61e-6b41-11ee-9942-fcb3bc5cd112.jpg", "bboxes": [[0.0, 0.40980487804878046, 0.033902439024390385, 0.5037073170731707], [0.060731707317073225, 0.4146829268292683, 0.14487804878048793, 0.5159024390243903], [0.2729268292682926, 0.13053658536585366, 0.32536585365853654, 0.172]], "class": 3}