{"image": "de9ccd2c-6b42-11ee-acf7-fcb3bc5cd112.jpg", "bboxes": [[0.0, 0.3462682926829268, 0.022463414634146375, 0.4316341463414634]], "class": 1}