{"image": "de9ccd2c-6b42-11ee-acf7-fcb3bc5cd112.jpg", "bboxes": [[0.5045365853658537, 0.3452682926829268, 0.5825853658536584, 0.4306341463414634], [0.5984390243902438, 0.35380487804878047, 0.6655121951219511, 0.41965853658536584]], "class": 2}