{"image": "de9ccd2c-6b42-11ee-acf7-fcb3bc5cd112.jpg", "bboxes": [[0.9135365853658536, 0.5453658536585366, 0.9915853658536584, 0.6307317073170732]], "class": 1}