{"image": "de9ccd2c-6b42-11ee-acf7-fcb3bc5cd112.jpg", "bboxes": [[0.7905365853658537, 0.5953658536585367, 0.8685853658536584, 0.6807317073170731], [0.8844390243902438, 0.6063414634146342, 0.9515121951219511, 0.6721951219512194]], "class": 2}