{"image": "de9ccd2c-6b42-11ee-acf7-fcb3bc5cd112.jpg", "bboxes": [[0.0, 0.5873658536585367, 0.07346341463414638, 0.6727317073170732]], "class": 1}