{"image": "de9ccd2c-6b42-11ee-acf7-fcb3bc5cd112.jpg", "bboxes": [[0.27741463414634154, 0.3082682926829268, 0.3554634146341464, 0.39363414634146343], [0.1944878048780489, 0.3168048780487805, 0.26156097560975616, 0.3826585365853658]], "class": 2}