{"image": "de9ccd2c-6b42-11ee-acf7-fcb3bc5cd112.jpg", "bboxes": [[0.4105365853658536, 0.5623658536585365, 0.4885853658536584, 0.6477317073170732], [0.5044390243902439, 0.5733414634146341, 0.5715121951219511, 0.6391951219512195]], "class": 2}