{"image": "de9ccd2c-6b42-11ee-acf7-fcb3bc5cd112.jpg", "bboxes": [[0.34541463414634155, 0.6163658536585366, 0.4234634146341464, 0.7017317073170732], [0.2624878048780489, 0.6273414634146341, 0.32956097560975617, 0.6931951219512196]], "class": 2}