{"image": "de9ccd2c-6b42-11ee-acf7-fcb3bc5cd112.jpg", "bboxes": [[0.8325365853658536, 0.6093658536585366, 0.9105853658536585, 0.6947317073170731], [0.9264390243902438, 0.6203414634146343, 0.9935121951219511, 0.6861951219512195]], "class": 2}