{"image": "e5bd36b3-6b44-11ee-80af-fcb3bc5cd112.jpg", "bboxes": [[0.8818780487804878, 0.19507317073170738, 0.9428536585365853, 0.26458536585365855]], "class": 1}