{"image": "e5bd36b3-6b44-11ee-80af-fcb3bc5cd112.jpg", "bboxes": [[0.1288780487804878, 0.2250731707317074, 0.1898536585365853, 0.2945853658536586]], "class": 1}