{"image": "e5bd36b3-6b44-11ee-80af-fcb3bc5cd112.jpg", "bboxes": [[0.5611463414634147, 0.2170731707317074, 0.6221219512195122, 0.28658536585365857]], "class": 1}