{"image": "e5bd36b3-6b44-11ee-80af-fcb3bc5cd112.jpg", "bboxes": [[0.8558780487804878, 0.23507317073170741, 0.9168536585365853, 0.3045853658536586]], "class": 1}