{"image": "e5bd36b3-6b44-11ee-80af-fcb3bc5cd112.jpg", "bboxes": [[0.2558780487804878, 0.2100731707317074, 0.3168536585365853, 0.27958536585365856]], "class": 1}