{"image": "e5bd36b3-6b44-11ee-80af-fcb3bc5cd112.jpg", "bboxes": [[0.9688780487804878, 0.6754146341463414, 1.0, 0.7449268292682927]], "class": 1}