{"image": "e630621c-6b3f-11ee-971c-fcb3bc5cd112.jpg", "bboxes": [[0.0, 0.691219512195122, 0.019902439024390373, 0.8741463414634146], [0.0, 0.46682926829268295, 0.1186829268292684, 0.6058536585365853], [0.21868292682926826, 0.48390243902439023, 0.3601463414634146, 0.6290243902439024]], "class": 3}