{"image": "e630621c-6b3f-11ee-971c-fcb3bc5cd112.jpg", "bboxes": [[0.4661219512195121, 0.6653414634146342, 0.6636829268292681, 0.8738780487804878], [0.22709756097560968, 0.670219512195122, 0.4234390243902437, 0.8531463414634146], [0.12831707317073165, 0.445829268292683, 0.2649024390243901, 0.5848536585365853], [0.0, 0.4629024390243902, 0.02831707317073176, 0.6080243902439024]], "class": 4}