{"image": "e630621c-6b3f-11ee-971c-fcb3bc5cd112.jpg", "bboxes": [[0.9380975609756097, 0.12085365853658536, 1.0, 0.303780487804878], [0.8393170731707317, 0.38914634146341465, 0.9759024390243901, 0.528170731707317], [0.5978536585365853, 0.36597560975609755, 0.7393170731707318, 0.5110975609756098]], "class": 3}