{"image": "e630621c-6b3f-11ee-971c-fcb3bc5cd112.jpg", "bboxes": [[0.28731707317073185, 0.1301219512195122, 0.4848780487804879, 0.3386585365853658], [0.5275609756097563, 0.1508536585365854, 0.7239024390243903, 0.333780487804878], [0.6860975609756099, 0.41914634146341456, 0.8226829268292684, 0.558170731707317], [0.9226829268292682, 0.3959756097560976, 1.0, 0.5410975609756098]], "class": 4}