{"image": "e630621c-6b3f-11ee-971c-fcb3bc5cd112.jpg", "bboxes": [[0.563121951219512, 0.6693414634146342, 0.7606829268292681, 0.8778780487804878], [0.32409756097560966, 0.674219512195122, 0.5204390243902437, 0.8571463414634146], [0.22531707317073166, 0.449829268292683, 0.3619024390243901, 0.5888536585365853], [0.0, 0.4669024390243902, 0.12531707317073176, 0.6120243902439024]], "class": 4}