{"image": "e630621c-6b3f-11ee-971c-fcb3bc5cd112.jpg", "bboxes": [[0.7661219512195121, 0.055121951219512244, 0.9636829268292681, 0.26365853658536587], [0.5270975609756097, 0.07585365853658543, 0.7234390243902438, 0.25878048780487806], [0.42831707317073164, 0.3441463414634146, 0.5649024390243901, 0.48317073170731706], [0.1868536585365854, 0.3209756097560976, 0.3283170731707318, 0.4660975609756097]], "class": 4}