{"image": "e630621c-6b3f-11ee-971c-fcb3bc5cd112.jpg", "bboxes": [[0.0, 0.6923414634146342, 0.16787804878048795, 0.9008780487804878], [0.21056097560975628, 0.697219512195122, 0.4069024390243904, 0.8801463414634146], [0.36909756097560986, 0.47282926829268296, 0.5056829268292684, 0.6118536585365854], [0.6056829268292683, 0.48990243902439023, 0.7471463414634146, 0.6350243902439024]], "class": 4}