{"image": "e630621c-6b3f-11ee-971c-fcb3bc5cd112.jpg", "bboxes": [[0.8870975609756097, 0.09785365853658534, 1.0, 0.2807804878048781], [0.7883170731707316, 0.3661463414634146, 0.9249024390243901, 0.5051707317073171], [0.5468536585365854, 0.34297560975609753, 0.6883170731707318, 0.48809756097560975]], "class": 3}