{"image": "e630621c-6b3f-11ee-971c-fcb3bc5cd112.jpg", "bboxes": [[0.8400975609756096, 0.670219512195122, 1.0, 0.8531463414634146], [0.7413170731707317, 0.445829268292683, 0.8779024390243901, 0.5848536585365853], [0.49985365853658537, 0.4629024390243902, 0.6413170731707317, 0.6080243902439024]], "class": 3}