{"image": "e630621c-6b3f-11ee-971c-fcb3bc5cd112.jpg", "bboxes": [[0.8480975609756096, 0.714219512195122, 1.0, 0.8971463414634147], [0.7493170731707316, 0.489829268292683, 0.8859024390243901, 0.6288536585365854], [0.5078536585365854, 0.5069024390243903, 0.6493170731707317, 0.6520243902439025]], "class": 3}