{"image": "edeb4e4d-6b42-11ee-815f-fcb3bc5cd112.jpg", "bboxes": [[0.8388292682926829, 0.5352682926829269, 0.9498048780487804, 0.6596585365853658], [0.9729756097560975, 0.5425853658536586, 1.0, 0.6657560975609756]], "class": 2}