{"image": "edeb4e4d-6b42-11ee-815f-fcb3bc5cd112.jpg", "bboxes": [[0.7698292682926828, 0.3243414634146342, 0.8808048780487805, 0.44873170731707324], [0.9039756097560976, 0.31824390243902445, 1.0, 0.4414146341463414]], "class": 2}