{"image": "edeb4e4d-6b42-11ee-815f-fcb3bc5cd112.jpg", "bboxes": [[0.17219512195121955, 0.3153414634146342, 0.28317073170731716, 0.43973170731707323], [0.04658536585365857, 0.30924390243902444, 0.14902439024390246, 0.4324146341463414]], "class": 2}