{"image": "edeb4e4d-6b42-11ee-815f-fcb3bc5cd112.jpg", "bboxes": [[0.01619512195121956, 0.5122682926829268, 0.12717073170731716, 0.6366585365853659]], "class": 1}