{"image": "edeb4e4d-6b42-11ee-815f-fcb3bc5cd112.jpg", "bboxes": [[0.28219512195121954, 0.3263414634146342, 0.39317073170731714, 0.45073170731707324], [0.15658536585365856, 0.32024390243902434, 0.25902439024390245, 0.4434146341463414]], "class": 2}