{"image": "edeb4e4d-6b42-11ee-815f-fcb3bc5cd112.jpg", "bboxes": [[0.7298292682926828, 0.5462682926829268, 0.8408048780487805, 0.6706585365853658], [0.8639756097560976, 0.5535853658536586, 0.9664146341463414, 0.6767560975609757]], "class": 2}