{"image": "edeb4e4d-6b42-11ee-815f-fcb3bc5cd112.jpg", "bboxes": [[0.9978292682926828, 0.5492682926829268, 1.0, 0.6736585365853658]], "class": 1}