{"image": "f10e287f-6b42-11ee-a489-fcb3bc5cd112.jpg", "bboxes": [[0.7577804878048781, 0.5103414634146342, 0.832170731707317, 0.5603414634146342], [0.8138780487804878, 0.5261951219512195, 0.8882682926829268, 0.5981463414634146]], "class": 2}