{"image": "f10e287f-6b42-11ee-a489-fcb3bc5cd112.jpg", "bboxes": [[0.0, 0.5213414634146342, 0.01421951219512198, 0.5713414634146342]], "class": 1}