{"image": "f10e287f-6b42-11ee-a489-fcb3bc5cd112.jpg", "bboxes": [[0.0, 0.45634146341463416, 0.018219512195121978, 0.5063414634146342]], "class": 1}