{"image": "f10e287f-6b42-11ee-a489-fcb3bc5cd112.jpg", "bboxes": [[0.464780487804878, 0.5133414634146342, 0.5391707317073171, 0.5633414634146342], [0.5208780487804878, 0.5291951219512195, 0.5952682926829268, 0.6011463414634146]], "class": 2}