{"image": "f10e287f-6b42-11ee-a489-fcb3bc5cd112.jpg", "bboxes": [[0.45582926829268294, 0.4656585365853658, 0.530219512195122, 0.5156585365853659], [0.3997317073170732, 0.4278536585365854, 0.47412195121951217, 0.4998048780487805]], "class": 2}