{"image": "f9f68f9b-6b3f-11ee-8fc6-fcb3bc5cd112.jpg", "bboxes": [[0.33329268292682945, 0.2855853658536585, 0.367439024390244, 0.32704878048780484], [0.3576829268292684, 0.2916829268292683, 0.40402439024390235, 0.3343658536585366], [0.4710975609756096, 0.3563170731707317, 0.5613414634146341, 0.43314634146341463], [0.5918292682926829, 0.38192682926829263, 0.6662195121951219, 0.44778048780487806]], "class": 4}