{"image": "f9f68f9b-6b3f-11ee-8fc6-fcb3bc5cd112.jpg", "bboxes": [[0.04729268292682942, 0.6509512195121951, 0.08143902439024397, 0.6924146341463415], [0.07168292682926836, 0.6436341463414634, 0.11802439024390232, 0.6863170731707318], [0.1850975609756097, 0.5448536585365854, 0.27534146341463406, 0.6216829268292683], [0.30582926829268287, 0.5302195121951219, 0.38021951219512184, 0.5960731707317073]], "class": 4}