{"image": "f9f68f9b-6b3f-11ee-8fc6-fcb3bc5cd112.jpg", "bboxes": [[0.820560975609756, 0.2675853658536585, 0.8547073170731705, 0.3090487804878048], [0.7839756097560977, 0.2736829268292683, 0.8303170731707317, 0.3163658536585366], [0.626658536585366, 0.33831707317073173, 0.7169024390243903, 0.4151463414634146], [0.5217804878048782, 0.3639268292682926, 0.5961707317073172, 0.4297804878048781]], "class": 4}