{"image": "f9f68f9b-6b3f-11ee-8fc6-fcb3bc5cd112.jpg", "bboxes": [[0.540560975609756, 0.7079512195121951, 0.5747073170731706, 0.7494146341463415], [0.5039756097560977, 0.7006341463414634, 0.5503170731707316, 0.7433170731707317], [0.34665853658536594, 0.6018536585365855, 0.43690243902439035, 0.6786829268292682], [0.24178048780487812, 0.5872195121951219, 0.31617073170731713, 0.6530731707317073]], "class": 4}