{"image": "f9f68f9b-6b3f-11ee-8fc6-fcb3bc5cd112.jpg", "bboxes": [[0.6165609756097561, 0.6939512195121952, 0.6507073170731705, 0.7354146341463415], [0.5799756097560977, 0.6866341463414634, 0.6263170731707316, 0.7293170731707317], [0.42265853658536595, 0.5878536585365854, 0.5129024390243904, 0.6646829268292682], [0.3177804878048781, 0.5732195121951219, 0.39217073170731714, 0.6390731707317074]], "class": 4}