{"image": "f9f68f9b-6b3f-11ee-8fc6-fcb3bc5cd112.jpg", "bboxes": [[0.5782926829268294, 0.2865853658536585, 0.612439024390244, 0.32804878048780484], [0.6026829268292684, 0.2926829268292683, 0.6490243902439023, 0.3353658536585366], [0.7160975609756097, 0.3573170731707317, 0.8063414634146341, 0.43414634146341463], [0.8368292682926829, 0.38292682926829263, 0.9112195121951219, 0.44878048780487806]], "class": 4}