{"image": "f9f68f9b-6b3f-11ee-8fc6-fcb3bc5cd112.jpg", "bboxes": [[0.26556097560975606, 0.6529512195121951, 0.29970731707317055, 0.6944146341463415], [0.2289756097560977, 0.6456341463414634, 0.2753170731707316, 0.6883170731707318], [0.07165853658536593, 0.5468536585365854, 0.16190243902439033, 0.6236829268292683], [0.0, 0.5322195121951219, 0.041170731707317144, 0.5980731707317073]], "class": 4}