{"image": "fcc8ee1f-6b41-11ee-8de3-fcb3bc5cd112.jpg", "bboxes": [[0.0, 0.3326341463414634, 0.05397560975609761, 0.441170731707317], [0.051536585365853704, 0.44360975609756104, 0.10885365853658524, 0.5106829268292683], [0.14909756097560967, 0.7058048780487804, 0.19299999999999995, 0.7509268292682927], [0.19787804878048776, 0.7009268292682926, 0.2454390243902439, 0.7387317073170732]], "class": 4}