{"image": "fcc8ee1f-6b41-11ee-8de3-fcb3bc5cd112.jpg", "bboxes": [[0.9490243902439024, 0.3526341463414634, 1.0, 0.46117073170731704], [0.8941463414634148, 0.46360975609756094, 0.9514634146341463, 0.5306829268292683], [0.81, 0.7258048780487805, 0.8539024390243903, 0.7709268292682927], [0.7575609756097561, 0.7209268292682927, 0.8051219512195122, 0.7587317073170732]], "class": 4}