{"image": "fcc8ee1f-6b41-11ee-8de3-fcb3bc5cd112.jpg", "bboxes": [[0.6653658536585367, 0.3054146341463414, 0.7665853658536587, 0.417609756097561], [0.8019512195121952, 0.30663414634146335, 0.8909756097560976, 0.415170731707317], [0.8885365853658538, 0.417609756097561, 0.9458536585365853, 0.4846829268292683], [0.9860975609756096, 0.6798048780487804, 1.0, 0.7249268292682927]], "class": 4}