{"image": "fcc8ee1f-6b41-11ee-8de3-fcb3bc5cd112.jpg", "bboxes": [[0.5474146341463413, 0.576390243902439, 0.6486341463414633, 0.6885853658536586], [0.4230243902439024, 0.578829268292683, 0.5120487804878049, 0.6873658536585366], [0.36814634146341474, 0.5093170731707317, 0.4254634146341463, 0.576390243902439], [0.284, 0.26907317073170733, 0.3279024390243903, 0.3141951219512195], [0.23156097560975616, 0.2812682926829268, 0.2791219512195122, 0.3190731707317073]], "class": 5}