{"image": "fcc8ee1f-6b41-11ee-8de3-fcb3bc5cd112.jpg", "bboxes": [[0.46736585365853667, 0.2824146341463414, 0.5685853658536587, 0.394609756097561], [0.6039512195121952, 0.28363414634146344, 0.6929756097560975, 0.392170731707317], [0.6905365853658537, 0.394609756097561, 0.7478536585365853, 0.46168292682926826], [0.7880975609756097, 0.6568048780487805, 0.832, 0.7019268292682928], [0.8368780487804878, 0.6519268292682927, 0.8844390243902438, 0.6897317073170732]], "class": 5}