{"image": "fcc8ee1f-6b41-11ee-8de3-fcb3bc5cd112.jpg", "bboxes": [[0.3793658536585367, 0.598390243902439, 0.48058536585365874, 0.7105853658536586], [0.5159512195121951, 0.600829268292683, 0.6049756097560977, 0.7093658536585365], [0.6025365853658537, 0.5313170731707317, 0.6598536585365853, 0.598390243902439], [0.7000975609756097, 0.2910731707317073, 0.744, 0.3361951219512195], [0.7488780487804878, 0.3032682926829268, 0.7964390243902438, 0.3410731707317073]], "class": 5}