{"image": "fcc8ee1f-6b41-11ee-8de3-fcb3bc5cd112.jpg", "bboxes": [[0.6154146341463413, 0.548390243902439, 0.7166341463414633, 0.6605853658536586], [0.49102439024390243, 0.550829268292683, 0.5800487804878048, 0.6593658536585366], [0.43614634146341474, 0.48131707317073175, 0.4934634146341463, 0.548390243902439], [0.352, 0.2410731707317073, 0.3959024390243903, 0.2861951219512195], [0.29956097560975614, 0.25326829268292683, 0.34712195121951217, 0.2910731707317073]], "class": 5}