{"image": "fcc8ee1f-6b41-11ee-8de3-fcb3bc5cd112.jpg", "bboxes": [[0.1303658536585367, 0.610390243902439, 0.23158536585365863, 0.7225853658536586], [0.26695121951219514, 0.6128292682926829, 0.35597560975609754, 0.7213658536585366], [0.35353658536585375, 0.5433170731707317, 0.4108536585365853, 0.610390243902439], [0.4510975609756097, 0.3030731707317073, 0.495, 0.3481951219512195], [0.4998780487804878, 0.31526829268292683, 0.5474390243902438, 0.3530731707317073]], "class": 5}