{"image": "fcc8ee1f-6b41-11ee-8de3-fcb3bc5cd112.jpg", "bboxes": [[0.9740243902439024, 0.32563414634146337, 1.0, 0.434170731707317], [0.9191463414634147, 0.43660975609756103, 0.9764634146341462, 0.5036829268292682], [0.835, 0.6988048780487806, 0.8789024390243904, 0.7439268292682927], [0.7825609756097561, 0.6939268292682927, 0.8301219512195122, 0.7317317073170733]], "class": 4}