{"image": "fcc8ee1f-6b41-11ee-8de3-fcb3bc5cd112.jpg", "bboxes": [[0.5504146341463413, 0.587390243902439, 0.6516341463414633, 0.6995853658536586], [0.42602439024390243, 0.589829268292683, 0.5150487804878048, 0.6983658536585365], [0.37114634146341474, 0.5203170731707317, 0.4284634146341463, 0.587390243902439], [0.287, 0.2800731707317073, 0.3309024390243903, 0.3251951219512195], [0.23456097560975617, 0.2922682926829268, 0.2821219512195122, 0.33007317073170733]], "class": 5}