{"image": "fcc8ee1f-6b41-11ee-8de3-fcb3bc5cd112.jpg", "bboxes": [[0.6834146341463413, 0.589390243902439, 0.7846341463414633, 0.7015853658536586], [0.5590243902439024, 0.591829268292683, 0.6480487804878048, 0.7003658536585365], [0.5041463414634147, 0.5223170731707317, 0.5614634146341463, 0.589390243902439], [0.42, 0.2820731707317073, 0.4639024390243903, 0.3271951219512195], [0.36756097560975615, 0.2942682926829268, 0.4151219512195122, 0.33207317073170733]], "class": 5}