{"image": "00042020-759b-11ee-80d2-fcb3bc5cd112.jpg", "bboxes": [[0.7690379746835445, 0.6658987341772151, 0.8146075949367089, 0.7228607594936709], [0.7234683544303797, 0.6747594936708861, 0.7741012658227848, 0.7203291139240506], [0.8386582278481014, 0.7051392405063291, 0.8741012658227848, 0.7443797468354431]], "class": 3}