{"image": "00042020-759b-11ee-80d2-fcb3bc5cd112.jpg", "bboxes": [[0.32403797468354445, 0.2911392405063291, 0.3696075949367089, 0.3481012658227848], [0.2784683544303797, 0.2936708860759493, 0.32910126582278487, 0.33924050632911396], [0.39365822784810145, 0.26962025316455696, 0.42910126582278485, 0.30886075949367087]], "class": 3}