{"image": "00042020-759b-11ee-80d2-fcb3bc5cd112.jpg", "bboxes": [[0.46103797468354446, 0.6568987341772152, 0.5066075949367089, 0.7138607594936709], [0.4154683544303797, 0.665759493670886, 0.4661012658227848, 0.7113291139240507], [0.5306582278481015, 0.6961392405063291, 0.5661012658227849, 0.735379746835443]], "class": 3}