{"image": "00042020-759b-11ee-80d2-fcb3bc5cd112.jpg", "bboxes": [[0.6640379746835444, 0.2811392405063291, 0.7096075949367089, 0.33810126582278477], [0.6184683544303797, 0.2836708860759493, 0.6691012658227848, 0.32924050632911395], [0.7336582278481014, 0.25962025316455695, 0.7691012658227848, 0.29886075949367086]], "class": 3}