{"image": "00042020-759b-11ee-80d2-fcb3bc5cd112.jpg", "bboxes": [[0.5393924050632911, 0.6738987341772151, 0.5849620253164556, 0.7308607594936709], [0.5798987341772152, 0.6827594936708861, 0.6305316455696204, 0.7283291139240506], [0.4798987341772152, 0.7131392405063292, 0.5153417721518986, 0.7523797468354431]], "class": 3}