{"image": "00042020-759b-11ee-80d2-fcb3bc5cd112.jpg", "bboxes": [[0.712392405063291, 0.6368987341772152, 0.7579620253164555, 0.693860759493671], [0.7528987341772151, 0.645759493670886, 0.8035316455696203, 0.6913291139240507], [0.6528987341772152, 0.6761392405063291, 0.6883417721518985, 0.715379746835443]], "class": 3}