{"image": "00042020-759b-11ee-80d2-fcb3bc5cd112.jpg", "bboxes": [[0.7173924050632912, 0.6908987341772153, 0.7629620253164555, 0.7478607594936709], [0.7578987341772152, 0.6997594936708861, 0.8085316455696203, 0.7453291139240507], [0.6578987341772151, 0.7301392405063292, 0.6933417721518986, 0.7693797468354431]], "class": 3}