{"image": "00042020-759b-11ee-80d2-fcb3bc5cd112.jpg", "bboxes": [[0.32439240506329114, 0.2871392405063291, 0.3699620253164555, 0.3441012658227848], [0.3648987341772152, 0.2896708860759493, 0.4155316455696203, 0.33524050632911395], [0.2648987341772151, 0.26562025316455695, 0.3003417721518986, 0.30486075949367086]], "class": 3}