{"image": "00042020-759b-11ee-80d2-fcb3bc5cd112.jpg", "bboxes": [[0.3693924050632911, 0.3131392405063291, 0.41496202531645554, 0.3701012658227848], [0.4098987341772151, 0.31567088607594934, 0.46053164556962034, 0.3612405063291139], [0.30989873417721514, 0.291620253164557, 0.34534177215189854, 0.33086075949367083]], "class": 3}