{"image": "00042020-759b-11ee-80d2-fcb3bc5cd112.jpg", "bboxes": [[0.5810379746835445, 0.29913924050632906, 0.6266075949367089, 0.3561012658227848], [0.5354683544303797, 0.30167088607594933, 0.5861012658227849, 0.34724050632911396], [0.6506582278481015, 0.27762025316455696, 0.6861012658227849, 0.3168607594936709]], "class": 3}