{"image": "00042020-759b-11ee-80d2-fcb3bc5cd112.jpg", "bboxes": [[0.9594683544303797, 0.32967088607594935, 1.0, 0.37524050632911393]], "class": 1}