{"image": "01ff08e9-759b-11ee-b5b3-fcb3bc5cd112.jpg", "bboxes": [[0.9031518987341773, 0.3915316455696203, 0.9461898734177215, 0.4358354430379747], [0.9373291139240506, 0.3953291139240506, 0.9803670886075949, 0.42950632911392406], [0.990493670886076, 0.39279746835443036, 1.0, 0.4269746835443038], [0.8664430379746835, 0.34975949367088605, 0.901886075949367, 0.38140506329113927]], "class": 4}