{"image": "01ff08e9-759b-11ee-b5b3-fcb3bc5cd112.jpg", "bboxes": [[0.6318101265822785, 0.5151645569620253, 0.6748481012658227, 0.5594683544303798], [0.597632911392405, 0.521493670886076, 0.6406708860759494, 0.5556708860759494], [0.5558607594936709, 0.5240253164556963, 0.5875063291139241, 0.5582025316455697], [0.6761139240506331, 0.5695949367088607, 0.7115569620253166, 0.601240506329114]], "class": 4}