{"image": "01ff08e9-759b-11ee-b5b3-fcb3bc5cd112.jpg", "bboxes": [[0.8298101265822785, 0.37153164556962026, 0.8728481012658227, 0.4158354430379747], [0.795632911392405, 0.3753291139240506, 0.8386708860759494, 0.40950632911392404], [0.7538607594936709, 0.37279746835443034, 0.785506329113924, 0.4069746835443038], [0.874113924050633, 0.3297594936708861, 0.9095569620253166, 0.36140506329113925]], "class": 4}