{"image": "01ff08e9-759b-11ee-b5b3-fcb3bc5cd112.jpg", "bboxes": [[0.2608101265822785, 0.44053164556962027, 0.30384810126582273, 0.4848354430379747], [0.22663291139240505, 0.4443291139240506, 0.2696708860759494, 0.47850632911392404], [0.18486075949367092, 0.44179746835443034, 0.21650632911392403, 0.4759746835443038], [0.30511392405063303, 0.39875949367088603, 0.3405569620253166, 0.43040506329113926]], "class": 4}