{"image": "01ff08e9-759b-11ee-b5b3-fcb3bc5cd112.jpg", "bboxes": [[0.3878101265822785, 0.42653164556962025, 0.43084810126582274, 0.4708354430379747], [0.35363291139240505, 0.4303291139240506, 0.3966708860759494, 0.46450632911392403], [0.3118607594936709, 0.42779746835443033, 0.34350632911392404, 0.46197468354430377], [0.43211392405063304, 0.3847594936708861, 0.4675569620253166, 0.41640506329113924]], "class": 4}