{"image": "01ff08e9-759b-11ee-b5b3-fcb3bc5cd112.jpg", "bboxes": [[0.5848101265822785, 0.37653164556962027, 0.6278481012658227, 0.4208354430379747], [0.550632911392405, 0.3803291139240506, 0.5936708860759494, 0.41450632911392404], [0.5088607594936709, 0.37779746835443034, 0.540506329113924, 0.4119746835443038], [0.629113924050633, 0.33475949367088603, 0.6645569620253166, 0.36640506329113925]], "class": 4}