{"image": "01ff08e9-759b-11ee-b5b3-fcb3bc5cd112.jpg", "bboxes": [[0.7031518987341773, 0.44153164556962027, 0.7461898734177215, 0.4858354430379747], [0.7373291139240505, 0.4453291139240506, 0.780367088607595, 0.47950632911392405], [0.7904936708860759, 0.44279746835443035, 0.822139240506329, 0.4769746835443038], [0.6664430379746834, 0.39975949367088603, 0.701886075949367, 0.43140506329113926]], "class": 4}