{"image": "01ff08e9-759b-11ee-b5b3-fcb3bc5cd112.jpg", "bboxes": [[0.7371518987341773, 0.5371645569620254, 0.7801898734177215, 0.5814683544303798], [0.7713291139240506, 0.543493670886076, 0.814367088607595, 0.5776708860759494], [0.824493670886076, 0.5460253164556962, 0.8561392405063291, 0.5802025316455697], [0.7004430379746834, 0.5915949367088608, 0.735886075949367, 0.623240506329114]], "class": 4}