{"image": "01ff08e9-759b-11ee-b5b3-fcb3bc5cd112.jpg", "bboxes": [[0.19315189873417726, 0.5711645569620253, 0.23618987341772146, 0.6154683544303797], [0.22732911392405064, 0.577493670886076, 0.27036708860759495, 0.6116708860759494], [0.2804936708860759, 0.5800253164556962, 0.31213924050632913, 0.6142025316455697], [0.1564430379746834, 0.6255949367088607, 0.1918860759493669, 0.657240506329114]], "class": 4}