{"image": "01ff08e9-759b-11ee-b5b3-fcb3bc5cd112.jpg", "bboxes": [[0.9431518987341773, 0.5581645569620253, 0.9861898734177215, 0.6024683544303797], [0.9773291139240506, 0.5644936708860759, 1.0, 0.5986708860759493], [0.9064430379746834, 0.6125949367088608, 0.9418860759493669, 0.6442405063291139]], "class": 3}