{"image": "01ff08e9-759b-11ee-b5b3-fcb3bc5cd112.jpg", "bboxes": [[0.8451518987341773, 0.36253164556962025, 0.8881898734177215, 0.4068354430379747], [0.8793291139240507, 0.3663291139240506, 0.922367088607595, 0.40050632911392403], [0.9324936708860759, 0.36379746835443033, 0.964139240506329, 0.39797468354430376], [0.8084430379746834, 0.3207594936708861, 0.8438860759493669, 0.35240506329113924]], "class": 4}