{"image": "01ff08e9-759b-11ee-b5b3-fcb3bc5cd112.jpg", "bboxes": [[0.6068101265822785, 0.36853164556962026, 0.6498481012658227, 0.4128354430379747], [0.572632911392405, 0.3723291139240506, 0.6156708860759494, 0.40650632911392404], [0.530860759493671, 0.36979746835443034, 0.5625063291139241, 0.40397468354430377], [0.6511139240506331, 0.3267594936708861, 0.6865569620253166, 0.35840506329113925]], "class": 4}