{"image": "01ff08e9-759b-11ee-b5b3-fcb3bc5cd112.jpg", "bboxes": [[0.7241518987341773, 0.41653164556962025, 0.7671898734177215, 0.4608354430379747], [0.7583291139240507, 0.4203291139240506, 0.801367088607595, 0.454506329113924], [0.8114936708860759, 0.4177974683544303, 0.8431392405063292, 0.4519746835443038], [0.6874430379746834, 0.37475949367088607, 0.7228860759493669, 0.40640506329113923]], "class": 4}