{"image": "01ff08e9-759b-11ee-b5b3-fcb3bc5cd112.jpg", "bboxes": [[0.22581012658227848, 0.37653164556962027, 0.2688481012658227, 0.4208354430379747], [0.19163291139240504, 0.3803291139240506, 0.2346708860759494, 0.41450632911392404], [0.14986075949367092, 0.37779746835443034, 0.18150632911392403, 0.4119746835443038], [0.27011392405063306, 0.33475949367088603, 0.30555696202531657, 0.36640506329113925]], "class": 4}