{"image": "01ff08e9-759b-11ee-b5b3-fcb3bc5cd112.jpg", "bboxes": [[0.16381012658227848, 0.5331645569620254, 0.20684810126582273, 0.5774683544303798], [0.12963291139240504, 0.539493670886076, 0.1726708860759494, 0.5736708860759494], [0.0878607594936709, 0.5420253164556963, 0.11950632911392405, 0.5762025316455697], [0.20811392405063306, 0.5875949367088608, 0.24355696202531657, 0.619240506329114]], "class": 4}