{"image": "02feb736-759c-11ee-bd31-fcb3bc5cd112.jpg", "bboxes": [[0.5949493670886077, 0.6936582278481013, 0.6481139240506331, 0.741759493670886], [0.5531772151898734, 0.6835316455696203, 0.5962151898734178, 0.7392278481012657], [0.7848227848101267, 0.5278354430379747, 0.8721645569620254, 0.611379746835443], [0.7101392405063292, 0.5227721518987343, 0.8025443037974686, 0.6101139240506329]], "class": 4}