{"image": "02feb736-759c-11ee-bd31-fcb3bc5cd112.jpg", "bboxes": [[0.04394936708860769, 0.26024050632911394, 0.09711392405063304, 0.30834177215189873], [0.0021772151898734366, 0.2627721518987342, 0.045215189873417785, 0.31846835443037974], [0.23382278481012667, 0.39062025316455695, 0.32116455696202545, 0.4741645569620253], [0.1591392405063292, 0.3918860759493671, 0.2515443037974685, 0.4792278481012658]], "class": 4}