{"image": "02feb736-759c-11ee-bd31-fcb3bc5cd112.jpg", "bboxes": [[0.3679493670886077, 0.21824050632911393, 0.421113924050633, 0.26634177215189875], [0.3261772151898734, 0.2207721518987342, 0.3692151898734178, 0.27646835443037976], [0.5578227848101267, 0.34862025316455697, 0.6451645569620255, 0.4321645569620253], [0.4831392405063292, 0.34988607594936705, 0.5755443037974685, 0.4372278481012658]], "class": 4}