{"image": "02feb736-759c-11ee-bd31-fcb3bc5cd112.jpg", "bboxes": [[0.8078860759493669, 0.22924050632911394, 0.8610506329113923, 0.27734177215189876], [0.8597848101265823, 0.23177215189873418, 0.9028227848101266, 0.28746835443037977], [0.5838354430379745, 0.359620253164557, 0.6711772151898734, 0.4431645569620253], [0.6534556962025315, 0.36088607594936706, 0.7458607594936708, 0.4482278481012658]], "class": 4}