{"image": "02feb736-759c-11ee-bd31-fcb3bc5cd112.jpg", "bboxes": [[0.6769493670886076, 0.20724050632911395, 0.730113924050633, 0.25534177215189874], [0.6351772151898735, 0.2097721518987342, 0.6782151898734178, 0.26546835443037975], [0.8668227848101266, 0.33762025316455696, 0.9541645569620255, 0.4211645569620253], [0.7921392405063292, 0.3388860759493671, 0.8845443037974685, 0.4262278481012658]], "class": 4}