{"image": "02feb736-759c-11ee-bd31-fcb3bc5cd112.jpg", "bboxes": [[0.647886075949367, 0.7256582278481012, 0.7010506329113924, 0.773759493670886], [0.6997848101265822, 0.7155316455696202, 0.7428227848101265, 0.7712278481012658], [0.4238354430379745, 0.5598354430379747, 0.5111772151898732, 0.643379746835443], [0.4934556962025315, 0.5547721518987342, 0.5858607594936708, 0.642113924050633]], "class": 4}