{"image": "02feb736-759c-11ee-bd31-fcb3bc5cd112.jpg", "bboxes": [[0.21494936708860768, 0.20224050632911394, 0.26811392405063306, 0.25034177215189873], [0.17317721518987345, 0.20477215189873418, 0.21621518987341778, 0.26046835443037974], [0.4048227848101267, 0.33262025316455696, 0.4921645569620255, 0.4161645569620253], [0.3301392405063292, 0.3338860759493671, 0.4225443037974685, 0.4212278481012658]], "class": 4}