{"image": "02feb736-759c-11ee-bd31-fcb3bc5cd112.jpg", "bboxes": [[0.8779493670886077, 0.7006582278481013, 0.9311139240506331, 0.7487594936708861], [0.8361772151898734, 0.6905316455696202, 0.8792151898734177, 0.7462278481012659], [0.9931392405063292, 0.5297721518987342, 1.0, 0.6171139240506329]], "class": 3}