{"image": "02feb736-759c-11ee-bd31-fcb3bc5cd112.jpg", "bboxes": [[0.13688607594936697, 0.27524050632911395, 0.19005063291139235, 0.32334177215189874], [0.18878481012658221, 0.2777721518987342, 0.23182278481012653, 0.33346835443037975], [0.0, 0.40562025316455697, 0.0001772151898733476, 0.4891645569620253], [0.0, 0.40688607594936704, 0.07486075949367077, 0.4942278481012658]], "class": 4}