{"image": "02feb736-759c-11ee-bd31-fcb3bc5cd112.jpg", "bboxes": [[0.3519493670886077, 0.22024050632911393, 0.40511392405063307, 0.26834177215189875], [0.31017721518987346, 0.2227721518987342, 0.35321518987341777, 0.27846835443037976], [0.5418227848101267, 0.35062025316455697, 0.6291645569620254, 0.4341645569620253], [0.4671392405063292, 0.35188607594936705, 0.5595443037974686, 0.4392278481012658]], "class": 4}