{"image": "02feb736-759c-11ee-bd31-fcb3bc5cd112.jpg", "bboxes": [[0.544886075949367, 0.23124050632911394, 0.5980506329113924, 0.27934177215189876], [0.5967848101265822, 0.23377215189873418, 0.6398227848101266, 0.28946835443037977], [0.3208354430379745, 0.361620253164557, 0.4081772151898734, 0.4451645569620253], [0.3904556962025315, 0.36288607594936706, 0.4828607594936708, 0.4502278481012658]], "class": 4}