{"image": "02feb736-759c-11ee-bd31-fcb3bc5cd112.jpg", "bboxes": [[0.1968860759493669, 0.26324050632911394, 0.2500506329113923, 0.31134177215189873], [0.24878481012658227, 0.2657721518987342, 0.2918227848101266, 0.32146835443037974], [0.0, 0.39362025316455695, 0.06017721518987329, 0.4771645569620253], [0.042455696202531534, 0.3948860759493671, 0.13486075949367082, 0.4822278481012658]], "class": 4}