{"image": "0301e55a-6b43-11ee-acc5-fcb3bc5cd112.jpg", "bboxes": [[0.0, 0.48095121951219516, 0.026219512195121975, 0.5553414634146342], [0.07743902439024397, 0.44314634146341464, 0.14451219512195124, 0.4882682926829268]], "class": 2}