{"image": "0301e55a-6b43-11ee-acc5-fcb3bc5cd112.jpg", "bboxes": [[0.0, 0.4721463414634146, 0.01151219512195123, 0.5172682926829268]], "class": 1}