{"image": "0301e55a-6b43-11ee-acc5-fcb3bc5cd112.jpg", "bboxes": [[0.8844878048780488, 0.4221463414634146, 0.951560975609756, 0.4672682926829268]], "class": 1}