{"image": "0301e55a-6b43-11ee-acc5-fcb3bc5cd112.jpg", "bboxes": [[0.9062682926829269, 0.43741463414634146, 0.997731707317073, 0.5142439024390244], [0.825780487804878, 0.4459512195121952, 0.924560975609756, 0.5203414634146342], [0.7074878048780487, 0.4081463414634146, 0.774560975609756, 0.4532682926829268]], "class": 3}