{"image": "0301e55a-6b43-11ee-acc5-fcb3bc5cd112.jpg", "bboxes": [[0.49026829268292704, 0.43141463414634146, 0.5817317073170731, 0.5082439024390244], [0.563439024390244, 0.4399512195121952, 0.662219512195122, 0.5143414634146342], [0.713439024390244, 0.4021463414634146, 0.7805121951219512, 0.44726829268292684]], "class": 3}