{"image": "0301e55a-6b43-11ee-acc5-fcb3bc5cd112.jpg", "bboxes": [[0.9892682926829268, 0.44475609756097556, 1.0, 0.5215853658536584], [0.908780487804878, 0.4386585365853658, 1.0, 0.5130487804878048], [0.7904878048780488, 0.5057317073170732, 0.8575609756097561, 0.5508536585365854]], "class": 3}