{"image": "0301e55a-6b43-11ee-acc5-fcb3bc5cd112.jpg", "bboxes": [[0.23626829268292704, 0.42275609756097565, 0.32773170731707324, 0.49958536585365854], [0.30943902439024396, 0.4166585365853658, 0.408219512195122, 0.49104878048780487], [0.459439024390244, 0.48373170731707316, 0.5265121951219511, 0.5288536585365854]], "class": 3}