{"image": "0301e55a-6b43-11ee-acc5-fcb3bc5cd112.jpg", "bboxes": [[0.6002682926829268, 0.49441463414634146, 0.691731707317073, 0.5712439024390243], [0.5197804878048781, 0.5029512195121951, 0.6185609756097561, 0.5773414634146342], [0.4014878048780488, 0.4651463414634146, 0.46856097560975607, 0.5102682926829268]], "class": 3}