{"image": "0301e55a-6b43-11ee-acc5-fcb3bc5cd112.jpg", "bboxes": [[0.9584878048780487, 0.49173170731707316, 1.0, 0.5368536585365854]], "class": 1}