{"image": "045d3699-759c-11ee-ba6f-fcb3bc5cd112.jpg", "bboxes": [[0.22693670886075945, 0.6673291139240507, 0.2636455696202531, 0.7141645569620253], [0.19149367088607583, 0.671126582278481, 0.23326582278481012, 0.720493670886076], [0.06997468354430358, 0.5685949367088607, 0.12693670886075947, 0.6407468354430379], [0.12187341772151883, 0.5698607594936709, 0.18010126582278463, 0.6268227848101265]], "class": 4}