{"image": "045d3699-759c-11ee-ba6f-fcb3bc5cd112.jpg", "bboxes": [[0.21135443037974688, 0.7303291139240506, 0.2480632911392405, 0.7771645569620254], [0.24173417721518992, 0.734126582278481, 0.28350632911392415, 0.783493670886076], [0.3480632911392405, 0.6315949367088607, 0.4050253164556964, 0.703746835443038], [0.29489873417721535, 0.6328607594936709, 0.35312658227848115, 0.6898227848101266]], "class": 4}