{"image": "045d3699-759c-11ee-ba6f-fcb3bc5cd112.jpg", "bboxes": [[0.5783544303797469, 0.7143291139240506, 0.6150632911392405, 0.7611645569620253], [0.6087341772151899, 0.718126582278481, 0.6505063291139241, 0.767493670886076], [0.7150632911392405, 0.6155949367088608, 0.7720253164556964, 0.687746835443038], [0.6618987341772153, 0.6168607594936709, 0.7201265822784811, 0.6738227848101266]], "class": 4}