{"image": "045d3699-759c-11ee-ba6f-fcb3bc5cd112.jpg", "bboxes": [[0.6693544303797468, 0.7013291139240507, 0.7060632911392405, 0.7481645569620253], [0.6997341772151899, 0.705126582278481, 0.7415063291139241, 0.754493670886076], [0.8060632911392405, 0.6025949367088608, 0.8630253164556964, 0.6747468354430379], [0.7528987341772154, 0.6038607594936709, 0.8111265822784811, 0.6608227848101266]], "class": 4}