{"image": "045d3699-759c-11ee-ba6f-fcb3bc5cd112.jpg", "bboxes": [[0.1489367088607595, 0.2678354430379747, 0.18564556962025314, 0.31467088607594934], [0.11349367088607587, 0.261506329113924, 0.15526582278481005, 0.310873417721519], [0.0, 0.34125316455696203, 0.048936708860759515, 0.41340506329113924], [0.04387341772151887, 0.35517721518987344, 0.10210126582278467, 0.4121392405063291]], "class": 4}