{"image": "045d3699-759c-11ee-ba6f-fcb3bc5cd112.jpg", "bboxes": [[0.8733544303797469, 0.2468354430379747, 0.9100632911392406, 0.2936708860759493], [0.9037341772151899, 0.24050632911392403, 0.9455063291139242, 0.289873417721519], [0.9568987341772154, 0.3341772151898734, 1.0, 0.3911392405063291]], "class": 3}