{"image": "045d3699-759c-11ee-ba6f-fcb3bc5cd112.jpg", "bboxes": [[0.32293670886075954, 0.2278354430379747, 0.3596455696202532, 0.27467088607594936], [0.2874936708860758, 0.22150632911392404, 0.3292658227848101, 0.270873417721519], [0.16597468354430367, 0.301253164556962, 0.22293670886075945, 0.37340506329113926], [0.2178734177215189, 0.31517721518987346, 0.2761012658227846, 0.37213924050632907]], "class": 4}