{"image": "045d3699-759c-11ee-ba6f-fcb3bc5cd112.jpg", "bboxes": [[0.5053544303797469, 0.7353291139240506, 0.5420632911392405, 0.7821645569620252], [0.5357341772151899, 0.7391265822784809, 0.5775063291139242, 0.7884936708860759], [0.6420632911392405, 0.6365949367088608, 0.6990253164556964, 0.708746835443038], [0.5888987341772154, 0.6378607594936709, 0.6471265822784811, 0.6948227848101265]], "class": 4}