{"image": "045d3699-759c-11ee-ba6f-fcb3bc5cd112.jpg", "bboxes": [[0.8579367088607595, 0.25283544303797467, 0.8946455696202531, 0.2996708860759493], [0.8224936708860758, 0.24650632911392403, 0.8642658227848101, 0.295873417721519], [0.7009746835443036, 0.326253164556962, 0.7579367088607595, 0.3984050632911392], [0.7528734177215188, 0.3401772151898734, 0.8111012658227846, 0.3971392405063291]], "class": 4}