{"image": "045d3699-759c-11ee-ba6f-fcb3bc5cd112.jpg", "bboxes": [[0.7359367088607596, 0.7433291139240507, 0.7726455696202531, 0.7901645569620253], [0.7004936708860758, 0.7471265822784809, 0.7422658227848101, 0.7964936708860759], [0.5789746835443036, 0.6445949367088608, 0.6359367088607595, 0.716746835443038], [0.630873417721519, 0.6458607594936709, 0.6891012658227846, 0.7028227848101265]], "class": 4}