{"image": "045d3699-759c-11ee-ba6f-fcb3bc5cd112.jpg", "bboxes": [[0.49393670886075947, 0.2218354430379747, 0.5306455696202531, 0.26867088607594936], [0.45849367088607584, 0.21550632911392403, 0.50026582278481, 0.264873417721519], [0.3369746835443036, 0.29525316455696204, 0.3939367088607595, 0.36740506329113926], [0.38887341772151884, 0.30917721518987346, 0.44710126582278464, 0.36613924050632907]], "class": 4}