{"image": "045d3699-759c-11ee-ba6f-fcb3bc5cd112.jpg", "bboxes": [[0.1729367088607595, 0.6993291139240507, 0.20964556962025316, 0.7461645569620253], [0.1374936708860759, 0.703126582278481, 0.17926582278481007, 0.752493670886076], [0.015974683544303647, 0.6005949367088608, 0.07293670886075954, 0.6727468354430379], [0.06787341772151889, 0.6018607594936709, 0.12610126582278458, 0.6588227848101266]], "class": 4}