{"image": "045d3699-759c-11ee-ba6f-fcb3bc5cd112.jpg", "bboxes": [[0.6909367088607594, 0.6753291139240507, 0.7276455696202531, 0.7221645569620253], [0.6554936708860759, 0.679126582278481, 0.6972658227848101, 0.728493670886076], [0.5339746835443036, 0.5765949367088608, 0.5909367088607596, 0.6487468354430379], [0.5858734177215188, 0.5778607594936709, 0.6441012658227847, 0.6348227848101266]], "class": 4}