{"image": "06ee2717-6b44-11ee-9e71-fcb3bc5cd112.jpg", "bboxes": [[0.4086829268292681, 0.4933658536585366, 0.4489268292682925, 0.5262926829268293], [0.4099024390243901, 0.4933658536585366, 0.45868292682926814, 0.5372682926829269]], "class": 2}