{"image": "06ee2717-6b44-11ee-9e71-fcb3bc5cd112.jpg", "bboxes": [[0.3520731707317075, 0.5007073170731707, 0.39231707317073183, 0.5336341463414634], [0.3423170731707319, 0.4897317073170731, 0.3910975609756099, 0.5336341463414634]], "class": 2}