{"image": "06ee2717-6b44-11ee-9e71-fcb3bc5cd112.jpg", "bboxes": [[0.46168292682926815, 0.47470731707317076, 0.5019268292682926, 0.5076341463414634], [0.4629024390243901, 0.46373170731707314, 0.5116829268292681, 0.5076341463414634]], "class": 2}