{"image": "06ee2717-6b44-11ee-9e71-fcb3bc5cd112.jpg", "bboxes": [[0.5660731707317075, 0.5077073170731707, 0.6063170731707319, 0.5406341463414635], [0.5563170731707319, 0.4967317073170731, 0.60509756097561, 0.5406341463414635]], "class": 2}