{"image": "06ee2717-6b44-11ee-9e71-fcb3bc5cd112.jpg", "bboxes": [[0.3466829268292681, 0.4977073170731708, 0.3869268292682925, 0.5306341463414634], [0.3479024390243901, 0.4867317073170731, 0.39668292682926815, 0.5306341463414634]], "class": 2}