{"image": "06ee2717-6b44-11ee-9e71-fcb3bc5cd112.jpg", "bboxes": [[0.6470731707317074, 0.47836585365853657, 0.6873170731707319, 0.5112926829268292], [0.6373170731707318, 0.47836585365853657, 0.6860975609756099, 0.5222682926829268]], "class": 2}