{"image": "06ee2717-6b44-11ee-9e71-fcb3bc5cd112.jpg", "bboxes": [[0.3430731707317075, 0.45070731707317074, 0.3833170731707318, 0.4836341463414634], [0.3333170731707319, 0.4397317073170731, 0.3820975609756099, 0.4836341463414634]], "class": 2}