{"image": "06ee2717-6b44-11ee-9e71-fcb3bc5cd112.jpg", "bboxes": [[0.5796829268292681, 0.4427073170731708, 0.6199268292682926, 0.4756341463414634], [0.5809024390243901, 0.4317317073170731, 0.6296829268292681, 0.4756341463414634]], "class": 2}