{"image": "06ee2717-6b44-11ee-9e71-fcb3bc5cd112.jpg", "bboxes": [[0.1930731707317075, 0.5097073170731707, 0.23331707317073191, 0.5426341463414635], [0.18331707317073187, 0.4987317073170731, 0.23209756097560985, 0.5426341463414635]], "class": 2}