{"image": "06ee2717-6b44-11ee-9e71-fcb3bc5cd112.jpg", "bboxes": [[0.7896829268292681, 0.5007073170731707, 0.8299268292682925, 0.5336341463414634], [0.7909024390243901, 0.4897317073170731, 0.8396829268292682, 0.5336341463414634]], "class": 2}