{"image": "06ee2717-6b44-11ee-9e71-fcb3bc5cd112.jpg", "bboxes": [[0.8586829268292682, 0.5147073170731707, 0.8989268292682925, 0.5476341463414635], [0.8599024390243901, 0.5037317073170732, 0.9086829268292681, 0.5476341463414635]], "class": 2}