{"image": "06ee2717-6b44-11ee-9e71-fcb3bc5cd112.jpg", "bboxes": [[0.020073170731707446, 0.47536585365853656, 0.06031707317073187, 0.5082926829268293], [0.010317073170731828, 0.47536585365853656, 0.05909756097560992, 0.5192682926829268]], "class": 2}