{"image": "06ee2717-6b44-11ee-9e71-fcb3bc5cd112.jpg", "bboxes": [[0.4846829268292681, 0.4993658536585366, 0.5249268292682925, 0.5322926829268293], [0.4859024390243901, 0.4993658536585366, 0.5346829268292681, 0.5432682926829269]], "class": 2}