{"image": "06ee2717-6b44-11ee-9e71-fcb3bc5cd112.jpg", "bboxes": [[0.6990731707317075, 0.46036585365853655, 0.7393170731707319, 0.49329268292682926], [0.6893170731707319, 0.46036585365853655, 0.73809756097561, 0.5042682926829269]], "class": 2}