{"image": "07150af8-759c-11ee-917e-fcb3bc5cd112.jpg", "bboxes": [[0.6507974683544305, 0.5100379746835443, 0.7305443037974685, 0.597379746835443]], "class": 1}