{"image": "07150af8-759c-11ee-917e-fcb3bc5cd112.jpg", "bboxes": [[0.45745569620253146, 0.39962025316455696, 0.5372025316455695, 0.4869620253164557]], "class": 1}