{"image": "07150af8-759c-11ee-917e-fcb3bc5cd112.jpg", "bboxes": [[0.34645569620253147, 0.376620253164557, 0.4262025316455694, 0.4639620253164557]], "class": 1}