{"image": "07150af8-759c-11ee-917e-fcb3bc5cd112.jpg", "bboxes": [[0.3227974683544305, 0.40462025316455696, 0.40254430379746853, 0.4919620253164557]], "class": 1}