{"image": "07150af8-759c-11ee-917e-fcb3bc5cd112.jpg", "bboxes": [[0.5934556962025315, 0.370620253164557, 0.6732025316455694, 0.4579620253164557]], "class": 1}