{"image": "07150af8-759c-11ee-917e-fcb3bc5cd112.jpg", "bboxes": [[0.2844556962025315, 0.40962025316455697, 0.3642025316455695, 0.4969620253164557]], "class": 1}