{"image": "086839fd-759c-11ee-95e8-fcb3bc5cd112.jpg", "bboxes": [[0.0, 0.5828101265822785, 0.03427848101265818, 0.7309113924050633]], "class": 1}