{"image": "086839fd-759c-11ee-95e8-fcb3bc5cd112.jpg", "bboxes": [[0.4034430379746834, 0.2310886075949367, 0.5502784810126582, 0.37918987341772153]], "class": 1}