{"image": "086839fd-759c-11ee-95e8-fcb3bc5cd112.jpg", "bboxes": [[0.0, 0.2930886075949367, 0.08527848101265822, 0.44118987341772153]], "class": 1}