{"image": "086839fd-759c-11ee-95e8-fcb3bc5cd112.jpg", "bboxes": [[0.3937215189873418, 0.25208860759493673, 0.5405569620253166, 0.4001898734177215]], "class": 1}