{"image": "086839fd-759c-11ee-95e8-fcb3bc5cd112.jpg", "bboxes": [[0.36672151898734184, 0.3040886075949367, 0.5135569620253165, 0.4521898734177215]], "class": 1}