{"image": "086839fd-759c-11ee-95e8-fcb3bc5cd112.jpg", "bboxes": [[0.48444303797468347, 0.5608101265822785, 0.6312784810126582, 0.7089113924050633]], "class": 1}