{"image": "086839fd-759c-11ee-95e8-fcb3bc5cd112.jpg", "bboxes": [[0.5187215189873419, 0.5658101265822785, 0.6655569620253166, 0.7139113924050633]], "class": 1}