{"image": "086839fd-759c-11ee-95e8-fcb3bc5cd112.jpg", "bboxes": [[0.4314430379746834, 0.24708860759493673, 0.5782784810126582, 0.3951898734177215]], "class": 1}