{"image": "086839fd-759c-11ee-95e8-fcb3bc5cd112.jpg", "bboxes": [[0.0, 0.5448101265822785, 0.03527848101265818, 0.6929113924050633]], "class": 1}