{"image": "097c8f2b-6b42-11ee-820c-fcb3bc5cd112.jpg", "bboxes": [[0.5760731707317073, 0.4178780487804878, 0.6833902439024389, 0.4800731707317073], [0.11997560975609758, 0.4556829268292683, 0.19192682926829274, 0.4947073170731708]], "class": 2}