{"image": "097c8f2b-6b42-11ee-820c-fcb3bc5cd112.jpg", "bboxes": [[0.7589756097560976, 0.4446829268292683, 0.8309268292682928, 0.4837073170731708], [0.2955609756097561, 0.3666341463414634, 0.33702439024390246, 0.3946829268292683], [0.3406829268292683, 0.35565853658536584, 0.3809268292682927, 0.3971219512195122]], "class": 3}