{"image": "097c8f2b-6b42-11ee-820c-fcb3bc5cd112.jpg", "bboxes": [[0.6650731707317072, 0.3888780487804878, 0.7723902439024389, 0.45107317073170733], [0.20897560975609758, 0.4266829268292683, 0.28092682926829277, 0.46570731707317076]], "class": 2}