{"image": "097c8f2b-6b42-11ee-820c-fcb3bc5cd112.jpg", "bboxes": [[0.15507317073170723, 0.4336829268292683, 0.22702439024390242, 0.47270731707317076], [0.6489756097560975, 0.3556341463414634, 0.6904390243902438, 0.3836829268292683], [0.6050731707317073, 0.3446585365853658, 0.6453170731707317, 0.3861219512195122]], "class": 3}