{"image": "097c8f2b-6b42-11ee-820c-fcb3bc5cd112.jpg", "bboxes": [[0.5810731707317073, 0.4438780487804878, 0.6883902439024389, 0.5060731707317073], [0.12497560975609759, 0.4816829268292683, 0.19692682926829275, 0.5207073170731708]], "class": 2}