{"image": "097c8f2b-6b42-11ee-820c-fcb3bc5cd112.jpg", "bboxes": [[0.47007317073170723, 0.5229268292682927, 0.5773902439024389, 0.5851219512195123], [0.013975609756097584, 0.5082926829268293, 0.08592682926829275, 0.5473170731707317]], "class": 2}