{"image": "097c8f2b-6b42-11ee-820c-fcb3bc5cd112.jpg", "bboxes": [[0.8920731707317072, 0.3808780487804878, 0.9993902439024389, 0.4430731707317073], [0.43597560975609756, 0.4186829268292683, 0.5079268292682928, 0.45770731707317075], [0.0, 0.3406341463414634, 0.014024390243902474, 0.3686829268292683], [0.017682926829268298, 0.3296585365853658, 0.05792682926829269, 0.3711219512195122]], "class": 4}