{"image": "09c21796-759c-11ee-9c3f-fcb3bc5cd112.jpg", "bboxes": [[0.17563291139240506, 0.374620253164557, 0.22120253164556972, 0.4290506329113924], [0.214873417721519, 0.36955696202531646, 0.27310126582278477, 0.42398734177215186], [0.5401898734177216, 0.47841772151898737, 0.6275316455696204, 0.5619620253164557], [0.6060126582278483, 0.4695569620253165, 0.6946202531645572, 0.5480379746835442]], "class": 4}