{"image": "09c21796-759c-11ee-9c3f-fcb3bc5cd112.jpg", "bboxes": [[0.455632911392405, 0.34162025316455696, 0.5012025316455697, 0.39605063291139236], [0.494873417721519, 0.3365569620253165, 0.5531012658227847, 0.3909873417721519], [0.8201898734177216, 0.4454177215189874, 0.9075316455696204, 0.5289620253164556], [0.8860126582278484, 0.43655696202531646, 0.9746202531645572, 0.5150379746835443]], "class": 4}