{"image": "09c21796-759c-11ee-9c3f-fcb3bc5cd112.jpg", "bboxes": [[0.6636329113924051, 0.5419493670886076, 0.7092025316455697, 0.596379746835443], [0.702873417721519, 0.5470126582278481, 0.7611012658227847, 0.6014430379746836]], "class": 2}