{"image": "09c21796-759c-11ee-9c3f-fcb3bc5cd112.jpg", "bboxes": [[0.46063291139240503, 0.5619493670886077, 0.5062025316455697, 0.616379746835443], [0.499873417721519, 0.5670126582278481, 0.5581012658227847, 0.6214430379746836], [0.8251898734177217, 0.4290379746835443, 0.9125316455696204, 0.5125822784810126], [0.8910126582278483, 0.4429620253164558, 0.9796202531645573, 0.5214430379746835]], "class": 4}