{"image": "09c21796-759c-11ee-9c3f-fcb3bc5cd112.jpg", "bboxes": [[0.672632911392405, 0.34962025316455697, 0.7182025316455697, 0.40405063291139237], [0.711873417721519, 0.3445569620253165, 0.7701012658227847, 0.39898734177215184]], "class": 2}