{"image": "09c21796-759c-11ee-9c3f-fcb3bc5cd112.jpg", "bboxes": [[0.48563291139240505, 0.40362025316455696, 0.5312025316455697, 0.45805063291139236], [0.524873417721519, 0.3985569620253165, 0.5831012658227848, 0.4529873417721519], [0.8501898734177217, 0.5074177215189873, 0.9375316455696204, 0.5909620253164557], [0.9160126582278483, 0.49855696202531646, 1.0, 0.5770379746835442]], "class": 4}