{"image": "09c21796-759c-11ee-9c3f-fcb3bc5cd112.jpg", "bboxes": [[0.3927974683544303, 0.5819493670886076, 0.438367088607595, 0.6363797468354431], [0.3408987341772153, 0.5870126582278481, 0.39912658227848097, 0.6414430379746836], [0.0, 0.44903797468354434, 0.07381012658227837, 0.5325822784810126], [0.0, 0.4629620253164558, 0.007987341772151657, 0.5414430379746835]], "class": 4}