{"image": "09c21796-759c-11ee-9c3f-fcb3bc5cd112.jpg", "bboxes": [[0.3647974683544303, 0.367620253164557, 0.41036708860759497, 0.4220506329113924], [0.31289873417721525, 0.36255696202531645, 0.37112658227848105, 0.41698734177215185], [0.0, 0.47141772151898736, 0.04581012658227834, 0.5549620253164557]], "class": 3}