{"image": "09c21796-759c-11ee-9c3f-fcb3bc5cd112.jpg", "bboxes": [[0.603632911392405, 0.5819493670886076, 0.6492025316455697, 0.6363797468354431], [0.642873417721519, 0.5870126582278481, 0.7011012658227848, 0.6414430379746836], [0.9681898734177217, 0.44903797468354434, 1.0, 0.5325822784810126]], "class": 3}