{"image": "09c21796-759c-11ee-9c3f-fcb3bc5cd112.jpg", "bboxes": [[0.0, 0.6029493670886077, 0.015202531645569707, 0.657379746835443], [0.00887341772151899, 0.6080126582278481, 0.06710126582278474, 0.6624430379746835], [0.3341898734177216, 0.47003797468354436, 0.4215316455696204, 0.5535822784810126], [0.4000126582278483, 0.4839620253164557, 0.4886202531645572, 0.5624430379746835]], "class": 4}