{"image": "09c21796-759c-11ee-9c3f-fcb3bc5cd112.jpg", "bboxes": [[0.569632911392405, 0.39262025316455695, 0.6152025316455697, 0.44705063291139235], [0.608873417721519, 0.3875569620253165, 0.6671012658227847, 0.4419873417721519], [0.9341898734177216, 0.4964177215189874, 1.0, 0.5799620253164557]], "class": 3}