{"image": "0a4f3f04-6b44-11ee-857c-fcb3bc5cd112.jpg", "bboxes": [[0.21087804878048788, 0.16039024390243906, 0.3047804878048782, 0.261609756097561], [0.025512195121951464, 0.14819512195121953, 0.12307317073170743, 0.27258536585365856]], "class": 2}