{"image": "0a4f3f04-6b44-11ee-857c-fcb3bc5cd112.jpg", "bboxes": [[0.07187804878048787, 0.760390243902439, 0.1657804878048782, 0.861609756097561]], "class": 1}