{"image": "0a4f3f04-6b44-11ee-857c-fcb3bc5cd112.jpg", "bboxes": [[0.08187804878048788, 0.724390243902439, 0.1757804878048782, 0.825609756097561]], "class": 1}