{"image": "0a4f3f04-6b44-11ee-857c-fcb3bc5cd112.jpg", "bboxes": [[0.3618780487804879, 0.710390243902439, 0.45578048780487823, 0.811609756097561], [0.1765121951219515, 0.6994146341463414, 0.27407317073170745, 0.8238048780487804]], "class": 2}