{"image": "0a4f3f04-6b44-11ee-857c-fcb3bc5cd112.jpg", "bboxes": [[0.4578780487804879, 0.20139024390243898, 0.5517804878048782, 0.302609756097561], [0.27251219512195146, 0.18919512195121957, 0.3700731707317074, 0.3135853658536586]], "class": 2}