{"image": "0a4f3f04-6b44-11ee-857c-fcb3bc5cd112.jpg", "bboxes": [[0.9382195121951218, 0.754390243902439, 1.0, 0.855609756097561]], "class": 1}