{"image": "0a4f3f04-6b44-11ee-857c-fcb3bc5cd112.jpg", "bboxes": [[0.6702195121951218, 0.763390243902439, 0.7641219512195121, 0.864609756097561], [0.8519268292682926, 0.7524146341463415, 0.9494878048780485, 0.8768048780487805]], "class": 2}