{"image": "0a4f3f04-6b44-11ee-857c-fcb3bc5cd112.jpg", "bboxes": [[0.0, 0.704390243902439, 0.08478048780487824, 0.805609756097561]], "class": 1}