{"image": "0a4f3f04-6b44-11ee-857c-fcb3bc5cd112.jpg", "bboxes": [[0.43621951219512173, 0.18439024390243897, 0.5301219512195121, 0.285609756097561], [0.6179268292682926, 0.17219512195121955, 0.7154878048780485, 0.2965853658536586]], "class": 2}