{"image": "0a4f3f04-6b44-11ee-857c-fcb3bc5cd112.jpg", "bboxes": [[0.0, 0.18339024390243897, 0.05878048780487821, 0.284609756097561]], "class": 1}