{"image": "0b357c6e-759c-11ee-b88b-fcb3bc5cd112.jpg", "bboxes": [[0.42036708860759475, 0.633620253164557, 0.45834177215189864, 0.6791898734177215], [0.3798607594936708, 0.6285569620253164, 0.42036708860759475, 0.6766582278481013], [0.22036708860759469, 0.49058227848101266, 0.28745569620253153, 0.5690632911392405], [0.15201265822784782, 0.4893164556962025, 0.2241645569620252, 0.5589367088607595]], "class": 4}