{"image": "0b357c6e-759c-11ee-b88b-fcb3bc5cd112.jpg", "bboxes": [[0.3463670886075947, 0.2688101265822785, 0.3843417721518987, 0.314379746835443], [0.30586075949367075, 0.27134177215189875, 0.3463670886075947, 0.31944303797468354], [0.14636708860759473, 0.3789367088607595, 0.21345569620253146, 0.45741772151898735], [0.07801265822784786, 0.3890632911392405, 0.15016455696202524, 0.4586835443037975]], "class": 4}