{"image": "0b357c6e-759c-11ee-b88b-fcb3bc5cd112.jpg", "bboxes": [[0.8366582278481013, 0.2908101265822785, 0.8746329113924053, 0.336379746835443], [0.8746329113924053, 0.2933417721518987, 0.9151392405063292, 0.34144303797468356]], "class": 2}