{"image": "0b357c6e-759c-11ee-b88b-fcb3bc5cd112.jpg", "bboxes": [[0.04136708860759475, 0.677620253164557, 0.07934177215189864, 0.7231898734177216], [0.0008607594936708152, 0.6725569620253165, 0.04136708860759475, 0.7206582278481013]], "class": 2}