{"image": "0b357c6e-759c-11ee-b88b-fcb3bc5cd112.jpg", "bboxes": [[0.8636582278481013, 0.657620253164557, 0.9016329113924053, 0.7031898734177215], [0.9016329113924053, 0.6525569620253164, 0.9421392405063292, 0.7006582278481013]], "class": 2}