{"image": "0b357c6e-759c-11ee-b88b-fcb3bc5cd112.jpg", "bboxes": [[0.5493670886075948, 0.635620253164557, 0.5873417721518988, 0.6811898734177215], [0.5088607594936708, 0.6305569620253164, 0.5493670886075948, 0.6786582278481013], [0.3493670886075947, 0.49258227848101266, 0.41645569620253153, 0.5710632911392405], [0.2810126582278478, 0.4913164556962025, 0.3531645569620252, 0.5609367088607595]], "class": 4}