{"image": "0b357c6e-759c-11ee-b88b-fcb3bc5cd112.jpg", "bboxes": [[0.10065822784810131, 0.3208101265822785, 0.13863291139240527, 0.36637974683544305], [0.13863291139240527, 0.32334177215189874, 0.1791392405063292, 0.37144303797468353], [0.2715443037974685, 0.4309367088607595, 0.33863291139240526, 0.5094177215189873], [0.33483544303797474, 0.44106329113924053, 0.4069873417721521, 0.5106835443037975]], "class": 4}