{"image": "0b357c6e-759c-11ee-b88b-fcb3bc5cd112.jpg", "bboxes": [[0.09965822784810131, 0.665620253164557, 0.13763291139240527, 0.7111898734177216], [0.13763291139240527, 0.6605569620253164, 0.1781392405063292, 0.7086582278481013], [0.2705443037974685, 0.5225822784810126, 0.33763291139240525, 0.6010632911392405], [0.33383544303797474, 0.5213164556962026, 0.4059873417721521, 0.5909367088607596]], "class": 4}