{"image": "0b357c6e-759c-11ee-b88b-fcb3bc5cd112.jpg", "bboxes": [[0.6133670886075947, 0.2908101265822785, 0.6513417721518987, 0.336379746835443], [0.5728607594936708, 0.2933417721518987, 0.6133670886075947, 0.34144303797468356], [0.41336708860759475, 0.4009367088607595, 0.4804556962025315, 0.47941772151898737], [0.3450126582278479, 0.4110632911392405, 0.41716455696202526, 0.48068354430379745]], "class": 4}