{"image": "0b357c6e-759c-11ee-b88b-fcb3bc5cd112.jpg", "bboxes": [[0.6716582278481014, 0.671620253164557, 0.7096329113924053, 0.7171898734177216], [0.7096329113924053, 0.6665569620253164, 0.7501392405063292, 0.7146582278481013], [0.8425443037974685, 0.5285822784810126, 0.9096329113924053, 0.6070632911392405], [0.9058354430379748, 0.5273164556962024, 0.9779873417721522, 0.5969367088607596]], "class": 4}