{"image": "0b8aac9a-6b43-11ee-a27b-fcb3bc5cd112.jpg", "bboxes": [[0.701, 0.7408048780487805, 0.8680731707317072, 0.904219512195122], [0.8692926829268293, 0.7615365853658537, 1.0, 0.9115365853658537]], "class": 2}