{"image": "0b8aac9a-6b43-11ee-a27b-fcb3bc5cd112.jpg", "bboxes": [[0.0209268292682927, 0.7098048780487805, 0.18799999999999994, 0.873219512195122], [0.0, 0.7305365853658536, 0.01970731707317075, 0.8805365853658537]], "class": 2}