{"image": "0b8aac9a-6b43-11ee-a27b-fcb3bc5cd112.jpg", "bboxes": [[0.707, 0.7078048780487805, 0.8740731707317072, 0.871219512195122], [0.8752926829268293, 0.7285365853658536, 1.0, 0.8785365853658537]], "class": 2}