{"image": "0b8aac9a-6b43-11ee-a27b-fcb3bc5cd112.jpg", "bboxes": [[0.686, 0.10478048780487804, 0.8530731707317073, 0.26819512195121953], [0.8542926829268292, 0.09746341463414634, 1.0, 0.2474634146341463]], "class": 2}