{"image": "0b8aac9a-6b43-11ee-a27b-fcb3bc5cd112.jpg", "bboxes": [[0.533, 0.13878048780487806, 0.7000731707317073, 0.3021951219512195], [0.7012926829268292, 0.13146341463414635, 0.8586097560975609, 0.2814634146341463]], "class": 2}