{"image": "0b8aac9a-6b43-11ee-a27b-fcb3bc5cd112.jpg", "bboxes": [[0.351, 0.7298048780487805, 0.5180731707317072, 0.893219512195122], [0.5192926829268292, 0.7505365853658537, 0.6766097560975609, 0.9005365853658537]], "class": 2}