{"image": "0b8aac9a-6b43-11ee-a27b-fcb3bc5cd112.jpg", "bboxes": [[0.5659268292682927, 0.7038048780487804, 0.733, 0.8672195121951219], [0.40739024390243916, 0.7245365853658536, 0.5647073170731708, 0.8745365853658537]], "class": 2}