{"image": "0b8aac9a-6b43-11ee-a27b-fcb3bc5cd112.jpg", "bboxes": [[0.2899268292682927, 0.7468048780487805, 0.45699999999999996, 0.910219512195122], [0.13139024390243914, 0.7675365853658537, 0.28870731707317077, 0.9175365853658537]], "class": 2}