{"image": "0b8aac9a-6b43-11ee-a27b-fcb3bc5cd112.jpg", "bboxes": [[0.16692682926829272, 0.7388048780487805, 0.33399999999999996, 0.902219512195122], [0.008390243902439143, 0.7595365853658537, 0.16570731707317077, 0.9095365853658537]], "class": 2}