{"image": "0b8aac9a-6b43-11ee-a27b-fcb3bc5cd112.jpg", "bboxes": [[0.398, 0.10678048780487805, 0.5650731707317073, 0.27019512195121953], [0.5662926829268292, 0.09946341463414635, 0.7236097560975608, 0.2494634146341463]], "class": 2}