{"image": "0b8aac9a-6b43-11ee-a27b-fcb3bc5cd112.jpg", "bboxes": [[0.4829268292682928, 0.7378048780487805, 0.65, 0.901219512195122], [0.3243902439024391, 0.7585365853658537, 0.4817073170731707, 0.9085365853658537]], "class": 2}