{"image": "0d8df88d-759c-11ee-b6ce-fcb3bc5cd112.jpg", "bboxes": [[0.9298987341772154, 0.3556708860759493, 1.0, 0.4480759493670886], [0.9881265822784813, 0.3366835443037975, 1.0, 0.4151645569620253], [0.5577468354430379, 0.2683291139240506, 0.6033164556962025, 0.3151645569620253]], "class": 3}