{"image": "0d8df88d-759c-11ee-b6ce-fcb3bc5cd112.jpg", "bboxes": [[0.5538987341772154, 0.4246708860759493, 0.6361772151898736, 0.5170759493670886], [0.6121265822784813, 0.4056835443037975, 0.7032658227848103, 0.4841645569620253], [0.181746835443038, 0.3373291139240506, 0.2273164556962025, 0.3841645569620253]], "class": 3}