{"image": "0d8df88d-759c-11ee-b6ce-fcb3bc5cd112.jpg", "bboxes": [[0.4968227848101264, 0.42767088607594933, 0.5791012658227846, 0.5200759493670886], [0.4297341772151897, 0.4086835443037975, 0.5208734177215187, 0.4871645569620253], [0.9056835443037975, 0.34032911392405063, 0.951253164556962, 0.3871645569620253]], "class": 3}