{"image": "0d8df88d-759c-11ee-b6ce-fcb3bc5cd112.jpg", "bboxes": [[0.15389873417721536, 0.43367088607594934, 0.23617721518987356, 0.5260759493670886], [0.21212658227848125, 0.4146835443037975, 0.30326582278481035, 0.4931645569620253]], "class": 2}