{"image": "0d8df88d-759c-11ee-b6ce-fcb3bc5cd112.jpg", "bboxes": [[0.6878227848101264, 0.39567088607594936, 0.7701012658227846, 0.4880759493670886], [0.6207341772151898, 0.37668354430379747, 0.7118734177215187, 0.4551645569620253]], "class": 2}