{"image": "0d8df88d-759c-11ee-b6ce-fcb3bc5cd112.jpg", "bboxes": [[0.12482278481012643, 0.37167088607594934, 0.20710126582278465, 0.46407594936708857], [0.0577341772151897, 0.3526835443037975, 0.14887341772151874, 0.4311645569620253], [0.5336835443037975, 0.2843291139240506, 0.5792531645569621, 0.3311645569620253]], "class": 3}