{"image": "0d8df88d-759c-11ee-b6ce-fcb3bc5cd112.jpg", "bboxes": [[0.3098227848101265, 0.5239240506329115, 0.3921012658227846, 0.6163291139240507], [0.24273417721518964, 0.5568354430379747, 0.3338734177215188, 0.6353164556962025], [0.7186835443037976, 0.6568354430379747, 0.764253164556962, 0.7036708860759494]], "class": 3}