{"image": "0d8df88d-759c-11ee-b6ce-fcb3bc5cd112.jpg", "bboxes": [[0.5308987341772153, 0.39067088607594935, 0.6131772151898736, 0.4830759493670886], [0.5891265822784812, 0.37168354430379746, 0.6802658227848103, 0.4501645569620253], [0.15874683544303797, 0.3033291139240506, 0.20431645569620252, 0.3501645569620253]], "class": 3}