{"image": "0d8df88d-759c-11ee-b6ce-fcb3bc5cd112.jpg", "bboxes": [[0.9928987341772154, 0.36567088607594933, 1.0, 0.45807594936708856], [0.620746835443038, 0.2783291139240506, 0.6663164556962026, 0.3251645569620253]], "class": 2}