{"image": "0dde260f-759e-11ee-bee4-fcb3bc5cd112.jpg", "bboxes": [[0.29065822784810125, 0.5204303797468355, 0.3362278481012657, 0.5672658227848102], [0.5514177215189873, 0.5647341772151899, 0.5855949367088606, 0.5887848101265822], [0.608379746835443, 0.5811898734177214, 0.6438227848101266, 0.6027088607594937], [0.6868607594936709, 0.5887848101265822, 0.7147088607594936, 0.6141012658227848], [0.709645569620253, 0.5900506329113924, 0.7349620253164557, 0.6141012658227848], [0.7817974683544303, 0.5837215189873417, 0.8058481012658226, 0.6103037974683545]], "class": 6}