{"image": "0dde260f-759e-11ee-bee4-fcb3bc5cd112.jpg", "bboxes": [[0.013658227848101223, 0.5424303797468355, 0.0592278481012658, 0.5892658227848102], [0.27441772151898725, 0.58673417721519, 0.30859493670886073, 0.6107848101265823], [0.331379746835443, 0.6031898734177215, 0.36682278481012653, 0.6247088607594937], [0.40986075949367085, 0.6107848101265823, 0.43770886075949367, 0.6361012658227848], [0.43264556962025313, 0.6120506329113924, 0.4579620253164557, 0.6361012658227848], [0.5047974683544303, 0.6057215189873417, 0.5288481012658226, 0.6323037974683545], [0.7364430379746834, 0.6310379746835443, 0.7592278481012658, 0.648759493670886], [0.7541645569620252, 0.6310379746835443, 0.7731518987341771, 0.6474936708860759], [0.9060632911392403, 0.6259746835443039, 0.9250506329113923, 0.6398987341772152], [0.9199873417721518, 0.6247088607594937, 0.9389746835443037, 0.6398987341772152], [0.8668227848101264, 0.6411645569620253, 0.8744177215189872, 0.6500253164556962], [0.8554303797468353, 0.6424303797468355, 0.8706202531645568, 0.6538227848101266]], "class": 12}