{"image": "0dde260f-759e-11ee-bee4-fcb3bc5cd112.jpg", "bboxes": [[0.0800253164556961, 0.36473417721518986, 0.13951898734177215, 0.4141012658227848], [0.5306582278481011, 0.36473417721518986, 0.5762278481012657, 0.41156962025316457], [0.7914177215189873, 0.3432151898734177, 0.8255949367088606, 0.3672658227848101], [0.848379746835443, 0.3292911392405063, 0.8838227848101265, 0.3508101265822785], [0.9268607594936709, 0.3178987341772152, 0.9547088607594937, 0.3432151898734177], [0.9496455696202531, 0.3178987341772152, 0.9749620253164557, 0.34194936708860757]], "class": 6}