{"image": "0dde260f-759e-11ee-bee4-fcb3bc5cd112.jpg", "bboxes": [[0.0, 0.42573417721518986, 0.057518987341772077, 0.4751012658227848], [0.44865822784810117, 0.42573417721518986, 0.49422784810126574, 0.47256962025316457], [0.7094177215189872, 0.4042151898734177, 0.7435949367088607, 0.4282658227848101], [0.766379746835443, 0.3902911392405063, 0.8018227848101266, 0.4118101265822785], [0.8448607594936708, 0.3788987341772152, 0.8727088607594936, 0.4042151898734177], [0.8676455696202532, 0.3788987341772152, 0.8929620253164556, 0.40294936708860757], [0.9397974683544303, 0.38269620253164555, 0.9638481012658227, 0.40927848101265824]], "class": 7}