{"image": "0dde260f-759e-11ee-bee4-fcb3bc5cd112.jpg", "bboxes": [[0.0, 0.5418987341772152, 0.006518987341772142, 0.5912658227848102], [0.39765822784810123, 0.5444303797468355, 0.4432278481012657, 0.5912658227848102], [0.6584177215189873, 0.58873417721519, 0.6925949367088606, 0.6127848101265823], [0.715379746835443, 0.6051898734177215, 0.7508227848101265, 0.6267088607594937], [0.7938607594936709, 0.6127848101265823, 0.8217088607594936, 0.6381012658227848], [0.8166455696202531, 0.6140506329113924, 0.8419620253164557, 0.6381012658227848], [0.8887974683544303, 0.6077215189873417, 0.9128481012658227, 0.6343037974683545]], "class": 7}