{"image": "0dde260f-759e-11ee-bee4-fcb3bc5cd112.jpg", "bboxes": [[0.9217721518987343, 0.42173417721518985, 0.9673417721518988, 0.46856962025316456], [0.6724050632911392, 0.40021518987341775, 0.7065822784810127, 0.4242658227848101], [0.6141772151898734, 0.3862911392405063, 0.649620253164557, 0.4078101265822785], [0.5432911392405063, 0.3748987341772152, 0.5711392405063292, 0.40021518987341775], [0.5230379746835443, 0.3748987341772152, 0.5483544303797468, 0.39894936708860756], [0.4521518987341773, 0.37869620253164554, 0.4762025316455697, 0.40527848101265823], [0.2217721518987343, 0.3622405063291139, 0.24455696202531657, 0.37996202531645573], [0.20784810126582287, 0.36350632911392405, 0.22683544303797476, 0.37996202531645573], [0.05594936708860769, 0.3711012658227848, 0.07493670886075961, 0.3850253164556962], [0.0420253164556963, 0.3711012658227848, 0.061012658227848224, 0.3862911392405063], [0.10658227848101276, 0.3609746835443038, 0.11417721518987352, 0.36983544303797466], [0.11037974683544315, 0.35717721518987344, 0.12556962025316465, 0.36856962025316453]], "class": 12}