{"image": "0dde260f-759e-11ee-bee4-fcb3bc5cd112.jpg", "bboxes": [[0.07302531645569621, 0.3857341772151898, 0.13251898734177214, 0.4351012658227848], [0.5236582278481012, 0.3857341772151898, 0.5692278481012658, 0.43256962025316453], [0.7844177215189873, 0.3642151898734177, 0.8185949367088607, 0.3882658227848101], [0.841379746835443, 0.3502911392405063, 0.8768227848101265, 0.37181012658227847], [0.9198607594936707, 0.3388987341772152, 0.9477088607594937, 0.3642151898734177], [0.9426455696202531, 0.3388987341772152, 0.9679620253164557, 0.3629493670886076]], "class": 6}