{"image": "0dde260f-759e-11ee-bee4-fcb3bc5cd112.jpg", "bboxes": [[0.7524810126582279, 0.39873417721518983, 0.8119746835443038, 0.4481012658227848], [0.31577215189873425, 0.39873417721518983, 0.3613417721518988, 0.44556962025316454], [0.0664050632911393, 0.37721518987341773, 0.10058227848101274, 0.4012658227848101], [0.008177215189873436, 0.3632911392405063, 0.04362025316455697, 0.3848101265822785]], "class": 4}