{"image": "0dde260f-759e-11ee-bee4-fcb3bc5cd112.jpg", "bboxes": [[0.7794810126582279, 0.41473417721518985, 0.8389746835443038, 0.46410126582278477], [0.3427721518987342, 0.41473417721518985, 0.3883417721518988, 0.46156962025316456], [0.0934050632911393, 0.39321518987341775, 0.12758227848101272, 0.4172658227848101], [0.035177215189873434, 0.37929113924050634, 0.07062025316455697, 0.4008101265822785]], "class": 4}