{"image": "0dde260f-759e-11ee-bee4-fcb3bc5cd112.jpg", "bboxes": [[0.4120253164556962, 0.39573417721518983, 0.4715189873417721, 0.4451012658227848], [0.8626582278481012, 0.39573417721518983, 0.9082278481012658, 0.44256962025316454]], "class": 2}