{"image": "0dde260f-759e-11ee-bee4-fcb3bc5cd112.jpg", "bboxes": [[0.3530253164556961, 0.41073417721518984, 0.41251898734177217, 0.4601012658227848], [0.8036582278481013, 0.41073417721518984, 0.8492278481012657, 0.45756962025316456]], "class": 2}