{"image": "0e9e9f4b-6b43-11ee-812c-fcb3bc5cd112.jpg", "bboxes": [[0.23826829268292687, 0.4258536585365854, 0.26509756097560977, 0.45268292682926825], [0.2736341463414634, 0.42951219512195116, 0.2992439024390244, 0.458780487804878], [0.45168292682926836, 0.484390243902439, 0.4687560975609757, 0.51], [0.42729268292682937, 0.4868292682926828, 0.4492439024390244, 0.5087804878048781], [0.37485365853658537, 0.49414634146341463, 0.39192682926829275, 0.511219512195122], [0.35290243902439034, 0.48804878048780487, 0.3724146341463415, 0.5124390243902439]], "class": 6}