{"image": "0e9e9f4b-6b43-11ee-812c-fcb3bc5cd112.jpg", "bboxes": [[0.004634146341463407, 0.44451219512195117, 0.030243902439024396, 0.473780487804878], [0.18268292682926834, 0.499390243902439, 0.19975609756097573, 0.5250000000000001], [0.15829268292682935, 0.5018292682926828, 0.18024390243902438, 0.5237804878048781], [0.10585365853658539, 0.5091463414634148, 0.12292682926829275, 0.5262195121951219], [0.08390243902439033, 0.5030487804878048, 0.10341463414634154, 0.5274390243902439]], "class": 5}