{"image": "0e9e9f4b-6b43-11ee-812c-fcb3bc5cd112.jpg", "bboxes": [[0.0, 0.4515121951219512, 0.015243902439024395, 0.48078048780487803], [0.16768292682926836, 0.506390243902439, 0.18475609756097572, 0.532], [0.14329268292682934, 0.5088292682926829, 0.1652439024390244, 0.5307804878048781], [0.09085365853658539, 0.5161463414634146, 0.10792682926829275, 0.533219512195122], [0.06890243902439033, 0.5100487804878049, 0.08841463414634154, 0.5344390243902439]], "class": 5}