{"image": "0e9e9f4b-6b43-11ee-812c-fcb3bc5cd112.jpg", "bboxes": [[0.01026829268292687, 0.48185365853658535, 0.03709756097560978, 0.5086829268292683], [0.04563414634146341, 0.4855121951219512, 0.0712439024390244, 0.5147804878048781], [0.22368292682926835, 0.5403902439024391, 0.2407560975609757, 0.5660000000000001], [0.19929268292682933, 0.5428292682926829, 0.2212439024390244, 0.5647804878048781], [0.14685365853658539, 0.5501463414634147, 0.16392682926829275, 0.5672195121951219], [0.12490243902439033, 0.5440487804878048, 0.14441463414634154, 0.568439024390244]], "class": 6}