{"image": "0e9e9f4b-6b43-11ee-812c-fcb3bc5cd112.jpg", "bboxes": [[0.8219024390243902, 0.46285365853658533, 0.8487317073170731, 0.4896829268292683], [0.7877560975609756, 0.4665121951219512, 0.8133658536585366, 0.49578048780487805], [0.6182439024390243, 0.5213902439024389, 0.6353170731707316, 0.547], [0.6377560975609756, 0.5238292682926828, 0.6597073170731707, 0.5457804878048781], [0.6950731707317073, 0.5311463414634147, 0.7121463414634146, 0.5482195121951219], [0.7145853658536585, 0.5250487804878048, 0.7340975609756097, 0.5494390243902438]], "class": 6}