{"image": "0e9e9f4b-6b43-11ee-812c-fcb3bc5cd112.jpg", "bboxes": [[0.9739024390243902, 0.47931707317073174, 1.0, 0.5061463414634146], [0.9397560975609756, 0.473219512195122, 0.9653658536585366, 0.5024878048780488], [0.7702439024390243, 0.42199999999999993, 0.7873170731707316, 0.447609756097561], [0.7897560975609756, 0.42321951219512194, 0.8117073170731707, 0.44517073170731714], [0.8470731707317072, 0.4207804878048781, 0.8641463414634146, 0.4378536585365853], [0.8665853658536584, 0.4195609756097561, 0.8860975609756097, 0.4439512195121952]], "class": 6}