{"image": "0f5ac55c-759e-11ee-869c-fcb3bc5cd112.jpg", "bboxes": [[0.8046075949367089, 0.5795569620253165, 0.9311898734177216, 0.7010759493670886], [0.6881518987341774, 0.5643670886075949, 0.8096708860759495, 0.6960126582278481]], "class": 2}