{"image": "0f5ac55c-759e-11ee-869c-fcb3bc5cd112.jpg", "bboxes": [[0.7220253164556962, 0.28022784810126583, 0.8232911392405062, 0.4080759493670886]], "class": 1}