{"image": "0f5ac55c-759e-11ee-869c-fcb3bc5cd112.jpg", "bboxes": [[0.24670886075949375, 0.5989240506329114, 0.34797468354430383, 0.7267721518987342]], "class": 1}