{"image": "0f5ac55c-759e-11ee-869c-fcb3bc5cd112.jpg", "bboxes": [[0.4480253164556962, 0.6409240506329115, 0.5492911392405062, 0.7687721518987342]], "class": 1}