{"image": "0f5ac55c-759e-11ee-869c-fcb3bc5cd112.jpg", "bboxes": [[0.37602531645569615, 0.2472278481012658, 0.47729113924050626, 0.3750759493670886]], "class": 1}