{"image": "0f5ac55c-759e-11ee-869c-fcb3bc5cd112.jpg", "bboxes": [[0.6940253164556962, 0.6419240506329114, 0.7952911392405062, 0.7697721518987342]], "class": 1}