{"image": "0f5ac55c-759e-11ee-869c-fcb3bc5cd112.jpg", "bboxes": [[0.5240253164556962, 0.6389240506329115, 0.6252911392405063, 0.7667721518987342]], "class": 1}