{"image": "0f5ac55c-759e-11ee-869c-fcb3bc5cd112.jpg", "bboxes": [[0.6580253164556962, 0.2522278481012658, 0.7592911392405063, 0.3800759493670886]], "class": 1}