{"image": "0f5ac55c-759e-11ee-869c-fcb3bc5cd112.jpg", "bboxes": [[0.12470886075949375, 0.28222784810126583, 0.22597468354430383, 0.4100759493670886], [0.9601518987341774, 0.3429873417721519, 1.0, 0.47463291139240504]], "class": 2}