{"image": "0f5ac55c-759e-11ee-869c-fcb3bc5cd112.jpg", "bboxes": [[0.8820253164556962, 0.6149240506329114, 0.9832911392405063, 0.7427721518987342], [0.0, 0.5655569620253165, 0.03139240506329111, 0.6870759493670886], [0.026329113924050462, 0.550367088607595, 0.1478481012658226, 0.6820126582278481]], "class": 3}