{"image": "0f5ac55c-759e-11ee-869c-fcb3bc5cd112.jpg", "bboxes": [[0.27670886075949375, 0.6359240506329114, 0.37797468354430386, 0.7637721518987342]], "class": 1}