{"image": "0fa01fc2-759c-11ee-b33b-fcb3bc5cd112.jpg", "bboxes": [[0.44598734177215194, 0.44230379746835446, 0.4788987341772154, 0.4802784810126582], [0.4295316455696203, 0.4954683544303797, 0.47383544303797465, 0.5498987341772151], [0.39662025316455696, 0.5055949367088607, 0.9383924050632914, 0.6119240506329114], [0.38649367088607595, 0.5043291139240506, 0.4358607594936709, 0.5549620253164557]], "class": 4}