{"image": "0fa01fc2-759c-11ee-b33b-fcb3bc5cd112.jpg", "bboxes": [[0.6739873417721519, 0.49772151898734185, 0.7068987341772154, 0.5356962025316456], [0.6575316455696203, 0.42810126582278485, 0.7018354430379746, 0.48253164556962036], [0.6246202531645569, 0.36607594936708854, 1.0, 0.4724050632911393], [0.614493670886076, 0.4230379746835443, 0.663860759493671, 0.4736708860759494]], "class": 4}