{"image": "0fa01fc2-759c-11ee-b33b-fcb3bc5cd112.jpg", "bboxes": [[0.5669873417721519, 0.43330379746835446, 0.5998987341772154, 0.4712784810126582], [0.5505316455696203, 0.48646835443037967, 0.5948354430379746, 0.5408987341772151], [0.517620253164557, 0.4965949367088607, 1.0, 0.6029240506329114], [0.507493670886076, 0.4953291139240506, 0.5568607594936709, 0.5459620253164557]], "class": 4}