{"image": "0fa01fc2-759c-11ee-b33b-fcb3bc5cd112.jpg", "bboxes": [[0.9531012658227846, 0.48030379746835444, 0.9860126582278481, 0.5182784810126582], [0.9581645569620254, 0.5334683544303797, 1.0, 0.5878987341772152], [0.4936075949367087, 0.5435949367088607, 1.0, 0.6499240506329114], [0.9961392405063291, 0.5423291139240506, 1.0, 0.5929620253164557]], "class": 4}