{"image": "0fa01fc2-759c-11ee-b33b-fcb3bc5cd112.jpg", "bboxes": [[0.838987341772152, 0.5477215189873419, 0.8718987341772154, 0.5856962025316456], [0.8225316455696203, 0.4781012658227849, 0.8668354430379747, 0.5325316455696203], [0.789620253164557, 0.4160759493670886, 1.0, 0.5224050632911392], [0.7794936708860759, 0.47303797468354436, 0.8288607594936709, 0.5236708860759494]], "class": 4}