{"image": "0fa01fc2-759c-11ee-b33b-fcb3bc5cd112.jpg", "bboxes": [[0.4971012658227846, 0.47930379746835444, 0.5300126582278482, 0.5172784810126582], [0.5021645569620253, 0.5324683544303797, 0.5464683544303797, 0.5868987341772152], [0.03760759493670862, 0.5425949367088607, 0.579379746835443, 0.6489240506329114], [0.5401392405063291, 0.5413291139240506, 0.589506329113924, 0.5919620253164557]], "class": 4}