{"image": "0fa01fc2-759c-11ee-b33b-fcb3bc5cd112.jpg", "bboxes": [[0.4369873417721519, 0.4553037974683544, 0.4698987341772154, 0.4932784810126582], [0.4205316455696203, 0.5084683544303797, 0.46483544303797464, 0.5628987341772151], [0.38762025316455695, 0.5185949367088607, 0.9293924050632913, 0.6249240506329115], [0.37749367088607594, 0.5173291139240506, 0.4268607594936709, 0.5679620253164557]], "class": 4}