{"image": "0fa01fc2-759c-11ee-b33b-fcb3bc5cd112.jpg", "bboxes": [[0.6941012658227846, 0.49072151898734184, 0.727012658227848, 0.5286962025316455], [0.6991645569620253, 0.42110126582278484, 0.7434683544303797, 0.47553164556962035], [0.23460759493670869, 0.35907594936708853, 0.776379746835443, 0.4654050632911393], [0.7371392405063291, 0.4160379746835443, 0.786506329113924, 0.4666708860759494]], "class": 4}