{"image": "0fa01fc2-759c-11ee-b33b-fcb3bc5cd112.jpg", "bboxes": [[0.8289873417721519, 0.41630379746835444, 0.8618987341772154, 0.45427848101265816], [0.8125316455696203, 0.4694683544303797, 0.8568354430379747, 0.5238987341772151], [0.779620253164557, 0.4795949367088607, 1.0, 0.5859240506329114], [0.769493670886076, 0.4783291139240506, 0.8188607594936709, 0.5289620253164556]], "class": 4}