{"image": "0fa01fc2-759c-11ee-b33b-fcb3bc5cd112.jpg", "bboxes": [[0.8119873417721519, 0.5037215189873419, 0.8448987341772154, 0.5416962025316456], [0.7955316455696203, 0.43410126582278485, 0.8398354430379746, 0.48853164556962025], [0.762620253164557, 0.37207594936708854, 1.0, 0.4784050632911393], [0.752493670886076, 0.4290379746835443, 0.8018607594936709, 0.47967088607594943]], "class": 4}