{"image": "0fa01fc2-759c-11ee-b33b-fcb3bc5cd112.jpg", "bboxes": [[0.8229873417721519, 0.44130379746835446, 0.8558987341772154, 0.4792784810126582], [0.8065316455696203, 0.4944683544303797, 0.8508354430379746, 0.5488987341772151], [0.773620253164557, 0.5045949367088607, 1.0, 0.6109240506329114], [0.763493670886076, 0.5033291139240506, 0.8128607594936709, 0.5539620253164557]], "class": 4}