{"image": "0fa01fc2-759c-11ee-b33b-fcb3bc5cd112.jpg", "bboxes": [[0.3001012658227846, 0.49472151898734185, 0.3330126582278481, 0.5326962025316455], [0.3051645569620254, 0.42510126582278485, 0.3494683544303797, 0.47953164556962036], [0.0, 0.36307594936708854, 0.38237974683544307, 0.4694050632911393], [0.34313924050632905, 0.4200379746835443, 0.392506329113924, 0.4706708860759494]], "class": 4}