{"image": "0fa01fc2-759c-11ee-b33b-fcb3bc5cd112.jpg", "bboxes": [[0.6871012658227846, 0.41530379746835444, 0.7200126582278481, 0.45327848101265816], [0.6921645569620254, 0.4684683544303797, 0.7364683544303796, 0.5228987341772151], [0.22760759493670868, 0.4785949367088607, 0.7693797468354431, 0.5849240506329114], [0.7301392405063292, 0.4773291139240506, 0.779506329113924, 0.5279620253164556]], "class": 4}