{"image": "0fa01fc2-759c-11ee-b33b-fcb3bc5cd112.jpg", "bboxes": [[0.24010126582278457, 0.5147215189873418, 0.27301265822784804, 0.5526962025316455], [0.24516455696202533, 0.44510126582278486, 0.28946835443037966, 0.49953164556962026], [0.0, 0.38307594936708855, 0.322379746835443, 0.4894050632911393], [0.2831392405063291, 0.44003797468354433, 0.3325063291139241, 0.49067088607594944]], "class": 4}