{"image": "100ecce6-6b42-11ee-bd14-fcb3bc5cd112.jpg", "bboxes": [[0.5228780487804877, 0.342390243902439, 0.6082439024390242, 0.4265365853658536], [0.2423902439024389, 0.5082439024390244, 0.3423902439024389, 0.5826341463414635], [0.11678048780487814, 0.518, 0.18507317073170726, 0.5862926829268293]], "class": 3}