{"image": "100ecce6-6b42-11ee-bd14-fcb3bc5cd112.jpg", "bboxes": [[0.2097560975609758, 0.40439024390243905, 0.29512195121951235, 0.48853658536585365], [0.47560975609756106, 0.5702439024390245, 0.575609756097561, 0.6446341463414635], [0.6329268292682928, 0.5800000000000001, 0.7012195121951219, 0.6482926829268293]], "class": 3}