{"image": "100ecce6-6b42-11ee-bd14-fcb3bc5cd112.jpg", "bboxes": [[0.9263902439024388, 0.5252439024390245, 1.0, 0.5996341463414634], [0.8007804878048781, 0.535, 0.8690731707317072, 0.6032926829268292]], "class": 2}