{"image": "100ecce6-6b42-11ee-bd14-fcb3bc5cd112.jpg", "bboxes": [[0.5128780487804877, 0.39439024390243904, 0.5982439024390241, 0.47853658536585364], [0.2323902439024389, 0.5602439024390244, 0.3323902439024389, 0.6346341463414635], [0.10678048780487813, 0.5700000000000001, 0.17507317073170725, 0.6382926829268293]], "class": 3}