{"image": "100ecce6-6b42-11ee-bd14-fcb3bc5cd112.jpg", "bboxes": [[0.4908780487804877, 0.341390243902439, 0.5762439024390241, 0.4255365853658536], [0.2103902439024389, 0.5072439024390245, 0.3103902439024389, 0.5816341463414635], [0.08478048780487814, 0.5170000000000001, 0.15307317073170726, 0.5852926829268292]], "class": 3}