{"image": "100ecce6-6b42-11ee-bd14-fcb3bc5cd112.jpg", "bboxes": [[0.7808780487804877, 0.38039024390243903, 0.8662439024390242, 0.4645365853658536], [0.5003902439024389, 0.5462439024390244, 0.6003902439024389, 0.6206341463414635], [0.37478048780487816, 0.556, 0.44307317073170727, 0.6242926829268293]], "class": 3}