{"image": "100ecce6-6b42-11ee-bd14-fcb3bc5cd112.jpg", "bboxes": [[0.10160975609756107, 0.5602439024390244, 0.20160975609756115, 0.6346341463414635], [0.2589268292682928, 0.5700000000000001, 0.3272195121951219, 0.6382926829268293]], "class": 2}