{"image": "100ecce6-6b42-11ee-bd14-fcb3bc5cd112.jpg", "bboxes": [[0.2247560975609758, 0.343390243902439, 0.31012195121951236, 0.4275365853658536], [0.4906097560975611, 0.5092439024390245, 0.5906097560975612, 0.5836341463414635], [0.6479268292682927, 0.5190000000000001, 0.7162195121951218, 0.5872926829268292]], "class": 3}