{"image": "100ecce6-6b42-11ee-bd14-fcb3bc5cd112.jpg", "bboxes": [[0.0, 0.526, 0.040219512195121876, 0.5942926829268294]], "class": 1}