{"image": "100ecce6-6b42-11ee-bd14-fcb3bc5cd112.jpg", "bboxes": [[0.4237560975609759, 0.345390243902439, 0.5091219512195123, 0.4295365853658536], [0.6896097560975611, 0.5112439024390245, 0.7896097560975611, 0.5856341463414635], [0.8469268292682928, 0.5210000000000001, 0.9152195121951219, 0.5892926829268292]], "class": 3}