{"image": "100ecce6-6b42-11ee-bd14-fcb3bc5cd112.jpg", "bboxes": [[0.0, 0.336390243902439, 0.04912195121951235, 0.4205365853658536], [0.22960975609756107, 0.5022439024390244, 0.32960975609756116, 0.5766341463414635], [0.3869268292682928, 0.512, 0.4552195121951219, 0.5802926829268293]], "class": 3}