{"image": "100ecce6-6b42-11ee-bd14-fcb3bc5cd112.jpg", "bboxes": [[0.8108780487804876, 0.336390243902439, 0.8962439024390242, 0.4205365853658536], [0.5303902439024389, 0.5022439024390244, 0.6303902439024389, 0.5766341463414635], [0.40478048780487813, 0.512, 0.47307317073170724, 0.5802926829268293]], "class": 3}