{"image": "11066c66-7598-11ee-85c8-fcb3bc5cd112.jpg", "bboxes": [[0.9995822784810128, 0.550126582278481, 1.0, 0.6564556962025315], [0.8400886075949368, 0.4273417721518987, 0.8995822784810127, 0.4779746835443038], [0.8932531645569622, 0.3678481012658228, 0.9350253164556964, 0.4045569620253165], [0.7692025316455696, 0.35518987341772157, 0.8059113924050635, 0.40075949367088604], [0.7286962025316457, 0.3615189873417722, 0.7755316455696203, 0.4134177215189873]], "class": 5}