{"image": "11066c66-7598-11ee-85c8-fcb3bc5cd112.jpg", "bboxes": [[0.33558227848101274, 0.3965443037974685, 0.44444303797468365, 0.5028734177215191], [0.43178481012658243, 0.423126582278481, 0.5305189873417724, 0.5155316455696204], [0.17608860759493677, 0.5750253164556962, 0.23558227848101274, 0.6256582278481013], [0.22925316455696224, 0.6484430379746835, 0.2710253164556964, 0.6851518987341771], [0.1052025316455696, 0.6522405063291139, 0.14191139240506345, 0.6978101265822785], [0.06469620253164567, 0.6395822784810127, 0.11153164556962031, 0.6914810126582278]], "class": 6}