{"image": "11066c66-7598-11ee-85c8-fcb3bc5cd112.jpg", "bboxes": [[0.0025569620253163006, 0.511126582278481, 0.11141772151898721, 0.6174556962025315], [0.0, 0.4984683544303797, 0.015215189873417523, 0.590873417721519], [0.2114177215189873, 0.38834177215189875, 0.27091139240506323, 0.4389746835443038], [0.17597468354430357, 0.32884810126582276, 0.21774683544303775, 0.36555696202531646], [0.3050886075949365, 0.3161898734177216, 0.34179746835443037, 0.36175949367088606], [0.3354683544303797, 0.3225189873417722, 0.3823037974683543, 0.37441772151898733]], "class": 6}