{"image": "11066c66-7598-11ee-85c8-fcb3bc5cd112.jpg", "bboxes": [[0.9525822784810127, 0.5051265822784811, 1.0, 0.6114556962025315], [0.7930886075949368, 0.38234177215189874, 0.8525822784810128, 0.4329746835443038], [0.8462531645569622, 0.32284810126582275, 0.8880253164556964, 0.35955696202531645], [0.7222025316455696, 0.3101898734177216, 0.7589113924050634, 0.35575949367088605], [0.6816962025316456, 0.3165189873417722, 0.7285316455696204, 0.36841772151898733]], "class": 5}