{"image": "11066c66-7598-11ee-85c8-fcb3bc5cd112.jpg", "bboxes": [[0.0, 0.38634177215189874, 0.044911392405063255, 0.4369746835443038], [0.07908860759493652, 0.3141898734177216, 0.11579746835443039, 0.35975949367088605], [0.10946835443037972, 0.3205189873417722, 0.15630379746835432, 0.37241772151898733]], "class": 3}