{"image": "11066c66-7598-11ee-85c8-fcb3bc5cd112.jpg", "bboxes": [[0.0, 0.611240506329114, 0.022797468354430417, 0.6568101265822784], [0.01646835443037964, 0.5985822784810126, 0.06330379746835435, 0.6504810126582279]], "class": 2}