{"image": "11066c66-7598-11ee-85c8-fcb3bc5cd112.jpg", "bboxes": [[0.0, 0.32818987341772154, 0.010797468354430406, 0.37375949367088607], [0.0044683544303797396, 0.33451898734177216, 0.05130379746835434, 0.38641772151898734]], "class": 2}