{"image": "11066c66-7598-11ee-85c8-fcb3bc5cd112.jpg", "bboxes": [[0.3165822784810127, 0.537126582278481, 0.42544303797468364, 0.6434556962025315], [0.41278481012658247, 0.5244683544303796, 0.5115189873417724, 0.6168734177215189], [0.15708860759493679, 0.4143417721518987, 0.21658227848101275, 0.46497468354430377], [0.21025316455696225, 0.3548481012658228, 0.25202531645569637, 0.3915569620253165], [0.0862025316455696, 0.34218987341772156, 0.12291139240506345, 0.3877594936708861], [0.04569620253164567, 0.34851898734177217, 0.0925316455696203, 0.4004177215189873]], "class": 6}