{"image": "11066c66-7598-11ee-85c8-fcb3bc5cd112.jpg", "bboxes": [[0.47758227848101276, 0.516126582278481, 0.5864430379746837, 0.6224556962025315], [0.5737848101265824, 0.5034683544303797, 0.6725189873417723, 0.595873417721519], [0.3180886075949368, 0.39334177215189875, 0.3775822784810127, 0.4439746835443038], [0.3712531645569622, 0.33384810126582276, 0.4130253164556964, 0.37055696202531646], [0.2472025316455696, 0.3211898734177216, 0.28391139240506347, 0.36675949367088606], [0.20669620253164567, 0.32751898734177215, 0.2535316455696203, 0.37941772151898734]], "class": 6}