{"image": "11066c66-7598-11ee-85c8-fcb3bc5cd112.jpg", "bboxes": [[0.6345822784810128, 0.3855443037974685, 0.7434430379746837, 0.49187341772151894], [0.7307848101265825, 0.412126582278481, 0.8295189873417723, 0.5045316455696203], [0.47508860759493676, 0.5640253164556962, 0.5345822784810127, 0.6146582278481012], [0.5282531645569623, 0.6374430379746836, 0.5700253164556964, 0.6741518987341772], [0.4042025316455696, 0.641240506329114, 0.44091139240506344, 0.6868101265822784], [0.36369620253164564, 0.6285822784810127, 0.4105316455696203, 0.6804810126582278]], "class": 6}