{"image": "11066c66-7598-11ee-85c8-fcb3bc5cd112.jpg", "bboxes": [[0.39658227848101274, 0.42154430379746854, 0.5054430379746836, 0.527873417721519], [0.49278481012658243, 0.448126582278481, 0.5915189873417723, 0.5405316455696203], [0.23708860759493677, 0.6000253164556962, 0.29658227848101276, 0.6506582278481012], [0.29025316455696226, 0.6734430379746835, 0.3320253164556964, 0.7101518987341773], [0.16620253164556958, 0.6772405063291139, 0.20291139240506345, 0.7228101265822784], [0.12569620253164568, 0.6645822784810127, 0.1725316455696203, 0.7164810126582278]], "class": 6}