{"image": "11066c66-7598-11ee-85c8-fcb3bc5cd112.jpg", "bboxes": [[0.8725822784810128, 0.3965443037974685, 0.9814430379746837, 0.5028734177215191], [0.9687848101265825, 0.423126582278481, 1.0, 0.5155316455696204], [0.7130886075949368, 0.5750253164556962, 0.7725822784810127, 0.6256582278481013], [0.7662531645569622, 0.6484430379746835, 0.8080253164556964, 0.6851518987341771], [0.6422025316455696, 0.6522405063291139, 0.6789113924050635, 0.6978101265822785], [0.6016962025316457, 0.6395822784810127, 0.6485316455696203, 0.6914810126582278]], "class": 6}