{"image": "11066c66-7598-11ee-85c8-fcb3bc5cd112.jpg", "bboxes": [[0.8415822784810127, 0.488126582278481, 0.9504430379746837, 0.5944556962025315], [0.9377848101265824, 0.4754683544303797, 1.0, 0.567873417721519], [0.6820886075949367, 0.3653417721518987, 0.7415822784810128, 0.4159746835443038], [0.7352531645569622, 0.3058481012658228, 0.7770253164556964, 0.3425569620253165], [0.6112025316455696, 0.29318987341772157, 0.6479113924050635, 0.33875949367088604], [0.5706962025316457, 0.2995189873417722, 0.6175316455696203, 0.3514177215189873]], "class": 6}