{"image": "11a5b54c-759c-11ee-9138-fcb3bc5cd112.jpg", "bboxes": [[0.4084936708860762, 0.5064430379746836, 0.5097594936708862, 0.5912531645569621], [0.3388734177215191, 0.4937848101265824, 0.4401392405063293, 0.5912531645569621], [0.18570886075949375, 0.6963164556962025, 0.22874683544303798, 0.7406202531645569], [0.15153164556962032, 0.6836582278481013, 0.19077215189873425, 0.7368227848101266]], "class": 4}