{"image": "11a5b54c-759c-11ee-9138-fcb3bc5cd112.jpg", "bboxes": [[0.6142405063291136, 0.354746835443038, 0.7155063291139239, 0.43955696202531647], [0.6838607594936708, 0.354746835443038, 0.7851265822784809, 0.4522151898734177], [0.895253164556962, 0.20537974683544302, 0.9382911392405062, 0.24968354430379747], [0.9332278481012657, 0.20917721518987337, 0.9724683544303797, 0.26234177215189874]], "class": 4}