{"image": "11a5b54c-759c-11ee-9138-fcb3bc5cd112.jpg", "bboxes": [[0.9318734177215191, 0.356746835443038, 1.0, 0.4542151898734177], [0.7787088607594937, 0.20737974683544302, 0.821746835443038, 0.25168354430379747], [0.7445316455696203, 0.21117721518987337, 0.7837721518987343, 0.26434177215189875]], "class": 3}