{"image": "11a5b54c-759c-11ee-9138-fcb3bc5cd112.jpg", "bboxes": [[0.6304936708860762, 0.5014430379746835, 0.7317594936708863, 0.586253164556962], [0.5608734177215191, 0.48878481012658237, 0.6621392405063293, 0.586253164556962], [0.40770886075949375, 0.6913164556962026, 0.450746835443038, 0.735620253164557], [0.3735316455696203, 0.6786582278481013, 0.41277215189873423, 0.7318227848101266]], "class": 4}