{"image": "11a5b54c-759c-11ee-9138-fcb3bc5cd112.jpg", "bboxes": [[0.22024050632911374, 0.5144430379746836, 0.32150632911392385, 0.5992531645569621], [0.28986075949367074, 0.5017848101265823, 0.39112658227848085, 0.5992531645569621], [0.501253164556962, 0.7043164556962025, 0.5442911392405063, 0.7486202531645569], [0.5392278481012658, 0.6916582278481013, 0.5784683544303797, 0.7448227848101266]], "class": 4}