{"image": "11a5b54c-759c-11ee-9138-fcb3bc5cd112.jpg", "bboxes": [[0.6032405063291137, 0.5584430379746835, 0.7045063291139237, 0.643253164556962], [0.6728607594936706, 0.5457848101265823, 0.7741265822784809, 0.643253164556962], [0.884253164556962, 0.7483164556962025, 0.9272911392405062, 0.792620253164557], [0.9222278481012658, 0.7356582278481012, 0.9614683544303797, 0.7888227848101266]], "class": 4}