{"image": "11a5b54c-759c-11ee-9138-fcb3bc5cd112.jpg", "bboxes": [[0.5044936708860762, 0.413746835443038, 0.6057594936708863, 0.49855696202531646], [0.4348734177215191, 0.413746835443038, 0.5361392405063293, 0.5112151898734176], [0.28170886075949375, 0.264379746835443, 0.324746835443038, 0.30868354430379746], [0.24753164556962032, 0.26817721518987336, 0.28677215189873423, 0.32134177215189874]], "class": 4}