{"image": "11a5b54c-759c-11ee-9138-fcb3bc5cd112.jpg", "bboxes": [[0.6212405063291138, 0.382746835443038, 0.7225063291139238, 0.4675569620253165], [0.6908607594936707, 0.382746835443038, 0.7921265822784809, 0.48021518987341766], [0.902253164556962, 0.23337974683544302, 0.9452911392405062, 0.2776835443037975], [0.9402278481012658, 0.2371772151898734, 0.9794683544303797, 0.2903417721518987]], "class": 4}