{"image": "11a5b54c-759c-11ee-9138-fcb3bc5cd112.jpg", "bboxes": [[0.4384936708860762, 0.5234430379746835, 0.5397594936708863, 0.608253164556962], [0.3688734177215191, 0.5107848101265824, 0.4701392405063293, 0.608253164556962], [0.21570886075949375, 0.7133164556962025, 0.258746835443038, 0.757620253164557], [0.18153164556962031, 0.7006582278481013, 0.22077215189873425, 0.7538227848101267]], "class": 4}