{"image": "11a5b54c-759c-11ee-9138-fcb3bc5cd112.jpg", "bboxes": [[0.6082405063291136, 0.5534430379746835, 0.7095063291139239, 0.638253164556962], [0.6778607594936708, 0.5407848101265823, 0.7791265822784809, 0.638253164556962], [0.889253164556962, 0.7433164556962025, 0.9322911392405062, 0.787620253164557], [0.9272278481012658, 0.7306582278481013, 0.9664683544303797, 0.7838227848101267]], "class": 4}