{"image": "11a5b54c-759c-11ee-9138-fcb3bc5cd112.jpg", "bboxes": [[0.2234936708860762, 0.4994430379746835, 0.3247594936708863, 0.584253164556962], [0.1538734177215191, 0.48678481012658237, 0.2551392405063293, 0.584253164556962], [0.0007088607594937457, 0.6893164556962026, 0.04374683544303798, 0.733620253164557], [0.0, 0.6766582278481013, 0.005772151898734251, 0.7298227848101266]], "class": 4}