{"image": "11a621cb-6b44-11ee-b399-fcb3bc5cd112.jpg", "bboxes": [[0.13441463414634147, 0.15046341463414636, 0.2307560975609756, 0.256560975609756]], "class": 1}