{"image": "11a621cb-6b44-11ee-b399-fcb3bc5cd112.jpg", "bboxes": [[0.2862439024390244, 0.15146341463414636, 0.3825853658536586, 0.257560975609756]], "class": 1}