{"image": "11a621cb-6b44-11ee-b399-fcb3bc5cd112.jpg", "bboxes": [[0.6034146341463414, 0.12546341463414634, 0.6997560975609756, 0.23156097560975608]], "class": 1}