{"image": "11a621cb-6b44-11ee-b399-fcb3bc5cd112.jpg", "bboxes": [[0.1062439024390244, 0.14546341463414636, 0.20258536585365858, 0.251560975609756]], "class": 1}