{"image": "11a621cb-6b44-11ee-b399-fcb3bc5cd112.jpg", "bboxes": [[0.3712439024390244, 0.7624390243902439, 0.46758536585365856, 0.8685365853658537]], "class": 1}