{"image": "11a621cb-6b44-11ee-b399-fcb3bc5cd112.jpg", "bboxes": [[0.6182439024390244, 0.716439024390244, 0.7145853658536586, 0.8225365853658536]], "class": 1}