{"image": "11a621cb-6b44-11ee-b399-fcb3bc5cd112.jpg", "bboxes": [[0.1874146341463414, 0.15646341463414637, 0.28375609756097564, 0.262560975609756]], "class": 1}