{"image": "11a621cb-6b44-11ee-b399-fcb3bc5cd112.jpg", "bboxes": [[0.47741463414634144, 0.7554390243902439, 0.5737560975609757, 0.8615365853658536]], "class": 1}