{"image": "11a621cb-6b44-11ee-b399-fcb3bc5cd112.jpg", "bboxes": [[0.24541463414634146, 0.7674390243902439, 0.3417560975609756, 0.8735365853658537]], "class": 1}