{"image": "11a621cb-6b44-11ee-b399-fcb3bc5cd112.jpg", "bboxes": [[0.3092439024390244, 0.14446341463414636, 0.40558536585365856, 0.250560975609756]], "class": 1}