{"image": "11a621cb-6b44-11ee-b399-fcb3bc5cd112.jpg", "bboxes": [[0.5282439024390244, 0.746439024390244, 0.6245853658536585, 0.8525365853658536]], "class": 1}