{"image": "12a97bcf-759e-11ee-b4b1-fcb3bc5cd112.jpg", "bboxes": [[0.4500506329113925, 0.6534303797468355, 0.5120759493670887, 0.7167215189873417], [0.4006835443037976, 0.648367088607595, 0.46270886075949375, 0.7205189873417721], [0.3032151898734178, 0.5660886075949366, 0.35258227848101276, 0.617987341772152], [0.26524050632911417, 0.5660886075949366, 0.3032151898734178, 0.617987341772152], [0.10448101265822789, 0.5167215189873419, 0.14245569620253173, 0.5736835443037974], [0.06397468354430384, 0.5129240506329116, 0.10954430379746839, 0.5660886075949366], [0.15005063291139242, 0.4774810126582279, 0.17663291139240528, 0.5040632911392405], [0.1297974683544304, 0.4711518987341772, 0.15891139240506333, 0.5065949367088607], [0.0, 0.4812784810126582, 0.010810126582278486, 0.5103924050632911]], "class": 9}