{"image": "12a97bcf-759e-11ee-b4b1-fcb3bc5cd112.jpg", "bboxes": [[0.4599240506329113, 0.2762784810126583, 0.5219493670886075, 0.3395696202531645], [0.5092911392405062, 0.2724810126582279, 0.5713164556962025, 0.34463291139240504], [0.6194177215189873, 0.37501265822784813, 0.6687848101265822, 0.4269113924050634], [0.6687848101265822, 0.37501265822784813, 0.7067594936708859, 0.4269113924050634], [0.8295443037974682, 0.4193164556962026, 0.8675189873417721, 0.47627848101265813], [0.8624556962025316, 0.4269113924050634, 0.9080253164556962, 0.4800759493670884], [0.7953670886075948, 0.48893670886075946, 0.8219493670886076, 0.515518987341772], [0.8130886075949366, 0.4864050632911393, 0.8422025316455696, 0.5218481012658228], [0.9611898734177216, 0.4826075949367089, 0.9953670886075948, 0.5117215189873419], [0.9903037974683543, 0.48513924050632906, 1.0, 0.514253164556962]], "class": 10}