{"image": "12a97bcf-759e-11ee-b4b1-fcb3bc5cd112.jpg", "bboxes": [[0.48405063291139255, 0.6764303797468355, 0.5460759493670887, 0.7397215189873417], [0.4346835443037976, 0.671367088607595, 0.4967088607594937, 0.7435189873417721], [0.3372151898734178, 0.5890886075949366, 0.38658227848101273, 0.6409873417721519], [0.29924050632911414, 0.5890886075949366, 0.3372151898734178, 0.6409873417721519], [0.13848101265822788, 0.5397215189873418, 0.17645569620253174, 0.5966835443037974], [0.09797468354430384, 0.5359240506329115, 0.14354430379746838, 0.5890886075949366], [0.18405063291139243, 0.5004810126582279, 0.21063291139240528, 0.5270632911392406], [0.1637974683544304, 0.49415189873417714, 0.19291139240506333, 0.5295949367088607], [0.010632911392405162, 0.5042784810126582, 0.04481012658227849, 0.5333924050632911], [0.0, 0.501746835443038, 0.015696202531645668, 0.530860759493671]], "class": 10}