{"image": "12a97bcf-759e-11ee-b4b1-fcb3bc5cd112.jpg", "bboxes": [[0.5189240506329114, 0.6864303797468354, 0.5809493670886074, 0.7497215189873417], [0.5682911392405062, 0.681367088607595, 0.6303164556962024, 0.7535189873417721], [0.6784177215189873, 0.5990886075949367, 0.7277848101265822, 0.6509873417721519], [0.7277848101265822, 0.5990886075949367, 0.7657594936708858, 0.6509873417721519], [0.8885443037974683, 0.5497215189873418, 0.9265189873417721, 0.6066835443037975], [0.9214556962025316, 0.5459240506329115, 0.9670253164556961, 0.5990886075949367], [0.8543670886075947, 0.5104810126582279, 0.8809493670886076, 0.5370632911392405], [0.8720886075949367, 0.5041518987341772, 0.9012025316455696, 0.5395949367088607]], "class": 8}