{"image": "12a97bcf-759e-11ee-b4b1-fcb3bc5cd112.jpg", "bboxes": [[0.9472151898734178, 0.5350886075949367, 0.9965822784810128, 0.586987341772152], [0.9092405063291141, 0.5350886075949367, 0.9472151898734178, 0.586987341772152], [0.7484810126582279, 0.48572151898734184, 0.7864556962025318, 0.5426835443037975], [0.7079746835443038, 0.48192405063291155, 0.7535443037974684, 0.5350886075949367], [0.7940506329113924, 0.44648101265822787, 0.8206329113924052, 0.4730632911392405], [0.7737974683544304, 0.44015189873417715, 0.8029113924050634, 0.4755949367088607], [0.6206329113924052, 0.45027848101265816, 0.6548101265822784, 0.4793924050632911], [0.5991139240506329, 0.447746835443038, 0.6256962025316457, 0.4768607594936709]], "class": 8}