{"image": "12a97bcf-759e-11ee-b4b1-fcb3bc5cd112.jpg", "bboxes": [[0.5850506329113926, 0.6494303797468355, 0.6470759493670887, 0.7127215189873417], [0.5356835443037976, 0.644367088607595, 0.5977088607594937, 0.7165189873417721], [0.4382151898734178, 0.5620886075949366, 0.4875822784810127, 0.613987341772152], [0.4002405063291142, 0.5620886075949366, 0.4382151898734178, 0.613987341772152], [0.23948101265822788, 0.5127215189873419, 0.27745569620253174, 0.5696835443037975], [0.19897468354430384, 0.5089240506329116, 0.2445443037974684, 0.5620886075949366], [0.28505063291139243, 0.4734810126582279, 0.3116329113924053, 0.5000632911392405], [0.2647974683544304, 0.4671518987341772, 0.29391139240506337, 0.5025949367088607], [0.11163291139240517, 0.4772784810126582, 0.1458101265822785, 0.5063924050632911], [0.09011392405063293, 0.474746835443038, 0.11669620253164567, 0.5038607594936709]], "class": 10}