{"image": "12a97bcf-759e-11ee-b4b1-fcb3bc5cd112.jpg", "bboxes": [[0.6690506329113926, 0.25027848101265826, 0.7310759493670888, 0.3135696202531646], [0.6196835443037976, 0.24648101265822786, 0.6817088607594938, 0.318632911392405], [0.5222151898734178, 0.3490126582278481, 0.5715822784810127, 0.40091139240506335], [0.4842405063291142, 0.3490126582278481, 0.5222151898734178, 0.40091139240506335], [0.3234810126582279, 0.39331645569620255, 0.3614556962025317, 0.4502784810126582], [0.28297468354430383, 0.40091139240506335, 0.3285443037974684, 0.4540759493670885], [0.36905063291139245, 0.46293670886075955, 0.39563291139240525, 0.4895189873417721], [0.34879746835443043, 0.4604050632911393, 0.37791139240506333, 0.4958481012658228], [0.19563291139240516, 0.4566075949367089, 0.22981012658227848, 0.48572151898734184], [0.17411392405063292, 0.45913924050632904, 0.20069620253164566, 0.488253164556962]], "class": 10}