{"image": "12a97bcf-759e-11ee-b4b1-fcb3bc5cd112.jpg", "bboxes": [[0.37692405063291134, 0.6654303797468355, 0.43894936708860743, 0.7287215189873417], [0.4262911392405062, 0.660367088607595, 0.4883164556962024, 0.7325189873417721], [0.5364177215189873, 0.5780886075949366, 0.5857848101265822, 0.6299873417721519], [0.5857848101265822, 0.5780886075949366, 0.6237594936708859, 0.6299873417721519], [0.7465443037974683, 0.5287215189873419, 0.7845189873417722, 0.5856835443037974], [0.7794556962025316, 0.5249240506329115, 0.8250253164556962, 0.5780886075949366], [0.7123670886075948, 0.4894810126582279, 0.7389493670886076, 0.5160632911392405], [0.7300886075949367, 0.4831518987341772, 0.7592025316455696, 0.5185949367088607], [0.8781898734177215, 0.4932784810126582, 0.9123670886075949, 0.5223924050632911], [0.9073037974683543, 0.490746835443038, 0.933886075949367, 0.5198607594936709]], "class": 10}