{"image": "12a97bcf-759e-11ee-b4b1-fcb3bc5cd112.jpg", "bboxes": [[0.5380506329113925, 0.6844303797468354, 0.6000759493670887, 0.7477215189873417], [0.48868354430379757, 0.679367088607595, 0.5507088607594938, 0.7515189873417721], [0.3912151898734178, 0.5970886075949366, 0.4405822784810127, 0.6489873417721519], [0.3532405063291142, 0.5970886075949366, 0.3912151898734178, 0.6489873417721519], [0.1924810126582279, 0.5477215189873418, 0.23045569620253173, 0.6046835443037974], [0.15197468354430385, 0.5439240506329115, 0.1975443037974684, 0.5970886075949366], [0.23805063291139242, 0.5084810126582279, 0.2646329113924053, 0.5350632911392406], [0.2177974683544304, 0.5021518987341772, 0.24691139240506335, 0.5375949367088607], [0.06463291139240517, 0.5122784810126582, 0.09881012658227849, 0.5413924050632911], [0.04311392405063293, 0.509746835443038, 0.06969620253164567, 0.538860759493671]], "class": 10}