{"image": "12a97bcf-759e-11ee-b4b1-fcb3bc5cd112.jpg", "bboxes": [[0.08692405063291131, 0.6794303797468355, 0.1489493670886075, 0.7427215189873417], [0.1362911392405063, 0.674367088607595, 0.19831645569620238, 0.7465189873417721], [0.24641772151898722, 0.5920886075949366, 0.2957848101265822, 0.6439873417721519], [0.2957848101265822, 0.5920886075949366, 0.33375949367088587, 0.6439873417721519], [0.45654430379746824, 0.5427215189873418, 0.49451898734177213, 0.5996835443037974], [0.4894556962025316, 0.5389240506329115, 0.5350253164556962, 0.5920886075949366], [0.42236708860759475, 0.5034810126582279, 0.44894936708860755, 0.5300632911392406], [0.4400886075949366, 0.49715189873417714, 0.4692025316455696, 0.5325949367088607], [0.5881898734177216, 0.5072784810126582, 0.6223670886075948, 0.5363924050632911], [0.6173037974683544, 0.504746835443038, 0.6438860759493671, 0.533860759493671]], "class": 10}