{"image": "12a97bcf-759e-11ee-b4b1-fcb3bc5cd112.jpg", "bboxes": [[0.9800506329113925, 0.6714303797468355, 1.0, 0.7347215189873417], [0.9306835443037976, 0.666367088607595, 0.9927088607594937, 0.7385189873417721], [0.8332151898734178, 0.5840886075949366, 0.8825822784810128, 0.6359873417721519], [0.7952405063291141, 0.5840886075949366, 0.8332151898734178, 0.6359873417721519], [0.6344810126582279, 0.5347215189873418, 0.6724556962025318, 0.5916835443037974], [0.5939746835443038, 0.5309240506329115, 0.6395443037974684, 0.5840886075949366], [0.6800506329113924, 0.49548101265822786, 0.7066329113924052, 0.5220632911392405], [0.6597974683544304, 0.4891518987341772, 0.6889113924050634, 0.5245949367088607], [0.5066329113924052, 0.49927848101265815, 0.5408101265822784, 0.5283924050632911], [0.4851139240506329, 0.496746835443038, 0.5116962025316457, 0.525860759493671]], "class": 10}