{"image": "12a97bcf-759e-11ee-b4b1-fcb3bc5cd112.jpg", "bboxes": [[0.9800506329113925, 0.3172784810126583, 1.0, 0.38056962025316454], [0.9306835443037976, 0.3134810126582279, 0.9927088607594937, 0.3856329113924051], [0.8332151898734178, 0.41601265822784805, 0.8825822784810128, 0.4679113924050633], [0.7952405063291141, 0.41601265822784805, 0.8332151898734178, 0.4679113924050633], [0.6344810126582279, 0.4603164556962025, 0.6724556962025318, 0.5172784810126582], [0.5939746835443038, 0.4679113924050633, 0.6395443037974684, 0.5210759493670885], [0.6800506329113924, 0.5299367088607595, 0.7066329113924052, 0.5565189873417722], [0.6597974683544304, 0.5274050632911393, 0.6889113924050634, 0.5628481012658229], [0.5066329113924052, 0.5236075949367089, 0.5408101265822784, 0.5527215189873418], [0.4851139240506329, 0.5261392405063291, 0.5116962025316457, 0.555253164556962]], "class": 10}