{"image": "12a97bcf-759e-11ee-b4b1-fcb3bc5cd112.jpg", "bboxes": [[0.0, 0.37901265822784813, 0.008759493670885798, 0.4309113924050634], [0.1315443037974683, 0.4233164556962026, 0.16951898734177206, 0.48027848101265813], [0.16445569620253164, 0.4309113924050634, 0.2100253164556961, 0.4840759493670884], [0.09736708860759469, 0.49293670886075946, 0.1239493670886076, 0.519518987341772], [0.11508860759493666, 0.4904050632911393, 0.14420253164556962, 0.5258481012658228], [0.2631898734177215, 0.4866075949367089, 0.29736708860759486, 0.5157215189873419], [0.29230379746835433, 0.48913924050632906, 0.318886075949367, 0.518253164556962]], "class": 7}