{"image": "12a97bcf-759e-11ee-b4b1-fcb3bc5cd112.jpg", "bboxes": [[0.17492405063291128, 0.3092784810126583, 0.23694936708860748, 0.37256962025316454], [0.22429113924050625, 0.3054810126582279, 0.28631645569620245, 0.37763291139240507], [0.3344177215189873, 0.40801265822784805, 0.38378481012658217, 0.4599113924050633], [0.38378481012658217, 0.40801265822784805, 0.42175949367088583, 0.4599113924050633], [0.5445443037974682, 0.4523164556962025, 0.5825189873417721, 0.5092784810126582], [0.5774556962025317, 0.4599113924050633, 0.6230253164556961, 0.5130759493670884], [0.5103670886075947, 0.5219367088607595, 0.5369493670886076, 0.5485189873417722], [0.5280886075949367, 0.5194050632911393, 0.5572025316455695, 0.5548481012658228], [0.6761898734177215, 0.5156075949367089, 0.7103670886075948, 0.5447215189873418], [0.7053037974683543, 0.5181392405063291, 0.731886075949367, 0.547253164556962]], "class": 10}