{"image": "12dc26ff-7598-11ee-a3b6-fcb3bc5cd112.jpg", "bboxes": [[0.7525283018867924, 0.6299056603773585, 0.7817735849056605, 0.6610377358490565], [0.7789433962264152, 0.6299056603773585, 0.8044150943396228, 0.6619811320754716], [0.8327169811320755, 0.6336792452830188, 0.8610188679245284, 0.6600943396226414], [0.8912075471698114, 0.6317924528301886, 0.9242264150943397, 0.6619811320754716], [0.9213962264150943, 0.6346226415094339, 0.9515849056603775, 0.6629245283018868], [0.736490566037736, 0.5912264150943396, 0.7629056603773585, 0.6100943396226415]], "class": 6}