{"image": "12dc26ff-7598-11ee-a3b6-fcb3bc5cd112.jpg", "bboxes": [[0.49922641509433946, 0.32396226415094354, 0.5284716981132076, 0.3550943396226416], [0.4765849056603772, 0.3230188679245284, 0.5020566037735849, 0.3550943396226416], [0.41998113207547155, 0.3249056603773586, 0.4482830188679245, 0.3513207547169812], [0.3567735849056603, 0.3230188679245284, 0.3897924528301886, 0.3532075471698114], [0.32941509433962257, 0.32207547169811324, 0.35960377358490564, 0.35037735849056606], [0.5180943396226414, 0.3749056603773586, 0.544509433962264, 0.3937735849056604]], "class": 6}