{"image": "12dc26ff-7598-11ee-a3b6-fcb3bc5cd112.jpg", "bboxes": [[0.2922264150943395, 0.35796226415094345, 0.3214716981132076, 0.3890943396226415], [0.26958490566037724, 0.3570188679245284, 0.29505660377358484, 0.3890943396226415], [0.2129811320754716, 0.3589056603773586, 0.2412830188679245, 0.38532075471698124], [0.1497735849056603, 0.3570188679245284, 0.1827924528301886, 0.38720754716981143], [0.12241509433962255, 0.35607547169811327, 0.15260377358490565, 0.3843773584905661], [0.31109433962264144, 0.40890566037735854, 0.33750943396226396, 0.4277735849056604]], "class": 6}