{"image": "12dc26ff-7598-11ee-a3b6-fcb3bc5cd112.jpg", "bboxes": [[0.25922641509433947, 0.32896226415094354, 0.2884716981132076, 0.3600943396226416], [0.2365849056603772, 0.3280188679245284, 0.2620566037735848, 0.3600943396226416], [0.1799811320754716, 0.3299056603773586, 0.20828301886792452, 0.3563207547169812], [0.1167735849056603, 0.3280188679245284, 0.1497924528301886, 0.3582075471698114], [0.08941509433962255, 0.32707547169811324, 0.11960377358490563, 0.35537735849056606], [0.2780943396226414, 0.3799056603773586, 0.304509433962264, 0.3987735849056604]], "class": 6}