{"image": "12dc26ff-7598-11ee-a3b6-fcb3bc5cd112.jpg", "bboxes": [[0.6622264150943394, 0.5869056603773585, 0.6914716981132076, 0.6180377358490565], [0.6395849056603772, 0.5869056603773585, 0.6650566037735848, 0.6189811320754716], [0.5829811320754715, 0.5906792452830187, 0.6112830188679245, 0.6170943396226414], [0.5197735849056603, 0.5887924528301887, 0.5527924528301886, 0.6189811320754716], [0.49241509433962255, 0.591622641509434, 0.5226037735849056, 0.6199245283018867], [0.6810943396226414, 0.5482264150943396, 0.707509433962264, 0.5670943396226414]], "class": 6}