{"image": "12dc26ff-7598-11ee-a3b6-fcb3bc5cd112.jpg", "bboxes": [[0.3922264150943395, 0.32096226415094353, 0.4214716981132076, 0.3520943396226416], [0.3695849056603772, 0.3200188679245284, 0.3950566037735848, 0.3520943396226416], [0.31298113207547157, 0.32190566037735857, 0.3412830188679245, 0.3483207547169812], [0.2497735849056603, 0.3200188679245284, 0.2827924528301886, 0.3502075471698114], [0.22241509433962256, 0.31907547169811323, 0.25260377358490566, 0.34737735849056606], [0.4110943396226414, 0.3719056603773586, 0.437509433962264, 0.3907735849056604]], "class": 6}