{"image": "12dc26ff-7598-11ee-a3b6-fcb3bc5cd112.jpg", "bboxes": [[0.4525283018867924, 0.5959056603773585, 0.4817735849056606, 0.6270377358490565], [0.47894339622641524, 0.5959056603773585, 0.5044150943396228, 0.6279811320754716], [0.5327169811320756, 0.5996792452830187, 0.5610188679245285, 0.6260943396226414], [0.5912075471698114, 0.5977924528301886, 0.6242264150943397, 0.6279811320754716], [0.6213962264150943, 0.6006226415094339, 0.6515849056603775, 0.6289245283018867], [0.43649056603773606, 0.5572264150943396, 0.4629056603773586, 0.5760943396226414]], "class": 6}