{"image": "12dc26ff-7598-11ee-a3b6-fcb3bc5cd112.jpg", "bboxes": [[0.02071698113207554, 0.6286792452830188, 0.049018867924528475, 0.6550943396226414], [0.07920754716981138, 0.6267924528301886, 0.11222641509433973, 0.6569811320754716], [0.10939622641509439, 0.6296226415094339, 0.1395849056603774, 0.6579245283018867]], "class": 3}