{"image": "12dc26ff-7598-11ee-a3b6-fcb3bc5cd112.jpg", "bboxes": [[0.5252264150943394, 0.3829622641509435, 0.5544716981132076, 0.4140943396226415], [0.5025849056603772, 0.38201886792452844, 0.5280566037735848, 0.4140943396226415], [0.4459811320754716, 0.3839056603773586, 0.4742830188679245, 0.41032075471698126], [0.3827735849056603, 0.38201886792452844, 0.4157924528301886, 0.41220754716981134], [0.35541509433962254, 0.3810754716981133, 0.38560377358490566, 0.409377358490566], [0.5440943396226414, 0.43390566037735856, 0.570509433962264, 0.45277358490566044]], "class": 6}