{"image": "12dc26ff-7598-11ee-a3b6-fcb3bc5cd112.jpg", "bboxes": [[0.7922264150943394, 0.5939056603773585, 0.8214716981132076, 0.6250377358490565], [0.7695849056603772, 0.5939056603773585, 0.7950566037735848, 0.6259811320754716], [0.7129811320754715, 0.5976792452830187, 0.7412830188679245, 0.6240943396226414], [0.6497735849056603, 0.5957924528301886, 0.6827924528301886, 0.6259811320754716], [0.6224150943396226, 0.5986226415094339, 0.6526037735849056, 0.6269245283018867], [0.8110943396226414, 0.5552264150943396, 0.837509433962264, 0.5740943396226414]], "class": 6}