{"image": "12dc26ff-7598-11ee-a3b6-fcb3bc5cd112.jpg", "bboxes": [[0.25352830188679243, 0.35396226415094345, 0.2827735849056605, 0.3850943396226415], [0.2799433962264152, 0.3530188679245284, 0.3054150943396228, 0.3850943396226415], [0.3337169811320755, 0.3549056603773586, 0.3620188679245284, 0.38132075471698124], [0.39220754716981143, 0.3530188679245284, 0.42522641509433967, 0.3832075471698114], [0.42239622641509433, 0.35207547169811326, 0.45258490566037746, 0.3803773584905661], [0.237490566037736, 0.40490566037735853, 0.2639056603773585, 0.4237735849056604]], "class": 6}