{"image": "13a21778-759c-11ee-b0cb-fcb3bc5cd112.jpg", "bboxes": [[0.8887341772151898, 0.6149113924050633, 0.9343037974683543, 0.6579493670886076], [0.9292405063291138, 0.6085822784810127, 0.9786075949367088, 0.6541518987341772], [0.7140506329113923, 0.5541518987341771, 0.7684810126582278, 0.6060506329113924], [0.7621518987341771, 0.5440253164556963, 0.8153164556962025, 0.6047848101265823]], "class": 4}