{"image": "13a21778-759c-11ee-b0cb-fcb3bc5cd112.jpg", "bboxes": [[0.6697341772151898, 0.6309113924050633, 0.7153037974683543, 0.6739493670886076], [0.7102405063291138, 0.6245822784810127, 0.7596075949367088, 0.6701518987341772], [0.4950506329113923, 0.5701518987341772, 0.5494810126582278, 0.6220506329113924], [0.5431518987341772, 0.5600253164556962, 0.5963164556962025, 0.6207848101265823]], "class": 4}