{"image": "13a21778-759c-11ee-b0cb-fcb3bc5cd112.jpg", "bboxes": [[0.8960506329113923, 0.5931518987341772, 0.9504810126582278, 0.6450506329113924], [0.9441518987341772, 0.5830253164556962, 0.9973164556962025, 0.6437848101265823]], "class": 2}