{"image": "13a21778-759c-11ee-b0cb-fcb3bc5cd112.jpg", "bboxes": [[0.6057341772151899, 0.34505063291139243, 0.6513037974683543, 0.38808860759493674], [0.6462405063291139, 0.3488481012658228, 0.6956075949367088, 0.3944177215189873], [0.43105063291139234, 0.39694936708860756, 0.48548101265822774, 0.4488481012658228], [0.4791518987341772, 0.39821518987341775, 0.5323164556962026, 0.45897468354430376]], "class": 4}