{"image": "13a21778-759c-11ee-b0cb-fcb3bc5cd112.jpg", "bboxes": [[0.38969620253164566, 0.3170506329113924, 0.4352658227848102, 0.3600886075949367], [0.3453924050632912, 0.32084810126582275, 0.3947594936708862, 0.3664177215189873], [0.5555189873417722, 0.3689493670886076, 0.6099493670886077, 0.42084810126582284], [0.5086835443037975, 0.3702151898734177, 0.5618481012658229, 0.4309746835443038]], "class": 4}