{"image": "13a21778-759c-11ee-b0cb-fcb3bc5cd112.jpg", "bboxes": [[0.06351898734177223, 0.5491518987341772, 0.11794936708860769, 0.6010506329113925], [0.016683544303797475, 0.5390253164556962, 0.06984810126582283, 0.5997848101265822]], "class": 2}