{"image": "13a21778-759c-11ee-b0cb-fcb3bc5cd112.jpg", "bboxes": [[0.5107341772151898, 0.3140506329113924, 0.5563037974683543, 0.3570886075949367], [0.5512405063291138, 0.3178481012658228, 0.6006075949367088, 0.3634177215189873], [0.33605063291139237, 0.3659493670886076, 0.39048101265822777, 0.41784810126582284], [0.3841518987341772, 0.3672151898734177, 0.4373164556962025, 0.4279746835443038]], "class": 4}