{"image": "13a21778-759c-11ee-b0cb-fcb3bc5cd112.jpg", "bboxes": [[0.9017341772151898, 0.5989113924050633, 0.9473037974683544, 0.6419493670886076], [0.9422405063291138, 0.5925822784810126, 0.9916075949367088, 0.6381518987341772], [0.7270506329113924, 0.5381518987341771, 0.7814810126582278, 0.5900506329113924], [0.7751518987341772, 0.5280253164556963, 0.8283164556962025, 0.5887848101265822]], "class": 4}