{"image": "13a21778-759c-11ee-b0cb-fcb3bc5cd112.jpg", "bboxes": [[0.15969620253164568, 0.3230506329113924, 0.2052658227848102, 0.3660886075949367], [0.11539240506329122, 0.32684810126582275, 0.16475949367088616, 0.37241772151898733], [0.3255189873417722, 0.3749493670886076, 0.3799493670886077, 0.42684810126582284], [0.2786835443037975, 0.37621518987341773, 0.3318481012658228, 0.4369746835443038]], "class": 4}