{"image": "13a21778-759c-11ee-b0cb-fcb3bc5cd112.jpg", "bboxes": [[0.3376962025316457, 0.3160506329113924, 0.3832658227848102, 0.3590886075949367], [0.29339240506329123, 0.3198481012658228, 0.34275949367088615, 0.3654177215189873], [0.5035189873417723, 0.3679493670886076, 0.5579493670886077, 0.41984810126582284], [0.4566835443037975, 0.3692151898734177, 0.5098481012658228, 0.4299746835443038]], "class": 4}