{"image": "13a21778-759c-11ee-b0cb-fcb3bc5cd112.jpg", "bboxes": [[0.37469620253164565, 0.29005063291139244, 0.42026582278481023, 0.3330886075949367], [0.3303924050632912, 0.2938481012658228, 0.3797594936708862, 0.3394177215189873], [0.5405189873417723, 0.34194936708860757, 0.5949493670886077, 0.3938481012658228], [0.49368354430379746, 0.3432151898734177, 0.5468481012658228, 0.40397468354430377]], "class": 4}