{"image": "14d1a01f-7598-11ee-80d0-fcb3bc5cd112.jpg", "bboxes": [[0.08606329113924038, 0.4442278481012658, 0.13416455696202523, 0.4935949367088607], [0.12783544303797456, 0.44296202531645573, 0.1797341772151897, 0.4910632911392405], [0.2835316455696203, 0.40245569620253163, 0.3227721518987341, 0.44043037974683547], [0.31770886075949356, 0.40245569620253163, 0.3620126582278481, 0.4391645569620253], [0.41770886075949365, 0.4252405063291139, 0.46454430379746825, 0.46954430379746837], [0.4582151898734177, 0.42777215189873424, 0.5025189873417721, 0.4670126582278481]], "class": 6}