{"image": "14d1a01f-7598-11ee-80d0-fcb3bc5cd112.jpg", "bboxes": [[0.9451645569620255, 0.29481012658227845, 1.0, 0.3859493670886076], [0.8603544303797469, 0.299873417721519, 0.9502278481012658, 0.39101265822784803], [0.6388354430379748, 0.5024050632911393, 0.6869367088607596, 0.5517721518987342], [0.5932658227848103, 0.5049367088607595, 0.6451645569620255, 0.5530379746835443], [0.45022784810126587, 0.5555696202531646, 0.48946835443037967, 0.5935443037974684], [0.4109873417721519, 0.5568354430379747, 0.45529113924050646, 0.5935443037974684], [0.3084556962025317, 0.5264556962025316, 0.35529113924050637, 0.5707594936708861], [0.2704810126582279, 0.5289873417721519, 0.3147848101265823, 0.5682278481012657]], "class": 8}