{"image": "14d1a01f-7598-11ee-80d0-fcb3bc5cd112.jpg", "bboxes": [[0.6491645569620255, 0.24981012658227852, 0.7251139240506329, 0.34094936708860757], [0.5643544303797469, 0.25487341772151895, 0.6542278481012659, 0.3460126582278481], [0.34283544303797475, 0.4574050632911393, 0.3909367088607596, 0.5067721518987343], [0.29726582278481034, 0.45993670886075955, 0.3491645569620255, 0.5080379746835443], [0.15422784810126586, 0.5105696202531645, 0.19346835443037969, 0.5485443037974684], [0.11498734177215192, 0.5118354430379747, 0.15929113924050647, 0.5485443037974684], [0.012455696202531726, 0.4814556962025316, 0.05929113924050637, 0.525759493670886], [0.0, 0.48398734177215197, 0.01878481012658233, 0.5232278481012658]], "class": 8}