{"image": "14d1a01f-7598-11ee-80d0-fcb3bc5cd112.jpg", "bboxes": [[0.5551645569620255, 0.6190506329113924, 0.6311139240506329, 0.7101898734177216], [0.4703544303797469, 0.613987341772152, 0.5602278481012659, 0.705126582278481], [0.24883544303797475, 0.4532278481012658, 0.2969367088607596, 0.5025949367088607], [0.2032658227848103, 0.4519620253164557, 0.25516455696202545, 0.5000632911392405], [0.060227848101265864, 0.41145569620253164, 0.09946835443037969, 0.4494303797468355], [0.020987341772151922, 0.41145569620253164, 0.06529113924050649, 0.4481645569620253]], "class": 6}