{"image": "14d1a01f-7598-11ee-80d0-fcb3bc5cd112.jpg", "bboxes": [[0.6611645569620255, 0.26881012658227843, 0.7371139240506329, 0.3599493670886076], [0.5763544303797469, 0.27387341772151896, 0.6662278481012659, 0.3650126582278481], [0.35483544303797476, 0.4764050632911393, 0.4029367088607596, 0.5257721518987342], [0.30926582278481035, 0.47893670886075945, 0.3611645569620255, 0.5270379746835443], [0.16622784810126587, 0.5295696202531646, 0.2054683544303797, 0.5675443037974683], [0.12698734177215193, 0.5308354430379747, 0.17129113924050648, 0.5675443037974683], [0.024455696202531726, 0.5004556962025316, 0.07129113924050637, 0.544759493670886], [0.0, 0.502987341772152, 0.030784810126582327, 0.5422278481012657]], "class": 8}