{"image": "14d1a01f-7598-11ee-80d0-fcb3bc5cd112.jpg", "bboxes": [[0.8221645569620255, 0.6390506329113924, 0.898113924050633, 0.7301898734177216], [0.7373544303797469, 0.6339873417721519, 0.8272278481012658, 0.725126582278481], [0.5158354430379748, 0.4732278481012658, 0.5639367088607596, 0.5225949367088607], [0.47026582278481033, 0.4719620253164557, 0.5221645569620255, 0.5200632911392405], [0.3272278481012659, 0.4314556962025316, 0.3664683544303797, 0.46943037974683544], [0.2879873417721519, 0.4314556962025316, 0.33229113924050646, 0.4681645569620253], [0.18545569620253172, 0.45424050632911395, 0.23229113924050637, 0.4985443037974684], [0.14748101265822788, 0.45677215189873427, 0.19178481012658233, 0.49601265822784807]], "class": 8}