{"image": "14d1a01f-7598-11ee-80d0-fcb3bc5cd112.jpg", "bboxes": [[0.7621645569620255, 0.28181012658227844, 0.8381139240506329, 0.3729493670886076], [0.6773544303797469, 0.286873417721519, 0.7672278481012659, 0.37801265822784813], [0.45583544303797474, 0.4894050632911393, 0.5039367088607596, 0.5387721518987342], [0.41026582278481033, 0.49193670886075946, 0.46216455696202546, 0.5400379746835443], [0.2672278481012659, 0.5425696202531645, 0.3064683544303797, 0.5805443037974685], [0.2279873417721519, 0.5438354430379747, 0.27229113924050646, 0.5805443037974685], [0.12545569620253172, 0.5134556962025316, 0.17229113924050637, 0.5577594936708861], [0.08748101265822789, 0.5159873417721519, 0.13178481012658233, 0.5552278481012658]], "class": 8}