{"image": "14d1a01f-7598-11ee-80d0-fcb3bc5cd112.jpg", "bboxes": [[0.1448860759493671, 0.6140506329113924, 0.22083544303797453, 0.7051898734177215], [0.2157721518987341, 0.608987341772152, 0.30564556962025313, 0.700126582278481], [0.4790632911392404, 0.4482278481012658, 0.5271645569620252, 0.4975949367088607], [0.5208354430379745, 0.44696202531645574, 0.5727341772151897, 0.4950632911392405], [0.6765316455696203, 0.40645569620253164, 0.7157721518987341, 0.44443037974683547], [0.7107088607594936, 0.40645569620253164, 0.755012658227848, 0.4431645569620253], [0.8107088607594937, 0.4292405063291139, 0.8575443037974683, 0.47354430379746837], [0.8512151898734177, 0.43177215189873425, 0.8955189873417722, 0.4710126582278481]], "class": 8}