{"image": "14d1a01f-7598-11ee-80d0-fcb3bc5cd112.jpg", "bboxes": [[0.5881645569620255, 0.30781012658227846, 0.664113924050633, 0.3989493670886076], [0.5033544303797469, 0.312873417721519, 0.5932278481012658, 0.40401265822784804], [0.28183544303797475, 0.5154050632911393, 0.3299367088607596, 0.5647721518987342], [0.23626582278481031, 0.5179367088607595, 0.2881645569620255, 0.5660379746835442], [0.09322784810126586, 0.5685696202531645, 0.1324683544303797, 0.6065443037974684], [0.05398734177215192, 0.5698354430379746, 0.09829113924050648, 0.6065443037974684]], "class": 6}