{"image": "14d1a01f-7598-11ee-80d0-fcb3bc5cd112.jpg", "bboxes": [[0.14906329113924044, 0.4922278481012658, 0.19716455696202528, 0.5415949367088607], [0.1908354430379745, 0.4909620253164557, 0.24273417721518964, 0.5390632911392405], [0.34653164556962035, 0.4504556962025316, 0.38577215189873415, 0.48843037974683545], [0.3807088607594935, 0.4504556962025316, 0.42501265822784806, 0.4871645569620253], [0.4807088607594936, 0.47324050632911396, 0.5275443037974683, 0.5175443037974684], [0.5212151898734176, 0.47577215189873423, 0.5655189873417721, 0.515012658227848]], "class": 6}