{"image": "14d1a01f-7598-11ee-80d0-fcb3bc5cd112.jpg", "bboxes": [[0.0, 0.27481012658227844, 0.0558354430379745, 0.3659493670886076], [0.050772151898734186, 0.27987341772151897, 0.1406455696202531, 0.3710126582278481], [0.31406329113924036, 0.4824050632911393, 0.3621645569620252, 0.5317721518987342], [0.35583544303797454, 0.48493670886075946, 0.4077341772151897, 0.5330379746835443], [0.5115316455696204, 0.5355696202531646, 0.5507721518987341, 0.5735443037974683], [0.5457088607594935, 0.5368354430379747, 0.5900126582278481, 0.5735443037974683], [0.6457088607594936, 0.5064556962025316, 0.6925443037974683, 0.5507594936708861], [0.6862151898734177, 0.508987341772152, 0.7305189873417721, 0.5482278481012657]], "class": 8}