{"image": "14d1a01f-7598-11ee-80d0-fcb3bc5cd112.jpg", "bboxes": [[0.019886075949367088, 0.6080506329113924, 0.09583544303797453, 0.6991898734177215], [0.09077215189873411, 0.602987341772152, 0.18064556962025313, 0.694126582278481], [0.3540632911392404, 0.4422278481012658, 0.40216455696202524, 0.4915949367088607], [0.3958354430379746, 0.44096202531645573, 0.4477341772151897, 0.4890632911392405], [0.5515316455696203, 0.40045569620253163, 0.5907721518987341, 0.43843037974683546], [0.5857088607594936, 0.40045569620253163, 0.630012658227848, 0.4371645569620253], [0.6857088607594937, 0.4232405063291139, 0.7325443037974683, 0.46754430379746836], [0.7262151898734177, 0.42577215189873424, 0.7705189873417722, 0.4650126582278481]], "class": 8}