{"image": "14d1a01f-7598-11ee-80d0-fcb3bc5cd112.jpg", "bboxes": [[0.5531645569620255, 0.5840506329113925, 0.6291139240506329, 0.6751898734177215], [0.4683544303797469, 0.5789873417721519, 0.5582278481012659, 0.670126582278481], [0.24683544303797475, 0.4182278481012658, 0.2949367088607596, 0.4675949367088607], [0.20126582278481034, 0.4169620253164557, 0.25316455696202544, 0.4650632911392405], [0.05822784810126586, 0.3764556962025316, 0.0974683544303797, 0.41443037974683544], [0.01898734177215192, 0.3764556962025316, 0.06329113924050649, 0.4131645569620253]], "class": 6}