{"image": "14e97ade-759e-11ee-adae-fcb3bc5cd112.jpg", "bboxes": [[0.0, 0.4603670886075949, 0.07856962025316439, 0.5439113924050634], [0.059582278481012496, 0.45403797468354434, 0.13426582278481014, 0.5388481012658228], [0.21274683544303774, 0.4806202531645569, 0.2811012658227846, 0.5477088607594938], [0.3646455696202531, 0.5502405063291139, 0.41781012658227834, 0.6135316455696203], [0.4114810126582277, 0.5502405063291139, 0.4621139240506327, 0.6097341772151899], [0.5507215189873416, 0.5464430379746835, 0.6076835443037973, 0.6122658227848101], [0.6165443037974683, 0.5780886075949367, 0.6697088607594935, 0.6337848101265823], [0.7178101265822784, 0.5515063291139242, 0.7684430379746834, 0.6034050632911392], [0.7924936708860758, 0.5920126582278482, 0.8405949367088608, 0.6325189873417723], [0.8355316455696202, 0.5856835443037975, 0.8848987341772152, 0.6274556962025317], [0.8886962025316456, 0.5603670886075949, 0.9342658227848101, 0.6147974683544304], [0.9279367088607595, 0.561632911392405, 0.9785696202531645, 0.6147974683544304], [0.922873417721519, 0.6945443037974683, 0.9545189873417721, 0.7185949367088608], [0.9481898734177215, 0.6844177215189873, 0.9785696202531645, 0.7160632911392405]], "class": 14}