{"image": "14e97ade-759e-11ee-adae-fcb3bc5cd112.jpg", "bboxes": [[0.9492911392405065, 0.6040886075949368, 1.0, 0.6597848101265823], [0.8505569620253166, 0.5775063291139241, 0.9011898734177216, 0.6294050632911392], [0.7784050632911393, 0.6180126582278481, 0.8265063291139242, 0.6585189873417722], [0.7341012658227849, 0.6116835443037975, 0.7834683544303798, 0.6534556962025317], [0.6847341772151899, 0.5863670886075949, 0.7303037974683545, 0.6407974683544304], [0.6404303797468355, 0.587632911392405, 0.6910632911392405, 0.6407974683544304], [0.6644810126582279, 0.7205443037974684, 0.696126582278481, 0.7445949367088607], [0.6404303797468355, 0.7104177215189873, 0.6708101265822785, 0.7420632911392405], [0.5644810126582279, 0.7205443037974684, 0.5923291139240507, 0.7509240506329115], [0.5442278481012659, 0.7192784810126582, 0.5720759493670887, 0.7471265822784809]], "class": 10}