{"image": "14e97ade-759e-11ee-adae-fcb3bc5cd112.jpg", "bboxes": [[0.025746835443037797, 0.4642911392405063, 0.09410126582278466, 0.531379746835443], [0.17764556962025313, 0.39846835443037976, 0.2308101265822784, 0.46175949367088603], [0.22448101265822762, 0.4022658227848101, 0.27511392405063273, 0.46175949367088603], [0.3637215189873416, 0.39973417721518983, 0.4206835443037974, 0.4655569620253165], [0.4295443037974682, 0.37821518987341773, 0.4827088607594935, 0.43391139240506327], [0.5308101265822784, 0.40859493670886077, 0.5814430379746834, 0.4604936708860759], [0.6054936708860759, 0.3794810126582278, 0.6535949367088607, 0.41998734177215186], [0.6485316455696202, 0.38454430379746835, 0.6978987341772152, 0.4263164556962025], [0.7016962025316456, 0.3972025316455696, 0.7472658227848101, 0.451632911392405], [0.7409367088607595, 0.3972025316455696, 0.7915696202531646, 0.45036708860759495], [0.7358734177215189, 0.29340506329113925, 0.7675189873417722, 0.31745569620253167], [0.7611898734177215, 0.2959367088607595, 0.7915696202531646, 0.3275822784810127], [0.8396708860759493, 0.2870759493670886, 0.8675189873417721, 0.31745569620253167], [0.8599240506329113, 0.290873417721519, 0.8877721518987342, 0.31872151898734175]], "class": 14}