{"image": "14e97ade-759e-11ee-adae-fcb3bc5cd112.jpg", "bboxes": [[0.9053164556962027, 0.40073417721518984, 0.9622784810126584, 0.4665569620253165], [0.8432911392405065, 0.37921518987341774, 0.8964556962025317, 0.43491139240506327], [0.7445569620253166, 0.40959493670886077, 0.7951898734177216, 0.4614936708860759], [0.6724050632911392, 0.3804810126582278, 0.7205063291139242, 0.42098734177215186], [0.6281012658227848, 0.38554430379746835, 0.6774683544303798, 0.4273164556962025], [0.5787341772151899, 0.3982025316455696, 0.6243037974683544, 0.452632911392405], [0.5344303797468355, 0.3982025316455696, 0.5850632911392405, 0.45136708860759495], [0.5584810126582279, 0.29440506329113925, 0.590126582278481, 0.31845569620253167], [0.5344303797468355, 0.2969367088607595, 0.5648101265822785, 0.3285822784810127], [0.4584810126582279, 0.2880759493670886, 0.4863291139240507, 0.31845569620253167], [0.43822784810126586, 0.291873417721519, 0.4660759493670887, 0.31972151898734175]], "class": 11}