{"image": "14e97ade-759e-11ee-adae-fcb3bc5cd112.jpg", "bboxes": [[0.07674683544303773, 0.4786202531645569, 0.1451012658227846, 0.5457088607594938], [0.22864556962025318, 0.5482405063291139, 0.28181012658227833, 0.6115316455696203], [0.27548101265822766, 0.5482405063291139, 0.32611392405063266, 0.6077341772151899], [0.41472151898734155, 0.5444430379746835, 0.47168354430379733, 0.6102658227848101], [0.48054430379746826, 0.5760886075949367, 0.5337088607594935, 0.6317848101265823], [0.5818101265822784, 0.5495063291139242, 0.6324430379746835, 0.6014050632911392], [0.6564936708860758, 0.5900126582278482, 0.7045949367088606, 0.6305189873417723], [0.6995316455696202, 0.5836835443037975, 0.7488987341772151, 0.6254556962025317], [0.7526962025316455, 0.5583670886075949, 0.7982658227848101, 0.6127974683544304], [0.7919367088607595, 0.559632911392405, 0.8425696202531645, 0.6127974683544304], [0.786873417721519, 0.6925443037974683, 0.8185189873417721, 0.7165949367088608], [0.8121898734177215, 0.6824177215189873, 0.8425696202531645, 0.7140632911392405], [0.8906708860759492, 0.6925443037974683, 0.9185189873417721, 0.7229240506329114], [0.9109240506329113, 0.6912784810126582, 0.9387721518987341, 0.719126582278481]], "class": 14}