{"image": "14e97ade-759e-11ee-adae-fcb3bc5cd112.jpg", "bboxes": [[0.9857341772151899, 0.44115189873417715, 1.0, 0.5259620253164556], [0.8388987341772154, 0.43229113924050633, 0.9072531645569623, 0.499379746835443], [0.7021898734177217, 0.36646835443037973, 0.7553544303797469, 0.42975949367088606], [0.6578860759493673, 0.3702658227848101, 0.7085189873417723, 0.42975949367088606], [0.5123164556962027, 0.36773417721518986, 0.5692784810126584, 0.43355696202531646], [0.45029113924050646, 0.3462151898734177, 0.5034556962025317, 0.4019113924050633], [0.35155696202531656, 0.37659493670886074, 0.4021898734177216, 0.42849367088607593], [0.2794050632911393, 0.34748101265822784, 0.32750632911392413, 0.3879873417721519], [0.23510126582278484, 0.3525443037974683, 0.2844683544303798, 0.39431645569620255], [0.1857341772151899, 0.36520253164556965, 0.23130379746835444, 0.41963291139240505], [0.14143037974683545, 0.36520253164556965, 0.1920632911392405, 0.418367088607595], [0.16548101265822787, 0.2614050632911392, 0.197126582278481, 0.2854556962025317], [0.14143037974683545, 0.2639367088607595, 0.17181012658227848, 0.2955822784810127], [0.06548101265822788, 0.2550759493670886, 0.09332911392405072, 0.2854556962025317], [0.045227848101265865, 0.258873417721519, 0.0730759493670887, 0.2867215189873418]], "class": 15}