{"image": "14e97ade-759e-11ee-adae-fcb3bc5cd112.jpg", "bboxes": [[0.8763164556962026, 0.5404430379746835, 0.9332784810126584, 0.6062658227848101], [0.8142911392405064, 0.5720886075949367, 0.8674556962025317, 0.6277848101265823], [0.7155569620253166, 0.5455063291139242, 0.7661898734177216, 0.5974050632911392], [0.6434050632911393, 0.5860126582278482, 0.6915063291139242, 0.6265189873417722], [0.5991012658227849, 0.5796835443037975, 0.6484683544303798, 0.6214556962025317], [0.5497341772151899, 0.5543670886075949, 0.5953037974683545, 0.6087974683544304], [0.5054303797468355, 0.555632911392405, 0.5560632911392405, 0.6087974683544304], [0.5294810126582279, 0.6885443037974683, 0.561126582278481, 0.7125949367088608], [0.5054303797468355, 0.6784177215189873, 0.5358101265822784, 0.7100632911392405], [0.42948101265822786, 0.6885443037974683, 0.45732911392405073, 0.7189240506329114], [0.4092278481012659, 0.6872784810126582, 0.4370759493670887, 0.715126582278481]], "class": 11}