{"image": "14e97ade-759e-11ee-adae-fcb3bc5cd112.jpg", "bboxes": [[0.0, 0.454367088607595, 0.07256962025316438, 0.5379113924050634], [0.05358227848101249, 0.44803797468354434, 0.12826582278481014, 0.5328481012658228], [0.20674683544303774, 0.4746202531645569, 0.2751012658227846, 0.5417088607594938], [0.3586455696202532, 0.5442405063291139, 0.41181012658227834, 0.6075316455696202], [0.40548101265822767, 0.5442405063291139, 0.45611392405063267, 0.6037341772151898], [0.5447215189873416, 0.5404430379746835, 0.6016835443037973, 0.6062658227848101], [0.6105443037974683, 0.5720886075949367, 0.6637088607594935, 0.6277848101265823], [0.7118101265822784, 0.5455063291139242, 0.7624430379746834, 0.5974050632911392], [0.7864936708860759, 0.5860126582278482, 0.8345949367088608, 0.6265189873417722], [0.8295316455696202, 0.5796835443037975, 0.8788987341772152, 0.6214556962025317], [0.8826962025316456, 0.5543670886075949, 0.9282658227848101, 0.6087974683544304], [0.9219367088607595, 0.555632911392405, 0.9725696202531645, 0.6087974683544304], [0.916873417721519, 0.6885443037974683, 0.9485189873417721, 0.7125949367088608], [0.9421898734177215, 0.6784177215189873, 0.9725696202531645, 0.7100632911392405]], "class": 14}