{"image": "14e97ade-759e-11ee-adae-fcb3bc5cd112.jpg", "bboxes": [[0.8613164556962026, 0.5714430379746835, 0.9182784810126584, 0.6372658227848101], [0.7992911392405064, 0.6030886075949367, 0.8524556962025317, 0.6587848101265823], [0.7005569620253166, 0.5765063291139241, 0.7511898734177216, 0.6284050632911393], [0.6284050632911393, 0.6170126582278481, 0.6765063291139242, 0.6575189873417722], [0.5841012658227849, 0.6106835443037975, 0.6334683544303799, 0.6524556962025316], [0.5347341772151899, 0.585367088607595, 0.5803037974683545, 0.6397974683544303], [0.49043037974683545, 0.586632911392405, 0.5410632911392405, 0.6397974683544303], [0.5144810126582279, 0.7195443037974683, 0.546126582278481, 0.7435949367088608], [0.49043037974683545, 0.7094177215189873, 0.5208101265822784, 0.7410632911392405], [0.4144810126582279, 0.7195443037974683, 0.4423291139240507, 0.7499240506329115], [0.3942278481012659, 0.7182784810126582, 0.4220759493670887, 0.746126582278481]], "class": 11}