{"image": "14e97ade-759e-11ee-adae-fcb3bc5cd112.jpg", "bboxes": [[0.9108987341772153, 0.44229113924050634, 0.9792531645569622, 0.5093797468354431], [0.7741898734177216, 0.37646835443037974, 0.8273544303797469, 0.43975949367088607], [0.7298860759493673, 0.3802658227848101, 0.7805189873417724, 0.43975949367088607], [0.5843164556962026, 0.37773417721518987, 0.6412784810126584, 0.44355696202531647], [0.5222911392405065, 0.3562151898734177, 0.5754556962025317, 0.4119113924050633], [0.42355696202531656, 0.38659493670886075, 0.4741898734177216, 0.4384936708860759], [0.3514050632911393, 0.35748101265822785, 0.39950632911392414, 0.3979873417721519], [0.30710126582278485, 0.3625443037974683, 0.35646835443037983, 0.4043164556962025], [0.2577341772151899, 0.37520253164556966, 0.30330379746835445, 0.42963291139240506], [0.21343037974683546, 0.37520253164556966, 0.2640632911392405, 0.4283670886075949], [0.23748101265822788, 0.2714050632911392, 0.269126582278481, 0.29545569620253165], [0.21343037974683546, 0.2739367088607595, 0.2438101265822785, 0.30558227848101266], [0.13748101265822787, 0.26507594936708856, 0.16532911392405072, 0.29545569620253165], [0.11722784810126587, 0.268873417721519, 0.1450759493670887, 0.2967215189873418]], "class": 14}