{"image": "14e97ade-759e-11ee-adae-fcb3bc5cd112.jpg", "bboxes": [[0.9982911392405065, 0.5430886075949367, 1.0, 0.5987848101265822], [0.8995569620253165, 0.516506329113924, 0.9501898734177217, 0.5684050632911393], [0.8274050632911393, 0.5570126582278481, 0.8755063291139241, 0.5975189873417721], [0.7831012658227848, 0.5506835443037974, 0.8324683544303798, 0.5924556962025317], [0.7337341772151899, 0.525367088607595, 0.7793037974683544, 0.5797974683544304], [0.6894303797468354, 0.5266329113924051, 0.7400632911392405, 0.5797974683544304], [0.7134810126582278, 0.6595443037974683, 0.745126582278481, 0.6835949367088607], [0.6894303797468354, 0.6494177215189874, 0.7198101265822785, 0.6810632911392405], [0.6134810126582279, 0.6595443037974683, 0.6413291139240507, 0.6899240506329114], [0.5932278481012658, 0.6582784810126583, 0.6210759493670887, 0.686126582278481]], "class": 10}