{"image": "14e97ade-759e-11ee-adae-fcb3bc5cd112.jpg", "bboxes": [[0.9568860759493673, 0.3882658227848101, 1.0, 0.4477594936708861], [0.8113164556962026, 0.3857341772151898, 0.8682784810126584, 0.4515569620253165], [0.7492911392405065, 0.3642151898734177, 0.8024556962025318, 0.41991139240506326], [0.6505569620253165, 0.39459493670886076, 0.7011898734177217, 0.4464936708860759], [0.5784050632911393, 0.3654810126582278, 0.6265063291139241, 0.40598734177215184], [0.5341012658227848, 0.37054430379746833, 0.5834683544303798, 0.4123164556962025], [0.4847341772151899, 0.38320253164556967, 0.5303037974683544, 0.43763291139240507], [0.44043037974683547, 0.38320253164556967, 0.4910632911392405, 0.43636708860759493], [0.4644810126582279, 0.27940506329113923, 0.496126582278481, 0.30345569620253166], [0.44043037974683547, 0.2819367088607595, 0.4708101265822785, 0.31358227848101267], [0.3644810126582279, 0.27307594936708857, 0.39232911392405073, 0.30345569620253166], [0.3442278481012659, 0.27687341772151897, 0.3720759493670887, 0.3047215189873418]], "class": 12}