{"image": "14e97ade-759e-11ee-adae-fcb3bc5cd112.jpg", "bboxes": [[0.03772151898734155, 0.5224430379746836, 0.09468354430379733, 0.5882658227848101], [0.10354430379746826, 0.5540886075949367, 0.15670886075949353, 0.6097848101265823], [0.20481012658227837, 0.5275063291139241, 0.2554430379746834, 0.5794050632911392], [0.2794936708860758, 0.5680126582278482, 0.32759493670886075, 0.6085189873417722], [0.3225316455696202, 0.5616835443037975, 0.3718987341772152, 0.6034556962025317], [0.3756962025316456, 0.536367088607595, 0.42126582278481006, 0.5907974683544304], [0.4149367088607595, 0.537632911392405, 0.4655696202531645, 0.5907974683544304], [0.409873417721519, 0.6705443037974683, 0.4415189873417721, 0.6945949367088607], [0.43518987341772153, 0.6604177215189873, 0.4655696202531645, 0.6920632911392405], [0.5136708860759494, 0.6705443037974683, 0.5415189873417721, 0.7009240506329114], [0.5339240506329113, 0.6692784810126582, 0.5617721518987342, 0.697126582278481]], "class": 11}