{"image": "14e97ade-759e-11ee-adae-fcb3bc5cd112.jpg", "bboxes": [[0.7664303797468356, 0.48308860759493666, 0.8461772151898735, 0.566632911392405], [0.7107341772151899, 0.4881518987341772, 0.7854177215189875, 0.5729620253164557], [0.5638987341772154, 0.4792911392405063, 0.6322531645569622, 0.546379746835443], [0.42718987341772163, 0.41346835443037977, 0.4803544303797469, 0.47675949367088605], [0.3828860759493673, 0.4172658227848101, 0.43351898734177235, 0.47675949367088605], [0.23731645569620263, 0.41473417721518985, 0.2942784810126584, 0.48055696202531645], [0.1752911392405065, 0.39321518987341775, 0.22845569620253173, 0.4489113924050633], [0.07655696202531657, 0.4235949367088608, 0.12718987341772162, 0.4754936708860759], [0.004405063291139299, 0.3944810126582278, 0.05250632911392415, 0.43498734177215187], [0.0, 0.3995443037974683, 0.009468354430379805, 0.44131645569620254]], "class": 10}