{"image": "14e97ade-759e-11ee-adae-fcb3bc5cd112.jpg", "bboxes": [[0.0, 0.5742405063291139, 0.010113924050632717, 0.6337341772151899], [0.0987215189873416, 0.5704430379746835, 0.15568354430379738, 0.6362658227848101], [0.16454430379746832, 0.6020886075949368, 0.21770886075949347, 0.6577848101265823], [0.2658101265822783, 0.5755063291139241, 0.3164430379746834, 0.6274050632911392], [0.34049367088607585, 0.6160126582278481, 0.3885949367088607, 0.6565189873417722], [0.38353164556962016, 0.6096835443037975, 0.43289873417721514, 0.6514556962025317], [0.43669620253164554, 0.5843670886075949, 0.4822658227848101, 0.6387974683544304], [0.47593670886075945, 0.585632911392405, 0.5265696202531646, 0.6387974683544304], [0.470873417721519, 0.7185443037974684, 0.5025189873417721, 0.7425949367088607], [0.49618987341772147, 0.7084177215189873, 0.5265696202531646, 0.7400632911392405], [0.5746708860759493, 0.7185443037974684, 0.6025189873417721, 0.7489240506329113], [0.5949240506329113, 0.7172784810126582, 0.6227721518987341, 0.7451265822784809]], "class": 12}