{"image": "150b6552-6b44-11ee-8d48-fcb3bc5cd112.jpg", "bboxes": [[0.4122682926829269, 0.5921707317073172, 0.511048780487805, 0.7141219512195123]], "class": 1}