{"image": "150b6552-6b44-11ee-8d48-fcb3bc5cd112.jpg", "bboxes": [[0.5592682926829269, 0.34287804878048767, 0.6580487804878049, 0.4648292682926829]], "class": 1}