{"image": "150b6552-6b44-11ee-8d48-fcb3bc5cd112.jpg", "bboxes": [[0.653951219512195, 0.2738780487804877, 0.7527317073170731, 0.39582926829268283]], "class": 1}