{"image": "150b6552-6b44-11ee-8d48-fcb3bc5cd112.jpg", "bboxes": [[0.537951219512195, 0.32687804878048765, 0.6367317073170731, 0.4488292682926829]], "class": 1}