{"image": "150b6552-6b44-11ee-8d48-fcb3bc5cd112.jpg", "bboxes": [[0.11626829268292693, 0.5961707317073172, 0.21504878048780496, 0.7181219512195123]], "class": 1}