{"image": "150b6552-6b44-11ee-8d48-fcb3bc5cd112.jpg", "bboxes": [[0.4222682926829269, 0.5431707317073171, 0.5210487804878049, 0.6651219512195123]], "class": 1}