{"image": "150b6552-6b44-11ee-8d48-fcb3bc5cd112.jpg", "bboxes": [[0.04226829268292693, 0.5501707317073171, 0.14104878048780495, 0.6721219512195123]], "class": 1}