{"image": "15acf68a-6b42-11ee-80c7-fcb3bc5cd112.jpg", "bboxes": [[0.43085365853658536, 0.017292682926829273, 0.5808536585365854, 0.1660731707317073], [0.24792682926829268, 0.03314634146341464, 0.3723170731707317, 0.1709512195121951]], "class": 2}