{"image": "15acf68a-6b42-11ee-80c7-fcb3bc5cd112.jpg", "bboxes": [[0.012853658536585386, 0.8229268292682927, 0.16285365853658537, 0.9717073170731707]], "class": 1}