{"image": "15acf68a-6b42-11ee-80c7-fcb3bc5cd112.jpg", "bboxes": [[0.09785365853658538, 0.8719268292682927, 0.2478536585365854, 1.0], [0.0, 0.8670487804878049, 0.0393170731707317, 1.0]], "class": 2}