{"image": "15acf68a-6b42-11ee-80c7-fcb3bc5cd112.jpg", "bboxes": [[0.0, 0.0, 0.06685365853658538, 0.1350731707317073]], "class": 1}