{"image": "15acf68a-6b42-11ee-80c7-fcb3bc5cd112.jpg", "bboxes": [[0.0, 0.037292682926829274, 0.04785365853658539, 0.18607317073170732]], "class": 1}