{"image": "15acf68a-6b42-11ee-80c7-fcb3bc5cd112.jpg", "bboxes": [[0.7621463414634146, 0.8299268292682926, 0.9121463414634146, 0.9787073170731707], [0.9706829268292683, 0.8250487804878048, 1.0, 0.9628536585365853]], "class": 2}