{"image": "15acf68a-6b42-11ee-80c7-fcb3bc5cd112.jpg", "bboxes": [[0.09185365853658539, 0.8619268292682927, 0.2418536585365854, 1.0], [0.0, 0.8570487804878049, 0.0333170731707317, 0.9948536585365854]], "class": 2}