{"image": "15acf68a-6b42-11ee-80c7-fcb3bc5cd112.jpg", "bboxes": [[0.3518536585365854, 0.05029268292682927, 0.5018536585365854, 0.1990731707317073], [0.1689268292682927, 0.06614634146341464, 0.2933170731707317, 0.2039512195121951]], "class": 2}