{"image": "15acf68a-6b42-11ee-80c7-fcb3bc5cd112.jpg", "bboxes": [[0.06785365853658538, 0.0, 0.2178536585365854, 0.1420731707317073], [0.0, 0.009146341463414644, 0.009317073170731703, 0.1469512195121951]], "class": 2}