{"image": "16cc25b8-7598-11ee-98c9-fcb3bc5cd112.jpg", "bboxes": [[0.4337468354430377, 0.4683037974683545, 0.47045569620253147, 0.513873417721519], [0.46539240506329116, 0.4721012658227849, 0.5071645569620252, 0.5151392405063291], [0.5539999999999998, 0.5202025316455696, 0.5818481012658225, 0.5480506329113924], [0.5767848101265822, 0.5151392405063291, 0.5970379746835442, 0.544253164556962], [0.41982278481012647, 0.532860759493671, 0.4489367088607594, 0.5594430379746835]], "class": 5}