{"image": "16cc25b8-7598-11ee-98c9-fcb3bc5cd112.jpg", "bboxes": [[0.9981518987341774, 0.5332025316455695, 1.0, 0.5610506329113925], [0.9829620253164557, 0.5281392405063291, 1.0, 0.557253164556962]], "class": 2}