{"image": "16cc25b8-7598-11ee-98c9-fcb3bc5cd112.jpg", "bboxes": [[0.4357468354430377, 0.42030379746835445, 0.47245569620253147, 0.465873417721519], [0.46739240506329116, 0.42410126582278485, 0.5091645569620252, 0.46713924050632905], [0.5559999999999998, 0.4722025316455696, 0.5838481012658225, 0.5000506329113924], [0.5787848101265822, 0.46713924050632905, 0.5990379746835442, 0.496253164556962], [0.42182278481012647, 0.4848607594936709, 0.4509367088607594, 0.5114430379746835]], "class": 5}