{"image": "16cc25b8-7598-11ee-98c9-fcb3bc5cd112.jpg", "bboxes": [[0.9725443037974685, 0.488126582278481, 1.0, 0.5336962025316455], [0.9358354430379747, 0.4868607594936709, 0.9776075949367089, 0.5298987341772151], [0.8611518987341774, 0.45394936708860756, 0.8890000000000002, 0.4817974683544304], [0.8459620253164558, 0.45774683544303796, 0.8662151898734178, 0.4868607594936709], [0.9940632911392406, 0.44255696202531647, 1.0, 0.4691392405063291]], "class": 5}