{"image": "16cc25b8-7598-11ee-98c9-fcb3bc5cd112.jpg", "bboxes": [[0.3695443037974685, 0.41730379746835444, 0.40625316455696225, 0.462873417721519], [0.33283544303797474, 0.42110126582278484, 0.37460759493670887, 0.46413924050632904], [0.2581518987341774, 0.4692025316455696, 0.28600000000000025, 0.4970506329113924], [0.24296202531645578, 0.46413924050632904, 0.2632151898734178, 0.493253164556962], [0.3910632911392406, 0.4818607594936709, 0.42017721518987355, 0.5084430379746836]], "class": 5}