{"image": "16cc25b8-7598-11ee-98c9-fcb3bc5cd112.jpg", "bboxes": [[0.3775443037974685, 0.538126582278481, 0.41425316455696226, 0.5836962025316456], [0.34083544303797475, 0.536860759493671, 0.3826075949367089, 0.5798987341772152], [0.2661518987341774, 0.5039493670886076, 0.2940000000000002, 0.5317974683544304], [0.2509620253164558, 0.507746835443038, 0.2712151898734178, 0.536860759493671], [0.3990632911392406, 0.49255696202531646, 0.42817721518987356, 0.5191392405063291]], "class": 5}