{"image": "16cc25b8-7598-11ee-98c9-fcb3bc5cd112.jpg", "bboxes": [[0.21874683544303775, 0.545126582278481, 0.2554556962025315, 0.5906962025316456], [0.2503924050632911, 0.543860759493671, 0.29216455696202526, 0.5868987341772152], [0.33899999999999975, 0.5109493670886076, 0.36684810126582257, 0.5387974683544304], [0.36178481012658226, 0.514746835443038, 0.3820379746835443, 0.543860759493671], [0.2048227848101265, 0.49955696202531646, 0.23393670886075935, 0.5261392405063291]], "class": 5}