{"image": "16cc25b8-7598-11ee-98c9-fcb3bc5cd112.jpg", "bboxes": [[0.2517468354430378, 0.4643037974683545, 0.28845569620253153, 0.509873417721519], [0.2833924050632911, 0.4681012658227849, 0.3251645569620253, 0.5111392405063291], [0.3719999999999998, 0.5162025316455696, 0.3998481012658226, 0.5440506329113924], [0.3947848101265822, 0.5111392405063291, 0.4150379746835442, 0.540253164556962], [0.23782278481012642, 0.528860759493671, 0.2669367088607594, 0.5554430379746835]], "class": 5}