{"image": "16cc25b8-7598-11ee-98c9-fcb3bc5cd112.jpg", "bboxes": [[0.8395443037974685, 0.43330379746835446, 0.8762531645569622, 0.47887341772151903], [0.8028354430379747, 0.43710126582278486, 0.8446075949367089, 0.48013924050632906], [0.7281518987341774, 0.4852025316455696, 0.7560000000000002, 0.5130506329113924], [0.7129620253164558, 0.48013924050632906, 0.7332151898734178, 0.509253164556962], [0.8610632911392406, 0.4978607594936709, 0.8901772151898736, 0.5244430379746836]], "class": 5}