{"image": "16cc25b8-7598-11ee-98c9-fcb3bc5cd112.jpg", "bboxes": [[0.04599999999999982, 0.44394936708860755, 0.07384810126582264, 0.4717974683544304], [0.06878481012658222, 0.447746835443038, 0.08903797468354424, 0.4768607594936709]], "class": 2}