{"image": "172d59e9-759c-11ee-a993-fcb3bc5cd112.jpg", "bboxes": [[0.5808607594936709, 0.528253164556962, 0.6795949367088608, 0.6155949367088607], [0.49098734177215214, 0.528253164556962, 0.6036455696202534, 0.6168607594936709], [0.24035443037974688, 0.357367088607595, 0.2985822784810127, 0.4130632911392405], [0.19605063291139244, 0.3662278481012658, 0.2517468354430382, 0.418126582278481]], "class": 4}