{"image": "172d59e9-759c-11ee-a993-fcb3bc5cd112.jpg", "bboxes": [[0.09541772151898731, 0.34136708860759496, 0.1536455696202531, 0.3970632911392405], [0.1422531645569618, 0.3502278481012658, 0.19794936708860755, 0.402126582278481]], "class": 2}