{"image": "172d59e9-759c-11ee-a993-fcb3bc5cd112.jpg", "bboxes": [[0.8373544303797469, 0.6149367088607596, 0.8955822784810127, 0.670632911392405], [0.7930506329113924, 0.609873417721519, 0.8487468354430382, 0.6617721518987342]], "class": 2}