{"image": "172d59e9-759c-11ee-a993-fcb3bc5cd112.jpg", "bboxes": [[0.3624050632911392, 0.3524050632911393, 0.46113924050632904, 0.43974683544303794], [0.43835443037974664, 0.35113924050632905, 0.5510126582278478, 0.43974683544303794], [0.7434177215189872, 0.5549367088607595, 0.8016455696202531, 0.610632911392405], [0.7902531645569618, 0.549873417721519, 0.8459493670886076, 0.6017721518987342]], "class": 4}