{"image": "172d59e9-759c-11ee-a993-fcb3bc5cd112.jpg", "bboxes": [[0.7208607594936709, 0.48325316455696204, 0.8195949367088609, 0.5705949367088607], [0.6309873417721521, 0.48325316455696204, 0.7436455696202533, 0.5718607594936709], [0.38035443037974687, 0.31236708860759493, 0.4385822784810127, 0.3680632911392405], [0.3360506329113924, 0.3212278481012658, 0.39174683544303823, 0.373126582278481]], "class": 4}