{"image": "172d59e9-759c-11ee-a993-fcb3bc5cd112.jpg", "bboxes": [[0.3714050632911392, 0.41040506329113935, 0.47013924050632905, 0.497746835443038], [0.44735443037974665, 0.4091392405063291, 0.5600126582278478, 0.497746835443038], [0.7524177215189872, 0.6129367088607596, 0.8106455696202531, 0.668632911392405], [0.7992531645569618, 0.607873417721519, 0.8549493670886076, 0.6597721518987342]], "class": 4}