{"image": "172d59e9-759c-11ee-a993-fcb3bc5cd112.jpg", "bboxes": [[0.8818607594936709, 0.3534050632911393, 0.9805949367088608, 0.44074683544303794], [0.7919873417721521, 0.35213924050632905, 0.9046455696202533, 0.44074683544303794], [0.5413544303797468, 0.5559367088607595, 0.5995822784810128, 0.611632911392405], [0.49705063291139245, 0.550873417721519, 0.5527468354430382, 0.6027721518987341]], "class": 4}