{"image": "172d59e9-759c-11ee-a993-fcb3bc5cd112.jpg", "bboxes": [[0.9269873417721521, 0.534253164556962, 1.0, 0.6228607594936709], [0.6763544303797469, 0.3633670886075949, 0.7345822784810128, 0.4190632911392405], [0.6320506329113924, 0.3722278481012658, 0.6877468354430382, 0.424126582278481]], "class": 3}