{"image": "172d59e9-759c-11ee-a993-fcb3bc5cd112.jpg", "bboxes": [[0.8638607594936709, 0.48325316455696204, 0.9625949367088608, 0.5705949367088607], [0.7739873417721521, 0.48325316455696204, 0.8866455696202533, 0.5718607594936709], [0.5233544303797468, 0.31236708860759493, 0.5815822784810127, 0.3680632911392405], [0.47905063291139244, 0.3212278481012658, 0.5347468354430382, 0.373126582278481]], "class": 4}