{"image": "172d59e9-759c-11ee-a993-fcb3bc5cd112.jpg", "bboxes": [[0.7668607594936709, 0.542253164556962, 0.8655949367088608, 0.6295949367088607], [0.6769873417721521, 0.542253164556962, 0.7896455696202533, 0.6308607594936709], [0.42635443037974685, 0.37136708860759493, 0.48458227848101276, 0.4270632911392405], [0.3820506329113924, 0.3802278481012658, 0.4377468354430382, 0.432126582278481]], "class": 4}