{"image": "172d59e9-759c-11ee-a993-fcb3bc5cd112.jpg", "bboxes": [[0.9713544303797469, 0.6349367088607595, 1.0, 0.690632911392405], [0.9270506329113924, 0.6298734177215191, 0.9827468354430382, 0.6817721518987342]], "class": 2}