{"image": "172d59e9-759c-11ee-a993-fcb3bc5cd112.jpg", "bboxes": [[0.32740506329113916, 0.40940506329113935, 0.4261392405063291, 0.496746835443038], [0.4033544303797466, 0.4081392405063291, 0.5160126582278479, 0.496746835443038], [0.7084177215189873, 0.6119367088607595, 0.7666455696202531, 0.6676329113924051], [0.7552531645569618, 0.6068734177215189, 0.8109493670886075, 0.6587721518987342]], "class": 4}