{"image": "172d59e9-759c-11ee-a993-fcb3bc5cd112.jpg", "bboxes": [[0.9488607594936709, 0.3754050632911393, 1.0, 0.46274683544303796], [0.8589873417721522, 0.3741392405063291, 0.9716455696202534, 0.46274683544303796], [0.6083544303797469, 0.5779367088607594, 0.6665822784810127, 0.6336329113924051], [0.5640506329113925, 0.572873417721519, 0.6197468354430382, 0.6247721518987341]], "class": 4}