{"image": "17546e34-759e-11ee-992a-fcb3bc5cd112.jpg", "bboxes": [[0.8375443037974685, 0.6338607594936709, 0.9084303797468356, 0.7123417721518986], [0.7742531645569622, 0.6363924050632911, 0.8362784810126584, 0.704746835443038], [0.7021012658227849, 0.5705696202531645, 0.7704556962025317, 0.6287974683544304], [0.5755189873417722, 0.554113924050633, 0.6248860759493673, 0.6022151898734177], [0.5350126582278482, 0.554113924050633, 0.5780506329113925, 0.6060126582278482], [0.4502025316455697, 0.5376582278481012, 0.4932405063291139, 0.5794303797468354], [0.3983037974683544, 0.5591772151898734, 0.4413417721518988, 0.6034810126582278], [0.3565316455696203, 0.5642405063291139, 0.40463291139240515, 0.6085443037974684], [0.29450632911392416, 0.5680379746835442, 0.33374683544303796, 0.6110759493670885], [0.2590632911392405, 0.5617088607594937, 0.29703797468354437, 0.6072784810126581], [0.18691139240506333, 0.5667721518987341, 0.23374683544303798, 0.6186708860759494], [0.1489367088607595, 0.5667721518987341, 0.19830379746835444, 0.6186708860759494], [0.09324050632911395, 0.554113924050633, 0.12868354430379753, 0.5908227848101265], [0.06159493670886081, 0.5566455696202531, 0.09703797468354435, 0.5996835443037974]], "class": 14}