{"image": "17546e34-759e-11ee-992a-fcb3bc5cd112.jpg", "bboxes": [[0.15156962025316445, 0.6338607594936709, 0.22245569620253147, 0.7123417721518986], [0.2237215189873416, 0.6363924050632911, 0.2857468354430378, 0.704746835443038], [0.2895443037974683, 0.5705696202531645, 0.3578987341772152, 0.6287974683544304], [0.43511392405063265, 0.554113924050633, 0.48448101265822774, 0.6022151898734177], [0.4819493670886076, 0.554113924050633, 0.5249873417721518, 0.6060126582278482], [0.5667594936708861, 0.5376582278481012, 0.6097974683544303, 0.5794303797468354], [0.6186582278481012, 0.5591772151898734, 0.6616962025316455, 0.6034810126582278], [0.6553670886075948, 0.5642405063291139, 0.7034683544303797, 0.6085443037974684], [0.7262531645569621, 0.5680379746835442, 0.7654936708860758, 0.6110759493670885], [0.7629620253164556, 0.5617088607594937, 0.8009367088607595, 0.6072784810126581], [0.826253164556962, 0.5667721518987341, 0.8730886075949367, 0.6186708860759494], [0.8616962025316456, 0.5667721518987341, 0.9110632911392404, 0.6186708860759494], [0.9313164556962025, 0.554113924050633, 0.9667594936708861, 0.5908227848101265], [0.9629620253164557, 0.5566455696202531, 0.9984050632911392, 0.5996835443037974]], "class": 14}