{"image": "17546e34-759e-11ee-992a-fcb3bc5cd112.jpg", "bboxes": [[0.7436075949367089, 0.6880759493670886, 0.8258860759493672, 0.7741518987341771], [0.6714556962025318, 0.6931392405063291, 0.7575316455696204, 0.7779493670886076], [0.4385443037974685, 0.6108607594936709, 0.5094303797468356, 0.6893417721518987], [0.3752531645569622, 0.6133924050632911, 0.4372784810126584, 0.6817468354430379], [0.30310126582278485, 0.5475696202531646, 0.3714556962025317, 0.6057974683544304], [0.17651898734177224, 0.531113924050633, 0.2258860759493673, 0.5792151898734177], [0.1360126582278482, 0.531113924050633, 0.17905063291139242, 0.5830126582278482], [0.051202531645569704, 0.5146582278481012, 0.09424050632911395, 0.5564303797468354], [0.0, 0.5361772151898735, 0.04234177215189879, 0.5804810126582279], [0.0, 0.5412405063291139, 0.005632911392405162, 0.5855443037974684]], "class": 10}