{"image": "17546e34-759e-11ee-992a-fcb3bc5cd112.jpg", "bboxes": [[0.0, 0.5858607594936709, 0.01645569620253151, 0.6643417721518987], [0.017721518987341645, 0.5883924050632912, 0.07974683544303773, 0.656746835443038], [0.08354430379746824, 0.5225696202531646, 0.1518987341772151, 0.5807974683544304], [0.2291139240506327, 0.5061139240506329, 0.2784810126582278, 0.5542151898734177], [0.2759493670886076, 0.5061139240506329, 0.3189873417721518, 0.5580126582278482], [0.3607594936708861, 0.4896582278481012, 0.4037974683544303, 0.5314303797468355], [0.41265822784810124, 0.5111772151898735, 0.45569620253164556, 0.5554810126582279], [0.4493670886075949, 0.5162405063291139, 0.49746835443037973, 0.5605443037974683], [0.520253164556962, 0.5200379746835442, 0.5594936708860758, 0.5630759493670886], [0.5569620253164557, 0.5137088607594936, 0.5949367088607596, 0.5592784810126582], [0.620253164556962, 0.5187721518987342, 0.6670886075949367, 0.5706708860759494], [0.6556962025316455, 0.5187721518987342, 0.7050632911392405, 0.5706708860759494], [0.7253164556962024, 0.5061139240506329, 0.760759493670886, 0.5428227848101266], [0.7569620253164556, 0.5086455696202531, 0.7924050632911392, 0.5516835443037975]], "class": 14}