{"image": "17546e34-759e-11ee-992a-fcb3bc5cd112.jpg", "bboxes": [[0.9531012658227849, 0.3942025316455696, 1.0, 0.4524303797468354], [0.8265189873417722, 0.4207848101265823, 0.8758860759493673, 0.46888607594936704], [0.7860126582278482, 0.4169873417721518, 0.8290506329113925, 0.46888607594936704], [0.7012025316455697, 0.4435696202531646, 0.744240506329114, 0.4853417721518988], [0.6493037974683544, 0.41951898734177206, 0.6923417721518988, 0.4638227848101265], [0.6075316455696204, 0.41445569620253164, 0.6556329113924052, 0.4587594936708861], [0.5455063291139242, 0.4119240506329114, 0.584746835443038, 0.4549620253164558], [0.5100632911392405, 0.4157215189873418, 0.5480379746835443, 0.46129113924050635], [0.4379113924050633, 0.4043291139240506, 0.484746835443038, 0.4562278481012658], [0.3999367088607595, 0.4043291139240506, 0.44930379746835447, 0.4562278481012658], [0.34424050632911396, 0.4321772151898734, 0.3796835443037975, 0.46888607594936704], [0.3125949367088608, 0.4233164556962026, 0.34803797468354436, 0.4663544303797469]], "class": 12}