{"image": "17546e34-759e-11ee-992a-fcb3bc5cd112.jpg", "bboxes": [[0.06356962025316448, 0.6158607594936709, 0.1344556962025315, 0.6943417721518986], [0.13572151898734164, 0.6183924050632911, 0.19774683544303773, 0.6867468354430379], [0.20154430379746824, 0.5525696202531646, 0.2698987341772151, 0.6107974683544304], [0.3471139240506327, 0.536113924050633, 0.39648101265822777, 0.5842151898734177], [0.3939493670886076, 0.536113924050633, 0.4369873417721518, 0.5880126582278482], [0.4787594936708861, 0.5196582278481012, 0.5217974683544303, 0.5614303797468354], [0.5306582278481011, 0.5411772151898734, 0.5736962025316455, 0.5854810126582278], [0.5673670886075948, 0.5462405063291139, 0.6154683544303796, 0.5905443037974684], [0.638253164556962, 0.5500379746835442, 0.6774936708860759, 0.5930759493670886], [0.6749620253164557, 0.5437088607594937, 0.7129367088607594, 0.5892784810126582], [0.738253164556962, 0.5487721518987342, 0.7850886075949366, 0.6006708860759494], [0.7736962025316456, 0.5487721518987342, 0.8230632911392405, 0.6006708860759494], [0.8433164556962025, 0.536113924050633, 0.878759493670886, 0.5728227848101266], [0.8749620253164556, 0.5386455696202531, 0.9104050632911391, 0.5816835443037974]], "class": 14}