{"image": "17546e34-759e-11ee-992a-fcb3bc5cd112.jpg", "bboxes": [[0.14656962025316445, 0.29265822784810136, 0.21745569620253147, 0.37113924050632907], [0.2187215189873416, 0.30025316455696205, 0.2807468354430378, 0.3686075949367089], [0.2845443037974683, 0.3762025316455696, 0.3528987341772152, 0.4344303797468354], [0.43011392405063276, 0.4027848101265823, 0.47948101265822773, 0.450886075949367], [0.4769493670886076, 0.3989873417721518, 0.5199873417721519, 0.450886075949367], [0.5617594936708861, 0.4255696202531646, 0.6047974683544303, 0.46734177215189876], [0.6136582278481012, 0.40151898734177216, 0.6566962025316456, 0.4458227848101266], [0.6503670886075948, 0.3964556962025316, 0.6984683544303797, 0.44075949367088607], [0.721253164556962, 0.39392405063291147, 0.7604936708860759, 0.4369620253164558], [0.7579620253164556, 0.39772151898734187, 0.7959367088607595, 0.44329113924050634], [0.8212531645569621, 0.38632911392405056, 0.8680886075949367, 0.4382278481012659], [0.8566962025316456, 0.38632911392405056, 0.9060632911392406, 0.4382278481012659], [0.9263164556962025, 0.4141772151898734, 0.9617594936708861, 0.450886075949367], [0.9579620253164557, 0.40531645569620256, 0.9934050632911392, 0.44835443037974687]], "class": 14}