{"image": "17546e34-759e-11ee-992a-fcb3bc5cd112.jpg", "bboxes": [[0.9891012658227849, 0.3942025316455696, 1.0, 0.4524303797468354], [0.8625189873417722, 0.4207848101265823, 0.9118860759493673, 0.46888607594936704], [0.8220126582278482, 0.4169873417721518, 0.8650506329113924, 0.46888607594936704], [0.7372025316455697, 0.4435696202531646, 0.7802405063291139, 0.4853417721518988], [0.6853037974683545, 0.41951898734177206, 0.7283417721518988, 0.4638227848101265], [0.6435316455696203, 0.41445569620253164, 0.6916329113924051, 0.4587594936708861], [0.5815063291139242, 0.4119240506329114, 0.620746835443038, 0.4549620253164558], [0.5460632911392405, 0.4157215189873418, 0.5840379746835443, 0.46129113924050635], [0.47391139240506336, 0.4043291139240506, 0.520746835443038, 0.4562278481012658], [0.43593670886075947, 0.4043291139240506, 0.48530379746835445, 0.4562278481012658], [0.38024050632911394, 0.4321772151898734, 0.41568354430379756, 0.46888607594936704], [0.3485949367088608, 0.4233164556962026, 0.38403797468354434, 0.4663544303797469]], "class": 12}