{"image": "17546e34-759e-11ee-992a-fcb3bc5cd112.jpg", "bboxes": [[0.0, 0.2440506329113924, 0.04054430379746832, 0.3288607594936709], [0.20256962025316438, 0.3326582278481013, 0.2734556962025315, 0.4111392405063291], [0.27472151898734165, 0.340253164556962, 0.33674683544303774, 0.40860759493670884], [0.34054430379746825, 0.41620253164556964, 0.4088987341772151, 0.47443037974683544], [0.4861139240506327, 0.44278481012658233, 0.5354810126582278, 0.49088607594936706], [0.5329493670886076, 0.4389873417721518, 0.5759873417721518, 0.49088607594936706], [0.6177594936708861, 0.4655696202531645, 0.6607974683544303, 0.5073417721518988], [0.6696582278481011, 0.4415189873417721, 0.7126962025316456, 0.48582278481012653], [0.7063670886075948, 0.43645569620253166, 0.7544683544303796, 0.4807594936708861], [0.777253164556962, 0.4339240506329114, 0.8164936708860758, 0.4769620253164558], [0.8139620253164557, 0.4377215189873418, 0.8519367088607595, 0.4832911392405064], [0.877253164556962, 0.4263291139240506, 0.9240886075949366, 0.47822784810126584], [0.9126962025316455, 0.4263291139240506, 0.9620632911392405, 0.47822784810126584], [0.9823164556962025, 0.4541772151898734, 1.0, 0.49088607594936706]], "class": 14}