{"image": "17546e34-759e-11ee-992a-fcb3bc5cd112.jpg", "bboxes": [[0.5926075949367089, 0.7120759493670886, 0.6748860759493673, 0.7981518987341771], [0.5204556962025317, 0.717139240506329, 0.6065316455696205, 0.8019493670886075], [0.2875443037974685, 0.6348607594936709, 0.35843037974683556, 0.7133417721518986], [0.22425316455696226, 0.6373924050632911, 0.2862784810126584, 0.705746835443038], [0.15210126582278485, 0.5715696202531645, 0.22045569620253172, 0.6297974683544304], [0.025518987341772232, 0.555113924050633, 0.07488607594936729, 0.6032151898734177], [0.0, 0.555113924050633, 0.028050632911392426, 0.6070126582278482]], "class": 7}