{"image": "18aa5d59-7598-11ee-8a9a-fcb3bc5cd112.jpg", "bboxes": [[0.35358227848101265, 0.7720886075949367, 0.38902531645569616, 0.8125949367088607], [0.38522784810126576, 0.7670253164556962, 0.42320253164556965, 0.8037341772151899], [0.11054430379746827, 0.715126582278481, 0.13965822784810122, 0.7429746835443037], [0.07636708860759467, 0.6860126582278481, 0.10041772151898731, 0.7087974683544304], [0.09429166666666655, 0.6888541666666667, 0.11929166666666646, 0.7096874999999999], [0.13283333333333336, 0.7148958333333333, 0.15470833333333323, 0.7388541666666666]], "class": 6}