{"image": "18aa5d59-7598-11ee-8a9a-fcb3bc5cd112.jpg", "bboxes": [[0.44897468354430387, 0.16740506329113924, 0.4844177215189874, 0.2079113924050633], [0.41479746835443043, 0.17626582278481007, 0.45277215189873427, 0.21297468354430382], [0.6983417721518987, 0.23702531645569624, 0.7274556962025317, 0.26487341772151896], [0.7375822784810128, 0.2712025316455696, 0.7616329113924053, 0.2939873417721519], [0.7187083333333335, 0.27031250000000007, 0.7437083333333335, 0.2911458333333333], [0.6832916666666667, 0.2411458333333334, 0.7051666666666666, 0.2651041666666667]], "class": 6}