{"image": "18aa5d59-7598-11ee-8a9a-fcb3bc5cd112.jpg", "bboxes": [[0.8155443037974683, 0.691126582278481, 0.8446582278481012, 0.7189746835443037], [0.7813670886075947, 0.662012658227848, 0.8054177215189873, 0.6847974683544304], [0.7992916666666665, 0.6648541666666666, 0.8242916666666665, 0.6856874999999999], [0.8378333333333334, 0.6908958333333333, 0.8597083333333333, 0.7148541666666667]], "class": 4}