{"image": "18aa5d59-7598-11ee-8a9a-fcb3bc5cd112.jpg", "bboxes": [[0.2875822784810126, 0.7730886075949367, 0.3230253164556962, 0.8135949367088607], [0.3192278481012657, 0.7680253164556962, 0.3572025316455696, 0.8047341772151899], [0.04454430379746832, 0.716126582278481, 0.07365822784810117, 0.7439746835443037], [0.010367088607594721, 0.6870126582278481, 0.034417721518987254, 0.7097974683544304], [0.028291666666666493, 0.6898541666666667, 0.053291666666666515, 0.7106874999999999], [0.06683333333333341, 0.7158958333333333, 0.08870833333333328, 0.7398541666666666]], "class": 6}