{"image": "18aa5d59-7598-11ee-8a9a-fcb3bc5cd112.jpg", "bboxes": [[0.6145822784810127, 0.7660886075949367, 0.6500253164556962, 0.8065949367088607], [0.6462278481012658, 0.7610253164556962, 0.6842025316455695, 0.7977341772151899], [0.3715443037974683, 0.709126582278481, 0.40065822784810123, 0.7369746835443037], [0.3373670886075947, 0.6800126582278481, 0.3614177215189872, 0.7027974683544304], [0.35529166666666656, 0.6828541666666667, 0.3802916666666665, 0.7036874999999999], [0.39383333333333337, 0.7088958333333333, 0.41570833333333324, 0.7328541666666666]], "class": 6}