{"image": "18aa5d59-7598-11ee-8a9a-fcb3bc5cd112.jpg", "bboxes": [[0.6849746835443038, 0.7390886075949367, 0.7204177215189874, 0.7795949367088607], [0.6507974683544304, 0.7340253164556961, 0.6887721518987342, 0.7707341772151899], [0.9343417721518988, 0.682126582278481, 0.9634556962025317, 0.7099746835443037], [0.9735822784810128, 0.653012658227848, 0.9976329113924053, 0.6757974683544304], [0.9547083333333335, 0.6558541666666666, 0.9797083333333335, 0.6766874999999999], [0.9192916666666667, 0.6818958333333333, 0.9411666666666666, 0.7058541666666667]], "class": 6}