{"image": "18aa5d59-7598-11ee-8a9a-fcb3bc5cd112.jpg", "bboxes": [[0.22958227848101265, 0.18540506329113926, 0.26502531645569616, 0.2259113924050633], [0.26122784810126576, 0.19426582278481008, 0.29920253164556965, 0.23097468354430384], [0.0, 0.25502531645569626, 0.015658227848101225, 0.28287341772151897], [0.00883333333333336, 0.2591458333333334, 0.030708333333333226, 0.2831041666666667]], "class": 4}