{"image": "18aa5d59-7598-11ee-8a9a-fcb3bc5cd112.jpg", "bboxes": [[0.8975822784810126, 0.17940506329113926, 0.9330253164556962, 0.2199113924050633], [0.9292278481012658, 0.18826582278481008, 0.9672025316455696, 0.22497468354430383], [0.6545443037974683, 0.24902531645569626, 0.6836582278481012, 0.27687341772151897], [0.6203670886075947, 0.28320253164556963, 0.6444177215189872, 0.3059873417721519], [0.6382916666666665, 0.2823125000000001, 0.6632916666666665, 0.30314583333333334], [0.6768333333333334, 0.2531458333333334, 0.6987083333333333, 0.2771041666666667]], "class": 6}