{"image": "18aa5d59-7598-11ee-8a9a-fcb3bc5cd112.jpg", "bboxes": [[0.21797468354430385, 0.20740506329113928, 0.2534177215189874, 0.24791139240506332], [0.1837974683544304, 0.2162658227848101, 0.22177215189873425, 0.25297468354430386], [0.4673417721518988, 0.2770253164556963, 0.4964556962025317, 0.304873417721519], [0.5065822784810128, 0.31120253164556955, 0.5306329113924053, 0.33398734177215195], [0.48770833333333347, 0.3103125000000001, 0.5127083333333334, 0.33114583333333336], [0.45229166666666676, 0.2811458333333333, 0.4741666666666666, 0.30510416666666673]], "class": 6}