{"image": "18aa5d59-7598-11ee-8a9a-fcb3bc5cd112.jpg", "bboxes": [[0.6775822784810126, 0.17040506329113925, 0.7130253164556961, 0.2109113924050633], [0.7092278481012657, 0.17926582278481007, 0.7472025316455696, 0.21597468354430382], [0.4345443037974682, 0.24002531645569625, 0.4636582278481012, 0.26787341772151896], [0.40036708860759473, 0.2742025316455696, 0.42441772151898727, 0.2969873417721519], [0.4182916666666665, 0.27331250000000007, 0.44329166666666653, 0.29414583333333333], [0.4568333333333334, 0.2441458333333334, 0.4787083333333333, 0.2681041666666667]], "class": 6}