{"image": "18aa5d59-7598-11ee-8a9a-fcb3bc5cd112.jpg", "bboxes": [[0.5689746835443038, 0.20740506329113928, 0.6044177215189874, 0.24791139240506332], [0.5347974683544304, 0.2162658227848101, 0.5727721518987342, 0.25297468354430386], [0.8183417721518988, 0.2770253164556963, 0.8474556962025317, 0.304873417721519], [0.8575822784810128, 0.31120253164556955, 0.8816329113924053, 0.33398734177215195], [0.8387083333333335, 0.3103125000000001, 0.8637083333333335, 0.33114583333333336], [0.8032916666666667, 0.2811458333333333, 0.8251666666666666, 0.30510416666666673]], "class": 6}