{"image": "18aa5d59-7598-11ee-8a9a-fcb3bc5cd112.jpg", "bboxes": [[0.8095822784810126, 0.7320886075949367, 0.8450253164556961, 0.7725949367088607], [0.8412278481012657, 0.7270253164556961, 0.8792025316455696, 0.7637341772151899], [0.5665443037974682, 0.675126582278481, 0.5956582278481012, 0.7029746835443037], [0.5323670886075947, 0.646012658227848, 0.5564177215189873, 0.6687974683544304], [0.5502916666666665, 0.6488541666666666, 0.5752916666666665, 0.6696874999999999], [0.5888333333333333, 0.6748958333333333, 0.6107083333333332, 0.6988541666666667]], "class": 6}