{"image": "18aa5d59-7598-11ee-8a9a-fcb3bc5cd112.jpg", "bboxes": [[0.42697468354430385, 0.20840506329113928, 0.46241772151898736, 0.24891139240506333], [0.3927974683544304, 0.2172658227848101, 0.43077215189873425, 0.25397468354430386], [0.6763417721518988, 0.2780253164556963, 0.7054556962025317, 0.305873417721519], [0.7155822784810127, 0.31220253164556955, 0.7396329113924053, 0.33498734177215195], [0.6967083333333335, 0.3113125000000001, 0.7217083333333335, 0.33214583333333336], [0.6612916666666667, 0.2821458333333333, 0.6831666666666666, 0.30610416666666673]], "class": 6}