{"image": "18aa5d59-7598-11ee-8a9a-fcb3bc5cd112.jpg", "bboxes": [[0.8345822784810126, 0.16340506329113935, 0.8700253164556961, 0.20391139240506329], [0.8662278481012657, 0.17226582278481006, 0.9042025316455696, 0.20897468354430382], [0.5915443037974683, 0.23302531645569624, 0.6206582278481012, 0.26087341772151895], [0.5573670886075948, 0.2672025316455696, 0.5814177215189873, 0.2899873417721519], [0.5752916666666665, 0.26631250000000006, 0.6002916666666664, 0.2871458333333333], [0.6138333333333335, 0.2371458333333334, 0.6357083333333333, 0.2611041666666667]], "class": 6}