{"image": "18aa5d59-7598-11ee-8a9a-fcb3bc5cd112.jpg", "bboxes": [[0.23297468354430384, 0.7970886075949367, 0.26841772151898735, 0.8375949367088606], [0.1987974683544304, 0.7920253164556962, 0.23677215189873424, 0.8287341772151899], [0.4823417721518988, 0.740126582278481, 0.5114556962025317, 0.7679746835443038], [0.5215822784810127, 0.7110126582278481, 0.5456329113924053, 0.7337974683544304], [0.5027083333333335, 0.7138541666666667, 0.5277083333333334, 0.7346874999999999], [0.4672916666666667, 0.7398958333333333, 0.48916666666666664, 0.7638541666666666]], "class": 6}