{"image": "18aa5d59-7598-11ee-8a9a-fcb3bc5cd112.jpg", "bboxes": [[0.7409746835443038, 0.18940506329113926, 0.7764177215189874, 0.2299113924050633], [0.7067974683544304, 0.1982658227848101, 0.7447721518987342, 0.23497468354430384], [0.9903417721518988, 0.25902531645569626, 1.0, 0.286873417721519], [0.9752916666666668, 0.2631458333333334, 0.9971666666666666, 0.2871041666666667]], "class": 4}