{"image": "18e1a250-759c-11ee-9d03-fcb3bc5cd112.jpg", "bboxes": [[0.0, 0.5286455696202531, 0.054797468354430334, 0.5805443037974685], [0.03327848101265818, 0.5286455696202531, 0.09277215189873411, 0.5856075949367089], [0.3953037974683543, 0.6185189873417722, 0.4370759493670886, 0.6602911392405063]], "class": 3}