{"image": "18e1a250-759c-11ee-9d03-fcb3bc5cd112.jpg", "bboxes": [[0.7989240506329114, 0.5865189873417722, 0.8406962025316457, 0.6282911392405064]], "class": 1}