{"image": "18e1a250-759c-11ee-9d03-fcb3bc5cd112.jpg", "bboxes": [[0.9582025316455697, 0.40745569620253164, 1.0, 0.4593544303797469], [0.9202278481012659, 0.4023924050632911, 0.9797215189873418, 0.4593544303797469], [0.5759240506329114, 0.3277088607594937, 0.6176962025316457, 0.3694810126582278]], "class": 3}