{"image": "18e1a250-759c-11ee-9d03-fcb3bc5cd112.jpg", "bboxes": [[0.07930379746835436, 0.3617088607594937, 0.12107594936708854, 0.40348101265822783]], "class": 1}