{"image": "18e1a250-759c-11ee-9d03-fcb3bc5cd112.jpg", "bboxes": [[0.5242025316455697, 0.5536455696202531, 0.5900253164556963, 0.6055443037974684], [0.48622784810126585, 0.5536455696202531, 0.5457215189873418, 0.6106075949367089], [0.1419240506329114, 0.6435189873417722, 0.18369620253164567, 0.6852911392405063]], "class": 3}