{"image": "18e1a250-759c-11ee-9d03-fcb3bc5cd112.jpg", "bboxes": [[0.9992025316455697, 0.4926455696202531, 1.0, 0.5445443037974684], [0.9612278481012658, 0.4926455696202531, 1.0, 0.549607594936709], [0.6169240506329114, 0.5825189873417722, 0.6586962025316456, 0.6242911392405064]], "class": 3}