{"image": "18e1a250-759c-11ee-9d03-fcb3bc5cd112.jpg", "bboxes": [[0.12297468354430363, 0.4404556962025316, 0.18879746835443034, 0.49235443037974685], [0.1672784810126582, 0.43539240506329113, 0.22677215189873412, 0.49235443037974685], [0.5293037974683543, 0.3607088607594937, 0.5710759493670886, 0.40248101265822783]], "class": 3}