{"image": "18e1a250-759c-11ee-9d03-fcb3bc5cd112.jpg", "bboxes": [[0.21830379746835438, 0.3297088607594937, 0.26007594936708855, 0.3714810126582278]], "class": 1}