{"image": "18e1a250-759c-11ee-9d03-fcb3bc5cd112.jpg", "bboxes": [[0.7009240506329114, 0.3307088607594937, 0.7426962025316457, 0.3724810126582278]], "class": 1}