{"image": "18e1a250-759c-11ee-9d03-fcb3bc5cd112.jpg", "bboxes": [[0.16897468354430356, 0.5656455696202531, 0.23479746835443027, 0.6175443037974684], [0.21327848101265823, 0.5656455696202531, 0.27277215189873416, 0.6226075949367089], [0.5753037974683544, 0.6555189873417722, 0.6170759493670885, 0.6972911392405063]], "class": 3}