{"image": "18e1a250-759c-11ee-9d03-fcb3bc5cd112.jpg", "bboxes": [[0.8579240506329114, 0.3437088607594937, 0.8996962025316456, 0.3854810126582278]], "class": 1}