{"image": "18e1a250-759c-11ee-9d03-fcb3bc5cd112.jpg", "bboxes": [[0.1303037974683543, 0.6515189873417722, 0.1720759493670886, 0.6932911392405063]], "class": 1}