{"image": "18e1a250-759c-11ee-9d03-fcb3bc5cd112.jpg", "bboxes": [[0.8192025316455697, 0.5586455696202531, 0.8850253164556964, 0.6105443037974684], [0.7812278481012659, 0.5586455696202531, 0.8407215189873418, 0.6156075949367089], [0.4369240506329114, 0.6485189873417722, 0.4786962025316457, 0.6902911392405063]], "class": 3}