{"image": "18e1a250-759c-11ee-9d03-fcb3bc5cd112.jpg", "bboxes": [[0.9092025316455697, 0.4144556962025316, 0.9750253164556963, 0.4663544303797469], [0.8712278481012659, 0.4093924050632911, 0.9307215189873418, 0.4663544303797469], [0.5269240506329114, 0.3347088607594937, 0.5686962025316457, 0.3764810126582278]], "class": 3}