{"image": "1a8f88b6-7598-11ee-a95a-fcb3bc5cd112.jpg", "bboxes": [[0.30746835443037956, 0.3880886075949368, 0.3277215189873416, 0.4121392405063291], [0.3239240506329113, 0.3855569620253164, 0.3467088607594935, 0.410873417721519]], "class": 2}