{"image": "1a8f88b6-7598-11ee-a95a-fcb3bc5cd112.jpg", "bboxes": [[0.9872784810126584, 0.5878607594936709, 1.0, 0.6119113924050632], [0.9682911392405065, 0.589126582278481, 0.9910759493670886, 0.6144430379746836]], "class": 2}