{"image": "1a8f88b6-7598-11ee-a95a-fcb3bc5cd112.jpg", "bboxes": [[0.6332784810126584, 0.6448607594936709, 0.6535316455696204, 0.6689113924050633], [0.6142911392405065, 0.646126582278481, 0.6370759493670887, 0.6714430379746835]], "class": 2}