{"image": "1a8f88b6-7598-11ee-a95a-fcb3bc5cd112.jpg", "bboxes": [[0.7092784810126584, 0.32808860759493674, 0.7295316455696205, 0.35213924050632905], [0.6902911392405064, 0.3255569620253165, 0.7130759493670887, 0.35087341772151903]], "class": 2}