{"image": "1a8f88b6-7598-11ee-a95a-fcb3bc5cd112.jpg", "bboxes": [[0.14346835443037953, 0.5898607594936709, 0.16372151898734155, 0.6139113924050632], [0.15992405063291126, 0.591126582278481, 0.18270886075949355, 0.6164430379746836]], "class": 2}