{"image": "1a8f88b6-7598-11ee-a95a-fcb3bc5cd112.jpg", "bboxes": [[0.15246835443037954, 0.3660886075949368, 0.17272151898734156, 0.3901392405063291], [0.16892405063291127, 0.3635569620253165, 0.19170886075949356, 0.38887341772151895]], "class": 2}