{"image": "1a9a914e-759c-11ee-9216-fcb3bc5cd112.jpg", "bboxes": [[0.6330379746835445, 0.6370379746835443, 0.7305063291139242, 0.7091898734177216], [0.5811392405063294, 0.6218481012658228, 0.6697468354430383, 0.6889367088607594], [0.13430379746835444, 0.6889367088607594, 0.1887341772151899, 0.7357721518987341]], "class": 3}