{"image": "1a9a914e-759c-11ee-9216-fcb3bc5cd112.jpg", "bboxes": [[0.6513037974683544, 0.2972278481012658, 0.7057341772151899, 0.3440632911392405]], "class": 1}