{"image": "1a9a914e-759c-11ee-9216-fcb3bc5cd112.jpg", "bboxes": [[0.7080379746835445, 0.6760379746835443, 0.8055063291139243, 0.7481898734177215], [0.6561392405063293, 0.6608481012658227, 0.7447468354430382, 0.7279367088607596], [0.20930379746835445, 0.7279367088607596, 0.2637341772151899, 0.7747721518987342]], "class": 3}