{"image": "1a9a914e-759c-11ee-9216-fcb3bc5cd112.jpg", "bboxes": [[0.9550379746835445, 0.6150379746835443, 1.0, 0.6871898734177215], [0.9031392405063293, 0.5998481012658228, 0.9917468354430382, 0.6669367088607595], [0.4563037974683544, 0.6669367088607595, 0.5107341772151899, 0.7137721518987342]], "class": 3}