{"image": "1a9a914e-759c-11ee-9216-fcb3bc5cd112.jpg", "bboxes": [[0.2262658227848101, 0.28122784810126583, 0.2806962025316455, 0.3280632911392405]], "class": 1}