{"image": "1a9a914e-759c-11ee-9216-fcb3bc5cd112.jpg", "bboxes": [[0.6803037974683545, 0.7339367088607596, 0.7347341772151899, 0.7807721518987342]], "class": 1}