{"image": "1a9a914e-759c-11ee-9216-fcb3bc5cd112.jpg", "bboxes": [[0.5563037974683545, 0.6809367088607595, 0.6107341772151899, 0.7277721518987341]], "class": 1}