{"image": "1a9a914e-759c-11ee-9216-fcb3bc5cd112.jpg", "bboxes": [[0.5830379746835445, 0.3168101265822785, 0.6805063291139243, 0.3889620253164557], [0.5311392405063293, 0.3370632911392405, 0.6197468354430382, 0.40415189873417723], [0.08430379746835445, 0.2902278481012658, 0.1387341772151899, 0.3370632911392405]], "class": 3}