{"image": "1a9a914e-759c-11ee-9216-fcb3bc5cd112.jpg", "bboxes": [[0.0, 0.3188101265822785, 0.01596202531645552, 0.3909620253164557], [0.0, 0.3390632911392405, 0.06786075949367065, 0.40615189873417723], [0.4602658227848101, 0.2922278481012658, 0.5146962025316455, 0.3390632911392405]], "class": 3}