{"image": "1a9a914e-759c-11ee-9216-fcb3bc5cd112.jpg", "bboxes": [[0.3502658227848101, 0.2862278481012658, 0.4046962025316455, 0.3330632911392405]], "class": 1}