{"image": "1a9a914e-759c-11ee-9216-fcb3bc5cd112.jpg", "bboxes": [[0.2092658227848101, 0.6849367088607594, 0.2636962025316456, 0.7317721518987341]], "class": 1}