{"image": "1c51dc5f-759c-11ee-92da-fcb3bc5cd112.jpg", "bboxes": [[0.09112658227848101, 0.44435443037974687, 0.13796202531645577, 0.5127088607594936], [0.03289873417721526, 0.4354936708860759, 0.0847974683544304, 0.5000506329113924]], "class": 2}