{"image": "1c51dc5f-759c-11ee-92da-fcb3bc5cd112.jpg", "bboxes": [[0.7450379746835443, 0.4982911392405064, 0.791873417721519, 0.5666455696202531], [0.7982025316455696, 0.5109493670886076, 0.8501012658227848, 0.5755063291139241]], "class": 2}