{"image": "1c51dc5f-759c-11ee-92da-fcb3bc5cd112.jpg", "bboxes": [[0.4240379746835442, 0.42835443037974685, 0.470873417721519, 0.4967088607594936], [0.4772025316455696, 0.4194936708860759, 0.5291012658227847, 0.48405063291139244]], "class": 2}