{"image": "1c51dc5f-759c-11ee-92da-fcb3bc5cd112.jpg", "bboxes": [[0.320126582278481, 0.47029113924050636, 0.3669620253164558, 0.5386455696202531], [0.26189873417721526, 0.4829493670886076, 0.3137974683544304, 0.5475063291139242]], "class": 2}