{"image": "1c51dc5f-759c-11ee-92da-fcb3bc5cd112.jpg", "bboxes": [[0.9620379746835442, 0.44735443037974687, 1.0, 0.5157088607594936]], "class": 1}