{"image": "1c51dc5f-759c-11ee-92da-fcb3bc5cd112.jpg", "bboxes": [[0.5340379746835442, 0.48535443037974685, 0.580873417721519, 0.5537088607594937], [0.5872025316455696, 0.4764936708860759, 0.6391012658227848, 0.5410506329113924]], "class": 2}