{"image": "1c68335d-7598-11ee-903d-fcb3bc5cd112.jpg", "bboxes": [[0.05011392405063275, 0.25227848101265826, 0.09062025316455691, 0.2889873417721519], [0.08682278481012662, 0.25227848101265826, 0.12479746835443029, 0.2839240506329114], [0.031126582278480863, 0.3029113924050634, 0.047582278481012485, 0.32569620253164566], [0.043784810126582197, 0.300379746835443, 0.06783544303797451, 0.3244303797468354], [0.1526455696202531, 0.3117721518987342, 0.171632911392405, 0.3307594936708861], [0.16910126582278473, 0.3155696202531646, 0.190620253164557, 0.3358227848101266]], "class": 6}