{"image": "1c68335d-7598-11ee-903d-fcb3bc5cd112.jpg", "bboxes": [[0.9293797468354431, 0.24727848101265826, 0.9698860759493673, 0.2839873417721519], [0.8952025316455697, 0.24727848101265826, 0.9331772151898734, 0.27892405063291137], [0.9724177215189875, 0.29791139240506337, 0.9888734177215192, 0.32069620253164566], [0.9521645569620255, 0.295379746835443, 0.9762151898734178, 0.3194303797468354], [0.8483670886075949, 0.3067721518987343, 0.8673544303797469, 0.3257594936708861], [0.829379746835443, 0.3105696202531646, 0.8508987341772153, 0.3308227848101266]], "class": 6}