{"image": "1c68335d-7598-11ee-903d-fcb3bc5cd112.jpg", "bboxes": [[0.28137974683544315, 0.7070126582278481, 0.3218860759493673, 0.7437215189873417], [0.2472025316455697, 0.7120759493670886, 0.28517721518987343, 0.7437215189873417], [0.3244177215189875, 0.6703037974683543, 0.3408734177215191, 0.6930886075949366], [0.3041645569620255, 0.6715696202531646, 0.3282151898734178, 0.695620253164557], [0.20036708860759495, 0.6652405063291139, 0.21935443037974686, 0.6842278481012658], [0.18137974683544303, 0.6601772151898735, 0.20289873417721527, 0.6804303797468354]], "class": 6}