{"image": "1c68335d-7598-11ee-903d-fcb3bc5cd112.jpg", "bboxes": [[0.5573797468354431, 0.7200126582278481, 0.5978860759493673, 0.7567215189873417], [0.5232025316455697, 0.7250759493670886, 0.5611772151898734, 0.7567215189873417], [0.6004177215189875, 0.6833037974683543, 0.6168734177215192, 0.7060886075949366], [0.5801645569620255, 0.6845696202531646, 0.6042151898734178, 0.708620253164557], [0.47636708860759497, 0.6782405063291139, 0.49535443037974686, 0.6972278481012657], [0.457379746835443, 0.6731772151898734, 0.47889873417721524, 0.6934303797468354]], "class": 6}