{"image": "1c68335d-7598-11ee-903d-fcb3bc5cd112.jpg", "bboxes": [[0.046379746835443145, 0.6690126582278481, 0.0868860759493673, 0.7057215189873417], [0.012202531645569706, 0.6740759493670886, 0.050177215189873434, 0.7057215189873417], [0.0894177215189875, 0.6323037974683543, 0.1058734177215191, 0.6550886075949367], [0.06916455696202548, 0.6335696202531645, 0.09321518987341779, 0.657620253164557]], "class": 4}