{"image": "1c68335d-7598-11ee-903d-fcb3bc5cd112.jpg", "bboxes": [[0.7941139240506327, 0.24227848101265825, 0.8346202531645568, 0.2789873417721519], [0.8308227848101266, 0.24227848101265825, 0.8687974683544303, 0.27392405063291136], [0.7751265822784809, 0.29291139240506336, 0.7915822784810125, 0.31569620253164565], [0.7877848101265822, 0.290379746835443, 0.8118354430379745, 0.3144303797468354], [0.8966455696202531, 0.3017721518987343, 0.9156329113924051, 0.3207594936708861], [0.9131012658227847, 0.3055696202531646, 0.934620253164557, 0.3258227848101266]], "class": 6}