{"image": "1c68335d-7598-11ee-903d-fcb3bc5cd112.jpg", "bboxes": [[0.42511392405063275, 0.6870126582278481, 0.4656202531645569, 0.7237215189873417], [0.4618227848101266, 0.6920759493670886, 0.4997974683544303, 0.7237215189873417], [0.40612658227848086, 0.6503037974683543, 0.4225822784810125, 0.6730886075949367], [0.4187848101265822, 0.6515696202531646, 0.4428354430379745, 0.675620253164557], [0.5276455696202531, 0.6452405063291139, 0.5466329113924051, 0.6642278481012658], [0.5441012658227847, 0.6401772151898735, 0.565620253164557, 0.6604303797468355]], "class": 6}