{"image": "1c68335d-7598-11ee-903d-fcb3bc5cd112.jpg", "bboxes": [[0.14137974683544313, 0.24227848101265825, 0.1818860759493673, 0.2789873417721519], [0.10720253164556971, 0.24227848101265825, 0.14517721518987345, 0.27392405063291136], [0.1844177215189875, 0.29291139240506336, 0.2008734177215191, 0.31569620253164565], [0.16416455696202548, 0.290379746835443, 0.1882151898734178, 0.3144303797468354], [0.06036708860759495, 0.3017721518987343, 0.07935443037974688, 0.3207594936708861], [0.04137974683544303, 0.3055696202531646, 0.06289873417721525, 0.3258227848101266]], "class": 6}