{"image": "1c68335d-7598-11ee-903d-fcb3bc5cd112.jpg", "bboxes": [[0.15837974683544315, 0.6780126582278481, 0.1988860759493673, 0.7147215189873417], [0.1242025316455697, 0.6830759493670886, 0.16217721518987344, 0.7147215189873417], [0.20141772151898749, 0.6413037974683543, 0.2178734177215191, 0.6640886075949367], [0.18116455696202546, 0.6425696202531646, 0.20521518987341777, 0.666620253164557], [0.07736708860759495, 0.6362405063291139, 0.09635443037974688, 0.6552278481012658], [0.05837974683544303, 0.6311772151898735, 0.07989873417721526, 0.6514303797468355]], "class": 6}