{"image": "1c68335d-7598-11ee-903d-fcb3bc5cd112.jpg", "bboxes": [[0.45137974683544313, 0.6960126582278481, 0.4918860759493673, 0.7327215189873417], [0.4172025316455697, 0.7010759493670886, 0.4551772151898734, 0.7327215189873417], [0.4944177215189875, 0.6593037974683543, 0.5108734177215191, 0.6820886075949366], [0.4741645569620255, 0.6605696202531646, 0.4982151898734178, 0.684620253164557], [0.37036708860759493, 0.6542405063291139, 0.3893544303797469, 0.6732278481012658], [0.35137974683544304, 0.6491772151898735, 0.37289873417721525, 0.6694303797468355]], "class": 6}