{"image": "1c68335d-7598-11ee-903d-fcb3bc5cd112.jpg", "bboxes": [[0.03311392405063274, 0.7130126582278481, 0.07362025316455689, 0.7497215189873417], [0.0698227848101266, 0.7180759493670886, 0.10779746835443027, 0.7497215189873417], [0.014126582278480848, 0.6763037974683543, 0.03058227848101247, 0.6990886075949366], [0.02678481012658218, 0.6775696202531646, 0.05083544303797449, 0.701620253164557], [0.1356455696202531, 0.6712405063291139, 0.1546329113924051, 0.6902278481012657], [0.15210126582278471, 0.6661772151898734, 0.17362025316455698, 0.6864303797468354]], "class": 6}