{"image": "1c68335d-7598-11ee-903d-fcb3bc5cd112.jpg", "bboxes": [[0.9191139240506327, 0.6970126582278481, 0.9596202531645569, 0.7337215189873417], [0.9558227848101266, 0.7020759493670886, 0.9937974683544303, 0.7337215189873417], [0.9001265822784809, 0.6603037974683543, 0.9165822784810125, 0.6830886075949366], [0.9127848101265822, 0.6615696202531646, 0.9368354430379745, 0.685620253164557]], "class": 4}