{"image": "1c68335d-7598-11ee-903d-fcb3bc5cd112.jpg", "bboxes": [[0.7413797468354432, 0.646012658227848, 0.7818860759493673, 0.6827215189873417], [0.7072025316455697, 0.6510759493670886, 0.7451772151898735, 0.6827215189873417], [0.7844177215189875, 0.6093037974683543, 0.8008734177215191, 0.6320886075949367], [0.7641645569620255, 0.6105696202531645, 0.7882151898734178, 0.634620253164557], [0.660367088607595, 0.604240506329114, 0.6793544303797469, 0.6232278481012657], [0.6413797468354431, 0.5991772151898734, 0.6628987341772152, 0.6194303797468355]], "class": 6}