{"image": "1c68335d-7598-11ee-903d-fcb3bc5cd112.jpg", "bboxes": [[0.3881139240506327, 0.2662784810126583, 0.4286202531645569, 0.3029873417721519], [0.4248227848101266, 0.2662784810126583, 0.46279746835443025, 0.2979240506329114], [0.36912658227848094, 0.3169113924050634, 0.38558227848101256, 0.3396962025316457], [0.38178481012658216, 0.314379746835443, 0.4058354430379745, 0.33843037974683543], [0.4906455696202531, 0.3257721518987342, 0.5096329113924051, 0.3447594936708861], [0.5071012658227847, 0.3295696202531645, 0.528620253164557, 0.3498227848101265]], "class": 6}