{"image": "1e02776b-759c-11ee-84c2-fcb3bc5cd112.jpg", "bboxes": [[0.868240506329114, 0.43070886075949366, 1.0, 0.6036916359557762]], "class": 1}