{"image": "1e02776b-759c-11ee-84c2-fcb3bc5cd112.jpg", "bboxes": [[0.0, 0.36630836404422373, 0.026759493670886036, 0.5392911392405063]], "class": 1}