{"image": "1e02776b-759c-11ee-84c2-fcb3bc5cd112.jpg", "bboxes": [[0.0, 0.37430836404422374, 0.12875949367088602, 0.5472911392405063]], "class": 1}