{"image": "1e426650-7598-11ee-bd7c-fcb3bc5cd112.jpg", "bboxes": [[0.1650379746835442, 0.3457088607594937, 0.20174683544303773, 0.3912784810126583], [0.2080759493670885, 0.3457088607594937, 0.24731645569620242, 0.3912784810126583], [0.2928860759493669, 0.419126582278481, 0.32326582278480986, 0.44824050632911394], [0.3245316455696202, 0.4229240506329114, 0.3549113924050632, 0.45203797468354434], [0.36124050632911375, 0.4533037974683545, 0.3890886075949366, 0.48621518987341783], [0.3852911392405063, 0.45583544303797463, 0.41187341772151886, 0.4849493670886076], [0.4080759493670886, 0.48368354430379745, 0.42706329113924046, 0.5026708860759495], [0.4245316455696203, 0.48368354430379745, 0.4473164556962024, 0.5026708860759495], [0.46124050632911373, 0.4748227848101265, 0.48149367088607586, 0.4963417721518988], [0.48149367088607586, 0.4773544303797469, 0.5004810126582278, 0.5001392405063291]], "class": 10}