{"image": "1e426650-7598-11ee-bd7c-fcb3bc5cd112.jpg", "bboxes": [[0.38925316455696224, 0.3497088607594937, 0.4259620253164558, 0.3952784810126583], [0.3436835443037976, 0.3497088607594937, 0.3829240506329115, 0.3952784810126583], [0.2677341772151901, 0.423126582278481, 0.29811392405063314, 0.45224050632911394], [0.23608860759493677, 0.4269240506329114, 0.2664683544303798, 0.45603797468354434], [0.20191139240506345, 0.4573037974683545, 0.22975949367088627, 0.49021518987341783], [0.17912658227848113, 0.45983544303797463, 0.20570886075949374, 0.4889493670886076], [0.1639367088607595, 0.48768354430379746, 0.18292405063291142, 0.5066708860759495], [0.1436835443037976, 0.48768354430379746, 0.1664683544303797, 0.5066708860759495], [0.10950632911392415, 0.4788227848101265, 0.1297594936708863, 0.5003417721518988], [0.09051898734177223, 0.4813544303797469, 0.10950632911392415, 0.5041392405063291]], "class": 10}