{"image": "1e426650-7598-11ee-bd7c-fcb3bc5cd112.jpg", "bboxes": [[0.7962531645569623, 0.6367215189873418, 0.8329620253164558, 0.6822911392405062], [0.7506835443037976, 0.6367215189873418, 0.7899240506329115, 0.6822911392405062], [0.6747341772151901, 0.5797594936708861, 0.7051139240506331, 0.608873417721519], [0.6430886075949368, 0.5759620253164557, 0.6734683544303798, 0.6050759493670885], [0.6089113924050634, 0.5417848101265822, 0.6367594936708862, 0.5746962025316456], [0.5861265822784811, 0.5430506329113924, 0.6127088607594937, 0.5721645569620254], [0.5709367088607595, 0.5253291139240506, 0.5899240506329114, 0.5443164556962026], [0.5506835443037976, 0.5253291139240506, 0.5734683544303797, 0.5443164556962026], [0.5165063291139241, 0.5316582278481012, 0.5367594936708863, 0.5531772151898734], [0.49751898734177225, 0.527860759493671, 0.5165063291139241, 0.5506455696202531]], "class": 10}