{"image": "1e426650-7598-11ee-bd7c-fcb3bc5cd112.jpg", "bboxes": [[0.32925316455696224, 0.5987215189873417, 0.3659620253164558, 0.6442911392405063], [0.2836835443037976, 0.5987215189873417, 0.3229240506329115, 0.6442911392405063], [0.20773417721519014, 0.541759493670886, 0.23811392405063317, 0.570873417721519], [0.17608860759493677, 0.5379620253164556, 0.2064683544303798, 0.5670759493670886], [0.14191139240506345, 0.5037848101265822, 0.16975949367088627, 0.5366962025316455], [0.11912658227848112, 0.5050506329113924, 0.14570886075949374, 0.5341645569620254], [0.1039367088607595, 0.4873291139240506, 0.12292405063291141, 0.5063164556962025], [0.08368354430379758, 0.4873291139240506, 0.10646835443037969, 0.5063164556962025], [0.04950632911392415, 0.4936582278481012, 0.06975949367088628, 0.5151772151898735], [0.03051898734177223, 0.4898607594936709, 0.04950632911392415, 0.5126455696202531]], "class": 10}