{"image": "1e426650-7598-11ee-bd7c-fcb3bc5cd112.jpg", "bboxes": [[0.4040379746835442, 0.6077215189873417, 0.4407468354430377, 0.6532911392405063], [0.4470759493670885, 0.6077215189873417, 0.4863164556962024, 0.6532911392405063], [0.5318860759493669, 0.5507594936708861, 0.5622658227848099, 0.579873417721519], [0.5635316455696202, 0.5469620253164557, 0.5939113924050632, 0.5760759493670886], [0.6002405063291136, 0.5127848101265822, 0.6280886075949366, 0.5456962025316455], [0.6242911392405063, 0.5140506329113924, 0.6508734177215189, 0.5431645569620254], [0.6470759493670886, 0.4963291139240506, 0.6660632911392406, 0.5153164556962025], [0.6635316455696203, 0.4963291139240506, 0.6863164556962025, 0.5153164556962025], [0.7002405063291137, 0.5026582278481012, 0.7204936708860759, 0.5241772151898735], [0.7204936708860759, 0.4988607594936709, 0.7394810126582277, 0.5216455696202531]], "class": 10}