{"image": "1e426650-7598-11ee-bd7c-fcb3bc5cd112.jpg", "bboxes": [[0.20803797468354424, 0.3307088607594938, 0.24474683544303777, 0.37627848101265826], [0.25107594936708844, 0.3307088607594938, 0.29031645569620246, 0.37627848101265826], [0.3358860759493668, 0.404126582278481, 0.3662658227848099, 0.43324050632911393], [0.36753164556962015, 0.4079240506329114, 0.39791139240506324, 0.43703797468354433], [0.4042405063291137, 0.43830379746835446, 0.4320886075949365, 0.4712151898734178], [0.4282911392405062, 0.4408354430379746, 0.4548734177215189, 0.4699493670886076], [0.4510759493670886, 0.46868354430379744, 0.4700632911392405, 0.48767088607594944], [0.46753164556962035, 0.46868354430379744, 0.4903164556962024, 0.48767088607594944], [0.5042405063291138, 0.4598227848101266, 0.5244936708860759, 0.4813417721518988], [0.5244936708860759, 0.4623544303797469, 0.5434810126582278, 0.48513924050632906]], "class": 10}