{"image": "1e426650-7598-11ee-bd7c-fcb3bc5cd112.jpg", "bboxes": [[0.9646835443037975, 0.3297088607594938, 1.0, 0.37527848101265826], [0.8887341772151901, 0.40312658227848097, 0.9191139240506332, 0.4322405063291139], [0.8570886075949368, 0.40692405063291137, 0.8874683544303799, 0.4360379746835443], [0.8229113924050635, 0.43730379746835446, 0.8507594936708863, 0.4702151898734178], [0.8001265822784811, 0.4398354430379746, 0.8267088607594938, 0.46894936708860757], [0.7849367088607595, 0.46768354430379744, 0.8039240506329114, 0.48667088607594944], [0.7646835443037976, 0.46768354430379744, 0.7874683544303797, 0.48667088607594944], [0.7305063291139241, 0.4588227848101266, 0.7507594936708862, 0.48034177215189877], [0.7115189873417722, 0.4613544303797469, 0.7305063291139241, 0.48413924050632906]], "class": 9}