{"image": "1e426650-7598-11ee-bd7c-fcb3bc5cd112.jpg", "bboxes": [[0.6502531645569622, 0.3457088607594937, 0.6869620253164558, 0.3912784810126583], [0.6046835443037976, 0.3457088607594937, 0.6439240506329116, 0.3912784810126583], [0.5287341772151901, 0.419126582278481, 0.5591139240506332, 0.44824050632911394], [0.4970886075949368, 0.4229240506329114, 0.5274683544303798, 0.45203797468354434], [0.46291139240506346, 0.4533037974683545, 0.4907594936708863, 0.48621518987341783], [0.4401265822784811, 0.45583544303797463, 0.46670886075949375, 0.4849493670886076], [0.4249367088607595, 0.48368354430379745, 0.4439240506329114, 0.5026708860759495], [0.4046835443037976, 0.48368354430379745, 0.42746835443037967, 0.5026708860759495], [0.37050632911392417, 0.4748227848101265, 0.3907594936708863, 0.4963417721518988], [0.3515189873417722, 0.4773544303797469, 0.37050632911392417, 0.5001392405063291]], "class": 10}