{"image": "1e426650-7598-11ee-bd7c-fcb3bc5cd112.jpg", "bboxes": [[0.4220379746835442, 0.5987215189873417, 0.45874683544303774, 0.6442911392405063], [0.4650759493670885, 0.5987215189873417, 0.5043164556962024, 0.6442911392405063], [0.5498860759493669, 0.541759493670886, 0.5802658227848099, 0.570873417721519], [0.5815316455696202, 0.5379620253164556, 0.6119113924050632, 0.5670759493670886], [0.6182405063291136, 0.5037848101265822, 0.6460886075949366, 0.5366962025316455], [0.6422911392405062, 0.5050506329113924, 0.6688734177215189, 0.5341645569620254], [0.6650759493670886, 0.4873291139240506, 0.6840632911392406, 0.5063164556962025], [0.6815316455696203, 0.4873291139240506, 0.7043164556962025, 0.5063164556962025], [0.7182405063291137, 0.4936582278481012, 0.7384936708860759, 0.5151772151898735], [0.7384936708860759, 0.4898607594936709, 0.7574810126582278, 0.5126455696202531]], "class": 10}