{"image": "1e426650-7598-11ee-bd7c-fcb3bc5cd112.jpg", "bboxes": [[0.016037974683544287, 0.3717088607594937, 0.05274683544303771, 0.4172784810126583], [0.05907594936708849, 0.3717088607594937, 0.0983164556962024, 0.4172784810126583], [0.14388607594936687, 0.445126582278481, 0.17426582278480984, 0.47424050632911396], [0.1755316455696202, 0.4489240506329114, 0.20591139240506318, 0.47803797468354436], [0.21224050632911373, 0.4793037974683545, 0.24008860759493655, 0.5122151898734177], [0.23629113924050626, 0.48183544303797465, 0.26287341772151884, 0.5109493670886076], [0.25907594936708855, 0.5096835443037975, 0.27806329113924055, 0.5286708860759495], [0.2755316455696203, 0.5096835443037975, 0.29831645569620246, 0.5286708860759495], [0.3122405063291137, 0.5008227848101265, 0.33249367088607584, 0.5223417721518988], [0.33249367088607584, 0.5033544303797468, 0.35148101265822773, 0.5261392405063291]], "class": 10}