{"image": "1e426650-7598-11ee-bd7c-fcb3bc5cd112.jpg", "bboxes": [[0.6572531645569623, 0.3257088607594938, 0.6939620253164558, 0.37127848101265826], [0.6116835443037976, 0.3257088607594938, 0.6509240506329115, 0.37127848101265826], [0.5357341772151901, 0.39912658227848097, 0.5661139240506332, 0.4282405063291139], [0.5040886075949368, 0.40292405063291137, 0.5344683544303798, 0.4320379746835443], [0.46991139240506347, 0.43330379746835446, 0.4977594936708863, 0.4662151898734178], [0.4471265822784811, 0.4358354430379746, 0.47370886075949376, 0.46494936708860757], [0.4319367088607595, 0.46368354430379743, 0.4509240506329114, 0.48267088607594943], [0.4116835443037976, 0.46368354430379743, 0.4344683544303797, 0.48267088607594943], [0.3775063291139242, 0.4548227848101266, 0.3977594936708863, 0.47634177215189877], [0.35851898734177223, 0.4573544303797469, 0.3775063291139242, 0.48013924050632906]], "class": 10}