{"image": "1e426650-7598-11ee-bd7c-fcb3bc5cd112.jpg", "bboxes": [[0.9297341772151901, 0.540759493670886, 0.9601139240506331, 0.569873417721519], [0.8980886075949368, 0.5369620253164556, 0.9284683544303798, 0.5660759493670886], [0.8639113924050634, 0.5027848101265822, 0.8917594936708862, 0.5356962025316455], [0.8411265822784811, 0.5040506329113924, 0.8677088607594937, 0.5331645569620254], [0.8259367088607595, 0.4863291139240506, 0.8449240506329114, 0.5053164556962025], [0.8056835443037976, 0.4863291139240506, 0.8284683544303797, 0.5053164556962025], [0.7715063291139241, 0.4926582278481012, 0.7917594936708863, 0.5141772151898735], [0.7525189873417722, 0.4888607594936709, 0.7715063291139241, 0.5116455696202531]], "class": 8}