{"image": "1e426650-7598-11ee-bd7c-fcb3bc5cd112.jpg", "bboxes": [[0.19503797468354422, 0.6117215189873417, 0.23174683544303776, 0.6572911392405063], [0.23807594936708842, 0.6117215189873417, 0.27731645569620245, 0.6572911392405063], [0.3228860759493668, 0.5547594936708861, 0.3532658227848099, 0.583873417721519], [0.35453164556962025, 0.5509620253164557, 0.3849113924050632, 0.5800759493670886], [0.39124050632911367, 0.5167848101265822, 0.4190886075949366, 0.5496962025316455], [0.4152911392405062, 0.5180506329113924, 0.4418734177215189, 0.5471645569620254], [0.4380759493670886, 0.5003291139240506, 0.4570632911392405, 0.5193164556962026], [0.45453164556962034, 0.5003291139240506, 0.4773164556962024, 0.5193164556962026], [0.49124050632911376, 0.5066582278481012, 0.5114936708860758, 0.5281772151898735], [0.5114936708860758, 0.5028607594936709, 0.5304810126582278, 0.5256455696202531]], "class": 10}