{"image": "1e426650-7598-11ee-bd7c-fcb3bc5cd112.jpg", "bboxes": [[0.5402531645569623, 0.3337088607594938, 0.5769620253164558, 0.37927848101265826], [0.4946835443037976, 0.3337088607594938, 0.5339240506329115, 0.37927848101265826], [0.41873417721519013, 0.407126582278481, 0.44911392405063316, 0.43624050632911393], [0.3870886075949368, 0.4109240506329114, 0.41746835443037983, 0.44003797468354433], [0.3529113924050635, 0.44130379746835446, 0.3807594936708863, 0.4742151898734178], [0.33012658227848113, 0.4438354430379746, 0.35670886075949376, 0.4729493670886076], [0.3149367088607595, 0.47168354430379744, 0.3339240506329114, 0.49067088607594944], [0.29468354430379756, 0.47168354430379744, 0.3174683544303797, 0.49067088607594944], [0.26050632911392413, 0.4628227848101265, 0.28075949367088626, 0.4843417721518988], [0.24151898734177224, 0.4653544303797469, 0.26050632911392413, 0.48813924050632906]], "class": 10}