{"image": "1e426650-7598-11ee-bd7c-fcb3bc5cd112.jpg", "bboxes": [[0.9659113924050634, 0.5397848101265822, 0.9937594936708863, 0.5726962025316455], [0.9431265822784811, 0.5410506329113924, 0.9697088607594937, 0.5701645569620254], [0.9279367088607595, 0.5233291139240506, 0.9469240506329114, 0.5423164556962026], [0.9076835443037976, 0.5233291139240506, 0.9304683544303797, 0.5423164556962026], [0.8735063291139241, 0.5296582278481012, 0.8937594936708863, 0.5511772151898734], [0.8545189873417722, 0.525860759493671, 0.8735063291139241, 0.5486455696202531]], "class": 6}