{"image": "1e426650-7598-11ee-bd7c-fcb3bc5cd112.jpg", "bboxes": [[0.9272531645569623, 0.5797215189873417, 0.9639620253164558, 0.6252911392405063], [0.8816835443037976, 0.5797215189873417, 0.9209240506329115, 0.6252911392405063], [0.8057341772151901, 0.522759493670886, 0.8361139240506331, 0.551873417721519], [0.7740886075949368, 0.5189620253164556, 0.8044683544303798, 0.5480759493670886], [0.7399113924050634, 0.4847848101265822, 0.7677594936708863, 0.5176962025316455], [0.7171265822784811, 0.48605063291139244, 0.7437088607594937, 0.5151645569620253], [0.7019367088607595, 0.4683291139240506, 0.7209240506329114, 0.4873164556962025], [0.6816835443037976, 0.4683291139240506, 0.7044683544303797, 0.4873164556962025], [0.6475063291139241, 0.4746582278481012, 0.6677594936708863, 0.49617721518987346], [0.6285189873417723, 0.4708607594936709, 0.6475063291139241, 0.49364556962025313]], "class": 10}