{"image": "1f0e4666-6b45-11ee-8b48-fcb3bc5cd112.jpg", "bboxes": [[0.28507317073170724, 0.3931219512195122, 0.31556097560975604, 0.4236097560975609], [0.05092682926829275, 0.4016585365853658, 0.07531707317073176, 0.4175121951219512], [0.07653658536585374, 0.40043902439024387, 0.09970731707317076, 0.41629268292682925]], "class": 3}