{"image": "1f0e4666-6b45-11ee-8b48-fcb3bc5cd112.jpg", "bboxes": [[0.6103414634146341, 0.6294634146341465, 0.6298536585365854, 0.6575121951219512], [0.5725365853658537, 0.6294634146341465, 0.6005853658536586, 0.6550731707317073], [0.7969268292682927, 0.6184878048780488, 0.8213170731707318, 0.6343414634146342], [0.8225365853658537, 0.6197073170731708, 0.8457073170731708, 0.6355609756097562]], "class": 4}