{"image": "1f0e4666-6b45-11ee-8b48-fcb3bc5cd112.jpg", "bboxes": [[0.13134146341463418, 0.41248780487804876, 0.1508536585365854, 0.4405365853658536], [0.09353658536585374, 0.41492682926829266, 0.12158536585365858, 0.4405365853658536], [0.5520731707317073, 0.4271219512195122, 0.5825609756097561, 0.45760975609756094], [0.31792682926829274, 0.4356585365853658, 0.34231707317073173, 0.45151219512195123], [0.34353658536585374, 0.43443902439024384, 0.3667073170731708, 0.4502926829268292]], "class": 5}