{"image": "1f0e4666-6b45-11ee-8b48-fcb3bc5cd112.jpg", "bboxes": [[0.7911463414634146, 0.38848780487804874, 0.8106585365853658, 0.41653658536585364], [0.8204146341463414, 0.39092682926829264, 0.8484634146341463, 0.41653658536585364], [0.359439024390244, 0.4031219512195122, 0.3899268292682927, 0.4336097560975609], [0.5996829268292683, 0.41165853658536583, 0.6240731707317073, 0.4275121951219512], [0.5752926829268292, 0.4104390243902438, 0.5984634146341463, 0.4262926829268292]], "class": 5}