{"image": "1f0e4666-6b45-11ee-8b48-fcb3bc5cd112.jpg", "bboxes": [[0.24307317073170726, 0.3591219512195122, 0.27356097560975606, 0.38960975609756093], [0.00892682926829275, 0.36765853658536585, 0.03331707317073176, 0.3835121951219512], [0.03453658536585374, 0.36643902439024384, 0.05770731707317077, 0.3822926829268292]], "class": 3}