{"image": "1f0e4666-6b45-11ee-8b48-fcb3bc5cd112.jpg", "bboxes": [[0.30607317073170726, 0.5753902439024391, 0.33656097560975606, 0.6058780487804878], [0.07192682926829275, 0.5814878048780487, 0.09631707317073177, 0.5973414634146341], [0.09753658536585375, 0.5827073170731707, 0.12070731707317077, 0.5985609756097561]], "class": 3}