{"image": "1f0e4666-6b45-11ee-8b48-fcb3bc5cd112.jpg", "bboxes": [[0.6674390243902439, 0.6043902439024391, 0.6979268292682927, 0.6348780487804878], [0.9076829268292682, 0.6104878048780488, 0.9320731707317073, 0.6263414634146343], [0.8832926829268293, 0.6117073170731708, 0.9064634146341463, 0.6275609756097562]], "class": 3}