{"image": "1f0e4666-6b45-11ee-8b48-fcb3bc5cd112.jpg", "bboxes": [[0.8431463414634146, 0.34248780487804875, 0.8626585365853658, 0.3705365853658536], [0.8724146341463415, 0.34492682926829266, 0.9004634146341463, 0.3705365853658536], [0.41143902439024393, 0.3571219512195122, 0.44192682926829274, 0.38760975609756093], [0.6516829268292683, 0.36565853658536585, 0.6760731707317073, 0.3815121951219512], [0.6272926829268293, 0.36443902439024384, 0.6504634146341463, 0.3802926829268292]], "class": 5}