{"image": "1f0e4666-6b45-11ee-8b48-fcb3bc5cd112.jpg", "bboxes": [[0.26334146341463416, 0.3614878048780487, 0.2828536585365854, 0.3895365853658536], [0.22553658536585375, 0.3639268292682926, 0.2535853658536586, 0.3895365853658536], [0.6840731707317073, 0.3761219512195122, 0.7145609756097561, 0.40660975609756095], [0.44992682926829275, 0.3846585365853658, 0.47431707317073174, 0.4005121951219512], [0.47553658536585375, 0.38343902439024385, 0.4987073170731708, 0.39929268292682923]], "class": 5}