{"image": "1fb787cb-759c-11ee-ab57-fcb3bc5cd112.jpg", "bboxes": [[0.36836708860759493, 0.4220632911392405, 0.4114050632911393, 0.4739620253164557], [0.33165822784810134, 0.437253164556962, 0.3759620253164558, 0.47775949367088605], [0.3101392405063292, 0.37649367088607594, 0.3443164556962025, 0.40434177215189876], [0.28355696202531644, 0.37775949367088607, 0.3126708860759494, 0.4119367088607595]], "class": 4}