{"image": "1fb787cb-759c-11ee-ab57-fcb3bc5cd112.jpg", "bboxes": [[0.20336708860759495, 0.5710379746835443, 0.2464050632911393, 0.6229367088607595], [0.16665822784810133, 0.5672405063291139, 0.21096202531645578, 0.607746835443038], [0.1451392405063292, 0.6406582278481012, 0.17931645569620253, 0.668506329113924], [0.11855696202531646, 0.6330632911392404, 0.1476708860759494, 0.6672405063291139]], "class": 4}