{"image": "1fb787cb-759c-11ee-ab57-fcb3bc5cd112.jpg", "bboxes": [[0.8125949367088607, 0.5110379746835443, 0.855632911392405, 0.5629367088607595], [0.8480379746835442, 0.5072405063291139, 0.8923417721518987, 0.5477468354430379], [0.8796835443037975, 0.5806582278481013, 0.9138607594936707, 0.6085063291139241], [0.9113291139240506, 0.5730632911392405, 0.9404430379746835, 0.607240506329114]], "class": 4}