{"image": "1fb787cb-759c-11ee-ab57-fcb3bc5cd112.jpg", "bboxes": [[0.4015949367088607, 0.4330632911392405, 0.444632911392405, 0.4849620253164557], [0.4370379746835442, 0.448253164556962, 0.48134177215189866, 0.48875949367088606], [0.46868354430379744, 0.38749367088607595, 0.5028607594936708, 0.4153417721518987], [0.5003291139240507, 0.3887594936708861, 0.5294430379746835, 0.4229367088607595]], "class": 4}