{"image": "1fb787cb-759c-11ee-ab57-fcb3bc5cd112.jpg", "bboxes": [[0.812367088607595, 0.3800632911392405, 0.8554050632911393, 0.4319620253164557], [0.7756582278481013, 0.395253164556962, 0.8199620253164558, 0.43575949367088607], [0.7541392405063292, 0.33449367088607596, 0.7883164556962026, 0.3623417721518987], [0.7275569620253165, 0.33575949367088603, 0.7566708860759493, 0.3699367088607595]], "class": 4}