{"image": "1fb787cb-759c-11ee-ab57-fcb3bc5cd112.jpg", "bboxes": [[0.37336708860759493, 0.3850632911392405, 0.4164050632911393, 0.4369620253164557], [0.33665822784810134, 0.400253164556962, 0.3809620253164558, 0.44075949367088607], [0.3151392405063292, 0.33949367088607596, 0.3493164556962025, 0.3673417721518987], [0.28855696202531644, 0.34075949367088604, 0.3176708860759494, 0.37493670886075947]], "class": 4}