{"image": "1fb787cb-759c-11ee-ab57-fcb3bc5cd112.jpg", "bboxes": [[0.26736708860759495, 0.5250379746835443, 0.3104050632911393, 0.5769367088607595], [0.23065822784810133, 0.5212405063291139, 0.27496202531645575, 0.5617468354430379], [0.2091392405063292, 0.5946582278481012, 0.24331645569620253, 0.6225063291139241], [0.18255696202531646, 0.5870632911392405, 0.2116708860759494, 0.621240506329114]], "class": 4}