{"image": "1fb787cb-759c-11ee-ab57-fcb3bc5cd112.jpg", "bboxes": [[0.34236708860759496, 0.5060379746835443, 0.3854050632911393, 0.5579367088607595], [0.3056582278481013, 0.502240506329114, 0.34996202531645576, 0.542746835443038], [0.2841392405063292, 0.5756582278481013, 0.31831645569620254, 0.603506329113924], [0.25755696202531647, 0.5680632911392405, 0.28667088607594937, 0.602240506329114]], "class": 4}