{"image": "1fb787cb-759c-11ee-ab57-fcb3bc5cd112.jpg", "bboxes": [[0.5925949367088608, 0.3840632911392405, 0.6356329113924051, 0.4359620253164557], [0.6280379746835443, 0.399253164556962, 0.6723417721518987, 0.43975949367088607], [0.6596835443037975, 0.33849367088607596, 0.6938607594936708, 0.3663417721518987], [0.6913291139240506, 0.33975949367088604, 0.7204430379746836, 0.37393670886075947]], "class": 4}