{"image": "1fb787cb-759c-11ee-ab57-fcb3bc5cd112.jpg", "bboxes": [[0.7995949367088607, 0.5700379746835442, 0.842632911392405, 0.6219367088607595], [0.8350379746835442, 0.5662405063291139, 0.8793417721518987, 0.606746835443038], [0.8666835443037975, 0.6396582278481013, 0.9008607594936708, 0.667506329113924], [0.8983291139240506, 0.6320632911392405, 0.9274430379746835, 0.6662405063291139]], "class": 4}