{"image": "1fb787cb-759c-11ee-ab57-fcb3bc5cd112.jpg", "bboxes": [[0.813367088607595, 0.4170632911392405, 0.8564050632911393, 0.4689620253164557], [0.7766582278481013, 0.432253164556962, 0.8209620253164558, 0.47275949367088604], [0.7551392405063292, 0.371493670886076, 0.7893164556962026, 0.39934177215189876], [0.7285569620253165, 0.37275949367088607, 0.7576708860759493, 0.4069367088607595]], "class": 4}