{"image": "1fc9ca50-6b44-11ee-a2ed-fcb3bc5cd112.jpg", "bboxes": [[0.5284878048780488, 0.47678048780487803, 0.5833658536585364, 0.5340975609756097], [0.4467804878048781, 0.48043902439024405, 0.49068292682926834, 0.5316585365853658]], "class": 2}