{"image": "1fc9ca50-6b44-11ee-a2ed-fcb3bc5cd112.jpg", "bboxes": [[0.5354878048780488, 0.4519024390243903, 0.5903658536585364, 0.509219512195122], [0.4537804878048781, 0.4543414634146342, 0.49768292682926835, 0.5055609756097559]], "class": 2}