{"image": "1fc9ca50-6b44-11ee-a2ed-fcb3bc5cd112.jpg", "bboxes": [[0.7044878048780487, 0.5277804878048781, 0.7593658536585365, 0.5850975609756097], [0.6227804878048782, 0.531439024390244, 0.6666829268292683, 0.5826585365853658]], "class": 2}