{"image": "1fc9ca50-6b44-11ee-a2ed-fcb3bc5cd112.jpg", "bboxes": [[0.5786341463414635, 0.531780487804878, 0.6335121951219512, 0.5890975609756096], [0.6713170731707316, 0.535439024390244, 0.7152195121951219, 0.5866585365853658]], "class": 2}