{"image": "1fc9ca50-6b44-11ee-a2ed-fcb3bc5cd112.jpg", "bboxes": [[0.6696341463414635, 0.467780487804878, 0.7245121951219512, 0.5250975609756097], [0.7623170731707316, 0.4714390243902441, 0.8062195121951219, 0.5226585365853659]], "class": 2}