{"image": "1fc9ca50-6b44-11ee-a2ed-fcb3bc5cd112.jpg", "bboxes": [[0.10248780487804879, 0.48090243902439034, 0.15736585365853648, 0.538219512195122], [0.020780487804878133, 0.48334146341463413, 0.06468292682926835, 0.5345609756097559]], "class": 2}