{"image": "1fc9ca50-6b44-11ee-a2ed-fcb3bc5cd112.jpg", "bboxes": [[0.4426341463414635, 0.48078048780487803, 0.4975121951219512, 0.5380975609756097], [0.5353170731707316, 0.48443902439024406, 0.5792195121951218, 0.5356585365853658]], "class": 2}