{"image": "1fc9ca50-6b44-11ee-a2ed-fcb3bc5cd112.jpg", "bboxes": [[0.2236341463414635, 0.468780487804878, 0.27851219512195124, 0.5260975609756097], [0.31631707317073166, 0.47243902439024404, 0.3602195121951218, 0.5236585365853659]], "class": 2}