{"image": "1fc9ca50-6b44-11ee-a2ed-fcb3bc5cd112.jpg", "bboxes": [[0.5724878048780488, 0.4239024390243903, 0.6273658536585365, 0.48121951219512193], [0.49078048780487815, 0.4263414634146342, 0.5346829268292683, 0.47756097560975597]], "class": 2}