{"image": "1fc9ca50-6b44-11ee-a2ed-fcb3bc5cd112.jpg", "bboxes": [[0.8164878048780488, 0.4269024390243903, 0.8713658536585365, 0.48421951219512194], [0.7347804878048781, 0.4293414634146342, 0.7786829268292683, 0.48056097560975597]], "class": 2}