{"image": "1fc9ca50-6b44-11ee-a2ed-fcb3bc5cd112.jpg", "bboxes": [[0.29548780487804877, 0.49678048780487805, 0.35036585365853645, 0.5540975609756097], [0.21378048780487813, 0.5004390243902441, 0.25768292682926836, 0.5516585365853658]], "class": 2}