{"image": "202bcb7e-7598-11ee-9538-fcb3bc5cd112.jpg", "bboxes": [[0.7516455696202533, 0.43005063291139245, 0.7946835443037976, 0.4591645569620254], [0.7212658227848103, 0.41865822784810136, 0.7554430379746836, 0.45410126582278487], [0.4858227848101267, 0.5047341772151899, 0.5225316455696204, 0.536379746835443], [0.4579746835443038, 0.49967088607594945, 0.49848101265822786, 0.5313164556962024], [0.3997468354430382, 0.5072658227848101, 0.4237974683544304, 0.5313164556962024], [0.3351898734177215, 0.5439746835443038, 0.36177215189873424, 0.5629620253164558], [0.32253164556962033, 0.5376455696202531, 0.34405063291139243, 0.5604303797468355]], "class": 7}