{"image": "202bcb7e-7598-11ee-9538-fcb3bc5cd112.jpg", "bboxes": [[0.9597468354430382, 0.4576835443037975, 0.9837974683544304, 0.4817341772151899], [0.8951898734177215, 0.4260379746835443, 0.9217721518987343, 0.4450253164556962], [0.8825316455696203, 0.42856962025316453, 0.9040506329113924, 0.4513544303797469]], "class": 3}