{"image": "202bcb7e-7598-11ee-9538-fcb3bc5cd112.jpg", "bboxes": [[0.8308227848101267, 0.5066202531645569, 0.8675316455696204, 0.53826582278481], [0.8029746835443038, 0.5116835443037975, 0.8434810126582278, 0.5433291139240506], [0.7447468354430382, 0.5116835443037975, 0.7687974683544304, 0.5357341772151899], [0.6801898734177215, 0.4800379746835443, 0.7067721518987342, 0.4990253164556962], [0.6675316455696203, 0.4825696202531645, 0.6890506329113925, 0.5053544303797469]], "class": 5}