{"image": "202bcb7e-7598-11ee-9538-fcb3bc5cd112.jpg", "bboxes": [[0.38431645569620243, 0.5518354430379746, 0.42735443037974663, 0.5809493670886076], [0.42355696202531634, 0.5568987341772151, 0.4577341772151897, 0.5923417721518986], [0.6564683544303795, 0.47462025316455697, 0.6931772151898733, 0.5062658227848101], [0.6805189873417721, 0.47968354430379745, 0.7210253164556961, 0.5113291139240506], [0.7552025316455696, 0.47968354430379745, 0.7792531645569618, 0.5037341772151899], [0.8172278481012658, 0.4480379746835443, 0.8438101265822785, 0.4670253164556962], [0.8349493670886076, 0.45056962025316455, 0.8564683544303797, 0.4733544303797469]], "class": 7}