{"image": "202bcb7e-7598-11ee-9538-fcb3bc5cd112.jpg", "bboxes": [[0.7146455696202534, 0.40905063291139243, 0.7576835443037976, 0.4381645569620254], [0.6842658227848103, 0.39765822784810134, 0.7184430379746837, 0.43310126582278485], [0.44882278481012666, 0.48373417721518985, 0.4855316455696204, 0.5153797468354431], [0.42097468354430384, 0.47867088607594943, 0.4614810126582279, 0.5103164556962025], [0.3627468354430382, 0.4862658227848101, 0.3867974683544304, 0.5103164556962025], [0.2981898734177215, 0.5229746835443038, 0.32477215189873426, 0.5419620253164557], [0.2855316455696203, 0.5166455696202532, 0.30705063291139245, 0.5394303797468354]], "class": 7}