{"image": "202bcb7e-7598-11ee-9538-fcb3bc5cd112.jpg", "bboxes": [[0.29031645569620246, 0.41305063291139243, 0.33335443037974666, 0.4421645569620254], [0.32955696202531637, 0.40165822784810135, 0.36373417721518964, 0.43710126582278486], [0.5624683544303796, 0.48773417721518986, 0.5991772151898733, 0.5193797468354431], [0.5865189873417721, 0.48267088607594943, 0.6270253164556961, 0.5143164556962025], [0.6612025316455696, 0.4902658227848101, 0.6852531645569617, 0.5143164556962025], [0.7232278481012657, 0.5269746835443038, 0.7498101265822785, 0.5459620253164557], [0.7409493670886076, 0.5206455696202531, 0.7624683544303796, 0.5434303797468354]], "class": 7}