{"image": "202bcb7e-7598-11ee-9538-fcb3bc5cd112.jpg", "bboxes": [[0.9889746835443038, 0.43968354430379747, 1.0, 0.4713291139240506], [0.9307468354430382, 0.43968354430379747, 0.9547974683544304, 0.4637341772151899], [0.8661898734177215, 0.4080379746835443, 0.8927721518987343, 0.4270253164556962], [0.8535316455696204, 0.41056962025316457, 0.8750506329113924, 0.43335443037974686]], "class": 4}