{"image": "202bcb7e-7598-11ee-9538-fcb3bc5cd112.jpg", "bboxes": [[0.16031645569620245, 0.3920506329113924, 0.20335443037974665, 0.42116455696202537], [0.19955696202531636, 0.3806582278481013, 0.23373417721518963, 0.41610126582278484], [0.43246835443037956, 0.46673417721518995, 0.4691772151898733, 0.49837974683544306], [0.4565189873417721, 0.4616708860759494, 0.49702531645569614, 0.4933164556962025], [0.5312025316455695, 0.4692658227848101, 0.5552531645569618, 0.4933164556962025], [0.5932278481012658, 0.5059746835443037, 0.6198101265822784, 0.5249620253164557], [0.6109493670886076, 0.4996455696202531, 0.6324683544303797, 0.5224303797468355]], "class": 7}