{"image": "202bcb7e-7598-11ee-9538-fcb3bc5cd112.jpg", "bboxes": [[0.8678227848101266, 0.47562025316455697, 0.9045316455696204, 0.5072658227848101], [0.8399746835443038, 0.48068354430379745, 0.8804810126582279, 0.5123291139240506], [0.7817468354430382, 0.48068354430379745, 0.8057974683544304, 0.5047341772151899], [0.7171898734177216, 0.4490379746835443, 0.7437721518987342, 0.4680253164556962], [0.7045316455696203, 0.45156962025316455, 0.7260506329113924, 0.4743544303797469]], "class": 5}