{"image": "202bcb7e-7598-11ee-9538-fcb3bc5cd112.jpg", "bboxes": [[0.0, 0.5558354430379746, 0.0013544303797466961, 0.5849493670886076], [0.0, 0.5608987341772151, 0.031734177215189674, 0.5963417721518987], [0.2304683544303796, 0.478620253164557, 0.26717721518987336, 0.5102658227848101], [0.25451898734177214, 0.48368354430379745, 0.2950253164556962, 0.5153291139240506], [0.32920253164556956, 0.48368354430379745, 0.35325316455696176, 0.5077341772151899], [0.39122784810126576, 0.4520379746835443, 0.41781012658227845, 0.47102531645569623], [0.4089493670886075, 0.45456962025316455, 0.4304683544303797, 0.4773544303797469]], "class": 7}