{"image": "202bcb7e-7598-11ee-9538-fcb3bc5cd112.jpg", "bboxes": [[0.16846835443037955, 0.5077341772151899, 0.2051772151898733, 0.5393797468354431], [0.19251898734177209, 0.5026708860759495, 0.23302531645569613, 0.5343164556962026], [0.2672025316455696, 0.51026582278481, 0.2912531645569618, 0.5343164556962026], [0.3292278481012657, 0.5469746835443038, 0.3558101265822785, 0.5659620253164557], [0.3469493670886076, 0.5406455696202531, 0.36846835443037973, 0.5634303797468354]], "class": 5}