{"image": "202bcb7e-7598-11ee-9538-fcb3bc5cd112.jpg", "bboxes": [[0.9076455696202533, 0.5748354430379746, 0.9506835443037975, 0.6039493670886076], [0.8772658227848104, 0.5798987341772152, 0.9114430379746836, 0.6153417721518987], [0.6418227848101267, 0.497620253164557, 0.6785316455696204, 0.52926582278481], [0.6139746835443038, 0.5026835443037975, 0.6544810126582279, 0.5343291139240506], [0.5557468354430382, 0.5026835443037975, 0.5797974683544304, 0.5267341772151899], [0.4911898734177215, 0.4710379746835443, 0.5177721518987343, 0.4900253164556962], [0.4785316455696203, 0.47356962025316457, 0.5000506329113924, 0.49635443037974686]], "class": 7}