{"image": "202bcb7e-7598-11ee-9538-fcb3bc5cd112.jpg", "bboxes": [[0.7816455696202533, 0.5718354430379746, 0.8246835443037976, 0.6009493670886076], [0.7512658227848104, 0.5768987341772152, 0.7854430379746836, 0.6123417721518987], [0.5158227848101267, 0.494620253164557, 0.5525316455696204, 0.52626582278481], [0.48797468354430384, 0.49968354430379747, 0.5284810126582279, 0.5313291139240506], [0.4297468354430382, 0.49968354430379747, 0.4537974683544304, 0.5237341772151899], [0.3651898734177215, 0.4680379746835443, 0.39177215189873427, 0.4870253164556962], [0.3525316455696203, 0.47056962025316457, 0.3740506329113924, 0.49335443037974686]], "class": 7}