{"image": "202bcb7e-7598-11ee-9538-fcb3bc5cd112.jpg", "bboxes": [[0.04446835443037955, 0.476620253164557, 0.08117721518987331, 0.5082658227848101], [0.06851898734177209, 0.48168354430379745, 0.10902531645569613, 0.5133291139240506], [0.14320253164556962, 0.48168354430379745, 0.16725316455696182, 0.5057341772151899], [0.2052278481012657, 0.4500379746835443, 0.2318101265822785, 0.46902531645569623], [0.22294936708860758, 0.45256962025316455, 0.24446835443037973, 0.4753544303797469]], "class": 5}