{"image": "202bcb7e-7598-11ee-9538-fcb3bc5cd112.jpg", "bboxes": [[0.7536455696202533, 0.3980506329113924, 0.7966835443037976, 0.4271645569620254], [0.7232658227848103, 0.38665822784810133, 0.7574430379746836, 0.42210126582278484], [0.4878227848101267, 0.47273417721518995, 0.5245316455696204, 0.504379746835443], [0.4599746835443038, 0.4676708860759494, 0.5004810126582279, 0.49931645569620253], [0.4017468354430382, 0.4752658227848101, 0.4257974683544304, 0.49931645569620253], [0.3371898734177215, 0.5119746835443038, 0.36377215189873424, 0.5309620253164558], [0.32453164556962033, 0.5056455696202531, 0.34605063291139243, 0.5284303797468355]], "class": 7}