{"image": "216dcede-759c-11ee-9d6a-fcb3bc5cd112.jpg", "bboxes": [[0.7106962025316457, 0.46587341772151897, 0.8031012658227848, 0.5405569620253164], [0.6461392405063293, 0.4734683544303797, 0.7347468354430382, 0.5494177215189874], [0.2309493670886077, 0.36713924050632907, 0.2904430379746836, 0.4228354430379747], [0.27778481012658246, 0.3633417721518987, 0.3347468354430382, 0.41777215189873423]], "class": 4}