{"image": "216dcede-759c-11ee-9d6a-fcb3bc5cd112.jpg", "bboxes": [[0.0, 0.4385822784810126, 0.023860759493670725, 0.5145316455696203], [0.3795569620253163, 0.5651645569620253, 0.43905063291139235, 0.6208607594936709], [0.33525316455696175, 0.5702278481012657, 0.3922151898734175, 0.6246582278481012]], "class": 3}