{"image": "216dcede-759c-11ee-9d6a-fcb3bc5cd112.jpg", "bboxes": [[0.8729493670886077, 0.42713924050632907, 0.9324430379746836, 0.4828354430379747], [0.9197848101265824, 0.4233417721518987, 0.9767468354430382, 0.47777215189873423]], "class": 2}