{"image": "216dcede-759c-11ee-9d6a-fcb3bc5cd112.jpg", "bboxes": [[0.0, 0.4545822784810126, 0.00786075949367071, 0.5305316455696203], [0.3635569620253164, 0.5811645569620253, 0.42305063291139233, 0.6368607594936709], [0.31925316455696184, 0.5862278481012657, 0.3762151898734175, 0.6406582278481012]], "class": 3}