{"image": "216dcede-759c-11ee-9d6a-fcb3bc5cd112.jpg", "bboxes": [[0.09389873417721517, 0.47087341772151897, 0.18630379746835435, 0.5455569620253164], [0.16225316455696182, 0.4784683544303797, 0.2508607594936707, 0.5544177215189874], [0.6065569620253164, 0.37213924050632907, 0.6660506329113923, 0.4278354430379747], [0.5622531645569617, 0.3683417721518987, 0.6192151898734175, 0.42277215189873424]], "class": 4}