{"image": "216dcede-759c-11ee-9d6a-fcb3bc5cd112.jpg", "bboxes": [[0.03389873417721512, 0.498873417721519, 0.1263037974683543, 0.5735569620253165], [0.10225316455696176, 0.5064683544303797, 0.19086075949367065, 0.5824177215189874], [0.5465569620253163, 0.4001392405063291, 0.6060506329113924, 0.4558354430379747], [0.5022531645569618, 0.39634177215189875, 0.5592151898734176, 0.45077215189873426]], "class": 4}