{"image": "216dcede-759c-11ee-9d6a-fcb3bc5cd112.jpg", "bboxes": [[0.6226962025316457, 0.46687341772151897, 0.7151012658227849, 0.5415569620253164], [0.5581392405063293, 0.4744683544303797, 0.6467468354430382, 0.5504177215189874], [0.1429493670886077, 0.36813924050632907, 0.20244303797468366, 0.4238354430379747], [0.18978481012658244, 0.3643417721518987, 0.24674683544303821, 0.41877215189873424]], "class": 4}