{"image": "216dcede-759c-11ee-9d6a-fcb3bc5cd112.jpg", "bboxes": [[0.07089873417721515, 0.4084430379746835, 0.16330379746835433, 0.48312658227848104], [0.1392531645569618, 0.3995822784810126, 0.22786075949367068, 0.47553164556962035], [0.5835569620253164, 0.5261645569620252, 0.6430506329113923, 0.5818607594936709], [0.5392531645569618, 0.5312278481012658, 0.5962151898734176, 0.5856582278481013]], "class": 4}