{"image": "216dcede-759c-11ee-9d6a-fcb3bc5cd112.jpg", "bboxes": [[0.12255696202531641, 0.5271645569620254, 0.18205063291139234, 0.5828607594936709], [0.07825316455696174, 0.5322278481012658, 0.13521518987341752, 0.5866582278481013]], "class": 2}