{"image": "216dcede-759c-11ee-9d6a-fcb3bc5cd112.jpg", "bboxes": [[0.17355696202531634, 0.5821645569620253, 0.23305063291139227, 0.6378607594936709], [0.12925316455696179, 0.5872278481012658, 0.18621518987341756, 0.6416582278481013]], "class": 2}