{"image": "216dcede-759c-11ee-9d6a-fcb3bc5cd112.jpg", "bboxes": [[0.06289873417721514, 0.5008734177215189, 0.15530379746835432, 0.5755569620253165], [0.1312531645569618, 0.5084683544303797, 0.21986075949367068, 0.5844177215189874], [0.5755569620253164, 0.4021392405063291, 0.6350506329113923, 0.4578354430379747], [0.5312531645569618, 0.39834177215189875, 0.5882151898734176, 0.45277215189873427]], "class": 4}