{"image": "2218d13d-7598-11ee-9314-fcb3bc5cd112.jpg", "bboxes": [[0.2512911392405063, 0.47088607594936704, 0.28926582278481006, 0.5113924050632911], [0.28926582278481006, 0.4658227848101265, 0.3335696202531644, 0.5075949367088608], [0.4082531645569618, 0.5075949367088608, 0.43989873417721514, 0.549367088607595], [0.43610126582278463, 0.5101265822784811, 0.4702784810126581, 0.5518987341772152], [0.5006582278481012, 0.46708860759493676, 0.5424303797468353, 0.5164556962025316], [0.5487594936708858, 0.47468354430379744, 0.5879999999999999, 0.5240506329113924]], "class": 6}