{"image": "2218d13d-7598-11ee-9314-fcb3bc5cd112.jpg", "bboxes": [[0.83773417721519, 0.49288607594936706, 0.8757088607594937, 0.5333924050632911], [0.7934303797468356, 0.48782278481012653, 0.83773417721519, 0.5295949367088608], [0.6871012658227849, 0.5295949367088608, 0.7187468354430382, 0.571367088607595], [0.6567215189873419, 0.5321265822784811, 0.6908987341772154, 0.5738987341772153], [0.5845696202531646, 0.4890886075949368, 0.6263417721518988, 0.5384556962025315], [0.5390000000000001, 0.49668354430379746, 0.5782405063291142, 0.5460506329113924]], "class": 6}