{"image": "2218d13d-7598-11ee-9314-fcb3bc5cd112.jpg", "bboxes": [[0.004759493670885795, 0.46294936708860757, 0.04399999999999993, 0.5123164556962025]], "class": 1}