{"image": "2218d13d-7598-11ee-9314-fcb3bc5cd112.jpg", "bboxes": [[0.0, 0.47108860759493676, 0.024430379746835373, 0.5204556962025316], [0.030759493670885818, 0.47868354430379745, 0.06999999999999984, 0.5280506329113924]], "class": 2}