{"image": "2218d13d-7598-11ee-9314-fcb3bc5cd112.jpg", "bboxes": [[0.2712911392405063, 0.5156075949367089, 0.3092658227848101, 0.556113924050633], [0.3092658227848101, 0.5194050632911392, 0.3535696202531644, 0.5611772151898734], [0.42825316455696183, 0.47763291139240505, 0.45989873417721516, 0.5194050632911392], [0.45610126582278465, 0.4751012658227848, 0.49027848101265814, 0.516873417721519], [0.5206582278481012, 0.5105443037974684, 0.5624303797468353, 0.5599113924050633], [0.5687594936708859, 0.5029493670886076, 0.6079999999999999, 0.5523164556962026]], "class": 6}