{"image": "2218d13d-7598-11ee-9314-fcb3bc5cd112.jpg", "bboxes": [[0.9871012658227849, 0.5245949367088608, 1.0, 0.5663670886075949], [0.9567215189873418, 0.527126582278481, 0.9908987341772154, 0.5688987341772151], [0.8845696202531647, 0.48408860759493677, 0.9263417721518988, 0.5334556962025316], [0.8390000000000001, 0.49168354430379746, 0.8782405063291142, 0.5410506329113924]], "class": 4}