{"image": "2218d13d-7598-11ee-9314-fcb3bc5cd112.jpg", "bboxes": [[0.3752911392405063, 0.5146075949367089, 0.41326582278481006, 0.555113924050633], [0.41326582278481006, 0.5184050632911392, 0.4575696202531644, 0.5601772151898734], [0.5322531645569618, 0.47663291139240505, 0.5638987341772151, 0.5184050632911392], [0.5601012658227846, 0.4741012658227848, 0.5942784810126582, 0.515873417721519], [0.6246582278481012, 0.5095443037974684, 0.6664303797468354, 0.5589113924050633], [0.6727594936708858, 0.5019493670886076, 0.712, 0.5513164556962026]], "class": 6}