{"image": "2218d13d-7598-11ee-9314-fcb3bc5cd112.jpg", "bboxes": [[0.4302911392405062, 0.49588607594936707, 0.4682658227848101, 0.5363924050632911], [0.4682658227848101, 0.49082278481012653, 0.5125696202531644, 0.5325949367088608], [0.5872531645569619, 0.5325949367088608, 0.6188987341772152, 0.5743670886075949], [0.6151012658227846, 0.535126582278481, 0.6492784810126582, 0.5768987341772152], [0.6796582278481011, 0.4920886075949368, 0.7214303797468353, 0.5414556962025316], [0.7277594936708858, 0.49968354430379747, 0.7669999999999999, 0.5490506329113924]], "class": 6}