{"image": "2218d13d-7598-11ee-9314-fcb3bc5cd112.jpg", "bboxes": [[0.34129113924050625, 0.47288607594936705, 0.37926582278481014, 0.5133924050632911], [0.37926582278481014, 0.4678227848101265, 0.42356962025316447, 0.5095949367088608], [0.4982531645569618, 0.5095949367088608, 0.5298987341772152, 0.551367088607595], [0.5261012658227846, 0.5121265822784811, 0.5602784810126582, 0.5538987341772152], [0.5906582278481012, 0.46908860759493676, 0.6324303797468354, 0.5184556962025316], [0.6387594936708858, 0.47668354430379745, 0.6779999999999999, 0.5260506329113924]], "class": 6}