{"image": "2218d13d-7598-11ee-9314-fcb3bc5cd112.jpg", "bboxes": [[0.0, 0.5006835443037975, 0.02399999999999991, 0.5500506329113924]], "class": 1}