{"image": "2218d13d-7598-11ee-9314-fcb3bc5cd112.jpg", "bboxes": [[0.6477341772151899, 0.47788607594936705, 0.6857088607594938, 0.5183924050632911], [0.6034303797468356, 0.4728227848101265, 0.6477341772151899, 0.5145949367088608], [0.49710126582278485, 0.5145949367088608, 0.5287468354430382, 0.5563670886075949], [0.4667215189873418, 0.517126582278481, 0.5008987341772154, 0.5588987341772151], [0.39456962025316467, 0.47408860759493676, 0.4363417721518988, 0.5234556962025316], [0.3490000000000001, 0.48168354430379745, 0.38824050632911417, 0.5310506329113924]], "class": 6}