{"image": "2218d13d-7598-11ee-9314-fcb3bc5cd112.jpg", "bboxes": [[0.9914303797468356, 0.5294050632911392, 1.0, 0.5711772151898734], [0.8851012658227848, 0.48763291139240506, 0.9167468354430383, 0.5294050632911392], [0.8547215189873418, 0.4851012658227848, 0.8888987341772153, 0.526873417721519], [0.7825696202531647, 0.5205443037974684, 0.8243417721518987, 0.5699113924050633], [0.7370000000000001, 0.5129493670886076, 0.7762405063291141, 0.5623164556962025]], "class": 5}