{"image": "2218d13d-7598-11ee-9314-fcb3bc5cd112.jpg", "bboxes": [[0.08129113924050624, 0.439886075949367, 0.11926582278481013, 0.48039240506329106], [0.11926582278481013, 0.4348227848101266, 0.16356962025316446, 0.4765949367088608], [0.23825316455696177, 0.4765949367088608, 0.2698987341772151, 0.518367088607595], [0.2661012658227846, 0.47912658227848104, 0.3002784810126582, 0.5208987341772152], [0.33065822784810117, 0.43608860759493673, 0.37243037974683535, 0.4854556962025316], [0.3787594936708858, 0.44368354430379753, 0.4179999999999999, 0.4930506329113924]], "class": 6}