{"image": "2218d13d-7598-11ee-9314-fcb3bc5cd112.jpg", "bboxes": [[0.0, 0.4654050632911392, 0.0035696202531644294, 0.5071772151898735], [0.07825316455696174, 0.42363291139240505, 0.10989873417721518, 0.4654050632911392], [0.10610126582278467, 0.4211012658227848, 0.14027848101265816, 0.46287341772151896], [0.17065822784810125, 0.4565443037974684, 0.21243037974683532, 0.5059113924050632], [0.21875949367088587, 0.44894936708860755, 0.2579999999999999, 0.49831645569620253]], "class": 5}