{"image": "23251c97-759c-11ee-8d21-fcb3bc5cd112.jpg", "bboxes": [[0.2628481012658228, 0.4789873417721519, 0.3261392405063293, 0.5435443037974684], [0.2160126582278483, 0.4865822784810126, 0.27170886075949374, 0.5486075949367089], [0.26158227848101273, 0.4169620253164557, 0.3058860759493673, 0.4650632911392405]], "class": 3}