{"image": "23251c97-759c-11ee-8d21-fcb3bc5cd112.jpg", "bboxes": [[0.35384810126582283, 0.4849873417721519, 0.41713924050632933, 0.5495443037974684], [0.3070126582278483, 0.4925822784810126, 0.36270886075949377, 0.5546075949367089], [0.35258227848101276, 0.4229620253164557, 0.3968860759493673, 0.4710632911392405]], "class": 3}