{"image": "23251c97-759c-11ee-8d21-fcb3bc5cd112.jpg", "bboxes": [[0.6108607594936707, 0.3864556962025316, 0.6741518987341772, 0.4510126582278481], [0.6652911392405063, 0.3813924050632911, 0.7209873417721517, 0.4434177215189874], [0.6311139240506327, 0.46493670886075944, 0.6754177215189873, 0.5130379746835443]], "class": 3}