{"image": "23251c97-759c-11ee-8d21-fcb3bc5cd112.jpg", "bboxes": [[0.24084810126582284, 0.4829873417721519, 0.3041392405063293, 0.5475443037974684], [0.1940126582278483, 0.4905822784810126, 0.24970886075949375, 0.5526075949367089], [0.23958227848101274, 0.4209620253164557, 0.2838860759493673, 0.4690632911392405]], "class": 3}