{"image": "23251c97-759c-11ee-8d21-fcb3bc5cd112.jpg", "bboxes": [[0.0, 0.5365822784810126, 0.037987341772151684, 0.5986075949367089]], "class": 1}