{"image": "23251c97-759c-11ee-8d21-fcb3bc5cd112.jpg", "bboxes": [[0.0, 0.5549873417721519, 0.010151898734177212, 0.6195443037974684], [0.0012911392405062783, 0.5625822784810126, 0.0569873417721517, 0.6246075949367089], [0.0, 0.4929620253164557, 0.011417721518987234, 0.5410632911392405]], "class": 3}