{"image": "23251c97-759c-11ee-8d21-fcb3bc5cd112.jpg", "bboxes": [[0.9048481012658228, 0.43745569620253166, 0.9681392405063293, 0.5020126582278481], [0.8580126582278483, 0.43239240506329113, 0.9137088607594938, 0.49441772151898733], [0.9035822784810127, 0.5159367088607595, 0.9478860759493672, 0.5640379746835442]], "class": 3}