{"image": "23251c97-759c-11ee-8d21-fcb3bc5cd112.jpg", "bboxes": [[0.17386075949367064, 0.5489873417721519, 0.2371518987341772, 0.6135443037974684], [0.22829113924050626, 0.5565822784810126, 0.2839873417721517, 0.6186075949367089], [0.19411392405063266, 0.4869620253164557, 0.2384177215189872, 0.5350632911392406]], "class": 3}