{"image": "23251c97-759c-11ee-8d21-fcb3bc5cd112.jpg", "bboxes": [[0.5048481012658228, 0.42545569620253165, 0.5681392405063294, 0.4900126582278481], [0.4580126582278483, 0.4203924050632911, 0.5137088607594937, 0.48241772151898743], [0.5035822784810128, 0.5039367088607595, 0.5478860759493673, 0.5520379746835443]], "class": 3}