{"image": "23251c97-759c-11ee-8d21-fcb3bc5cd112.jpg", "bboxes": [[0.07786075949367066, 0.5529873417721519, 0.14115189873417722, 0.6175443037974684], [0.13229113924050628, 0.5605822784810126, 0.1879873417721517, 0.6226075949367089], [0.09811392405063268, 0.4909620253164557, 0.14241772151898724, 0.5390632911392405]], "class": 3}