{"image": "23fae508-7598-11ee-b400-fcb3bc5cd112.jpg", "bboxes": [[0.7872151898734178, 0.4694050632911392, 0.8505063291139243, 0.5301645569620254], [0.7264556962025317, 0.4719367088607595, 0.7960759493670887, 0.5415569620253164], [0.6416455696202532, 0.4643417721518987, 0.6922784810126583, 0.5225696202531646], [0.6011392405063292, 0.4681392405063291, 0.650506329113924, 0.5187721518987342], [0.4720253164556963, 0.46687341772151897, 0.5340506329113924, 0.5225696202531646], [0.4188607594936709, 0.4656075949367089, 0.47708860759493676, 0.5263670886075948]], "class": 6}