{"image": "23fae508-7598-11ee-b400-fcb3bc5cd112.jpg", "bboxes": [[0.04851898734177207, 0.15607594936708857, 0.1548481012658226, 0.2662025316455696], [0.14978481012658218, 0.1687341772151899, 0.26624050632911367, 0.2763291139240506], [0.3320632911392404, 0.3029113924050634, 0.4016835443037974, 0.3813924050632911], [0.5864936708860757, 0.4168354430379746, 0.6497848101265822, 0.4775949367088608], [0.6409240506329112, 0.4054430379746835, 0.7105443037974682, 0.4750632911392405], [0.7447215189873417, 0.4244303797468355, 0.7953544303797467, 0.4826582278481013], [0.7864936708860759, 0.4282278481012659, 0.8358607594936708, 0.4788607594936709], [0.9029493670886075, 0.4244303797468355, 0.9649746835443037, 0.48012658227848104], [0.9599113924050632, 0.4206329113924052, 1.0, 0.48139240506329106]], "class": 9}