{"image": "23fae508-7598-11ee-b400-fcb3bc5cd112.jpg", "bboxes": [[0.8621518987341774, 0.1940759493670886, 0.9684810126582278, 0.30420253164556954], [0.7507594936708862, 0.20673417721518994, 0.8672151898734178, 0.3143291139240506], [0.6153164556962026, 0.3409113924050633, 0.6849367088607596, 0.4193924050632911], [0.3672151898734178, 0.45483544303797463, 0.4305063291139243, 0.5155949367088608], [0.3064556962025317, 0.44344303797468354, 0.3760759493670887, 0.5130632911392405], [0.22164556962025325, 0.46243037974683543, 0.2722784810126583, 0.5206582278481013], [0.1811392405063292, 0.46622784810126583, 0.23050632911392405, 0.5168607594936709], [0.05202531645569627, 0.46243037974683543, 0.11405063291139243, 0.5181265822784811], [0.0, 0.45863291139240514, 0.05708860759493677, 0.5193924050632911]], "class": 9}