{"image": "23fae508-7598-11ee-b400-fcb3bc5cd112.jpg", "bboxes": [[0.9771518987341774, 0.1860759493670886, 1.0, 0.29620253164556964], [0.8657594936708863, 0.19873417721518993, 0.9822151898734178, 0.3063291139240506], [0.7303164556962026, 0.3329113924050633, 0.7999367088607596, 0.4113924050632911], [0.48221518987341777, 0.4468354430379746, 0.5455063291139243, 0.5075949367088608], [0.4214556962025317, 0.43544303797468353, 0.4910759493670887, 0.5050632911392405], [0.3366455696202532, 0.4544303797468354, 0.38727848101265827, 0.5126582278481013], [0.2961392405063292, 0.4582278481012658, 0.34550632911392404, 0.5088607594936709], [0.16702531645569627, 0.4544303797468354, 0.22905063291139244, 0.5101265822784811], [0.11386075949367092, 0.45063291139240513, 0.17208860759493677, 0.5113924050632911]], "class": 9}