{"image": "23fae508-7598-11ee-b400-fcb3bc5cd112.jpg", "bboxes": [[0.9203164556962027, 0.3369113924050633, 0.9899367088607596, 0.4153924050632911], [0.6722151898734178, 0.4508354430379746, 0.7355063291139242, 0.5115949367088608], [0.6114556962025317, 0.43944303797468354, 0.6810759493670887, 0.5090632911392405], [0.5266455696202532, 0.4584303797468354, 0.5772784810126583, 0.5166582278481013], [0.48613924050632923, 0.4622278481012658, 0.535506329113924, 0.5128607594936709], [0.3570253164556963, 0.4584303797468354, 0.41905063291139244, 0.5141265822784811], [0.3038607594936709, 0.45463291139240514, 0.3620886075949368, 0.5153924050632911]], "class": 7}