{"image": "23fae508-7598-11ee-b400-fcb3bc5cd112.jpg", "bboxes": [[0.3265189873417721, 0.7437974683544304, 0.4328481012658226, 0.8539240506329114], [0.4277848101265822, 0.7336708860759494, 0.5442405063291137, 0.8412658227848101], [0.6100632911392404, 0.6286075949367089, 0.6796835443037974, 0.7070886075949366], [0.8644936708860758, 0.5324050632911392, 0.9277848101265822, 0.5931645569620254], [0.9189240506329113, 0.5349367088607595, 0.9885443037974683, 0.6045569620253165]], "class": 5}