{"image": "23fae508-7598-11ee-b400-fcb3bc5cd112.jpg", "bboxes": [[0.0, 0.5736075949367089, 0.0026835443037973583, 0.6520886075949367], [0.18749367088607571, 0.4774050632911392, 0.25078481012658227, 0.5381645569620254], [0.24192405063291134, 0.4799367088607595, 0.3115443037974682, 0.5495569620253165], [0.3457215189873417, 0.47234177215189865, 0.3963544303797467, 0.5305696202531646], [0.387493670886076, 0.4761392405063291, 0.43686075949367076, 0.5267721518987342], [0.5039493670886075, 0.474873417721519, 0.5659746835443038, 0.5305696202531646], [0.5609113924050633, 0.4736075949367089, 0.6191392405063291, 0.5343670886075949]], "class": 7}