{"image": "23fae508-7598-11ee-b400-fcb3bc5cd112.jpg", "bboxes": [[0.10449367088607575, 0.4498354430379746, 0.1677848101265822, 0.5105949367088608], [0.15892405063291126, 0.43844303797468354, 0.22854430379746826, 0.5080632911392404], [0.26272151898734175, 0.4574303797468354, 0.31335443037974675, 0.5156582278481013], [0.30449367088607593, 0.4612278481012658, 0.3538607594936708, 0.5118607594936709], [0.42094936708860753, 0.4574303797468354, 0.48297468354430373, 0.513126582278481], [0.4779113924050632, 0.45363291139240514, 0.5361392405063291, 0.5143924050632911]], "class": 6}