{"image": "23fae508-7598-11ee-b400-fcb3bc5cd112.jpg", "bboxes": [[0.0, 0.7357974683544304, 0.09784810126582255, 0.8459240506329114], [0.09278481012658224, 0.7256708860759494, 0.20924050632911373, 0.8332658227848101], [0.27506329113924044, 0.6206075949367089, 0.34468354430379733, 0.6990886075949366], [0.5294936708860758, 0.5244050632911392, 0.5927848101265822, 0.5851645569620254], [0.5839240506329113, 0.5269367088607595, 0.6535443037974682, 0.5965569620253165], [0.6877215189873417, 0.5193417721518987, 0.7383544303797467, 0.5775696202531645], [0.729493670886076, 0.5231392405063291, 0.7788607594936707, 0.5737721518987341], [0.8459493670886076, 0.521873417721519, 0.9079746835443038, 0.5775696202531645], [0.9029113924050632, 0.5206075949367089, 0.961139240506329, 0.5813670886075948]], "class": 9}