{"image": "245966d8-759d-11ee-9d33-fcb3bc5cd112.jpg", "bboxes": [[0.6869493670886077, 0.5036835443037975, 0.7337848101265824, 0.5505189873417722], [0.7236582278481013, 0.5100126582278481, 0.7628987341772152, 0.5568481012658228]], "class": 2}