{"image": "245966d8-759d-11ee-9d33-fcb3bc5cd112.jpg", "bboxes": [[0.4432151898734177, 0.47268354430379744, 0.4900506329113923, 0.519518987341772], [0.4141012658227847, 0.4790126582278481, 0.45334177215189864, 0.5258481012658228]], "class": 2}