{"image": "245966d8-759d-11ee-9d33-fcb3bc5cd112.jpg", "bboxes": [[0.4189493670886077, 0.47268354430379744, 0.46578481012658235, 0.519518987341772], [0.45565822784810134, 0.4790126582278481, 0.49489873417721525, 0.5258481012658228]], "class": 2}