{"image": "245966d8-759d-11ee-9d33-fcb3bc5cd112.jpg", "bboxes": [[0.18321518987341767, 0.48368354430379745, 0.23005063291139227, 0.5305189873417722], [0.15410126582278472, 0.4900126582278481, 0.19334177215189863, 0.5368481012658228]], "class": 2}