{"image": "245966d8-759d-11ee-9d33-fcb3bc5cd112.jpg", "bboxes": [[0.4889493670886077, 0.5054810126582279, 0.5357848101265823, 0.5523164556962026], [0.5256582278481013, 0.49915189873417715, 0.5648987341772153, 0.5459873417721519]], "class": 2}