{"image": "245966d8-759d-11ee-9d33-fcb3bc5cd112.jpg", "bboxes": [[0.3712151898734176, 0.4494810126582279, 0.41805063291139233, 0.49631645569620253], [0.3421012658227848, 0.44315189873417715, 0.3813417721518987, 0.4899873417721519]], "class": 2}