{"image": "245966d8-759d-11ee-9d33-fcb3bc5cd112.jpg", "bboxes": [[0.0, 0.46215189873417717, 0.020898734177215262, 0.5089873417721519]], "class": 1}