{"image": "245966d8-759d-11ee-9d33-fcb3bc5cd112.jpg", "bboxes": [[0.5662151898734177, 0.4844810126582279, 0.6130506329113923, 0.5313164556962026], [0.5371012658227847, 0.4781518987341772, 0.5763417721518986, 0.5249873417721519]], "class": 2}