{"image": "245966d8-759d-11ee-9d33-fcb3bc5cd112.jpg", "bboxes": [[0.32594936708860767, 0.5076835443037975, 0.3727848101265823, 0.5545189873417722], [0.3626582278481013, 0.5140126582278481, 0.4018987341772153, 0.5608481012658229]], "class": 2}