{"image": "245966d8-759d-11ee-9d33-fcb3bc5cd112.jpg", "bboxes": [[0.5822151898734177, 0.4804810126582279, 0.6290506329113923, 0.5273164556962026], [0.5531012658227847, 0.4741518987341772, 0.5923417721518986, 0.5209873417721519]], "class": 2}