{"image": "245966d8-759d-11ee-9d33-fcb3bc5cd112.jpg", "bboxes": [[0.3092151898734177, 0.5076835443037975, 0.3560506329113923, 0.5545189873417722], [0.2801012658227847, 0.5140126582278481, 0.31934177215189863, 0.5608481012658229]], "class": 2}