{"image": "245966d8-759d-11ee-9d33-fcb3bc5cd112.jpg", "bboxes": [[0.16821518987341766, 0.46668354430379744, 0.21505063291139226, 0.513518987341772], [0.1391012658227847, 0.4730126582278481, 0.17834177215189873, 0.5198481012658228]], "class": 2}