{"image": "245966d8-759d-11ee-9d33-fcb3bc5cd112.jpg", "bboxes": [[0.6179493670886077, 0.4704810126582279, 0.6647848101265823, 0.5173164556962025], [0.6546582278481013, 0.46415189873417717, 0.6938987341772153, 0.5109873417721519]], "class": 2}