{"image": "24e33720-759c-11ee-bdd7-fcb3bc5cd112.jpg", "bboxes": [[0.6567468354430382, 0.4302405063291139, 0.6921898734177216, 0.46062025316455696], [0.6288987341772154, 0.43150632911392406, 0.6618101265822786, 0.4694810126582279], [0.6175063291139241, 0.48846835443037967, 0.6605443037974685, 0.5327721518987342], [0.5833291139240507, 0.480873417721519, 0.6238354430379747, 0.5289746835443038]], "class": 4}