{"image": "24e33720-759c-11ee-bdd7-fcb3bc5cd112.jpg", "bboxes": [[0.7778101265822783, 0.44124050632911394, 0.8132531645569618, 0.47162025316455697], [0.8081898734177214, 0.442506329113924, 0.8411012658227847, 0.4804810126582279], [0.8094556962025314, 0.4994683544303797, 0.8524936708860759, 0.5437721518987342], [0.8461645569620253, 0.491873417721519, 0.8866708860759492, 0.5399746835443038]], "class": 4}