{"image": "24e33720-759c-11ee-bdd7-fcb3bc5cd112.jpg", "bboxes": [[0.3678101265822784, 0.5293797468354431, 0.4032531645569618, 0.5597594936708861], [0.3981898734177214, 0.5205189873417722, 0.43110126582278463, 0.5584936708860759], [0.3994556962025315, 0.4572278481012658, 0.44249367088607583, 0.5015316455696204], [0.4361645569620254, 0.4610253164556962, 0.4766708860759493, 0.509126582278481]], "class": 4}