{"image": "24e33720-759c-11ee-bdd7-fcb3bc5cd112.jpg", "bboxes": [[0.7258101265822784, 0.49237974683544306, 0.7612531645569618, 0.522759493670886], [0.7561898734177214, 0.4835189873417721, 0.7891012658227846, 0.521493670886076], [0.7574556962025315, 0.4202278481012659, 0.8004936708860758, 0.46453164556962034], [0.7941645569620254, 0.4240253164556963, 0.8346708860759493, 0.47212658227848103]], "class": 4}