{"image": "24e33720-759c-11ee-bdd7-fcb3bc5cd112.jpg", "bboxes": [[0.08581012658227838, 0.558379746835443, 0.12125316455696178, 0.588759493670886], [0.11618987341772136, 0.5495189873417721, 0.1491012658227846, 0.587493670886076], [0.11745569620253149, 0.48622784810126585, 0.1604936708860758, 0.5305316455696203], [0.15416455696202536, 0.49002531645569625, 0.1946708860759493, 0.5381265822784811]], "class": 4}