{"image": "24e33720-759c-11ee-bdd7-fcb3bc5cd112.jpg", "bboxes": [[0.2517468354430382, 0.46324050632911395, 0.2871898734177216, 0.493620253164557], [0.22389873417721537, 0.46450632911392403, 0.2568101265822786, 0.5024810126582279], [0.21250632911392414, 0.5214683544303796, 0.2555443037974685, 0.5657721518987341], [0.1783291139240507, 0.513873417721519, 0.21883544303797464, 0.5619746835443037]], "class": 4}