{"image": "24e33720-759c-11ee-bdd7-fcb3bc5cd112.jpg", "bboxes": [[0.011810126582278424, 0.5493797468354431, 0.047253164556961824, 0.5797594936708861], [0.0421898734177214, 0.5405189873417722, 0.07510126582278465, 0.578493670886076], [0.043455696202531535, 0.47722784810126584, 0.08649367088607585, 0.5215316455696203], [0.0801645569620254, 0.48102531645569624, 0.12067088607594934, 0.529126582278481]], "class": 4}