{"image": "24e33720-759c-11ee-bdd7-fcb3bc5cd112.jpg", "bboxes": [[0.4237468354430382, 0.43424050632911393, 0.4591898734177216, 0.46462025316455696], [0.3958987341772154, 0.43550632911392406, 0.4288101265822786, 0.4734810126582279], [0.38450632911392413, 0.4924683544303797, 0.4275443037974685, 0.5367721518987342], [0.3503291139240507, 0.484873417721519, 0.39083544303797463, 0.5329746835443038]], "class": 4}