{"image": "24e33720-759c-11ee-bdd7-fcb3bc5cd112.jpg", "bboxes": [[0.2877468354430382, 0.5013797468354431, 0.32318987341772165, 0.531759493670886], [0.2598987341772154, 0.49251898734177213, 0.2928101265822786, 0.5304936708860759], [0.24850632911392415, 0.4292278481012659, 0.2915443037974685, 0.47353164556962035], [0.2143291139240507, 0.4330253164556963, 0.2548354430379746, 0.48112658227848104]], "class": 4}