{"image": "24e33720-759c-11ee-bdd7-fcb3bc5cd112.jpg", "bboxes": [[0.2257468354430382, 0.4262405063291139, 0.26118987341772165, 0.45662025316455696], [0.19789873417721537, 0.42750632911392406, 0.2308101265822786, 0.4654810126582279], [0.18650632911392415, 0.48446835443037967, 0.2295443037974685, 0.5287721518987342], [0.1523291139240507, 0.476873417721519, 0.19283544303797465, 0.5249746835443038]], "class": 4}