{"image": "24e33720-759c-11ee-bdd7-fcb3bc5cd112.jpg", "bboxes": [[0.8428101265822784, 0.558379746835443, 0.8782531645569618, 0.588759493670886], [0.8731898734177214, 0.5495189873417721, 0.9061012658227846, 0.587493670886076], [0.8744556962025315, 0.48622784810126585, 0.9174936708860758, 0.5305316455696203], [0.9111645569620254, 0.49002531645569625, 0.9516708860759493, 0.5381265822784811]], "class": 4}