{"image": "24e33720-759c-11ee-bdd7-fcb3bc5cd112.jpg", "bboxes": [[0.7698101265822783, 0.561379746835443, 0.8052531645569618, 0.5917594936708861], [0.8001898734177214, 0.5525189873417722, 0.8331012658227847, 0.590493670886076], [0.8014556962025314, 0.48922784810126585, 0.8444936708860759, 0.5335316455696203], [0.8381645569620253, 0.49302531645569625, 0.8786708860759493, 0.541126582278481]], "class": 4}