{"image": "24e33720-759c-11ee-bdd7-fcb3bc5cd112.jpg", "bboxes": [[0.7177468354430382, 0.5453797468354431, 0.7531898734177216, 0.5757594936708861], [0.6898987341772154, 0.5365189873417722, 0.7228101265822786, 0.574493670886076], [0.6785063291139242, 0.47322784810126584, 0.7215443037974685, 0.5175316455696204], [0.6443291139240507, 0.47702531645569624, 0.6848354430379746, 0.525126582278481]], "class": 4}