{"image": "24e33720-759c-11ee-bdd7-fcb3bc5cd112.jpg", "bboxes": [[0.7337468354430382, 0.5493797468354431, 0.7691898734177216, 0.5797594936708861], [0.7058987341772154, 0.5405189873417722, 0.7388101265822786, 0.578493670886076], [0.6945063291139242, 0.47722784810126584, 0.7375443037974685, 0.5215316455696203], [0.6603291139240507, 0.48102531645569624, 0.7008354430379746, 0.529126582278481]], "class": 4}