{"image": "24e33720-759c-11ee-bdd7-fcb3bc5cd112.jpg", "bboxes": [[0.6887468354430382, 0.522379746835443, 0.7241898734177217, 0.5527594936708861], [0.6608987341772153, 0.513518987341772, 0.6938101265822786, 0.551493670886076], [0.6495063291139241, 0.4502278481012658, 0.6925443037974685, 0.49453164556962026], [0.6153291139240508, 0.4540253164556962, 0.6558354430379747, 0.5021265822784811]], "class": 4}