{"image": "24e33720-759c-11ee-bdd7-fcb3bc5cd112.jpg", "bboxes": [[0.7207468354430382, 0.524379746835443, 0.7561898734177216, 0.5547594936708861], [0.6928987341772154, 0.515518987341772, 0.7258101265822786, 0.553493670886076], [0.6815063291139242, 0.4522278481012658, 0.7245443037974685, 0.49653164556962026], [0.6473291139240507, 0.4560253164556962, 0.6878354430379746, 0.5041265822784811]], "class": 4}