{"image": "24e33720-759c-11ee-bdd7-fcb3bc5cd112.jpg", "bboxes": [[0.3858101265822784, 0.546379746835443, 0.4212531645569618, 0.5767594936708861], [0.4161898734177214, 0.5375189873417721, 0.44910126582278465, 0.575493670886076], [0.41745569620253153, 0.47422784810126584, 0.46049367088607585, 0.5185316455696203], [0.4541645569620254, 0.47802531645569624, 0.49467088607594933, 0.5261265822784811]], "class": 4}