{"image": "24e33720-759c-11ee-bdd7-fcb3bc5cd112.jpg", "bboxes": [[0.07174683544303821, 0.41624050632911397, 0.10718987341772163, 0.44662025316455695], [0.043898734177215376, 0.41750632911392405, 0.07681012658227859, 0.4554810126582279], [0.032506329113924155, 0.4744683544303797, 0.0755443037974685, 0.5187721518987342], [0.0, 0.46687341772151897, 0.03883544303797464, 0.5149746835443038]], "class": 4}