{"image": "24e33720-759c-11ee-bdd7-fcb3bc5cd112.jpg", "bboxes": [[0.9607468354430382, 0.49837974683544306, 0.9961898734177216, 0.528759493670886], [0.9328987341772154, 0.4895189873417721, 0.9658101265822786, 0.527493670886076], [0.9215063291139242, 0.4262278481012659, 0.9645443037974685, 0.47053164556962035], [0.8873291139240507, 0.4300253164556963, 0.9278354430379746, 0.47812658227848104]], "class": 4}