{"image": "25ca353d-759d-11ee-842b-fcb3bc5cd112.jpg", "bboxes": [[0.8085949367088607, 0.37321518987341773, 0.8680886075949367, 0.4542278481012658], [0.8592278481012657, 0.37827848101265826, 0.921253164556962, 0.45549367088607595]], "class": 2}