{"image": "25ca353d-759d-11ee-842b-fcb3bc5cd112.jpg", "bboxes": [[0.0, 0.5237721518987342, 0.006405063291139299, 0.6047848101265823]], "class": 1}