{"image": "25ca915f-7598-11ee-b9c2-fcb3bc5cd112.jpg", "bboxes": [[0.0, 0.43755696202531646, 0.0402911392405062, 0.5135063291139241], [0.0440886075949366, 0.442620253164557, 0.1099113924050632, 0.5173037974683544], [0.17446835443037967, 0.5881898734177216, 0.22383544303797465, 0.6337594936708861], [0.22383544303797465, 0.5805949367088608, 0.26307594936708856, 0.632493670886076], [0.36434177215189867, 0.5084430379746836, 0.4187721518987342, 0.573], [0.41117721518987327, 0.5109746835443039, 0.466873417721519, 0.5780632911392405], [0.29472151898734167, 0.6413544303797468, 0.3352278481012657, 0.6843924050632912], [0.327632911392405, 0.6362911392405063, 0.36813924050632907, 0.6793291139240507]], "class": 8}