{"image": "25ca915f-7598-11ee-b9c2-fcb3bc5cd112.jpg", "bboxes": [[0.8665443037974685, 0.2218101265822785, 1.0, 0.3724430379746836], [0.9893291139240508, 0.23193670886075946, 1.0, 0.3737088607594937], [0.31970886075949373, 0.5015569620253164, 0.3792025316455697, 0.5775063291139241], [0.2500886075949368, 0.5066202531645569, 0.31591139240506344, 0.5813037974683544], [0.13616455696202537, 0.6521898734177215, 0.18553164556962032, 0.6977594936708861], [0.09692405063291142, 0.6445949367088608, 0.13616455696202537, 0.6964936708860759], [0.02477215189873425, 0.7053544303797468, 0.06527848101265829, 0.7483924050632912], [0.0, 0.7002911392405062, 0.03236708860759495, 0.7433291139240507]], "class": 8}