{"image": "25ca353d-759d-11ee-842b-fcb3bc5cd112.jpg", "bboxes": [[0.46859493670886065, 0.38821518987341774, 0.5280886075949367, 0.46922784810126583], [0.5192278481012658, 0.3932784810126583, 0.5812531645569621, 0.47049367088607597]], "class": 2}