{"image": "25ca353d-759d-11ee-842b-fcb3bc5cd112.jpg", "bboxes": [[0.2745949367088607, 0.5757721518987341, 0.33408860759493664, 0.6567848101265822], [0.3252278481012657, 0.5745063291139241, 0.387253164556962, 0.6517215189873418]], "class": 2}