{"image": "25ca353d-759d-11ee-842b-fcb3bc5cd112.jpg", "bboxes": [[0.06691139240506334, 0.40621518987341776, 0.1264050632911393, 0.48722784810126585], [0.01374683544303798, 0.4112784810126583, 0.07577215189873425, 0.488493670886076]], "class": 2}