{"image": "25ca915f-7598-11ee-b9c2-fcb3bc5cd112.jpg", "bboxes": [[0.7057088607594938, 0.4485569620253165, 0.7652025316455697, 0.524506329113924], [0.6360886075949368, 0.453620253164557, 0.7019113924050635, 0.5283037974683544], [0.5221645569620254, 0.5991898734177215, 0.5715316455696203, 0.644759493670886], [0.48292405063291144, 0.5915949367088608, 0.5221645569620254, 0.6434936708860759], [0.3272278481012659, 0.5194430379746835, 0.38165822784810133, 0.5840000000000001], [0.27912658227848103, 0.5219746835443038, 0.3348227848101267, 0.5890632911392405], [0.41077215189873423, 0.6523544303797468, 0.4512784810126583, 0.6953924050632911], [0.37786075949367093, 0.6472911392405063, 0.418367088607595, 0.6903291139240506]], "class": 8}