{"image": "25ca915f-7598-11ee-b9c2-fcb3bc5cd112.jpg", "bboxes": [[0.45579746835443025, 0.43555696202531646, 0.5152911392405062, 0.5115063291139241], [0.5190886075949366, 0.440620253164557, 0.5849113924050633, 0.5153037974683544], [0.6494683544303796, 0.5861898734177216, 0.6988354430379746, 0.6317594936708861], [0.6988354430379746, 0.5785949367088608, 0.7380759493670885, 0.630493670886076], [0.8393417721518986, 0.5064430379746836, 0.8937721518987342, 0.571], [0.8861772151898734, 0.5089746835443039, 0.941873417721519, 0.5760632911392405], [0.7697215189873416, 0.6393544303797468, 0.8102278481012657, 0.6823924050632912], [0.8026329113924051, 0.6342911392405063, 0.8431392405063292, 0.6773291139240507]], "class": 8}