{"image": "25ca915f-7598-11ee-b9c2-fcb3bc5cd112.jpg", "bboxes": [[0.5217088607594937, 0.4895569620253165, 0.5812025316455697, 0.5655063291139242], [0.4520886075949368, 0.49462025316455693, 0.5179113924050635, 0.5693037974683545], [0.33816455696202535, 0.6401898734177215, 0.38753164556962033, 0.6857594936708861], [0.29892405063291144, 0.6325949367088608, 0.33816455696202535, 0.6844936708860759], [0.14322784810126588, 0.5604430379746835, 0.19765822784810133, 0.625], [0.095126582278481, 0.5629746835443038, 0.15082278481012668, 0.6300632911392405], [0.22677215189873426, 0.6933544303797468, 0.2672784810126583, 0.7363924050632912], [0.1938607594936709, 0.6882911392405063, 0.23436708860759495, 0.7313291139240506]], "class": 8}