{"image": "25ca915f-7598-11ee-b9c2-fcb3bc5cd112.jpg", "bboxes": [[0.7565443037974685, 0.16981012658227845, 0.9147721518987344, 0.32044303797468354], [0.8793291139240507, 0.17993670886075952, 1.0, 0.3217088607594938], [0.20970886075949374, 0.4495569620253165, 0.26920253164556973, 0.5255063291139241], [0.14008860759493677, 0.454620253164557, 0.20591139240506345, 0.5293037974683544], [0.026164556962025357, 0.6001898734177216, 0.0755316455696203, 0.645759493670886], [0.0, 0.5925949367088608, 0.026164556962025357, 0.644493670886076]], "class": 6}