{"image": "25ca353d-759d-11ee-842b-fcb3bc5cd112.jpg", "bboxes": [[0.4979113924050633, 0.36421518987341783, 0.5574050632911393, 0.4452278481012658], [0.444746835443038, 0.36927848101265826, 0.5067721518987343, 0.44649367088607594]], "class": 2}