{"image": "25ca915f-7598-11ee-b9c2-fcb3bc5cd112.jpg", "bboxes": [[0.044797468354430325, 0.43255696202531646, 0.10429113924050626, 0.508506329113924], [0.10808860759493655, 0.437620253164557, 0.17391139240506326, 0.5123037974683544], [0.23846835443037973, 0.5831898734177214, 0.2878354430379746, 0.628759493670886], [0.2878354430379746, 0.5755949367088607, 0.3270759493670886, 0.6274936708860759], [0.4283417721518987, 0.5034430379746835, 0.4827721518987341, 0.5680000000000001], [0.4751772151898733, 0.5059746835443037, 0.530873417721519, 0.5730632911392405], [0.3587215189873417, 0.6363544303797468, 0.39922784810126577, 0.6793924050632911], [0.3916329113924051, 0.6312911392405063, 0.4321392405063291, 0.6743291139240506]], "class": 8}