{"image": "25ca353d-759d-11ee-842b-fcb3bc5cd112.jpg", "bboxes": [[0.9035949367088607, 0.5567721518987342, 0.9630886075949366, 0.6377848101265822], [0.9542278481012657, 0.5555063291139241, 1.0, 0.6327215189873417]], "class": 2}