{"image": "25ca353d-759d-11ee-842b-fcb3bc5cd112.jpg", "bboxes": [[0.7149113924050633, 0.36121518987341783, 0.7744050632911393, 0.4422278481012658], [0.661746835443038, 0.36627848101265825, 0.7237721518987342, 0.44349367088607594]], "class": 2}