{"image": "25ca915f-7598-11ee-b9c2-fcb3bc5cd112.jpg", "bboxes": [[0.3767974683544303, 0.43755696202531646, 0.4362911392405062, 0.5135063291139241], [0.4400886075949365, 0.442620253164557, 0.5059113924050632, 0.5173037974683544], [0.5704683544303797, 0.5881898734177216, 0.6198354430379747, 0.6337594936708861], [0.6198354430379747, 0.5805949367088608, 0.6590759493670886, 0.632493670886076], [0.7603417721518987, 0.5084430379746836, 0.8147721518987341, 0.573], [0.8071772151898733, 0.5109746835443039, 0.8628734177215189, 0.5780632911392405], [0.6907215189873417, 0.6413544303797468, 0.7312278481012657, 0.6843924050632912], [0.723632911392405, 0.6362911392405063, 0.7641392405063291, 0.6793291139240507]], "class": 8}