{"image": "25ca915f-7598-11ee-b9c2-fcb3bc5cd112.jpg", "bboxes": [[0.9515443037974685, 0.2088101265822785, 1.0, 0.3594430379746836], [0.40470886075949375, 0.4885569620253165, 0.4642025316455697, 0.5645063291139241], [0.33508860759493675, 0.49362025316455693, 0.40091139240506346, 0.5683037974683545], [0.22116455696202536, 0.6391898734177215, 0.2705316455696203, 0.6847594936708861], [0.18192405063291142, 0.6315949367088607, 0.22116455696202536, 0.6834936708860759], [0.026227848101265862, 0.5594430379746835, 0.08065822784810132, 0.624], [0.0, 0.5619746835443038, 0.033822784810126676, 0.6290632911392405], [0.10977215189873425, 0.6923544303797469, 0.15027848101265828, 0.7353924050632912], [0.07686075949367091, 0.6872911392405063, 0.11736708860759495, 0.7303291139240506]], "class": 9}