{"image": "25ca915f-7598-11ee-b9c2-fcb3bc5cd112.jpg", "bboxes": [[0.019797468354430303, 0.4334936708860759, 0.07929113924050624, 0.5094430379746835], [0.08308860759493653, 0.42969620253164553, 0.14891139240506324, 0.5043797468354431], [0.2134683544303797, 0.31324050632911393, 0.2628354430379747, 0.3588101265822785], [0.2628354430379747, 0.31450632911392407, 0.3020759493670886, 0.36640506329113925], [0.4033417721518987, 0.374, 0.4577721518987341, 0.43855696202531647], [0.4501772151898733, 0.3689367088607595, 0.505873417721519, 0.4360253164556962], [0.3337215189873417, 0.2626075949367088, 0.37422784810126575, 0.3056455696202532], [0.36663291139240506, 0.26767088607594935, 0.4071392405063291, 0.31070886075949367]], "class": 8}