{"image": "25ca353d-759d-11ee-842b-fcb3bc5cd112.jpg", "bboxes": [[0.8635949367088607, 0.5437721518987342, 0.9230886075949367, 0.6247848101265823], [0.9142278481012658, 0.542506329113924, 0.976253164556962, 0.6197215189873417]], "class": 2}