{"image": "25ca915f-7598-11ee-b9c2-fcb3bc5cd112.jpg", "bboxes": [[0.8857088607594937, 0.4814936708860759, 0.9452025316455697, 0.5574430379746835], [0.8160886075949367, 0.4776962025316456, 0.8819113924050634, 0.552379746835443], [0.7021645569620254, 0.3612405063291139, 0.7515316455696203, 0.4068101265822785], [0.6629240506329114, 0.36250632911392405, 0.7021645569620254, 0.41440506329113924], [0.5072278481012659, 0.422, 0.5616582278481013, 0.48655696202531645], [0.459126582278481, 0.4169367088607595, 0.5148227848101267, 0.4840253164556962], [0.5907721518987342, 0.3106075949367088, 0.6312784810126583, 0.3536455696202532], [0.5578607594936709, 0.31567088607594934, 0.5983670886075949, 0.3587088607594937]], "class": 8}