{"image": "25ca915f-7598-11ee-b9c2-fcb3bc5cd112.jpg", "bboxes": [[0.8207088607594938, 0.4585569620253165, 0.8802025316455697, 0.534506329113924], [0.7510886075949368, 0.463620253164557, 0.8169113924050635, 0.5383037974683544], [0.6371645569620253, 0.6091898734177215, 0.6865316455696203, 0.654759493670886], [0.5979240506329114, 0.6015949367088608, 0.6371645569620253, 0.6534936708860759], [0.44222784810126586, 0.5294430379746835, 0.4966582278481013, 0.594], [0.394126582278481, 0.5319746835443038, 0.44982278481012666, 0.5990632911392405], [0.5257721518987343, 0.6623544303797468, 0.5662784810126583, 0.7053924050632912], [0.4928607594936709, 0.6572911392405063, 0.533367088607595, 0.7003291139240506]], "class": 8}