{"image": "25ca915f-7598-11ee-b9c2-fcb3bc5cd112.jpg", "bboxes": [[0.24979746835443029, 0.4835569620253165, 0.3092911392405062, 0.5595063291139242], [0.3130886075949365, 0.48862025316455693, 0.3789113924050632, 0.5633037974683545], [0.4434683544303797, 0.6341898734177216, 0.49283544303797466, 0.6797594936708861], [0.49283544303797466, 0.6265949367088608, 0.5320759493670886, 0.678493670886076], [0.6333417721518987, 0.5544430379746835, 0.6877721518987341, 0.619], [0.6801772151898733, 0.5569746835443038, 0.7358734177215189, 0.6240632911392405], [0.5637215189873417, 0.6873544303797468, 0.6042278481012657, 0.7303924050632912], [0.596632911392405, 0.6822911392405063, 0.6371392405063291, 0.7253291139240506]], "class": 8}