{"image": "25ca353d-759d-11ee-842b-fcb3bc5cd112.jpg", "bboxes": [[0.38991139240506334, 0.37621518987341773, 0.4494050632911393, 0.4572278481012658], [0.33674683544303796, 0.38127848101265827, 0.3987721518987343, 0.45849367088607595]], "class": 2}