{"image": "25ca353d-759d-11ee-842b-fcb3bc5cd112.jpg", "bboxes": [[0.5455949367088607, 0.5377721518987342, 0.6050886075949367, 0.6187848101265823], [0.5962278481012657, 0.536506329113924, 0.658253164556962, 0.6137215189873417]], "class": 2}