{"image": "25ca353d-759d-11ee-842b-fcb3bc5cd112.jpg", "bboxes": [[0.38391139240506333, 0.5227721518987342, 0.4434050632911393, 0.6037848101265822], [0.33074683544303796, 0.521506329113924, 0.39277215189873427, 0.5987215189873417]], "class": 2}