{"image": "25ca915f-7598-11ee-b9c2-fcb3bc5cd112.jpg", "bboxes": [[0.18679746835443034, 0.4875569620253165, 0.24629113924050627, 0.5635063291139242], [0.25008860759493656, 0.49262025316455693, 0.3159113924050633, 0.5673037974683545], [0.38046835443037974, 0.6381898734177215, 0.4298354430379746, 0.6837594936708861], [0.4298354430379746, 0.6305949367088608, 0.46907594936708863, 0.682493670886076], [0.5703417721518986, 0.5584430379746835, 0.6247721518987341, 0.623], [0.6171772151898733, 0.5609746835443038, 0.672873417721519, 0.6280632911392405], [0.5007215189873417, 0.6913544303797468, 0.5412278481012658, 0.7343924050632912], [0.533632911392405, 0.6862911392405063, 0.574139240506329, 0.7293291139240506]], "class": 8}