{"image": "26e808ef-759c-11ee-9af0-fcb3bc5cd112.jpg", "bboxes": [[0.5910759493670885, 0.45269620253164555, 0.6467721518987342, 0.5020632911392405], [0.6379113924050632, 0.4501645569620253, 0.6910759493670885, 0.5020632911392405], [0.7024683544303796, 0.3830759493670886, 0.7315822784810124, 0.41725316455696204]], "class": 3}