{"image": "26e808ef-759c-11ee-9af0-fcb3bc5cd112.jpg", "bboxes": [[0.6730759493670885, 0.5169367088607595, 0.7287721518987341, 0.5663037974683545], [0.7199113924050633, 0.5169367088607595, 0.7730759493670885, 0.5688354430379747], [0.7844683544303795, 0.601746835443038, 0.8135822784810125, 0.6359240506329114]], "class": 3}