{"image": "26e808ef-759c-11ee-9af0-fcb3bc5cd112.jpg", "bboxes": [[0.03207594936708846, 0.47069620253164557, 0.08777215189873411, 0.5200632911392405], [0.07891139240506317, 0.4681645569620253, 0.13207594936708844, 0.5200632911392405], [0.14346835443037953, 0.40107594936708857, 0.17258227848101249, 0.435253164556962]], "class": 3}