{"image": "26e808ef-759c-11ee-9af0-fcb3bc5cd112.jpg", "bboxes": [[0.9132278481012659, 0.5049367088607595, 0.9689240506329115, 0.5543037974683545], [0.8689240506329116, 0.5049367088607595, 0.9220886075949368, 0.5568354430379747], [0.8284177215189875, 0.589746835443038, 0.8575316455696205, 0.6239240506329113]], "class": 3}