{"image": "26e808ef-759c-11ee-9af0-fcb3bc5cd112.jpg", "bboxes": [[0.32022784810126587, 0.5129367088607595, 0.3759240506329115, 0.5623037974683545], [0.27592405063291153, 0.5129367088607595, 0.3290886075949368, 0.5648354430379747], [0.2354177215189875, 0.597746835443038, 0.26453164556962044, 0.6319240506329113]], "class": 3}