{"image": "26e808ef-759c-11ee-9af0-fcb3bc5cd112.jpg", "bboxes": [[0.0030759493670884375, 0.48293670886075946, 0.05877215189873408, 0.5323037974683544], [0.04991139240506326, 0.48293670886075946, 0.10307594936708842, 0.5348354430379747], [0.11446835443037962, 0.567746835443038, 0.14358227848101246, 0.6019240506329114]], "class": 3}