{"image": "26e808ef-759c-11ee-9af0-fcb3bc5cd112.jpg", "bboxes": [[0.48022784810126584, 0.49569620253164554, 0.5359240506329115, 0.5450632911392405], [0.4359240506329115, 0.4931645569620253, 0.4890886075949368, 0.5450632911392405], [0.39541772151898746, 0.4260759493670886, 0.4245316455696204, 0.460253164556962]], "class": 3}