{"image": "26e808ef-759c-11ee-9af0-fcb3bc5cd112.jpg", "bboxes": [[0.25507594936708844, 0.45169620253164555, 0.3107721518987341, 0.5010632911392405], [0.30191139240506326, 0.4491645569620253, 0.3550759493670884, 0.5010632911392405], [0.3664683544303796, 0.3820759493670886, 0.39558227848101246, 0.41625316455696204]], "class": 3}