{"image": "26e808ef-759c-11ee-9af0-fcb3bc5cd112.jpg", "bboxes": [[0.6462278481012659, 0.5289367088607595, 0.7019240506329115, 0.5783037974683545], [0.6019240506329115, 0.5289367088607595, 0.6550886075949368, 0.5808354430379747], [0.5614177215189875, 0.613746835443038, 0.5905316455696205, 0.6479240506329114]], "class": 3}