{"image": "26e808ef-759c-11ee-9af0-fcb3bc5cd112.jpg", "bboxes": [[0.41422784810126584, 0.4186962025316456, 0.46992405063291154, 0.4680632911392405], [0.3699240506329115, 0.4161645569620253, 0.42308860759493677, 0.4680632911392405], [0.3294177215189875, 0.3490759493670886, 0.3585316455696204, 0.383253164556962]], "class": 3}