{"image": "2738d1c3-759d-11ee-87eb-fcb3bc5cd112.jpg", "bboxes": [[0.7494936708860762, 0.4652658227848101, 0.7937974683544305, 0.5209620253164556], [0.7039240506329115, 0.4614683544303797, 0.7583544303797469, 0.5133670886075948], [0.5077215189873419, 0.3450126582278481, 0.5305063291139241, 0.37286075949367087], [0.4874683544303798, 0.34248101265822783, 0.5178481012658227, 0.3703291139240506]], "class": 4}