{"image": "2738d1c3-759d-11ee-87eb-fcb3bc5cd112.jpg", "bboxes": [[0.3624936708860762, 0.45203797468354434, 0.40679746835443054, 0.5077341772151899], [0.3169240506329115, 0.45963291139240514, 0.37135443037974686, 0.5115316455696204], [0.12072151898734182, 0.6001392405063292, 0.14350632911392416, 0.627987341772152], [0.10046835443037981, 0.6026708860759493, 0.13084810126582272, 0.6305189873417723]], "class": 4}