{"image": "2738d1c3-759d-11ee-87eb-fcb3bc5cd112.jpg", "bboxes": [[0.01920253164556951, 0.4652658227848101, 0.06350632911392384, 0.5209620253164556], [0.05464556962025313, 0.4614683544303797, 0.10907594936708842, 0.5133670886075948], [0.2824936708860758, 0.3450126582278481, 0.3052784810126582, 0.37286075949367087], [0.29515189873417724, 0.34248101265822783, 0.3255316455696202, 0.3703291139240506]], "class": 4}