{"image": "2738d1c3-759d-11ee-87eb-fcb3bc5cd112.jpg", "bboxes": [[0.17220253164556953, 0.5032658227848101, 0.21650632911392376, 0.5589620253164557], [0.20764556962025316, 0.4994683544303797, 0.26207594936708845, 0.5513670886075949], [0.4354936708860758, 0.3830126582278481, 0.4582784810126582, 0.41086075949367085], [0.44815189873417727, 0.3804810126582278, 0.47853164556962025, 0.4083291139240506]], "class": 4}