{"image": "2738d1c3-759d-11ee-87eb-fcb3bc5cd112.jpg", "bboxes": [[0.2934936708860762, 0.47003797468354436, 0.33779746835443053, 0.5257341772151899], [0.24792405063291154, 0.47763291139240516, 0.30235443037974685, 0.5295316455696203], [0.05172151898734183, 0.6181392405063291, 0.07450632911392416, 0.645987341772152], [0.031468354430379805, 0.6206708860759493, 0.06184810126582272, 0.6485189873417722]], "class": 4}