{"image": "2738d1c3-759d-11ee-87eb-fcb3bc5cd112.jpg", "bboxes": [[0.1554936708860758, 0.5941392405063292, 0.1782784810126582, 0.621987341772152], [0.16815189873417724, 0.5966708860759494, 0.19853164556962022, 0.6245189873417722]], "class": 2}