{"image": "2738d1c3-759d-11ee-87eb-fcb3bc5cd112.jpg", "bboxes": [[0.8557215189873418, 0.5841392405063291, 0.8785063291139241, 0.611987341772152], [0.8354683544303798, 0.5866708860759494, 0.8658481012658227, 0.6145189873417722]], "class": 2}