{"image": "2738d1c3-759d-11ee-87eb-fcb3bc5cd112.jpg", "bboxes": [[0.9924936708860762, 0.47103797468354436, 1.0, 0.5267341772151899], [0.9469240506329115, 0.47863291139240516, 1.0, 0.5305316455696203], [0.7507215189873419, 0.6191392405063292, 0.7735063291139241, 0.6469873417721519], [0.7304683544303798, 0.6216708860759494, 0.7608481012658227, 0.6495189873417722]], "class": 4}