{"image": "2738d1c3-759d-11ee-87eb-fcb3bc5cd112.jpg", "bboxes": [[0.047202531645569534, 0.53526582278481, 0.09150632911392376, 0.5909620253164557], [0.08264556962025316, 0.5314683544303797, 0.13707594936708845, 0.5833670886075948], [0.3104936708860758, 0.41501265822784805, 0.3332784810126582, 0.4428607594936709], [0.32315189873417727, 0.41248101265822784, 0.35353164556962025, 0.4403291139240506]], "class": 4}