{"image": "27b5c4b8-7598-11ee-becc-fcb3bc5cd112.jpg", "bboxes": [[0.3577721518987341, 0.5075189873417721, 0.4311898734177214, 0.5885316455696202], [0.4235949367088606, 0.4948607594936709, 0.5122025316455695, 0.5796708860759494], [0.9197974683544303, 0.3378987341772152, 0.9628354430379746, 0.396126582278481], [0.9603037974683544, 0.3341012658227848, 1.0, 0.3923291139240506], [0.7868860759493669, 0.34043037974683543, 0.8248607594936708, 0.3847341772151898], [0.8248607594936708, 0.33283544303797463, 0.8729620253164556, 0.3809367088607595], [0.8729620253164556, 0.2644810126582278, 0.9096708860759493, 0.2973924050632912]], "class": 7}