{"image": "27b5c4b8-7598-11ee-becc-fcb3bc5cd112.jpg", "bboxes": [[0.024772151898734163, 0.4294683544303798, 0.09818987341772145, 0.5104810126582279], [0.09059493670886054, 0.4383291139240506, 0.17920253164556943, 0.5231392405063291], [0.5867974683544304, 0.621873417721519, 0.6298354430379747, 0.6801012658227847], [0.6273037974683544, 0.6256708860759495, 0.683, 0.6838987341772151], [0.4538860759493668, 0.6332658227848101, 0.4918607594936708, 0.6775696202531645], [0.4918607594936708, 0.6370632911392404, 0.5399620253164557, 0.6851645569620254], [0.5399620253164557, 0.7206075949367088, 0.5766708860759493, 0.7535189873417721]], "class": 7}