{"image": "27b5c4b8-7598-11ee-becc-fcb3bc5cd112.jpg", "bboxes": [[0.3017721518987342, 0.5245189873417722, 0.37518987341772136, 0.6055316455696202], [0.36759493670886056, 0.5118607594936709, 0.45620253164556945, 0.5966708860759494], [0.8637974683544303, 0.3548987341772152, 0.9068354430379746, 0.41312658227848104], [0.9043037974683543, 0.3511012658227848, 0.96, 0.4093291139240506], [0.7308860759493668, 0.35743037974683545, 0.7688607594936708, 0.40173417721518984], [0.7688607594936708, 0.34983544303797465, 0.8169620253164557, 0.3979367088607595], [0.8169620253164557, 0.28148101265822784, 0.8536708860759493, 0.3143924050632912]], "class": 7}