{"image": "27b5c4b8-7598-11ee-becc-fcb3bc5cd112.jpg", "bboxes": [[0.15077215189873416, 0.4194683544303798, 0.22418987341772145, 0.5004810126582279], [0.21659493670886054, 0.4283291139240506, 0.30520253164556943, 0.5131392405063291], [0.7127974683544303, 0.611873417721519, 0.7558354430379747, 0.6701012658227847], [0.7533037974683543, 0.6156708860759494, 0.8089999999999999, 0.6738987341772151], [0.5798860759493669, 0.6232658227848101, 0.6178607594936708, 0.6675696202531645], [0.6178607594936708, 0.6270632911392405, 0.6659620253164557, 0.6751645569620254], [0.6659620253164557, 0.7106075949367088, 0.7026708860759493, 0.7435189873417722]], "class": 7}