{"image": "27b5c4b8-7598-11ee-becc-fcb3bc5cd112.jpg", "bboxes": [[0.8491645569620253, 0.570873417721519, 0.8922025316455697, 0.6291012658227848], [0.796, 0.5746708860759494, 0.8516962025316457, 0.6328987341772152], [0.9871392405063292, 0.5822658227848101, 1.0, 0.6265696202531645], [0.9390379746835443, 0.5860632911392405, 0.9871392405063292, 0.6341645569620253], [0.9023291139240507, 0.6696075949367088, 0.9390379746835443, 0.7025189873417721]], "class": 5}