{"image": "27b5c4b8-7598-11ee-becc-fcb3bc5cd112.jpg", "bboxes": [[0.3157721518987341, 0.41346835443037977, 0.3891898734177214, 0.49448101265822786], [0.3815949367088606, 0.4223291139240506, 0.47020253164556947, 0.5071392405063291], [0.8777974683544303, 0.605873417721519, 0.9208354430379746, 0.6641012658227847], [0.9183037974683543, 0.6096708860759494, 0.974, 0.6678987341772151], [0.7448860759493668, 0.6172658227848102, 0.7828607594936707, 0.6615696202531646], [0.7828607594936707, 0.6210632911392405, 0.8309620253164557, 0.6691645569620254], [0.8309620253164557, 0.7046075949367088, 0.8676708860759492, 0.7375189873417722]], "class": 7}