{"image": "27b5c4b8-7598-11ee-becc-fcb3bc5cd112.jpg", "bboxes": [[0.0, 0.526860759493671, 0.007202531645569499, 0.6116708860759494], [0.4147974683544303, 0.3698987341772152, 0.45783544303797463, 0.428126582278481], [0.45530379746835437, 0.3661012658227848, 0.511, 0.4243291139240506], [0.2818860759493669, 0.37243037974683546, 0.31986075949367077, 0.41673417721518985], [0.31986075949367077, 0.36483544303797466, 0.3679620253164556, 0.4129367088607595], [0.3679620253164556, 0.29648101265822785, 0.40467088607594925, 0.32939240506329115]], "class": 6}