{"image": "27b5c4b8-7598-11ee-becc-fcb3bc5cd112.jpg", "bboxes": [[0.36877215189873414, 0.38346835443037985, 0.4421898734177214, 0.46448101265822783], [0.4345949367088606, 0.39232911392405057, 0.5232025316455695, 0.47713924050632905], [0.9307974683544303, 0.575873417721519, 0.9738354430379746, 0.6341012658227848], [0.9713037974683544, 0.5796708860759494, 1.0, 0.6378987341772152], [0.7978860759493669, 0.5872658227848102, 0.8358607594936708, 0.6315696202531645], [0.8358607594936708, 0.5910632911392405, 0.8839620253164556, 0.6391645569620253], [0.8839620253164556, 0.6746075949367089, 0.9206708860759493, 0.7075189873417722]], "class": 7}