{"image": "27b5c4b8-7598-11ee-becc-fcb3bc5cd112.jpg", "bboxes": [[0.6378101265822786, 0.5235189873417722, 0.7112278481012658, 0.6045316455696202], [0.5567974683544306, 0.5108607594936709, 0.6454050632911394, 0.5956708860759494], [0.10616455696202536, 0.3538987341772152, 0.1492025316455697, 0.41212658227848104], [0.053, 0.3501012658227848, 0.10869620253164566, 0.4083291139240506], [0.2441392405063292, 0.35643037974683545, 0.2821139240506332, 0.40073417721518984], [0.19603797468354434, 0.34883544303797465, 0.2441392405063292, 0.3969367088607595], [0.15932911392405072, 0.28048101265822784, 0.19603797468354434, 0.3133924050632912]], "class": 7}