{"image": "27b5c4b8-7598-11ee-becc-fcb3bc5cd112.jpg", "bboxes": [[0.32179746835443024, 0.601873417721519, 0.36483544303797466, 0.6601012658227847], [0.3623037974683543, 0.6056708860759494, 0.41800000000000004, 0.6638987341772151], [0.1888860759493668, 0.6132658227848102, 0.2268607594936708, 0.6575696202531646], [0.2268607594936708, 0.6170632911392405, 0.27496202531645564, 0.6651645569620254], [0.27496202531645564, 0.7006075949367088, 0.3116708860759493, 0.7335189873417722]], "class": 5}