{"image": "27b5c4b8-7598-11ee-becc-fcb3bc5cd112.jpg", "bboxes": [[0.9478101265822786, 0.49951898734177214, 1.0, 0.5805316455696202], [0.8667974683544305, 0.4868607594936709, 0.9554050632911394, 0.5716708860759494], [0.41616455696202537, 0.3298987341772152, 0.45920253164556973, 0.388126582278481], [0.363, 0.3261012658227848, 0.4186962025316457, 0.3843291139240506], [0.5541392405063292, 0.3324303797468355, 0.5921139240506331, 0.37673417721518987], [0.5060379746835444, 0.3248354430379746, 0.5541392405063292, 0.37293670886075947], [0.4693291139240507, 0.2564810126582278, 0.5060379746835444, 0.28939240506329117]], "class": 7}