{"image": "27b5c4b8-7598-11ee-becc-fcb3bc5cd112.jpg", "bboxes": [[0.22879746835443027, 0.3538987341772152, 0.2718354430379747, 0.41212658227848104], [0.2693037974683543, 0.3501012658227848, 0.32499999999999996, 0.4083291139240506], [0.09588607594936682, 0.35643037974683545, 0.13386075949367082, 0.40073417721518984], [0.13386075949367082, 0.34883544303797465, 0.18196202531645567, 0.3969367088607595], [0.18196202531645567, 0.28048101265822784, 0.2186708860759493, 0.3133924050632912]], "class": 5}