{"image": "27b5c4b8-7598-11ee-becc-fcb3bc5cd112.jpg", "bboxes": [[0.02277215189873416, 0.40946835443037977, 0.09618987341772145, 0.49048101265822786], [0.08859493670886054, 0.4183291139240506, 0.17720253164556943, 0.5031392405063291], [0.5847974683544304, 0.601873417721519, 0.6278354430379747, 0.6601012658227847], [0.6253037974683544, 0.6056708860759494, 0.681, 0.6638987341772151], [0.4518860759493668, 0.6132658227848102, 0.4898607594936708, 0.6575696202531646], [0.4898607594936708, 0.6170632911392405, 0.5379620253164556, 0.6651645569620254], [0.5379620253164556, 0.7006075949367088, 0.5746708860759493, 0.7335189873417722]], "class": 7}