{"image": "28d57f60-759d-11ee-bf0e-fcb3bc5cd112.jpg", "bboxes": [[0.23143037974683534, 0.4494177215189874, 0.33649367088607574, 0.5291645569620254]], "class": 1}