{"image": "28d57f60-759d-11ee-bf0e-fcb3bc5cd112.jpg", "bboxes": [[0.5785063291139241, 0.5328481012658228, 0.6354683544303796, 0.5936075949367089], [0.6291392405063291, 0.5353797468354431, 0.6810379746835442, 0.5948734177215189]], "class": 2}