{"image": "28d57f60-759d-11ee-bf0e-fcb3bc5cd112.jpg", "bboxes": [[0.11543037974683534, 0.4934177215189874, 0.22049367088607574, 0.5731645569620254], [0.901506329113924, 0.43139240506329113, 0.9584683544303797, 0.49215189873417714], [0.9521392405063291, 0.430126582278481, 1.0, 0.489620253164557]], "class": 3}