{"image": "28d57f60-759d-11ee-bf0e-fcb3bc5cd112.jpg", "bboxes": [[0.4775316455696203, 0.43039240506329113, 0.5344936708860759, 0.49115189873417714], [0.4319620253164558, 0.429126582278481, 0.4838607594936709, 0.488620253164557]], "class": 2}