{"image": "28d57f60-759d-11ee-bf0e-fcb3bc5cd112.jpg", "bboxes": [[0.6385316455696203, 0.5238481012658228, 0.6954936708860759, 0.5846075949367089], [0.5929620253164558, 0.526379746835443, 0.6448607594936709, 0.585873417721519]], "class": 2}