{"image": "28d57f60-759d-11ee-bf0e-fcb3bc5cd112.jpg", "bboxes": [[0.235506329113924, 0.4023924050632911, 0.29246835443037966, 0.46315189873417717], [0.2861392405063291, 0.401126582278481, 0.33803797468354424, 0.46062025316455696]], "class": 2}