{"image": "28d57f60-759d-11ee-bf0e-fcb3bc5cd112.jpg", "bboxes": [[0.6595063291139243, 0.46383544303797464, 0.7645696202531647, 0.5435822784810127]], "class": 1}