{"image": "28d57f60-759d-11ee-bf0e-fcb3bc5cd112.jpg", "bboxes": [[0.237506329113924, 0.3953924050632911, 0.29446835443037966, 0.45615189873417716], [0.2881392405063291, 0.394126582278481, 0.34003797468354424, 0.45362025316455695]], "class": 2}