{"image": "28d57f60-759d-11ee-bf0e-fcb3bc5cd112.jpg", "bboxes": [[0.4655316455696203, 0.5108481012658228, 0.522493670886076, 0.5716075949367089], [0.41996202531645577, 0.5133797468354431, 0.4718607594936709, 0.572873417721519]], "class": 2}