{"image": "28d57f60-759d-11ee-bf0e-fcb3bc5cd112.jpg", "bboxes": [[0.4445316455696203, 0.4958481012658228, 0.501493670886076, 0.5566075949367089], [0.39896202531645575, 0.49837974683544306, 0.45086075949367094, 0.557873417721519]], "class": 2}