{"image": "28d57f60-759d-11ee-bf0e-fcb3bc5cd112.jpg", "bboxes": [[0.8505063291139243, 0.4864177215189874, 0.9555696202531646, 0.5661645569620254], [0.11253164556962031, 0.4243924050632911, 0.16949367088607595, 0.4851518987341772], [0.06696202531645576, 0.423126582278481, 0.1188607594936709, 0.482620253164557]], "class": 3}