{"image": "2994e606-7598-11ee-84e5-fcb3bc5cd112.jpg", "bboxes": [[0.6428227848101267, 0.4678354430379747, 0.6845949367088607, 0.5235316455696202], [0.6035822784810126, 0.4741645569620253, 0.6478860759493673, 0.5197341772151899], [0.5149746835443039, 0.46530379746835443, 0.5504177215189874, 0.5032784810126582], [0.5428227848101267, 0.42479746835443033, 0.5795316455696203, 0.45644303797468355]], "class": 4}