{"image": "2994e606-7598-11ee-84e5-fcb3bc5cd112.jpg", "bboxes": [[0.8878227848101267, 0.5144683544303799, 0.9295949367088607, 0.5701645569620253], [0.8485822784810126, 0.51826582278481, 0.8928860759493673, 0.5638354430379747], [0.7599746835443039, 0.5347215189873418, 0.7954177215189874, 0.5726962025316455], [0.7878227848101267, 0.5815569620253165, 0.8245316455696203, 0.6132025316455696]], "class": 4}