{"image": "2994e606-7598-11ee-84e5-fcb3bc5cd112.jpg", "bboxes": [[0.09440506329113929, 0.4578354430379747, 0.13617721518987336, 0.5135316455696202], [0.1311139240506327, 0.4641645569620253, 0.17541772151898738, 0.5097341772151899], [0.22858227848101265, 0.4553037974683544, 0.26402531645569616, 0.4932784810126582], [0.1994683544303797, 0.4147974683544304, 0.23617721518987334, 0.44644303797468354]], "class": 4}