{"image": "2994e606-7598-11ee-84e5-fcb3bc5cd112.jpg", "bboxes": [[0.39940506329113934, 0.5134683544303797, 0.4411772151898733, 0.5691645569620253], [0.43611392405063265, 0.5172658227848101, 0.48041772151898743, 0.5628354430379747], [0.5335822784810127, 0.5337215189873419, 0.5690253164556962, 0.5716962025316455], [0.5044683544303796, 0.5805569620253165, 0.5411772151898733, 0.6122025316455697]], "class": 4}