{"image": "2994e606-7598-11ee-84e5-fcb3bc5cd112.jpg", "bboxes": [[0.11682278481012667, 0.4694683544303798, 0.1585949367088607, 0.5251645569620254], [0.07758227848101262, 0.4732658227848101, 0.12188607594936729, 0.5188354430379747], [0.0, 0.48972151898734184, 0.024417721518987377, 0.5276962025316456], [0.016822784810126678, 0.5365569620253164, 0.05353164556962031, 0.5682025316455697]], "class": 4}