{"image": "2994e606-7598-11ee-84e5-fcb3bc5cd112.jpg", "bboxes": [[0.3608227848101267, 0.5074683544303797, 0.4025949367088607, 0.5631645569620253], [0.3215822784810126, 0.5112658227848101, 0.3658860759493673, 0.5568354430379747], [0.23297468354430384, 0.5277215189873419, 0.26841772151898735, 0.5656962025316455], [0.26082278481012666, 0.5745569620253165, 0.2975316455696203, 0.6062025316455697]], "class": 4}