{"image": "2994e606-7598-11ee-84e5-fcb3bc5cd112.jpg", "bboxes": [[0.3688227848101267, 0.4774683544303798, 0.4105949367088607, 0.5331645569620254], [0.3295822784810126, 0.4812658227848101, 0.3738860759493673, 0.5268354430379747], [0.24097468354430385, 0.49772151898734185, 0.27641772151898736, 0.5356962025316456], [0.26882278481012667, 0.5445569620253164, 0.3055316455696203, 0.5762025316455697]], "class": 4}