{"image": "2994e606-7598-11ee-84e5-fcb3bc5cd112.jpg", "bboxes": [[0.5174050632911393, 0.4118354430379747, 0.5591772151898733, 0.4675316455696202], [0.5541139240506328, 0.4181645569620253, 0.5984177215189874, 0.4637341772151899], [0.6515822784810126, 0.40930379746835444, 0.6870253164556961, 0.44727848101265816], [0.6224683544303797, 0.36879746835443034, 0.6591772151898734, 0.40044303797468356]], "class": 4}