{"image": "2994e606-7598-11ee-84e5-fcb3bc5cd112.jpg", "bboxes": [[0.8594050632911393, 0.48046835443037983, 0.9011772151898734, 0.5361645569620253], [0.8961139240506327, 0.4842658227848101, 0.9404177215189874, 0.5298354430379747], [0.9935822784810127, 0.5007215189873419, 1.0, 0.5386962025316455], [0.9644683544303797, 0.5475569620253165, 1.0, 0.5792025316455697]], "class": 4}