{"image": "2994e606-7598-11ee-84e5-fcb3bc5cd112.jpg", "bboxes": [[0.27040506329113934, 0.4668354430379747, 0.3121772151898733, 0.5225316455696202], [0.30711392405063276, 0.4731645569620253, 0.3514177215189874, 0.5187341772151899], [0.4045822784810126, 0.46430379746835443, 0.4400253164556962, 0.5022784810126582], [0.37546835443037974, 0.42379746835443033, 0.41217721518987327, 0.45544303797468355]], "class": 4}