{"image": "2994e606-7598-11ee-84e5-fcb3bc5cd112.jpg", "bboxes": [[0.28140506329113935, 0.5094683544303797, 0.3231772151898733, 0.5651645569620253], [0.31811392405063266, 0.5132658227848101, 0.3624177215189873, 0.5588354430379747], [0.4155822784810126, 0.5297215189873419, 0.4510253164556961, 0.5676962025316455], [0.38646835443037975, 0.5765569620253165, 0.4231772151898733, 0.6082025316455697]], "class": 4}