{"image": "2994e606-7598-11ee-84e5-fcb3bc5cd112.jpg", "bboxes": [[0.2958227848101267, 0.5224683544303799, 0.3375949367088607, 0.5781645569620253], [0.2565822784810126, 0.52626582278481, 0.3008860759493673, 0.5718354430379746], [0.16797468354430384, 0.5427215189873418, 0.20341772151898738, 0.5806962025316456], [0.1958227848101267, 0.5895569620253165, 0.2325316455696203, 0.6212025316455696]], "class": 4}