{"image": "2994e606-7598-11ee-84e5-fcb3bc5cd112.jpg", "bboxes": [[0.32140506329113927, 0.4448354430379747, 0.36317721518987334, 0.5005316455696202], [0.3581139240506327, 0.4511645569620253, 0.40241772151898736, 0.4967341772151899], [0.4555822784810126, 0.44230379746835446, 0.49102531645569614, 0.4802784810126582], [0.42646835443037967, 0.40179746835443036, 0.4631772151898733, 0.43344303797468353]], "class": 4}