{"image": "2994e606-7598-11ee-84e5-fcb3bc5cd112.jpg", "bboxes": [[0.8234050632911393, 0.4268354430379747, 0.8651772151898733, 0.4825316455696202], [0.8601139240506327, 0.4331645569620253, 0.9044177215189874, 0.4787341772151899], [0.9575822784810126, 0.42430379746835445, 0.9930253164556961, 0.46227848101265817], [0.9284683544303797, 0.38379746835443035, 0.9651772151898733, 0.4154430379746835]], "class": 4}