{"image": "2a64aed0-759d-11ee-8f16-fcb3bc5cd112.jpg", "bboxes": [[0.5126962025316455, 0.4701012658227849, 0.5759873417721517, 0.5371898734177215], [0.5759873417721517, 0.46883544303797464, 0.6354810126582277, 0.5333924050632911]], "class": 2}