{"image": "2a64aed0-759d-11ee-8f16-fcb3bc5cd112.jpg", "bboxes": [[0.1556962025316454, 0.4628101265822785, 0.21898734177215173, 0.5298987341772151], [0.21898734177215173, 0.4666075949367089, 0.27848101265822767, 0.5311645569620254]], "class": 2}