{"image": "2a64aed0-759d-11ee-8f16-fcb3bc5cd112.jpg", "bboxes": [[0.7920126582278483, 0.4578101265822785, 0.8553037974683546, 0.5248987341772151], [0.7325189873417723, 0.4616075949367089, 0.7920126582278483, 0.5261645569620254]], "class": 2}