{"image": "2a64aed0-759d-11ee-8f16-fcb3bc5cd112.jpg", "bboxes": [[0.5980126582278483, 0.43210126582278485, 0.6613037974683545, 0.4991898734177215], [0.5385189873417724, 0.4308354430379746, 0.5980126582278483, 0.4953924050632911]], "class": 2}