{"image": "2a64aed0-759d-11ee-8f16-fcb3bc5cd112.jpg", "bboxes": [[0.3770126582278483, 0.4711012658227849, 0.4403037974683546, 0.5381898734177215], [0.31751898734177236, 0.46983544303797464, 0.3770126582278483, 0.5343924050632911]], "class": 2}