{"image": "2a64aed0-759d-11ee-8f16-fcb3bc5cd112.jpg", "bboxes": [[0.7430126582278483, 0.4478101265822785, 0.8063037974683546, 0.5148987341772151], [0.6835189873417723, 0.4516075949367089, 0.7430126582278483, 0.5161645569620253]], "class": 2}