{"image": "2a64aed0-759d-11ee-8f16-fcb3bc5cd112.jpg", "bboxes": [[0.9715189873417723, 0.46683544303797464, 1.0, 0.5313924050632911]], "class": 1}