{"image": "2a64aed0-759d-11ee-8f16-fcb3bc5cd112.jpg", "bboxes": [[0.5186962025316455, 0.5228101265822784, 0.5819873417721517, 0.5898987341772152], [0.5819873417721517, 0.526607594936709, 0.6414810126582277, 0.5911645569620254]], "class": 2}