{"image": "2a64aed0-759d-11ee-8f16-fcb3bc5cd112.jpg", "bboxes": [[0.6480126582278483, 0.43110126582278485, 0.7113037974683546, 0.4981898734177215], [0.5885189873417723, 0.4298354430379746, 0.6480126582278483, 0.4943924050632911]], "class": 2}