{"image": "2aecb5be-6b42-11ee-9466-fcb3bc5cd112.jpg", "bboxes": [[0.748390243902439, 0.37185365853658536, 0.822780487804878, 0.45356097560975606], [0.8337560975609756, 0.39258536585365855, 0.8996097560975609, 0.4499024390243903], [0.7105853658536585, 0.49502439024390243, 0.7532682926829268, 0.531609756097561]], "class": 3}