{"image": "2aecb5be-6b42-11ee-9466-fcb3bc5cd112.jpg", "bboxes": [[0.480390243902439, 0.554439024390244, 0.5547804878048781, 0.6361463414634146], [0.5657560975609757, 0.5580975609756097, 0.6316097560975609, 0.6154146341463415], [0.4425853658536585, 0.476390243902439, 0.4852682926829268, 0.5129756097560976]], "class": 3}