{"image": "2aecb5be-6b42-11ee-9466-fcb3bc5cd112.jpg", "bboxes": [[0.875390243902439, 0.37685365853658537, 0.949780487804878, 0.45856097560975606], [0.9607560975609756, 0.39758536585365856, 1.0, 0.4549024390243903], [0.8375853658536585, 0.5000243902439024, 0.8802682926829268, 0.536609756097561]], "class": 3}