{"image": "2aecb5be-6b42-11ee-9466-fcb3bc5cd112.jpg", "bboxes": [[0.38521951219512196, 0.561439024390244, 0.459609756097561, 0.6431463414634147], [0.30839024390243913, 0.5650975609756097, 0.3742439024390244, 0.6224146341463415], [0.4547317073170732, 0.483390243902439, 0.4974146341463415, 0.5199756097560976]], "class": 3}