{"image": "2aecb5be-6b42-11ee-9466-fcb3bc5cd112.jpg", "bboxes": [[0.845390243902439, 0.555439024390244, 0.919780487804878, 0.6371463414634146], [0.9307560975609757, 0.5590975609756097, 0.9966097560975609, 0.6164146341463415], [0.8075853658536585, 0.477390243902439, 0.8502682926829268, 0.5139756097560976]], "class": 3}