{"image": "2aecb5be-6b42-11ee-9466-fcb3bc5cd112.jpg", "bboxes": [[0.601390243902439, 0.33185365853658544, 0.6757804878048781, 0.413560975609756], [0.6867560975609757, 0.3525853658536586, 0.7526097560975609, 0.4099024390243904], [0.5635853658536585, 0.4550243902439024, 0.6062682926829268, 0.49160975609756097]], "class": 3}