{"image": "2aecb5be-6b42-11ee-9466-fcb3bc5cd112.jpg", "bboxes": [[0.757390243902439, 0.549439024390244, 0.831780487804878, 0.6311463414634146], [0.8427560975609756, 0.5530975609756097, 0.9086097560975609, 0.6104146341463415], [0.7195853658536584, 0.471390243902439, 0.7622682926829268, 0.5079756097560976]], "class": 3}