{"image": "2b67e7a6-7598-11ee-9df0-fcb3bc5cd112.jpg", "bboxes": [[0.9276329113924052, 0.46234177215189876, 0.9732025316455697, 0.5167721518987343], [0.8668734177215193, 0.4610759493670885, 0.9175063291139243, 0.5167721518987343], [0.6909240506329114, 0.5775316455696202, 0.7314303797468356, 0.6167721518987341], [0.7326962025316457, 0.5724683544303797, 0.7719367088607595, 0.6129746835443037], [0.6099113924050633, 0.6028481012658228, 0.6415569620253164, 0.6420886075949368], [0.5618101265822785, 0.5800632911392405, 0.6023164556962025, 0.6142405063291139], [0.5276329113924052, 0.5724683544303797, 0.5656075949367089, 0.6129746835443037], [0.4643417721518988, 0.6079113924050632, 0.49851898734177225, 0.6433544303797468], [0.4301645569620254, 0.6104430379746835, 0.4605443037974684, 0.6433544303797468]], "class": 9}