{"image": "2b67e7a6-7598-11ee-9df0-fcb3bc5cd112.jpg", "bboxes": [[0.7124303797468355, 0.5628987341772151, 0.8086329113924052, 0.6477088607594936], [0.3086329113924053, 0.46922784810126583, 0.3542025316455697, 0.5236582278481012], [0.24787341772151922, 0.46922784810126583, 0.2985063291139243, 0.5249240506329115], [0.07192405063291142, 0.3692278481012658, 0.11243037974683558, 0.40846835443037977], [0.11369620253164567, 0.3730253164556962, 0.1529367088607595, 0.41353164556962024], [0.0, 0.34391139240506324, 0.022556962025316464, 0.3831518987341772]], "class": 6}