{"image": "2b67e7a6-7598-11ee-9df0-fcb3bc5cd112.jpg", "bboxes": [[0.0, 0.48034177215189877, 0.03336708860759474, 0.5347721518987342], [0.0434936708860757, 0.4790759493670884, 0.09412658227848081, 0.5347721518987342], [0.2295696202531644, 0.5955316455696202, 0.27007594936708856, 0.6347721518987341], [0.18906329113924047, 0.5904683544303797, 0.22830379746835439, 0.6309746835443037], [0.31944303797468354, 0.6208481012658228, 0.35108860759493665, 0.6600886075949368], [0.35868354430379745, 0.5980632911392405, 0.3991898734177215, 0.6322405063291139], [0.3953924050632911, 0.5904683544303797, 0.4333670886075949, 0.6309746835443037], [0.4624810126582277, 0.6259113924050632, 0.4966582278481012, 0.6613544303797468], [0.5004556962025316, 0.6284430379746835, 0.5308354430379747, 0.6613544303797468]], "class": 9}