{"image": "2b67e7a6-7598-11ee-9df0-fcb3bc5cd112.jpg", "bboxes": [[0.6596329113924053, 0.4943417721518988, 0.7052025316455697, 0.5487721518987342], [0.5988734177215193, 0.49307594936708843, 0.6495063291139243, 0.5487721518987342], [0.42292405063291144, 0.6095316455696203, 0.4634303797468356, 0.6487721518987342], [0.4646962025316457, 0.6044683544303797, 0.5039367088607595, 0.6449746835443038], [0.34191139240506335, 0.6348481012658227, 0.37355696202531646, 0.6740886075949368], [0.2938101265822785, 0.6120632911392405, 0.3343164556962025, 0.6462405063291139], [0.2596329113924052, 0.6044683544303797, 0.2976075949367089, 0.6449746835443038], [0.1963417721518988, 0.6399113924050632, 0.23051898734177223, 0.6753544303797467], [0.16216455696202536, 0.6424430379746835, 0.1925443037974684, 0.6753544303797467]], "class": 9}