{"image": "2b67e7a6-7598-11ee-9df0-fcb3bc5cd112.jpg", "bboxes": [[0.8036329113924052, 0.4853417721518988, 0.8492025316455697, 0.5397721518987342], [0.7428734177215193, 0.4840759493670884, 0.7935063291139243, 0.5397721518987342], [0.5669240506329114, 0.6005316455696202, 0.6074303797468356, 0.6397721518987343], [0.6086962025316457, 0.5954683544303798, 0.6479367088607595, 0.6359746835443039], [0.4859113924050633, 0.6258481012658228, 0.5175569620253164, 0.6650886075949367], [0.43781012658227847, 0.6030632911392405, 0.4783164556962025, 0.637240506329114], [0.40363291139240515, 0.5954683544303798, 0.44160759493670887, 0.6359746835443039], [0.3403417721518988, 0.6309113924050633, 0.37451898734177225, 0.6663544303797468], [0.3061645569620254, 0.6334430379746836, 0.3365443037974684, 0.6663544303797468]], "class": 9}