{"image": "2b67e7a6-7598-11ee-9df0-fcb3bc5cd112.jpg", "bboxes": [[0.05236708860759476, 0.3832911392405064, 0.14856962025316445, 0.4681012658227849], [0.5067974683544303, 0.5073417721518988, 0.5523670886075946, 0.5617721518987342], [0.5624936708860757, 0.5060759493670886, 0.6131265822784808, 0.5617721518987342], [0.7485696202531644, 0.6225316455696203, 0.7890759493670886, 0.6617721518987342], [0.7080632911392405, 0.6174683544303797, 0.7473037974683543, 0.6579746835443038], [0.8384430379746836, 0.6478481012658228, 0.8700886075949367, 0.6870886075949367], [0.8776835443037975, 0.6250632911392405, 0.9181898734177215, 0.659240506329114], [0.9143924050632911, 0.6174683544303797, 0.9523670886075948, 0.6579746835443038], [0.9814810126582277, 0.6529113924050634, 1.0, 0.6883544303797469]], "class": 9}