{"image": "2b67e7a6-7598-11ee-9df0-fcb3bc5cd112.jpg", "bboxes": [[0.7616329113924053, 0.46822784810126583, 0.8072025316455697, 0.5226582278481012], [0.7008734177215192, 0.46822784810126583, 0.7515063291139242, 0.5239240506329115], [0.5249240506329114, 0.3682278481012658, 0.5654303797468355, 0.40746835443037976], [0.5666962025316457, 0.3720253164556962, 0.6059367088607595, 0.41253164556962024], [0.44391139240506333, 0.34291139240506324, 0.47555696202531644, 0.3821518987341772], [0.3958101265822785, 0.37075949367088606, 0.43631645569620253, 0.4049367088607595], [0.36163291139240517, 0.3720253164556962, 0.3996075949367089, 0.41253164556962024], [0.2983417721518988, 0.34164556962025316, 0.3325189873417722, 0.37708860759493673], [0.26416455696202534, 0.34164556962025316, 0.2945443037974684, 0.37455696202531646]], "class": 9}