{"image": "2b67e7a6-7598-11ee-9df0-fcb3bc5cd112.jpg", "bboxes": [[0.06979746835443035, 0.47734177215189877, 0.1153670886075947, 0.5317721518987342], [0.12549367088607577, 0.4760759493670885, 0.17612658227848077, 0.5317721518987342], [0.3115696202531645, 0.5925316455696202, 0.35207594936708864, 0.6317721518987343], [0.27106329113924055, 0.5874683544303798, 0.31030379746835435, 0.6279746835443039], [0.4014430379746835, 0.6178481012658228, 0.4330886075949366, 0.6570886075949367], [0.4406835443037975, 0.5950632911392405, 0.48118987341772157, 0.629240506329114], [0.47739240506329106, 0.5874683544303798, 0.5153670886075948, 0.6279746835443039], [0.5444810126582278, 0.6229113924050633, 0.5786582278481012, 0.6583544303797468], [0.5824556962025316, 0.6254430379746836, 0.6128354430379747, 0.6583544303797468]], "class": 9}