{"image": "2b67e7a6-7598-11ee-9df0-fcb3bc5cd112.jpg", "bboxes": [[0.17736708860759476, 0.34529113924050636, 0.27356962025316445, 0.43010126582278485], [0.6317974683544303, 0.46934177215189876, 0.6773670886075946, 0.5237721518987342], [0.6874936708860757, 0.4680759493670885, 0.7381265822784808, 0.5237721518987342], [0.8735696202531644, 0.5845316455696202, 0.9140759493670886, 0.6237721518987343], [0.8330632911392405, 0.5794683544303798, 0.8723037974683543, 0.6199746835443039], [0.9634430379746836, 0.6098481012658228, 0.9950886075949367, 0.6490886075949367]], "class": 6}