{"image": "2b67e7a6-7598-11ee-9df0-fcb3bc5cd112.jpg", "bboxes": [[0.8816329113924053, 0.44734177215189874, 0.9272025316455698, 0.5017721518987341], [0.8208734177215192, 0.4460759493670885, 0.8715063291139242, 0.5017721518987341], [0.6449240506329115, 0.5625316455696203, 0.6854303797468355, 0.6017721518987342], [0.6866962025316456, 0.5574683544303798, 0.7259367088607594, 0.5979746835443038], [0.5639113924050634, 0.5878481012658228, 0.5955569620253165, 0.6270886075949368], [0.5158101265822785, 0.5650632911392406, 0.5563164556962025, 0.599240506329114], [0.48163291139240516, 0.5574683544303798, 0.5196075949367089, 0.5979746835443038], [0.41834177215189877, 0.5929113924050633, 0.4525189873417722, 0.6283544303797468], [0.38416455696202534, 0.5954430379746836, 0.41454430379746837, 0.6283544303797468]], "class": 9}