{"image": "2bdfd6da-6b44-11ee-9869-fcb3bc5cd112.jpg", "bboxes": [[0.9886341463414633, 0.0, 1.0, 0.5565121951219513]], "class": 1}