{"image": "2bdfd6da-6b44-11ee-9869-fcb3bc5cd112.jpg", "bboxes": [[0.0, 0.0, 0.18736585365853675, 0.5465121951219513]], "class": 1}