{"image": "2bdfd6da-6b44-11ee-9869-fcb3bc5cd112.jpg", "bboxes": [[0.0, 0.0419756097560976, 0.3663658536585367, 0.6005121951219512]], "class": 1}