{"image": "2bdfd6da-6b44-11ee-9869-fcb3bc5cd112.jpg", "bboxes": [[0.6966341463414633, 0.45248780487804874, 1.0, 1.0]], "class": 1}