{"image": "2c42cc63-759d-11ee-b9ec-fcb3bc5cd112.jpg", "bboxes": [[0.5725443037974682, 0.3558227848101265, 0.6371012658227846, 0.41911392405063297], [0.6383670886075947, 0.37227848101265826, 0.6953291139240506, 0.41405063291139244], [0.7041898734177214, 0.3583544303797469, 0.7636835443037975, 0.4279746835443038], [0.8522911392405063, 0.4089873417721518, 0.9016582278481012, 0.4710126582278481], [0.909253164556962, 0.4216455696202531, 0.9636835443037973, 0.4748101265822785]], "class": 5}