{"image": "2c42cc63-759d-11ee-b9ec-fcb3bc5cd112.jpg", "bboxes": [[0.9478987341772154, 0.39482278481012656, 1.0, 0.4581139240506329], [0.8896708860759494, 0.4112784810126583, 0.9466329113924052, 0.45305063291139247], [0.8213164556962025, 0.3973544303797468, 0.8808101265822785, 0.4669746835443038], [0.6833417721518988, 0.4479873417721518, 0.7327088607594937, 0.5100126582278481], [0.6213164556962026, 0.46064556962025316, 0.6757468354430379, 0.5138101265822785]], "class": 5}