{"image": "2c42cc63-759d-11ee-b9ec-fcb3bc5cd112.jpg", "bboxes": [[0.4255443037974683, 0.593886075949367, 0.49010126582278457, 0.6571772151898735], [0.4913670886075947, 0.5989493670886076, 0.5483291139240506, 0.6407215189873418], [0.5571898734177215, 0.5850253164556961, 0.6166835443037975, 0.6546455696202531], [0.7052911392405062, 0.5419873417721519, 0.7546582278481012, 0.6040126582278482], [0.762253164556962, 0.5381898734177215, 0.8166835443037974, 0.5913544303797469]], "class": 5}