{"image": "2c42cc63-759d-11ee-b9ec-fcb3bc5cd112.jpg", "bboxes": [[0.6728987341772154, 0.39582278481012656, 0.7374556962025317, 0.4591139240506329], [0.6146708860759494, 0.4122784810126583, 0.6716329113924053, 0.45405063291139247], [0.5463164556962026, 0.3983544303797468, 0.6058101265822785, 0.4679746835443038], [0.4083417721518988, 0.4489873417721518, 0.45770886075949374, 0.511012658227848], [0.3463164556962026, 0.46164556962025316, 0.40074683544303796, 0.5148101265822784]], "class": 5}