{"image": "2c42cc63-759d-11ee-b9ec-fcb3bc5cd112.jpg", "bboxes": [[0.29489873417721535, 0.5318860759493671, 0.3594556962025317, 0.5951772151898734], [0.2366708860759494, 0.5369493670886075, 0.29363291139240527, 0.5787215189873417], [0.16831645569620252, 0.5230253164556962, 0.22781012658227848, 0.5926455696202532], [0.030341772151898795, 0.4799873417721519, 0.07970886075949375, 0.5420126582278482], [0.0, 0.4761898734177215, 0.02274683544303798, 0.5293544303797468]], "class": 5}