{"image": "2c42cc63-759d-11ee-b9ec-fcb3bc5cd112.jpg", "bboxes": [[0.7678987341772153, 0.37582278481012654, 0.8324556962025317, 0.439113924050633], [0.7096708860759494, 0.3922784810126583, 0.7666329113924053, 0.43405063291139245], [0.6413164556962025, 0.3783544303797469, 0.7008101265822785, 0.4479746835443038], [0.5033417721518988, 0.4289873417721518, 0.5527088607594938, 0.4910126582278481], [0.44131645569620265, 0.44164556962025314, 0.495746835443038, 0.4948101265822785]], "class": 5}