{"image": "2c42cc63-759d-11ee-b9ec-fcb3bc5cd112.jpg", "bboxes": [[0.3458987341772154, 0.587886075949367, 0.41045569620253175, 0.6511772151898735], [0.2876708860759494, 0.5929493670886076, 0.34463291139240526, 0.6347215189873417], [0.21931645569620253, 0.5790253164556961, 0.2788101265822785, 0.6486455696202531], [0.08134177215189879, 0.5359873417721519, 0.13070886075949376, 0.5980126582278482], [0.019316455696202637, 0.5321898734177215, 0.07374683544303798, 0.5853544303797469]], "class": 5}