{"image": "2c42cc63-759d-11ee-b9ec-fcb3bc5cd112.jpg", "bboxes": [[0.6808987341772154, 0.3358227848101266, 0.7454556962025317, 0.39911392405063295], [0.6226708860759494, 0.35227848101265824, 0.6796329113924052, 0.3940506329113924], [0.5543164556962025, 0.3383544303797469, 0.6138101265822785, 0.4079746835443039], [0.41634177215189877, 0.3889873417721518, 0.46570886075949375, 0.4510126582278481], [0.3543164556962026, 0.4016455696202531, 0.40874683544303797, 0.4548101265822785]], "class": 5}