{"image": "2c42cc63-759d-11ee-b9ec-fcb3bc5cd112.jpg", "bboxes": [[0.1505443037974683, 0.37282278481012654, 0.21510126582278466, 0.436113924050633], [0.21636708860759468, 0.3892784810126583, 0.27332911392405057, 0.43105063291139245], [0.2821898734177215, 0.3753544303797469, 0.34168354430379744, 0.4449746835443038], [0.4302911392405062, 0.4259873417721518, 0.4796582278481012, 0.4880126582278481], [0.487253164556962, 0.43864556962025314, 0.5416835443037973, 0.4918101265822785]], "class": 5}