{"image": "2c42cc63-759d-11ee-b9ec-fcb3bc5cd112.jpg", "bboxes": [[0.5865443037974682, 0.37882278481012654, 0.6511012658227846, 0.4421139240506329], [0.6523670886075947, 0.3952784810126583, 0.7093291139240506, 0.43705063291139246], [0.7181898734177214, 0.3813544303797469, 0.7776835443037975, 0.4509746835443038], [0.8662911392405063, 0.4319873417721518, 0.9156582278481012, 0.4940126582278481], [0.923253164556962, 0.44464556962025314, 0.9776835443037973, 0.4978101265822785]], "class": 5}