{"image": "2c42cc63-759d-11ee-b9ec-fcb3bc5cd112.jpg", "bboxes": [[0.6998987341772154, 0.5388860759493671, 0.7644556962025317, 0.6021772151898734], [0.6416708860759494, 0.5439493670886075, 0.6986329113924052, 0.5857215189873417], [0.5733164556962025, 0.5300253164556962, 0.6328101265822785, 0.5996455696202532], [0.4353417721518988, 0.4869873417721519, 0.48470886075949376, 0.5490126582278482], [0.37331645569620264, 0.4831898734177215, 0.427746835443038, 0.5363544303797468]], "class": 5}