{"image": "2c42cc63-759d-11ee-b9ec-fcb3bc5cd112.jpg", "bboxes": [[0.3775443037974683, 0.3298227848101266, 0.44210126582278464, 0.39311392405063295], [0.4433670886075948, 0.34627848101265823, 0.5003291139240507, 0.3880506329113924], [0.5091898734177216, 0.3323544303797469, 0.5686835443037974, 0.4019746835443039], [0.6572911392405063, 0.38298734177215177, 0.7066582278481013, 0.4450126582278481], [0.7142531645569621, 0.3956455696202531, 0.7686835443037974, 0.4488101265822785]], "class": 5}