{"image": "2c42cc63-759d-11ee-b9ec-fcb3bc5cd112.jpg", "bboxes": [[0.44654430379746823, 0.37482278481012654, 0.5111012658227847, 0.438113924050633], [0.5123670886075947, 0.3912784810126583, 0.5693291139240506, 0.43305063291139245], [0.5781898734177215, 0.3773544303797469, 0.6376835443037975, 0.4469746835443038], [0.7262911392405063, 0.4279873417721518, 0.7756582278481012, 0.4900126582278481], [0.783253164556962, 0.44064556962025314, 0.8376835443037973, 0.4938101265822785]], "class": 5}