{"image": "2c42cc63-759d-11ee-b9ec-fcb3bc5cd112.jpg", "bboxes": [[0.5405443037974682, 0.40482278481012657, 0.6051012658227846, 0.4681139240506329], [0.6063670886075947, 0.4212784810126583, 0.6633291139240506, 0.4630506329113925], [0.6721898734177215, 0.40735443037974683, 0.7316835443037975, 0.47697468354430383], [0.8202911392405062, 0.45798734177215183, 0.8696582278481012, 0.5200126582278481], [0.877253164556962, 0.47064556962025317, 0.9316835443037974, 0.5238101265822785]], "class": 5}