{"image": "2c42cc63-759d-11ee-b9ec-fcb3bc5cd112.jpg", "bboxes": [[0.6185443037974683, 0.566886075949367, 0.6831012658227846, 0.6301772151898735], [0.6843670886075948, 0.5719493670886076, 0.7413291139240505, 0.6137215189873417], [0.7501898734177215, 0.5580253164556962, 0.8096835443037975, 0.6276455696202531], [0.8982911392405063, 0.5149873417721519, 0.9476582278481012, 0.5770126582278482], [0.955253164556962, 0.5111898734177215, 1.0, 0.5643544303797469]], "class": 5}