{"image": "2cdab42d-759c-11ee-9b87-fcb3bc5cd112.jpg", "bboxes": [[0.37022784810126586, 0.23788607594936706, 0.5499746835443038, 0.43155696202531646], [0.2031392405063292, 0.2239620253164557, 0.35124050632911397, 0.4138354430379746]], "class": 2}