{"image": "2cdab42d-759c-11ee-9b87-fcb3bc5cd112.jpg", "bboxes": [[0.7050253164556961, 0.2728860759493671, 0.8847721518987341, 0.4665569620253165], [0.903759493670886, 0.2589620253164556, 1.0, 0.4488354430379746]], "class": 2}