{"image": "2cdab42d-759c-11ee-9b87-fcb3bc5cd112.jpg", "bboxes": [[0.0, 0.5534430379746835, 0.17097468354430384, 0.7471139240506329]], "class": 1}