{"image": "2cdab42d-759c-11ee-9b87-fcb3bc5cd112.jpg", "bboxes": [[0.9570253164556961, 0.5644430379746835, 1.0, 0.7581139240506329]], "class": 1}