{"image": "2cdab42d-759c-11ee-9b87-fcb3bc5cd112.jpg", "bboxes": [[0.24222784810126585, 0.5574430379746835, 0.42197468354430384, 0.7511139240506329], [0.0751392405063292, 0.5751645569620254, 0.22324050632911394, 0.7650379746835444]], "class": 2}