{"image": "2cdab42d-759c-11ee-9b87-fcb3bc5cd112.jpg", "bboxes": [[0.20222784810126587, 0.2758860759493671, 0.38197468354430386, 0.4695569620253165], [0.0351392405063292, 0.2619620253164556, 0.18324050632911393, 0.4518354430379746]], "class": 2}