{"image": "2cdab42d-759c-11ee-9b87-fcb3bc5cd112.jpg", "bboxes": [[0.6082278481012658, 0.5534430379746835, 0.7879746835443039, 0.7471139240506329], [0.4411392405063292, 0.5711645569620254, 0.589240506329114, 0.7610379746835444]], "class": 2}