{"image": "2cdab42d-759c-11ee-9b87-fcb3bc5cd112.jpg", "bboxes": [[0.9390253164556962, 0.2728860759493671, 1.0, 0.4665569620253165]], "class": 1}