{"image": "2cdab42d-759c-11ee-9b87-fcb3bc5cd112.jpg", "bboxes": [[0.22822784810126587, 0.5254430379746835, 0.40797468354430383, 0.7191139240506329], [0.0611392405063292, 0.5431645569620254, 0.20924050632911395, 0.7330379746835444]], "class": 2}