{"image": "2cdab42d-759c-11ee-9b87-fcb3bc5cd112.jpg", "bboxes": [[0.49622784810126586, 0.49944303797468353, 0.6759746835443038, 0.6931139240506329], [0.3291392405063292, 0.5171645569620253, 0.47724050632911397, 0.7070379746835443]], "class": 2}