{"image": "2cdab42d-759c-11ee-9b87-fcb3bc5cd112.jpg", "bboxes": [[0.31722784810126586, 0.5324430379746835, 0.49697468354430385, 0.7261139240506329], [0.1501392405063292, 0.5501645569620254, 0.2982405063291139, 0.7400379746835444]], "class": 2}