{"image": "2cdab42d-759c-11ee-9b87-fcb3bc5cd112.jpg", "bboxes": [[0.2822278481012659, 0.2938860759493671, 0.4619746835443038, 0.4875569620253165], [0.1151392405063292, 0.27996202531645564, 0.26324050632911394, 0.46983544303797464]], "class": 2}