{"image": "2cdab42d-759c-11ee-9b87-fcb3bc5cd112.jpg", "bboxes": [[0.7990253164556962, 0.5114430379746835, 0.9787721518987341, 0.7051139240506329], [0.997759493670886, 0.5291645569620254, 1.0, 0.7190379746835444]], "class": 2}