{"image": "2d544a3e-7598-11ee-82d9-fcb3bc5cd112.jpg", "bboxes": [[0.7804810126582281, 0.45456962025316455, 0.8209873417721522, 0.4976075949367089], [0.7336455696202533, 0.5102658227848101, 0.7880759493670887, 0.5646962025316455], [0.6906075949367089, 0.519126582278481, 0.7349113924050633, 0.5684936708860759], [0.6146582278481013, 0.4874810126582279, 0.6526329113924051, 0.5305189873417722], [0.5728860759493671, 0.48621518987341766, 0.6108607594936709, 0.5241898734177215]], "class": 5}