{"image": "2d544a3e-7598-11ee-82d9-fcb3bc5cd112.jpg", "bboxes": [[0.7224810126582281, 0.5123924050632911, 0.7629873417721521, 0.5554303797468354], [0.6756455696202532, 0.44530379746835447, 0.7300759493670888, 0.49973417721518987], [0.6326075949367089, 0.44150632911392407, 0.6769113924050634, 0.49087341772151905], [0.5566582278481014, 0.47948101265822785, 0.594632911392405, 0.5225189873417722], [0.5148860759493672, 0.4858101265822785, 0.5528607594936709, 0.5237848101265823]], "class": 5}