{"image": "2d544a3e-7598-11ee-82d9-fcb3bc5cd112.jpg", "bboxes": [[0.2564810126582281, 0.4933924050632911, 0.29698734177215214, 0.5364303797468355], [0.20964556962025324, 0.42630379746835445, 0.26407594936708867, 0.48073417721518985], [0.1666075949367089, 0.42250632911392405, 0.21091139240506335, 0.47187341772151903], [0.09065822784810132, 0.46048101265822783, 0.12863291139240504, 0.5035189873417721], [0.04888607594936718, 0.4668101265822785, 0.0868607594936709, 0.5047848101265824]], "class": 5}