{"image": "2d544a3e-7598-11ee-82d9-fcb3bc5cd112.jpg", "bboxes": [[0.8904810126582281, 0.48139240506329106, 0.9309873417721521, 0.5244303797468355], [0.8436455696202533, 0.41430379746835444, 0.8980759493670887, 0.46873417721518995], [0.8006075949367089, 0.41050632911392404, 0.8449113924050633, 0.459873417721519], [0.7246582278481013, 0.44848101265822793, 0.7626329113924051, 0.49151898734177213], [0.6828860759493672, 0.4548101265822785, 0.7208607594936709, 0.4927848101265824]], "class": 5}