{"image": "2d544a3e-7598-11ee-82d9-fcb3bc5cd112.jpg", "bboxes": [[0.0, 0.5113924050632911, 0.02751898734177194, 0.5544303797468355], [0.01992405063291125, 0.44430379746835447, 0.07435443037974676, 0.49873417721518987], [0.07308860759493663, 0.44050632911392407, 0.11739240506329107, 0.48987341772151904], [0.15536708860759496, 0.47848101265822784, 0.19334177215189863, 0.521518987341772], [0.19713924050632914, 0.4848101265822785, 0.2351139240506328, 0.5227848101265824]], "class": 5}