{"image": "2d544a3e-7598-11ee-82d9-fcb3bc5cd112.jpg", "bboxes": [[0.1424810126582281, 0.5513924050632911, 0.18298734177215215, 0.5944303797468354], [0.09564556962025324, 0.4843037974683544, 0.1500759493670887, 0.5387341772151899], [0.05260759493670889, 0.480506329113924, 0.09691139240506334, 0.529873417721519], [0.0, 0.5184810126582279, 0.01463291139240505, 0.5615189873417721]], "class": 4}