{"image": "2d544a3e-7598-11ee-82d9-fcb3bc5cd112.jpg", "bboxes": [[0.8284810126582282, 0.5353924050632911, 0.8689873417721522, 0.5784303797468355], [0.7816455696202532, 0.4683037974683545, 0.8360759493670887, 0.5227341772151899], [0.7386075949367089, 0.4645063291139241, 0.7829113924050634, 0.513873417721519], [0.6626582278481014, 0.5024810126582279, 0.700632911392405, 0.5455189873417721], [0.6208860759493672, 0.5088101265822784, 0.658860759493671, 0.5467848101265823]], "class": 5}