{"image": "2d544a3e-7598-11ee-82d9-fcb3bc5cd112.jpg", "bboxes": [[0.1430126582278478, 0.4145696202531645, 0.18351898734177186, 0.4576075949367089], [0.17592405063291128, 0.4702658227848101, 0.2303544303797468, 0.5246962025316455], [0.22908860759493666, 0.479126582278481, 0.2733924050632911, 0.5284936708860759], [0.311367088607595, 0.4474810126582279, 0.34934177215189866, 0.49051898734177213], [0.35313924050632906, 0.4462151898734177, 0.39111392405063283, 0.4841898734177215]], "class": 5}