{"image": "2d544a3e-7598-11ee-82d9-fcb3bc5cd112.jpg", "bboxes": [[0.0, 0.5023924050632911, 0.013518987341771926, 0.5454303797468354], [0.0059240506329113485, 0.43530379746835446, 0.06035443037974675, 0.48973417721518986], [0.059088607594936615, 0.43150632911392406, 0.10339240506329106, 0.48087341772151904], [0.14136708860759495, 0.46948101265822784, 0.17934177215189873, 0.5125189873417721], [0.18313924050632913, 0.4758101265822785, 0.2211139240506328, 0.5137848101265823]], "class": 5}