{"image": "2d544a3e-7598-11ee-82d9-fcb3bc5cd112.jpg", "bboxes": [[0.6490126582278479, 0.43456962025316453, 0.689518987341772, 0.4776075949367089], [0.6819240506329113, 0.4902658227848101, 0.7363544303797467, 0.5446962025316455], [0.7350886075949367, 0.499126582278481, 0.7793924050632911, 0.5484936708860759], [0.817367088607595, 0.4674810126582279, 0.8553417721518987, 0.5105189873417721], [0.8591392405063291, 0.46621518987341765, 0.8971139240506328, 0.5041898734177215]], "class": 5}