{"image": "2d544a3e-7598-11ee-82d9-fcb3bc5cd112.jpg", "bboxes": [[0.4494810126582281, 0.5373924050632911, 0.48998734177215214, 0.5804303797468355], [0.4026455696202532, 0.4703037974683545, 0.4570759493670887, 0.5247341772151899], [0.3596075949367089, 0.4665063291139241, 0.40391139240506335, 0.515873417721519], [0.2836582278481013, 0.5044810126582279, 0.3216329113924051, 0.5475189873417721], [0.24188607594936717, 0.5108101265822784, 0.2798607594936709, 0.5487848101265823]], "class": 5}