{"image": "2d544a3e-7598-11ee-82d9-fcb3bc5cd112.jpg", "bboxes": [[0.7880126582278478, 0.5123924050632911, 0.8285189873417719, 0.5554303797468354], [0.8209240506329113, 0.44530379746835447, 0.8753544303797468, 0.49973417721518987], [0.8740886075949367, 0.44150632911392407, 0.9183924050632911, 0.49087341772151905], [0.956367088607595, 0.47948101265822785, 0.9943417721518987, 0.5225189873417722], [0.9981392405063291, 0.4858101265822785, 1.0, 0.5237848101265823]], "class": 5}