{"image": "2d544a3e-7598-11ee-82d9-fcb3bc5cd112.jpg", "bboxes": [[0.9724810126582281, 0.48939240506329107, 1.0, 0.5324303797468355], [0.9256455696202532, 0.42230379746835445, 0.9800759493670888, 0.47673417721518985], [0.8826075949367089, 0.41850632911392405, 0.9269113924050634, 0.467873417721519], [0.8066582278481014, 0.45648101265822794, 0.844632911392405, 0.49951898734177214], [0.7648860759493672, 0.4628101265822785, 0.8028607594936709, 0.5007848101265824]], "class": 5}