{"image": "2d544a3e-7598-11ee-82d9-fcb3bc5cd112.jpg", "bboxes": [[0.2104810126582281, 0.5393924050632911, 0.25098734177215215, 0.5824303797468355], [0.16364556962025323, 0.4723037974683545, 0.21807594936708868, 0.5267341772151899], [0.12060759493670889, 0.4685063291139241, 0.16491139240506333, 0.517873417721519], [0.04465822784810132, 0.5064810126582279, 0.08263291139240504, 0.5495189873417721], [0.002886075949367182, 0.5128101265822784, 0.04086075949367091, 0.5507848101265823]], "class": 5}