{"image": "2d544a3e-7598-11ee-82d9-fcb3bc5cd112.jpg", "bboxes": [[0.8174810126582281, 0.48639240506329107, 0.8579873417721522, 0.5294303797468354], [0.7706455696202532, 0.41930379746835444, 0.8250759493670887, 0.47373417721518996], [0.7276075949367089, 0.41550632911392404, 0.7719113924050633, 0.464873417721519], [0.6516582278481013, 0.45348101265822793, 0.689632911392405, 0.49651898734177213], [0.6098860759493672, 0.4598101265822785, 0.647860759493671, 0.4977848101265824]], "class": 5}