{"image": "2e3d04a2-759d-11ee-889b-fcb3bc5cd112.jpg", "bboxes": [[0.5329367088607596, 0.3305569620253165, 0.6190126582278483, 0.4254936708860759], [0.45445569620253173, 0.3305569620253165, 0.546860759493671, 0.4204303797468355], [0.2430632911392405, 0.4913164556962025, 0.30255696202531657, 0.5584050632911393], [0.17850632911392414, 0.5014430379746835, 0.2519240506329114, 0.5584050632911393], [0.0, 0.47612658227848104, 0.04939240506329122, 0.5482784810126582]], "class": 5}