{"image": "2e3d04a2-759d-11ee-889b-fcb3bc5cd112.jpg", "bboxes": [[0.7079367088607597, 0.3455569620253165, 0.7940126582278483, 0.44049367088607594], [0.6294556962025317, 0.3455569620253165, 0.7218607594936709, 0.4354303797468354], [0.4180632911392405, 0.5063164556962025, 0.47755696202531656, 0.5734050632911392], [0.35350632911392416, 0.5164430379746836, 0.4269240506329114, 0.5734050632911392], [0.15856962025316465, 0.49112658227848105, 0.22439240506329122, 0.5632784810126582], [0.1092025316455697, 0.4898607594936709, 0.16616455696202537, 0.5645443037974684], [0.050974683544303845, 0.5974556962025317, 0.10160759493670889, 0.6480886075949368]], "class": 7}