{"image": "2e3d04a2-759d-11ee-889b-fcb3bc5cd112.jpg", "bboxes": [[0.8489367088607596, 0.532506329113924, 0.9350126582278483, 0.6274430379746835], [0.7704556962025317, 0.5375696202531646, 0.8628607594936709, 0.6274430379746835], [0.5590632911392405, 0.39959493670886076, 0.6185569620253166, 0.4666835443037975], [0.49450632911392417, 0.39959493670886076, 0.5679240506329114, 0.4565569620253165], [0.29956962025316464, 0.40972151898734177, 0.36539240506329124, 0.481873417721519], [0.2502025316455697, 0.40845569620253164, 0.3071645569620254, 0.4831392405063291], [0.19197468354430383, 0.3249113924050632, 0.2426075949367089, 0.37554430379746834]], "class": 7}