{"image": "2e3d04a2-759d-11ee-889b-fcb3bc5cd112.jpg", "bboxes": [[0.7269367088607596, 0.505506329113924, 0.8130126582278483, 0.6004430379746836], [0.6484556962025317, 0.5105696202531645, 0.7408607594936709, 0.6004430379746836], [0.43706329113924053, 0.37259493670886074, 0.4965569620253166, 0.43968354430379747], [0.3725063291139242, 0.37259493670886074, 0.4459240506329114, 0.42955696202531646], [0.17756962025316467, 0.38272151898734175, 0.2433924050632912, 0.454873417721519], [0.12820253164556972, 0.3814556962025316, 0.18516455696202536, 0.4561392405063291], [0.06997468354430385, 0.2979113924050632, 0.12060759493670889, 0.3485443037974683]], "class": 7}