{"image": "2e3d04a2-759d-11ee-889b-fcb3bc5cd112.jpg", "bboxes": [[0.07898734177215172, 0.517506329113924, 0.16506329113924034, 0.6124430379746836], [0.1511392405063291, 0.5225696202531646, 0.24354430379746828, 0.6124430379746836], [0.3954430379746834, 0.38459493670886075, 0.45493670886075954, 0.4516835443037975], [0.4460759493670886, 0.38459493670886075, 0.5194936708860758, 0.44155696202531647], [0.6486075949367087, 0.39472151898734176, 0.7144303797468353, 0.46687341772151897], [0.7068354430379746, 0.3934556962025316, 0.7637974683544303, 0.4681392405063291], [0.7713924050632911, 0.3099113924050632, 0.8220253164556961, 0.3605443037974683]], "class": 7}