{"image": "2e3d04a2-759d-11ee-889b-fcb3bc5cd112.jpg", "bboxes": [[0.0, 0.5325696202531646, 0.039544303797468316, 0.6224430379746836], [0.19144303797468343, 0.39459493670886076, 0.25093670886075947, 0.4616835443037975], [0.24207594936708854, 0.39459493670886076, 0.3154936708860758, 0.4515569620253165], [0.44460759493670876, 0.40472151898734177, 0.5104303797468354, 0.476873417721519], [0.5028354430379747, 0.40345569620253163, 0.5597974683544302, 0.4781392405063291], [0.567392405063291, 0.3199113924050632, 0.6180253164556961, 0.37054430379746833]], "class": 6}