{"image": "2e3d04a2-759d-11ee-889b-fcb3bc5cd112.jpg", "bboxes": [[0.1699873417721517, 0.505506329113924, 0.2560632911392404, 0.6004430379746836], [0.24213924050632907, 0.5105696202531645, 0.33454430379746825, 0.6004430379746836], [0.48644303797468347, 0.37259493670886074, 0.5459367088607595, 0.43968354430379747], [0.5370759493670886, 0.37259493670886074, 0.6104936708860759, 0.42955696202531646], [0.7396075949367088, 0.38272151898734175, 0.8054303797468354, 0.454873417721519], [0.7978354430379746, 0.3814556962025316, 0.8547974683544303, 0.4561392405063291], [0.8623924050632911, 0.2979113924050632, 0.9130253164556962, 0.3485443037974683]], "class": 7}