{"image": "2e3d04a2-759d-11ee-889b-fcb3bc5cd112.jpg", "bboxes": [[0.0, 0.40059493670886076, 0.026936708860759495, 0.4676835443037975], [0.018075949367088562, 0.40059493670886076, 0.09149367088607585, 0.4575569620253165], [0.22060759493670878, 0.41072151898734177, 0.2864303797468354, 0.482873417721519], [0.2788354430379747, 0.40945569620253164, 0.33579746835443025, 0.48413924050632906], [0.34339240506329116, 0.3259113924050632, 0.39402531645569616, 0.37654430379746834]], "class": 5}