{"image": "2e3d04a2-759d-11ee-889b-fcb3bc5cd112.jpg", "bboxes": [[0.08098734177215172, 0.3265569620253165, 0.16706329113924034, 0.4214936708860759], [0.1531392405063291, 0.3265569620253165, 0.24554430379746828, 0.4164303797468355], [0.3974430379746834, 0.4873164556962025, 0.45693670886075954, 0.5544050632911393], [0.4480759493670886, 0.4974430379746836, 0.5214936708860758, 0.5544050632911393], [0.6506075949367087, 0.47212658227848103, 0.7164303797468353, 0.5442784810126582], [0.7088354430379746, 0.4708607594936709, 0.7657974683544303, 0.5455443037974683], [0.7733924050632911, 0.5784556962025317, 0.8240253164556961, 0.6290886075949368]], "class": 7}