{"image": "2e3d04a2-759d-11ee-889b-fcb3bc5cd112.jpg", "bboxes": [[0.0, 0.512506329113924, 0.021063291139240437, 0.6074430379746836], [0.007139240506329081, 0.5175696202531646, 0.09954430379746826, 0.6074430379746836], [0.25144303797468337, 0.37959493670886074, 0.3109367088607595, 0.4466835443037975], [0.3020759493670886, 0.37959493670886074, 0.3754936708860759, 0.43655696202531646], [0.5046075949367088, 0.38972151898734175, 0.5704303797468353, 0.46187341772151896], [0.5628354430379746, 0.3884556962025316, 0.6197974683544303, 0.4631392405063291], [0.6273924050632911, 0.3049113924050632, 0.6780253164556962, 0.3555443037974683]], "class": 7}