{"image": "2e3d04a2-759d-11ee-889b-fcb3bc5cd112.jpg", "bboxes": [[0.8300632911392405, 0.49831645569620253, 0.8895569620253165, 0.5654050632911393], [0.7655063291139241, 0.5084430379746836, 0.8389240506329114, 0.5654050632911393], [0.5705696202531647, 0.48312658227848104, 0.6363924050632912, 0.5552784810126583], [0.5212025316455697, 0.4818607594936709, 0.5781645569620254, 0.5565443037974684], [0.4629746835443038, 0.5894556962025317, 0.5136075949367089, 0.6400886075949368]], "class": 5}