{"image": "2e3d04a2-759d-11ee-889b-fcb3bc5cd112.jpg", "bboxes": [[0.4789367088607596, 0.39755696202531643, 0.5650126582278483, 0.492493670886076], [0.40045569620253174, 0.39755696202531643, 0.4928607594936709, 0.48743037974683545], [0.1890632911392405, 0.5583164556962026, 0.24855696202531657, 0.6254050632911392], [0.12450632911392415, 0.5684430379746835, 0.1979240506329114, 0.6254050632911392]], "class": 4}