{"image": "2e3d04a2-759d-11ee-889b-fcb3bc5cd112.jpg", "bboxes": [[0.5619367088607596, 0.3685569620253165, 0.6480126582278483, 0.46349367088607596], [0.4834556962025317, 0.3685569620253165, 0.5758607594936709, 0.4584303797468354], [0.2720632911392405, 0.5293164556962024, 0.3315569620253166, 0.5964050632911393], [0.20750632911392417, 0.5394430379746835, 0.2809240506329114, 0.5964050632911393], [0.012569620253164658, 0.5141265822784811, 0.07839240506329122, 0.5862784810126582], [0.0, 0.5128607594936709, 0.02016455696202536, 0.5875443037974684]], "class": 6}