{"image": "2e3d04a2-759d-11ee-889b-fcb3bc5cd112.jpg", "bboxes": [[0.8640632911392405, 0.43859493670886074, 0.9235569620253166, 0.5056835443037975], [0.7995063291139242, 0.43859493670886074, 0.8729240506329115, 0.49555696202531646], [0.6045696202531646, 0.44872151898734175, 0.6703924050632912, 0.520873417721519], [0.5552025316455697, 0.4474556962025316, 0.6121645569620253, 0.5221392405063291], [0.49697468354430385, 0.3639113924050632, 0.5476075949367089, 0.4145443037974683]], "class": 5}