{"image": "2e3d04a2-759d-11ee-889b-fcb3bc5cd112.jpg", "bboxes": [[0.6789367088607596, 0.40455696202531644, 0.7650126582278483, 0.499493670886076], [0.6004556962025317, 0.40455696202531644, 0.6928607594936709, 0.49443037974683546], [0.3890632911392405, 0.5653164556962025, 0.4485569620253166, 0.6324050632911393], [0.32450632911392413, 0.5754430379746835, 0.3979240506329114, 0.6324050632911393], [0.12956962025316465, 0.550126582278481, 0.19539240506329122, 0.6222784810126583], [0.0802025316455697, 0.548860759493671, 0.13716455696202537, 0.6235443037974684], [0.021974683544303843, 0.6564556962025316, 0.07260759493670889, 0.7070886075949367]], "class": 7}