{"image": "2e3d04a2-759d-11ee-889b-fcb3bc5cd112.jpg", "bboxes": [[0.08744303797468345, 0.5623164556962026, 0.1469367088607595, 0.6294050632911392], [0.13807594936708856, 0.5724430379746835, 0.21149367088607585, 0.6294050632911392], [0.3406075949367088, 0.547126582278481, 0.4064303797468354, 0.6192784810126583], [0.3988354430379747, 0.5458607594936709, 0.45579746835443025, 0.6205443037974684], [0.46339240506329116, 0.6534556962025317, 0.5140253164556962, 0.7040886075949369]], "class": 5}