{"image": "2f59487c-7598-11ee-88d5-fcb3bc5cd112.jpg", "bboxes": [[0.34505063291139226, 0.435379746835443, 0.3880886075949366, 0.4733544303797469], [0.38682278481012644, 0.4379113924050634, 0.4311265822784808, 0.4784177215189874], [0.5045443037974683, 0.47208860759493676, 0.5349240506329114, 0.505], [0.5247974683544303, 0.46829113924050636, 0.5602405063291137, 0.50626582278481], [0.5830253164556962, 0.5290506329113924, 0.6058101265822784, 0.5505696202531645], [0.5994810126582277, 0.5290506329113924, 0.6285949367088607, 0.5505696202531645], [0.6716329113924049, 0.5024683544303798, 0.6944177215189874, 0.525253164556962], [0.6982151898734177, 0.49993670886075947, 0.7184683544303797, 0.5239873417721519], [0.6551772151898734, 0.5366455696202531, 0.6792278481012657, 0.5594303797468354]], "class": 9}