{"image": "2f59487c-7598-11ee-88d5-fcb3bc5cd112.jpg", "bboxes": [[0.005025316455696149, 0.5040506329113924, 0.027810126582278327, 0.5255696202531646], [0.02148101265822766, 0.5040506329113924, 0.05059493670886073, 0.5255696202531646], [0.09363291139240493, 0.4774683544303798, 0.11641772151898733, 0.500253164556962], [0.12021518987341762, 0.47493670886075945, 0.14046835443037964, 0.49898734177215187], [0.0771772151898733, 0.5116455696202531, 0.10122784810126573, 0.5344303797468355]], "class": 5}