{"image": "2f59487c-7598-11ee-88d5-fcb3bc5cd112.jpg", "bboxes": [[0.014025316455696157, 0.5320506329113924, 0.036810126582278335, 0.5535696202531646], [0.03048101265822767, 0.5320506329113924, 0.059594936708860735, 0.5535696202531646], [0.10263291139240494, 0.5054683544303797, 0.12541772151898734, 0.528253164556962], [0.12921518987341762, 0.5029367088607595, 0.14946835443037965, 0.5269873417721519], [0.08617721518987331, 0.5396455696202531, 0.11022784810126574, 0.5624303797468355]], "class": 5}