{"image": "2f59487c-7598-11ee-88d5-fcb3bc5cd112.jpg", "bboxes": [[0.8569113924050634, 0.426379746835443, 0.8999493670886077, 0.4643544303797469], [0.8138734177215192, 0.4289113924050634, 0.8581772151898736, 0.4694177215189874], [0.7100759493670887, 0.46308860759493675, 0.7404556962025317, 0.496], [0.6847594936708863, 0.45929113924050635, 0.7202025316455697, 0.49726582278481013], [0.6391898734177216, 0.5200506329113924, 0.6619746835443039, 0.5415696202531646], [0.6164050632911393, 0.5200506329113924, 0.6455189873417724, 0.5415696202531646], [0.5505822784810126, 0.49346835443037984, 0.5733670886075951, 0.516253164556962], [0.5265316455696203, 0.49093670886075946, 0.5467848101265823, 0.514987341772152], [0.5657721518987342, 0.5276455696202531, 0.5898227848101267, 0.5504303797468355]], "class": 9}