{"image": "2f59487c-7598-11ee-88d5-fcb3bc5cd112.jpg", "bboxes": [[0.6139113924050634, 0.5406455696202531, 0.6569493670886077, 0.578620253164557], [0.5708734177215192, 0.5355822784810126, 0.6151772151898736, 0.5760886075949366], [0.4670759493670887, 0.509, 0.4974556962025317, 0.5419113924050633], [0.4417594936708863, 0.5077341772151899, 0.4772025316455697, 0.5457088607594937], [0.3961898734177216, 0.46343037974683543, 0.41897468354430384, 0.4849493670886076], [0.3734050632911393, 0.46343037974683543, 0.4025189873417723, 0.4849493670886076], [0.3075822784810126, 0.488746835443038, 0.33036708860759506, 0.5115316455696202], [0.2835316455696203, 0.49001265822784806, 0.3037848101265823, 0.5140632911392405], [0.32277215189873426, 0.45456962025316455, 0.3468227848101267, 0.4773544303797469]], "class": 9}