{"image": "2f59487c-7598-11ee-88d5-fcb3bc5cd112.jpg", "bboxes": [[0.43091139240506343, 0.432379746835443, 0.4739493670886077, 0.4703544303797469], [0.38787341772151923, 0.4349113924050634, 0.43217721518987356, 0.4754177215189874], [0.2840759493670887, 0.46908860759493676, 0.3144556962025317, 0.502], [0.2587594936708863, 0.46529113924050636, 0.2942025316455697, 0.5032658227848101], [0.21318987341772164, 0.5260506329113924, 0.23597468354430384, 0.5475696202531646], [0.1904050632911393, 0.5260506329113924, 0.21951898734177233, 0.5475696202531646], [0.12458227848101262, 0.49946835443037985, 0.14736708860759506, 0.522253164556962], [0.10053164556962031, 0.49693670886075947, 0.12078481012658233, 0.520987341772152], [0.13977215189873424, 0.5336455696202531, 0.1638227848101267, 0.5564303797468355]], "class": 9}