{"image": "2f59487c-7598-11ee-88d5-fcb3bc5cd112.jpg", "bboxes": [[0.05854430379746822, 0.462, 0.08892405063291131, 0.4949113924050632], [0.07879746835443024, 0.4607341772151899, 0.11424050632911376, 0.4987088607594936], [0.13702531645569616, 0.41643037974683544, 0.15981012658227833, 0.4379493670886076], [0.15348101265822767, 0.41643037974683544, 0.18259493670886073, 0.4379493670886076], [0.22563291139240493, 0.441746835443038, 0.24841772151898733, 0.4645316455696202], [0.2522151898734176, 0.4430126582278481, 0.27246835443037964, 0.4670632911392405], [0.2091772151898733, 0.40756962025316457, 0.23322784810126573, 0.43035443037974686]], "class": 7}