{"image": "30010da2-6b42-11ee-8a07-fcb3bc5cd112.jpg", "bboxes": [[0.5134390243902437, 0.4982926829268293, 0.5780731707317073, 0.5617073170731708], [0.42441463414634134, 0.505609756097561, 0.5195365853658537, 0.5775609756097562], [0.34392682926829266, 0.4226829268292683, 0.3914878048780488, 0.455609756097561], [0.029292682926829343, 0.47878048780487803, 0.10978048780487813, 0.5324390243902439], [0.0, 0.48, 0.02441463414634154, 0.5373170731707317], [0.23295121951219516, 0.40560975609756095, 0.2731951219512196, 0.43975609756097556], [0.26953658536585373, 0.404390243902439, 0.31709756097560976, 0.4421951219512195]], "class": 7}