{"image": "30010da2-6b42-11ee-8a07-fcb3bc5cd112.jpg", "bboxes": [[0.9354390243902437, 0.3912926829268293, 1.0, 0.4547073170731707], [0.8464146341463413, 0.3754390243902438, 0.9415365853658536, 0.447390243902439], [0.7659268292682926, 0.497390243902439, 0.8134878048780488, 0.5303170731707316], [0.45129268292682934, 0.420560975609756, 0.5317804878048782, 0.47421951219512193], [0.38056097560975616, 0.4156829268292682, 0.4464146341463415, 0.473], [0.6549512195121951, 0.5132439024390245, 0.6951951219512196, 0.5473902439024391], [0.6915365853658537, 0.5108048780487805, 0.7390975609756097, 0.5486097560975609]], "class": 7}