{"image": "30010da2-6b42-11ee-8a07-fcb3bc5cd112.jpg", "bboxes": [[0.6314390243902437, 0.3972926829268292, 0.6960731707317073, 0.4607073170731707], [0.5424146341463413, 0.3814390243902438, 0.6375365853658537, 0.453390243902439], [0.46192682926829265, 0.503390243902439, 0.5094878048780488, 0.5363170731707316], [0.14729268292682934, 0.42656097560975603, 0.22778048780487814, 0.48021951219512193], [0.07656097560975615, 0.4216829268292682, 0.14241463414634153, 0.479], [0.35095121951219516, 0.5192439024390245, 0.3911951219512196, 0.5533902439024391], [0.3875365853658537, 0.5168048780487805, 0.43509756097560975, 0.5546097560975609]], "class": 7}