{"image": "30010da2-6b42-11ee-8a07-fcb3bc5cd112.jpg", "bboxes": [[0.5759268292682928, 0.4372926829268292, 0.6405609756097563, 0.5007073170731706], [0.6344634146341463, 0.42143902439024383, 0.7295853658536586, 0.493390243902439], [0.7625121951219512, 0.543390243902439, 0.8100731707317074, 0.5763170731707317], [0.8808048780487805, 0.5592439024390244, 0.9210487804878048, 0.593390243902439], [0.8369024390243902, 0.5568048780487804, 0.8844634146341462, 0.594609756097561]], "class": 5}