{"image": "30010da2-6b42-11ee-8a07-fcb3bc5cd112.jpg", "bboxes": [[0.46292682926829276, 0.5142926829268294, 0.5275609756097563, 0.5777073170731708], [0.5214634146341464, 0.521609756097561, 0.6165853658536586, 0.5935609756097562], [0.6495121951219511, 0.4386829268292683, 0.6970731707317074, 0.471609756097561], [0.9312195121951219, 0.49478048780487804, 1.0, 0.548439024390244], [0.7678048780487805, 0.4216097560975609, 0.8080487804878048, 0.45575609756097557], [0.7239024390243902, 0.420390243902439, 0.7714634146341462, 0.45819512195121953]], "class": 6}