{"image": "30010da2-6b42-11ee-8a07-fcb3bc5cd112.jpg", "bboxes": [[0.6922926829268293, 0.5217804878048781, 0.7727804878048782, 0.575439024390244], [0.6215609756097562, 0.523, 0.6874146341463415, 0.5803170731707318], [0.8959512195121951, 0.44860975609756093, 0.9361951219512196, 0.48275609756097554], [0.9325365853658537, 0.44739024390243903, 0.9800975609756097, 0.4851951219512195]], "class": 4}