{"image": "30010da2-6b42-11ee-8a07-fcb3bc5cd112.jpg", "bboxes": [[0.4834390243902437, 0.5432926829268293, 0.5480731707317072, 0.6067073170731707], [0.3944146341463413, 0.550609756097561, 0.48953658536585365, 0.6225609756097562], [0.31392682926829263, 0.4676829268292683, 0.36148780487804877, 0.500609756097561], [0.0, 0.5237804878048781, 0.07978048780487813, 0.577439024390244], [0.20295121951219516, 0.45060975609756093, 0.24319512195121956, 0.48475609756097554], [0.23953658536585373, 0.44939024390243903, 0.2870975609756098, 0.4871951219512195]], "class": 6}