{"image": "30010da2-6b42-11ee-8a07-fcb3bc5cd112.jpg", "bboxes": [[0.8144390243902437, 0.5102926829268294, 0.8790731707317072, 0.5737073170731708], [0.7254146341463413, 0.517609756097561, 0.8205365853658536, 0.5895609756097562], [0.6449268292682926, 0.4346829268292683, 0.6924878048780488, 0.467609756097561], [0.33029268292682934, 0.49078048780487804, 0.41078048780487814, 0.5444390243902439], [0.25956097560975616, 0.492, 0.32541463414634153, 0.5493170731707318], [0.5339512195121952, 0.41760975609756096, 0.5741951219512196, 0.45175609756097557], [0.5705365853658537, 0.416390243902439, 0.6180975609756097, 0.4541951219512195]], "class": 7}