{"image": "30010da2-6b42-11ee-8a07-fcb3bc5cd112.jpg", "bboxes": [[0.7384390243902438, 0.5262926829268293, 0.8030731707317073, 0.5897073170731708], [0.6494146341463413, 0.533609756097561, 0.7445365853658537, 0.6055609756097562], [0.5689268292682926, 0.4506829268292683, 0.6164878048780488, 0.483609756097561], [0.2542926829268293, 0.506780487804878, 0.3347804878048781, 0.560439024390244], [0.18356097560975615, 0.508, 0.24941463414634155, 0.5653170731707318], [0.45795121951219514, 0.4336097560975609, 0.49819512195121957, 0.4677560975609755], [0.49453658536585376, 0.432390243902439, 0.5420975609756098, 0.4701951219512195]], "class": 7}