{"image": "30435e31-759d-11ee-8b7a-fcb3bc5cd112.jpg", "bboxes": [[0.4669240506329113, 0.8247215189873417, 0.5188227848101264, 0.8854810126582278], [0.41882278481012647, 0.8234556962025316, 0.47578481012658225, 0.8892784810126582]], "class": 2}