{"image": "30435e31-759d-11ee-8b7a-fcb3bc5cd112.jpg", "bboxes": [[0.35617721518987355, 0.8327215189873417, 0.4080759493670887, 0.8934810126582278], [0.3992151898734178, 0.8314556962025316, 0.45617721518987353, 0.8972784810126582]], "class": 2}