{"image": "30435e31-759d-11ee-8b7a-fcb3bc5cd112.jpg", "bboxes": [[0.11492405063291133, 0.7947215189873417, 0.16682278481012647, 0.8554810126582277], [0.06682278481012649, 0.7934556962025316, 0.12378481012658227, 0.8592784810126581]], "class": 2}