{"image": "30435e31-759d-11ee-8b7a-fcb3bc5cd112.jpg", "bboxes": [[0.5989240506329113, 0.8107215189873417, 0.6508227848101265, 0.8714810126582277], [0.5508227848101265, 0.8094556962025317, 0.6077848101265821, 0.8752784810126581]], "class": 2}