{"image": "30435e31-759d-11ee-8b7a-fcb3bc5cd112.jpg", "bboxes": [[0.7411772151898736, 0.09751898734177222, 0.7930759493670887, 0.1582784810126583], [0.7842151898734178, 0.09372151898734182, 0.8411772151898735, 0.15954430379746842]], "class": 2}