{"image": "30435e31-759d-11ee-8b7a-fcb3bc5cd112.jpg", "bboxes": [[0.29717721518987356, 0.7927215189873417, 0.3490759493670887, 0.8534810126582277], [0.3402151898734178, 0.7914556962025316, 0.39717721518987353, 0.8572784810126581]], "class": 2}