{"image": "30435e31-759d-11ee-8b7a-fcb3bc5cd112.jpg", "bboxes": [[0.1869240506329113, 0.7997215189873417, 0.23882278481012642, 0.8604810126582277], [0.13882278481012644, 0.7984556962025317, 0.19578481012658222, 0.8642784810126581]], "class": 2}