{"image": "30435e31-759d-11ee-8b7a-fcb3bc5cd112.jpg", "bboxes": [[0.6449240506329112, 0.15451898734177227, 0.6968227848101265, 0.21527848101265834], [0.5968227848101264, 0.15072151898734187, 0.6537848101265822, 0.21654430379746836]], "class": 2}