{"image": "31c46f43-6b44-11ee-90e7-fcb3bc5cd112.jpg", "bboxes": [[0.1527560975609756, 0.43326829268292677, 0.21982926829268284, 0.4881463414634145], [0.09543902439024396, 0.4357073170731707, 0.1600731707317075, 0.47960975609756096]], "class": 2}