{"image": "31c46f43-6b44-11ee-90e7-fcb3bc5cd112.jpg", "bboxes": [[0.45217073170731714, 0.5448536585365855, 0.5192439024390244, 0.5997317073170731], [0.5119268292682926, 0.553390243902439, 0.576560975609756, 0.5972926829268294]], "class": 2}