{"image": "31c46f43-6b44-11ee-90e7-fcb3bc5cd112.jpg", "bboxes": [[0.6327560975609756, 0.5118536585365855, 0.6998292682926829, 0.5667317073170732], [0.575439024390244, 0.520390243902439, 0.6400731707317074, 0.5642926829268293]], "class": 2}