{"image": "31c46f43-6b44-11ee-90e7-fcb3bc5cd112.jpg", "bboxes": [[0.0, 0.5228536585365855, 0.007243902439024397, 0.5777317073170732], [0.0, 0.531390243902439, 0.06456097560975604, 0.5752926829268293]], "class": 2}