{"image": "31c46f43-6b44-11ee-90e7-fcb3bc5cd112.jpg", "bboxes": [[0.6371707317073172, 0.4442682926829268, 0.7042439024390243, 0.4991463414634145], [0.6969268292682925, 0.4467073170731707, 0.7615609756097561, 0.49060975609756097]], "class": 2}