{"image": "31c46f43-6b44-11ee-90e7-fcb3bc5cd112.jpg", "bboxes": [[0.9547560975609756, 0.5548536585365855, 1.0, 0.6097317073170732], [0.8974390243902439, 0.563390243902439, 0.9620731707317075, 0.6072926829268294]], "class": 2}