{"image": "31c46f43-6b44-11ee-90e7-fcb3bc5cd112.jpg", "bboxes": [[0.3841707317073172, 0.42026829268292676, 0.45124390243902435, 0.4751463414634145], [0.4439268292682925, 0.42270731707317066, 0.508560975609756, 0.46660975609756095]], "class": 2}