{"image": "31c46f43-6b44-11ee-90e7-fcb3bc5cd112.jpg", "bboxes": [[0.3031707317073171, 0.41326829268292686, 0.3702439024390244, 0.4681463414634145], [0.36292682926829256, 0.41570731707317066, 0.42756097560975603, 0.45960975609756094]], "class": 2}