{"image": "31c46f43-6b44-11ee-90e7-fcb3bc5cd112.jpg", "bboxes": [[0.5457560975609757, 0.42326829268292676, 0.6128292682926828, 0.4781463414634145], [0.48843902439024395, 0.42570731707317067, 0.5530731707317075, 0.46960975609756095]], "class": 2}