{"image": "31c46f43-6b44-11ee-90e7-fcb3bc5cd112.jpg", "bboxes": [[0.19317073170731713, 0.5498536585365855, 0.2602439024390244, 0.6047317073170732], [0.2529268292682926, 0.558390243902439, 0.31756097560975605, 0.6022926829268294]], "class": 2}