{"image": "31c46f43-6b44-11ee-90e7-fcb3bc5cd112.jpg", "bboxes": [[0.8201707317073171, 0.4472682926829268, 0.8872439024390244, 0.5021463414634145], [0.8799268292682925, 0.4497073170731707, 0.944560975609756, 0.49360975609756097]], "class": 2}