{"image": "31c46f43-6b44-11ee-90e7-fcb3bc5cd112.jpg", "bboxes": [[0.5941707317073172, 0.4482682926829268, 0.6612439024390244, 0.5031463414634145], [0.6539268292682925, 0.4507073170731707, 0.7185609756097561, 0.49460975609756097]], "class": 2}