{"image": "31c46f43-6b44-11ee-90e7-fcb3bc5cd112.jpg", "bboxes": [[0.7177560975609756, 0.5258536585365855, 0.7848292682926828, 0.5807317073170732], [0.6604390243902439, 0.534390243902439, 0.7250731707317075, 0.5782926829268293]], "class": 2}