{"image": "31c46f43-6b44-11ee-90e7-fcb3bc5cd112.jpg", "bboxes": [[0.6467560975609756, 0.4918536585365855, 0.7138292682926829, 0.5467317073170732], [0.589439024390244, 0.500390243902439, 0.6540731707317075, 0.5442926829268293]], "class": 2}