{"image": "31c46f43-6b44-11ee-90e7-fcb3bc5cd112.jpg", "bboxes": [[0.4087560975609756, 0.4642682926829268, 0.47582926829268285, 0.5191463414634145], [0.35143902439024394, 0.4667073170731707, 0.41607317073170746, 0.510609756097561]], "class": 2}