{"image": "32be8857-759d-11ee-8467-fcb3bc5cd112.jpg", "bboxes": [[0.9557215189873418, 0.35655696202531645, 1.0, 0.4135189873417721], [0.8861012658227848, 0.36288607594936706, 0.9380000000000003, 0.40845569620253164], [0.8557215189873418, 0.19453164556962027, 0.8810379746835445, 0.22237974683544304], [0.8342025316455697, 0.19453164556962027, 0.8607848101265825, 0.21984810126582277], [0.7329367088607596, 0.18946835443037977, 0.7544556962025317, 0.21098734177215192], [0.7152151898734178, 0.18693670886075953, 0.7392658227848103, 0.21478481012658227], [0.6873670886075952, 0.17048101265822788, 0.7088860759493673, 0.2033924050632912], [0.6671139240506332, 0.17301265822784814, 0.6924303797468355, 0.2008607594936709], [0.6493924050632912, 0.18440506329113926, 0.6721772151898735, 0.2033924050632912], [0.6329367088607595, 0.18440506329113926, 0.6531898734177216, 0.20592405063291144]], "class": 10}