{"image": "32be8857-759d-11ee-8467-fcb3bc5cd112.jpg", "bboxes": [[0.0, 0.8122151898734178, 0.0077848101265821645, 0.8400632911392405], [0.01411392405063272, 0.8236075949367088, 0.035632911392404876, 0.8565189873417721], [0.030569620253164453, 0.826139240506329, 0.05588607594936679, 0.8539873417721519], [0.050822784810126476, 0.8236075949367088, 0.07360759493670876, 0.8425949367088608], [0.06981012658227836, 0.8210759493670885, 0.0900632911392405, 0.8425949367088608]], "class": 5}