{"image": "32be8857-759d-11ee-8467-fcb3bc5cd112.jpg", "bboxes": [[0.9996329113924053, 0.5575696202531646, 1.0, 0.6183291139240507], [0.9464683544303798, 0.6094683544303797, 1.0, 0.6689620253164557], [0.7667215189873419, 0.5904810126582278, 0.8262151898734178, 0.6474430379746836], [0.6971012658227849, 0.5955443037974684, 0.7490000000000002, 0.6411139240506329], [0.9148227848101267, 0.7183291139240506, 0.9527974683544305, 0.7537721518987341], [0.8793797468354433, 0.7170632911392405, 0.9173544303797468, 0.7537721518987341], [0.6667215189873418, 0.781620253164557, 0.6920379746835444, 0.8094683544303798], [0.6452025316455697, 0.7841518987341772, 0.6717848101265824, 0.8094683544303798], [0.5439367088607596, 0.793012658227848, 0.5654556962025318, 0.8145316455696202], [0.5262151898734178, 0.7892151898734178, 0.5502658227848103, 0.8170632911392405], [0.49836708860759515, 0.8006075949367089, 0.5198860759493673, 0.8335189873417721], [0.47811392405063313, 0.8031392405063291, 0.5034303797468356, 0.8309873417721518], [0.4603924050632912, 0.8006075949367089, 0.48317721518987355, 0.8195949367088607], [0.4439367088607595, 0.7980759493670886, 0.4641898734177216, 0.8195949367088607]], "class": 14}