{"image": "32be8857-759d-11ee-8467-fcb3bc5cd112.jpg", "bboxes": [[0.8804556962025317, 0.388746835443038, 0.9450126582278483, 0.4722911392405063], [0.8146329113924052, 0.40267088607594936, 0.8817215189873419, 0.46343037974683543], [0.7614683544303799, 0.3520379746835443, 0.8209620253164558, 0.41153164556962024], [0.5817215189873418, 0.37355696202531646, 0.6412151898734177, 0.43051898734177213], [0.5121012658227848, 0.3798860759493671, 0.5640000000000003, 0.4254556962025316], [0.7298227848101266, 0.2672278481012658, 0.7677974683544305, 0.30267088607594933], [0.6943797468354432, 0.2672278481012658, 0.7323544303797469, 0.3039367088607595], [0.48172151898734183, 0.21153164556962029, 0.5070379746835445, 0.23937974683544302], [0.4602025316455697, 0.21153164556962029, 0.4867848101265824, 0.23684810126582279], [0.3589367088607596, 0.20646835443037978, 0.3804556962025317, 0.2279873417721519], [0.3412151898734178, 0.2039367088607595, 0.36526582278481035, 0.23178481012658228], [0.31336708860759516, 0.1874810126582279, 0.3348860759493673, 0.2203924050632912], [0.29311392405063313, 0.19001265822784813, 0.3184303797468356, 0.21786075949367092], [0.2753924050632912, 0.20140506329113927, 0.29817721518987356, 0.2203924050632912], [0.2589367088607595, 0.20140506329113927, 0.2791898734177216, 0.22292405063291146]], "class": 15}