{"image": "32be8857-759d-11ee-8467-fcb3bc5cd112.jpg", "bboxes": [[0.8877215189873419, 0.5614810126582279, 0.9472151898734178, 0.6184430379746835], [0.8181012658227849, 0.5665443037974685, 0.8700000000000002, 0.6121139240506329], [0.7877215189873418, 0.7526202531645569, 0.8130379746835444, 0.7804683544303797], [0.7662025316455697, 0.7551518987341772, 0.7927848101265824, 0.7804683544303797], [0.6649367088607596, 0.7640126582278481, 0.6864556962025318, 0.7855316455696202], [0.6472151898734178, 0.7602151898734177, 0.6712658227848103, 0.7880632911392405], [0.6193670886075952, 0.7716075949367088, 0.6408860759493673, 0.8045189873417722], [0.5991139240506331, 0.7741392405063291, 0.6244303797468356, 0.8019873417721519], [0.5813924050632913, 0.7716075949367088, 0.6041772151898736, 0.7905949367088607], [0.5649367088607595, 0.7690759493670886, 0.5851898734177217, 0.7905949367088607]], "class": 10}