{"image": "32be8857-759d-11ee-8467-fcb3bc5cd112.jpg", "bboxes": [[0.9949367088607596, 0.16746835443037977, 1.0, 0.18898734177215193], [0.9772151898734178, 0.16493670886075953, 1.0, 0.19278481012658227], [0.9493670886075952, 0.14848101265822788, 0.9708860759493673, 0.18139240506329118], [0.9291139240506332, 0.15101265822784812, 0.9544303797468355, 0.17886075949367092], [0.9113924050632912, 0.16240506329113927, 0.9341772151898735, 0.18139240506329118], [0.8949367088607595, 0.16240506329113927, 0.9151898734177216, 0.18392405063291145]], "class": 6}