{"image": "32be8857-759d-11ee-8467-fcb3bc5cd112.jpg", "bboxes": [[0.9891139240506331, 0.14101265822784814, 1.0, 0.1688607594936709], [0.9713924050632913, 0.15240506329113926, 0.9941772151898736, 0.1713924050632912], [0.9549367088607595, 0.15240506329113926, 0.9751898734177217, 0.17392405063291144]], "class": 3}