{"image": "32be8857-759d-11ee-8467-fcb3bc5cd112.jpg", "bboxes": [[0.0, 0.3958860759493671, 0.010898734177215097, 0.4414556962025316], [0.01596202531645552, 0.22753164556962027, 0.041278481012658186, 0.255379746835443], [0.03621518987341754, 0.22753164556962027, 0.06279746835443034, 0.2528481012658228], [0.1425443037974683, 0.22246835443037977, 0.16406329113924034, 0.24398734177215192], [0.15773417721518967, 0.21993670886075953, 0.1817848101265822, 0.24778481012658227], [0.18811392405063265, 0.20348101265822788, 0.2096329113924048, 0.2363924050632912], [0.20456962025316439, 0.20601265822784814, 0.22988607594936683, 0.2338607594936709], [0.2248227848101264, 0.21740506329113926, 0.2476075949367088, 0.2363924050632912], [0.2438101265822784, 0.21740506329113926, 0.26406329113924054, 0.23892405063291144]], "class": 9}