{"image": "32be8857-759d-11ee-8467-fcb3bc5cd112.jpg", "bboxes": [[0.9167215189873418, 0.3925569620253165, 0.9762151898734178, 0.4495189873417721], [0.8471012658227849, 0.3988860759493671, 0.8990000000000002, 0.4444556962025316], [0.8167215189873418, 0.23053164556962027, 0.8420379746835445, 0.258379746835443], [0.7952025316455698, 0.23053164556962027, 0.8217848101265824, 0.2558481012658228], [0.6939367088607596, 0.22546835443037977, 0.7154556962025317, 0.24698734177215192], [0.6762151898734178, 0.22293670886075953, 0.7002658227848103, 0.25078481012658227], [0.6483670886075952, 0.20648101265822788, 0.6698860759493673, 0.23939240506329118], [0.6281139240506332, 0.20901265822784815, 0.6534303797468356, 0.2368607594936709], [0.6103924050632912, 0.22040506329113926, 0.6331772151898736, 0.23939240506329118], [0.5939367088607594, 0.22040506329113926, 0.6141898734177216, 0.24192405063291145]], "class": 10}