{"image": "32be8857-759d-11ee-8467-fcb3bc5cd112.jpg", "bboxes": [[0.09798734177215174, 0.412746835443038, 0.16254430379746831, 0.49629113924050633], [0.16127848101265818, 0.42667088607594933, 0.2283670886075947, 0.48743037974683545], [0.22203797468354425, 0.3760379746835443, 0.2815316455696202, 0.43553164556962026], [0.4017848101265822, 0.3975569620253165, 0.4612784810126582, 0.4545189873417721], [0.47899999999999976, 0.4038860759493671, 0.5308987341772151, 0.4494556962025316], [0.2752025316455695, 0.2912278481012658, 0.3131772151898733, 0.32667088607594935], [0.31064556962025314, 0.2912278481012658, 0.3486202531645567, 0.3279367088607595], [0.5359620253164555, 0.23553164556962028, 0.5612784810126582, 0.263379746835443], [0.5562151898734176, 0.23553164556962028, 0.5827974683544304, 0.26084810126582275], [0.6625443037974683, 0.23046835443037977, 0.6840632911392404, 0.25198734177215193], [0.6777341772151897, 0.22793670886075953, 0.7017848101265822, 0.2557848101265823], [0.7081139240506327, 0.21148101265822788, 0.7296329113924048, 0.24439240506329118], [0.7245696202531644, 0.21401265822784812, 0.7498860759493668, 0.24186075949367092], [0.7448227848101264, 0.22540506329113927, 0.7676075949367087, 0.24439240506329118], [0.7638101265822783, 0.22540506329113927, 0.7840632911392404, 0.24692405063291145]], "class": 15}