{"image": "32be8857-759d-11ee-8467-fcb3bc5cd112.jpg", "bboxes": [[0.0, 0.5747088607594937, 0.011544303797468292, 0.658253164556962], [0.010278481012658158, 0.5835696202531646, 0.07736708860759467, 0.6443291139240507], [0.07103797468354422, 0.6354683544303797, 0.13053164556962016, 0.6949620253164557], [0.25078481012658227, 0.6164810126582279, 0.3102784810126582, 0.6734430379746835], [0.32799999999999974, 0.6215443037974684, 0.3798987341772151, 0.667113924050633], [0.12420253164556949, 0.7443291139240507, 0.16217721518987327, 0.7797721518987342], [0.1596455696202531, 0.7430632911392405, 0.19762025316455678, 0.7797721518987342], [0.3849620253164555, 0.807620253164557, 0.4102784810126582, 0.8354683544303797], [0.40521518987341754, 0.8101518987341773, 0.43179746835443034, 0.8354683544303797], [0.5115443037974683, 0.8190126582278481, 0.5330632911392403, 0.8405316455696202], [0.5267341772151897, 0.8152151898734177, 0.5507848101265822, 0.8430632911392405], [0.5571139240506326, 0.8266075949367088, 0.5786329113924048, 0.8595189873417721], [0.5735696202531644, 0.8291392405063291, 0.5988860759493668, 0.8569873417721519], [0.5938227848101265, 0.8266075949367088, 0.6166075949367088, 0.8455949367088608], [0.6128101265822783, 0.8240759493670886, 0.6330632911392404, 0.8455949367088608]], "class": 15}