{"image": "32be8857-759d-11ee-8467-fcb3bc5cd112.jpg", "bboxes": [[0.0, 0.36555696202531646, 0.010278481012658158, 0.4225189873417721], [0.027999999999999803, 0.37188607594936707, 0.07989873417721516, 0.4174556962025316], [0.08496202531645558, 0.20353164556962028, 0.11027848101265814, 0.23137974683544302], [0.1052151898734176, 0.20353164556962028, 0.1317974683544303, 0.22884810126582278], [0.21154430379746825, 0.19846835443037977, 0.2330632911392404, 0.21998734177215193], [0.22673417721518963, 0.19593670886075953, 0.25078481012658227, 0.22378481012658227], [0.2571139240506327, 0.17948101265822788, 0.27863291139240487, 0.21239240506329118], [0.27356962025316445, 0.18201265822784812, 0.2988860759493669, 0.20986075949367092], [0.29382278481012647, 0.19340506329113927, 0.31660759493670876, 0.21239240506329118], [0.31281012658227836, 0.19340506329113927, 0.3330632911392405, 0.21492405063291145]], "class": 10}