{"image": "32be8857-759d-11ee-8467-fcb3bc5cd112.jpg", "bboxes": [[0.0, 0.5514810126582279, 0.018278481012658165, 0.6084430379746835], [0.03599999999999981, 0.5565443037974684, 0.08789873417721517, 0.6021139240506329], [0.09296202531645559, 0.7426202531645569, 0.11827848101265814, 0.7704683544303798], [0.11321518987341761, 0.7451518987341772, 0.1397974683544303, 0.7704683544303798], [0.21954430379746825, 0.7540126582278481, 0.2410632911392404, 0.7755316455696202], [0.23473417721518963, 0.7502151898734177, 0.25878481012658217, 0.7780632911392404], [0.2651139240506327, 0.7616075949367088, 0.2866329113924049, 0.7945189873417722], [0.28156962025316445, 0.7641392405063291, 0.3068860759493668, 0.7919873417721519], [0.3018227848101265, 0.7616075949367088, 0.32460759493670877, 0.7805949367088607], [0.32081012658227837, 0.7590759493670886, 0.3410632911392405, 0.7805949367088607]], "class": 10}