{"image": "32be8857-759d-11ee-8467-fcb3bc5cd112.jpg", "bboxes": [[0.03454430379746831, 0.769012658227848, 0.05606329113924036, 0.7905316455696202], [0.04973417721518969, 0.7652151898734177, 0.07378481012658222, 0.7930632911392405], [0.08011392405063267, 0.7766075949367088, 0.10163291139240482, 0.8095189873417721], [0.0965696202531644, 0.7791392405063291, 0.12188607594936685, 0.8069873417721518], [0.11682278481012642, 0.7766075949367088, 0.13960759493670882, 0.7955949367088607], [0.13581012658227842, 0.7740759493670886, 0.15606329113924056, 0.7955949367088607]], "class": 6}