{"image": "33827430-7598-11ee-9320-fcb3bc5cd112.jpg", "bboxes": [[0.7435949367088608, 0.3997974683544304, 0.7967594936708863, 0.4504303797468354], [0.6929620253164558, 0.3947341772151899, 0.7486582278481014, 0.45169620253164555], [0.5676455696202534, 0.42384810126582284, 0.6068860759493673, 0.4719493670886076], [0.5258734177215191, 0.425113924050633, 0.5676455696202534, 0.47448101265822784], [0.4815696202531645, 0.49853164556962026, 0.5132151898734177, 0.526379746835443], [0.4575189873417722, 0.49726582278481013, 0.4866329113924053, 0.526379746835443], [0.38916455696202534, 0.5137215189873419, 0.415746835443038, 0.5403037974683544], [0.3689113924050633, 0.5086582278481013, 0.39549367088607595, 0.5390379746835443], [0.3372658227848102, 0.4719493670886076, 0.3689113924050633, 0.5048607594936709], [0.3119493670886077, 0.47068354430379744, 0.3410632911392405, 0.5035949367088608], [0.2638481012658228, 0.4884050632911393, 0.29422784810126584, 0.5225822784810126]], "class": 11}