{"image": "33827430-7598-11ee-9320-fcb3bc5cd112.jpg", "bboxes": [[0.23924050632911376, 0.4097974683544304, 0.29240506329113913, 0.4604303797468354], [0.2873417721518986, 0.4047341772151899, 0.34303797468354424, 0.46169620253164556], [0.42911392405063276, 0.43384810126582285, 0.46835443037974667, 0.4819493670886076], [0.46835443037974667, 0.435113924050633, 0.5101265822784808, 0.48448101265822785], [0.5227848101265822, 0.5085316455696203, 0.5544303797468355, 0.536379746835443], [0.5493670886075948, 0.5072658227848101, 0.5784810126582278, 0.536379746835443], [0.620253164556962, 0.5237215189873419, 0.6468354430379746, 0.5503037974683544], [0.640506329113924, 0.5186582278481013, 0.6670886075949367, 0.5490379746835443], [0.6670886075949367, 0.4819493670886076, 0.6987341772151898, 0.5148607594936709], [0.6949367088607594, 0.48068354430379745, 0.7240506329113923, 0.5135949367088608], [0.7417721518987341, 0.4984050632911393, 0.7721518987341771, 0.5325822784810126]], "class": 11}