{"image": "33827430-7598-11ee-9320-fcb3bc5cd112.jpg", "bboxes": [[0.7255949367088608, 0.5655696202531646, 0.7787594936708863, 0.6162025316455696], [0.6749620253164558, 0.5643037974683545, 0.7306582278481014, 0.6212658227848101], [0.5496455696202533, 0.5440506329113924, 0.5888860759493673, 0.5921518987341772], [0.5078734177215191, 0.5415189873417721, 0.5496455696202533, 0.590886075949367], [0.46356962025316456, 0.489620253164557, 0.4952151898734178, 0.5174683544303796], [0.43951898734177225, 0.489620253164557, 0.46863291139240526, 0.5187341772151899], [0.3711645569620254, 0.4756962025316456, 0.39774683544303796, 0.5022784810126582], [0.35091139240506336, 0.4769620253164557, 0.37749367088607594, 0.5073417721518987], [0.3192658227848102, 0.5111392405063291, 0.35091139240506336, 0.5440506329113924], [0.2939493670886077, 0.5124050632911392, 0.3230632911392405, 0.5453164556962026], [0.24584810126582282, 0.4934177215189874, 0.2762278481012659, 0.5275949367088607]], "class": 11}