{"image": "33827430-7598-11ee-9320-fcb3bc5cd112.jpg", "bboxes": [[0.9055949367088608, 0.5535696202531646, 0.9587594936708863, 0.6042025316455696], [0.8549620253164558, 0.5523037974683545, 0.9106582278481015, 0.6092658227848101], [0.7296455696202534, 0.5320506329113924, 0.7688860759493673, 0.5801518987341772], [0.6878734177215191, 0.5295189873417722, 0.7296455696202534, 0.578886075949367], [0.6435696202531646, 0.477620253164557, 0.6752151898734178, 0.5054683544303797], [0.6195189873417722, 0.477620253164557, 0.6486329113924053, 0.5067341772151899], [0.5511645569620254, 0.46369620253164556, 0.577746835443038, 0.4902784810126582], [0.5309113924050634, 0.4649620253164557, 0.5574936708860759, 0.4953417721518987], [0.4992658227848102, 0.4991392405063291, 0.5309113924050634, 0.5320506329113924], [0.4739493670886077, 0.5004050632911392, 0.5030632911392405, 0.5333164556962026], [0.42584810126582284, 0.4814177215189874, 0.4562278481012659, 0.5155949367088607]], "class": 11}