{"image": "33827430-7598-11ee-9320-fcb3bc5cd112.jpg", "bboxes": [[0.6815949367088608, 0.5815696202531645, 0.7347594936708863, 0.6322025316455696], [0.6309620253164557, 0.5803037974683545, 0.6866582278481015, 0.6372658227848101], [0.5056455696202533, 0.5600506329113925, 0.5448860759493673, 0.6081518987341772], [0.4638734177215191, 0.5575189873417721, 0.5056455696202533, 0.606886075949367], [0.4195696202531645, 0.5056202531645569, 0.4512151898734178, 0.5334683544303797], [0.3955189873417722, 0.5056202531645569, 0.4246329113924053, 0.5347341772151899], [0.32716455696202534, 0.49169620253164553, 0.353746835443038, 0.5182784810126582], [0.3069113924050633, 0.4929620253164557, 0.33349367088607595, 0.5233417721518987], [0.2752658227848102, 0.5271392405063291, 0.3069113924050633, 0.5600506329113925], [0.24994936708860768, 0.5284050632911392, 0.2790632911392405, 0.5613164556962025], [0.20184810126582284, 0.5094177215189873, 0.23222784810126587, 0.5435949367088607]], "class": 11}