{"image": "33827430-7598-11ee-9320-fcb3bc5cd112.jpg", "bboxes": [[0.0, 0.5370506329113924, 0.012354430379746595, 0.5851518987341772], [0.012354430379746595, 0.5345189873417722, 0.054126582278480884, 0.583886075949367], [0.06678481012658222, 0.482620253164557, 0.09843037974683544, 0.5104683544303797], [0.09336708860759468, 0.482620253164557, 0.12248101265822775, 0.5117341772151899], [0.16425316455696204, 0.46869620253164557, 0.19083544303797462, 0.4952784810126582], [0.18450632911392406, 0.4699620253164557, 0.21108860759493664, 0.5003417721518987], [0.21108860759493664, 0.5041392405063291, 0.24273417721518975, 0.5370506329113924], [0.23893670886075946, 0.5054050632911392, 0.2680506329113923, 0.5383164556962026], [0.2857721518987342, 0.4864177215189874, 0.31615189873417715, 0.5205949367088607]], "class": 9}