{"image": "33827430-7598-11ee-9320-fcb3bc5cd112.jpg", "bboxes": [[0.5415949367088608, 0.43579746835443045, 0.5947594936708863, 0.48643037974683545], [0.4909620253164558, 0.4307341772151899, 0.5466582278481015, 0.4876962025316456], [0.36564556962025335, 0.4598481012658229, 0.4048860759493673, 0.5079493670886075], [0.3238734177215191, 0.4611139240506329, 0.36564556962025335, 0.5104810126582279], [0.27956962025316456, 0.5345316455696203, 0.3112151898734178, 0.562379746835443], [0.25551898734177225, 0.5332658227848102, 0.28463291139240526, 0.562379746835443], [0.18716455696202536, 0.5497215189873419, 0.213746835443038, 0.5763037974683545], [0.16691139240506334, 0.5446582278481014, 0.19349367088607597, 0.5750379746835443], [0.13526582278481022, 0.5079493670886075, 0.16691139240506334, 0.540860759493671], [0.10994936708860768, 0.5066835443037975, 0.1390632911392405, 0.5395949367088608], [0.06184810126582283, 0.5244050632911392, 0.09222784810126586, 0.5585822784810126]], "class": 11}