{"image": "33827430-7598-11ee-9320-fcb3bc5cd112.jpg", "bboxes": [[0.5012405063291137, 0.41579746835443043, 0.5544050632911393, 0.46643037974683543], [0.5493417721518985, 0.4107341772151899, 0.6050379746835443, 0.46769620253164557], [0.6911139240506328, 0.43984810126582286, 0.7303544303797467, 0.4879493670886076], [0.7303544303797467, 0.4411139240506329, 0.7721265822784809, 0.49048101265822786], [0.7847848101265822, 0.5145316455696203, 0.8164303797468355, 0.542379746835443], [0.8113670886075948, 0.5132658227848101, 0.8404810126582278, 0.542379746835443], [0.882253164556962, 0.5297215189873419, 0.9088354430379746, 0.5563037974683545], [0.902506329113924, 0.5246582278481013, 0.9290886075949367, 0.5550379746835443], [0.9290886075949367, 0.4879493670886076, 0.9607341772151898, 0.5208607594936709], [0.9569367088607595, 0.48668354430379746, 0.9860506329113923, 0.5195949367088608]], "class": 10}