{"image": "33827430-7598-11ee-9320-fcb3bc5cd112.jpg", "bboxes": [[0.6785949367088608, 0.5535696202531646, 0.7317594936708863, 0.6042025316455696], [0.6279620253164557, 0.5523037974683545, 0.6836582278481015, 0.6092658227848101], [0.5026455696202533, 0.5320506329113924, 0.5418860759493673, 0.5801518987341772], [0.46087341772151913, 0.5295189873417722, 0.5026455696202533, 0.578886075949367], [0.4165696202531645, 0.477620253164557, 0.4482151898734178, 0.5054683544303797], [0.3925189873417722, 0.477620253164557, 0.4216329113924053, 0.5067341772151899], [0.32416455696202534, 0.46369620253164556, 0.350746835443038, 0.4902784810126582], [0.3039113924050633, 0.4649620253164557, 0.33049367088607595, 0.4953417721518987], [0.2722658227848102, 0.4991392405063291, 0.3039113924050633, 0.5320506329113924], [0.24694936708860768, 0.5004050632911392, 0.2760632911392405, 0.5333164556962026], [0.19884810126582284, 0.4814177215189874, 0.22922784810126587, 0.5155949367088607]], "class": 11}