{"image": "33827430-7598-11ee-9320-fcb3bc5cd112.jpg", "bboxes": [[0.7655949367088608, 0.3997974683544304, 0.8187594936708863, 0.4504303797468354], [0.7149620253164558, 0.3947341772151899, 0.7706582278481015, 0.45169620253164555], [0.5896455696202534, 0.42384810126582284, 0.6288860759493673, 0.4719493670886076], [0.5478734177215191, 0.425113924050633, 0.5896455696202534, 0.47448101265822784], [0.5035696202531645, 0.49853164556962026, 0.5352151898734178, 0.526379746835443], [0.47951898734177223, 0.49726582278481013, 0.5086329113924053, 0.526379746835443], [0.41116455696202536, 0.5137215189873419, 0.437746835443038, 0.5403037974683544], [0.39091139240506334, 0.5086582278481013, 0.417493670886076, 0.5390379746835443], [0.35926582278481023, 0.4719493670886076, 0.39091139240506334, 0.5048607594936709], [0.3339493670886077, 0.47068354430379744, 0.3630632911392405, 0.5035949367088608], [0.28584810126582283, 0.4884050632911393, 0.31622784810126586, 0.5225822784810126]], "class": 11}