{"image": "33827430-7598-11ee-9320-fcb3bc5cd112.jpg", "bboxes": [[0.5325949367088608, 0.43979746835443045, 0.5857594936708863, 0.49043037974683545], [0.48196202531645577, 0.4347341772151899, 0.5376582278481015, 0.4916962025316456], [0.35664556962025334, 0.4638481012658229, 0.3958860759493673, 0.5119493670886075], [0.3148734177215191, 0.4651139240506329, 0.35664556962025334, 0.5144810126582279], [0.27056962025316456, 0.5385316455696203, 0.3022151898734178, 0.566379746835443], [0.24651898734177224, 0.5372658227848102, 0.27563291139240526, 0.566379746835443], [0.17816455696202535, 0.5537215189873419, 0.20474683544303798, 0.5803037974683545], [0.15791139240506333, 0.5486582278481014, 0.18449367088607596, 0.5790379746835443], [0.12626582278481022, 0.5119493670886075, 0.15791139240506333, 0.544860759493671], [0.10094936708860769, 0.5106835443037975, 0.1300632911392405, 0.5435949367088608], [0.05284810126582283, 0.5284050632911392, 0.08322784810126586, 0.5625822784810126]], "class": 11}