{"image": "33827430-7598-11ee-9320-fcb3bc5cd112.jpg", "bboxes": [[0.6205949367088608, 0.4007974683544304, 0.6737594936708863, 0.4514303797468354], [0.5699620253164558, 0.3957341772151899, 0.6256582278481014, 0.45269620253164555], [0.44464556962025337, 0.42484810126582284, 0.4838860759493673, 0.4729493670886076], [0.4028734177215191, 0.426113924050633, 0.44464556962025337, 0.47548101265822784], [0.3585696202531645, 0.49953164556962026, 0.3902151898734178, 0.5273797468354431], [0.3345189873417722, 0.49826582278481013, 0.3636329113924053, 0.5273797468354431], [0.26616455696202534, 0.5147215189873418, 0.292746835443038, 0.5413037974683544], [0.24591139240506335, 0.5096582278481013, 0.27249367088607596, 0.5400379746835443], [0.2142658227848102, 0.4729493670886076, 0.24591139240506335, 0.5058607594936709], [0.18894936708860768, 0.47168354430379744, 0.2180632911392405, 0.5045949367088608], [0.14084810126582284, 0.4894050632911393, 0.17122784810126587, 0.5235822784810127]], "class": 11}