{"image": "33827430-7598-11ee-9320-fcb3bc5cd112.jpg", "bboxes": [[0.9776455696202534, 0.5580506329113925, 1.0, 0.6061518987341772], [0.9358734177215191, 0.5555189873417721, 0.9776455696202534, 0.604886075949367], [0.8915696202531646, 0.5036202531645569, 0.9232151898734178, 0.5314683544303797], [0.8675189873417722, 0.5036202531645569, 0.8966329113924053, 0.5327341772151899], [0.7991645569620254, 0.48969620253164553, 0.825746835443038, 0.5162784810126582], [0.7789113924050634, 0.4909620253164557, 0.8054936708860759, 0.5213417721518987], [0.7472658227848102, 0.5251392405063291, 0.7789113924050634, 0.5580506329113925], [0.7219493670886077, 0.5264050632911392, 0.7510632911392405, 0.5593164556962025], [0.6738481012658228, 0.5074177215189873, 0.7042278481012658, 0.5415949367088607]], "class": 9}