{"image": "33827430-7598-11ee-9320-fcb3bc5cd112.jpg", "bboxes": [[0.3905949367088608, 0.41679746835443043, 0.4437594936708863, 0.46743037974683543], [0.33996202531645575, 0.4117341772151899, 0.39565822784810145, 0.46869620253164557], [0.21464556962025336, 0.44084810126582286, 0.2538860759493673, 0.4889493670886076], [0.1728734177215191, 0.4421139240506329, 0.21464556962025336, 0.49148101265822786], [0.12856962025316454, 0.5155316455696204, 0.1602151898734178, 0.5433797468354431], [0.10451898734177223, 0.51426582278481, 0.13363291139240527, 0.5433797468354431], [0.036164556962025356, 0.5307215189873418, 0.06274683544303798, 0.5573037974683545], [0.015911392405063337, 0.5256582278481013, 0.04249367088607596, 0.5560379746835442], [0.0, 0.4889493670886076, 0.015911392405063337, 0.5218607594936708]], "class": 9}