{"image": "33827430-7598-11ee-9320-fcb3bc5cd112.jpg", "bboxes": [[0.5865949367088608, 0.5275696202531646, 0.6397594936708862, 0.5782025316455696], [0.5359620253164558, 0.5263037974683544, 0.5916582278481014, 0.5832658227848101], [0.41064556962025334, 0.5060506329113924, 0.4498860759493673, 0.5541518987341771], [0.3688734177215191, 0.5035189873417721, 0.41064556962025334, 0.5528860759493671], [0.32456962025316455, 0.45162025316455695, 0.35621518987341777, 0.4794683544303797], [0.30051898734177224, 0.45162025316455695, 0.3296329113924053, 0.4807341772151899], [0.23216455696202537, 0.43769620253164554, 0.258746835443038, 0.4642784810126582], [0.21191139240506335, 0.43896202531645573, 0.23849367088607595, 0.4693417721518987], [0.1802658227848102, 0.4731392405063291, 0.21191139240506335, 0.5060506329113924], [0.15494936708860768, 0.4744050632911392, 0.1840632911392405, 0.5073164556962025], [0.10684810126582284, 0.45541772151898735, 0.13722784810126587, 0.4895949367088607]], "class": 11}