{"image": "33827430-7598-11ee-9320-fcb3bc5cd112.jpg", "bboxes": [[0.10224050632911375, 0.3647974683544304, 0.15540506329113923, 0.4154303797468355], [0.1503417721518986, 0.35973417721518985, 0.20603797468354423, 0.4166962025316455], [0.29211392405063275, 0.3888481012658228, 0.33135443037974666, 0.43694936708860754], [0.33135443037974666, 0.39011392405063294, 0.37312658227848094, 0.4394810126582279], [0.38578481012658217, 0.46353164556962034, 0.4174303797468355, 0.49137974683544305], [0.41236708860759475, 0.4622658227848101, 0.4414810126582278, 0.49137974683544305], [0.483253164556962, 0.47872151898734183, 0.5098354430379746, 0.5053037974683545], [0.503506329113924, 0.4736582278481013, 0.5300886075949367, 0.5040379746835443], [0.5300886075949367, 0.43694936708860754, 0.5617341772151898, 0.4698607594936709], [0.5579367088607595, 0.4356835443037975, 0.5870506329113923, 0.46859493670886077], [0.6047721518987341, 0.4534050632911393, 0.6351518987341771, 0.48758227848101265]], "class": 11}