{"image": "33827430-7598-11ee-9320-fcb3bc5cd112.jpg", "bboxes": [[0.0, 0.5385696202531646, 0.04840506329113914, 0.5892025316455696], [0.043341772151898605, 0.5373037974683544, 0.09903797468354425, 0.5942658227848101], [0.18511392405063265, 0.5170506329113924, 0.22435443037974667, 0.5651518987341771], [0.22435443037974667, 0.5145189873417721, 0.26612658227848085, 0.563886075949367], [0.2787848101265822, 0.46262025316455696, 0.3104303797468354, 0.49046835443037967], [0.30536708860759476, 0.46262025316455696, 0.3344810126582277, 0.4917341772151899], [0.376253164556962, 0.44869620253164555, 0.4028354430379747, 0.4752784810126582], [0.396506329113924, 0.4499620253164557, 0.4230886075949367, 0.48034177215189866], [0.4230886075949367, 0.48413924050632906, 0.4547341772151898, 0.5170506329113924], [0.45093670886075954, 0.4854050632911392, 0.48005063291139227, 0.5183164556962025], [0.49777215189873414, 0.46641772151898736, 0.5281518987341771, 0.5005949367088607]], "class": 11}