{"image": "34ae709e-759d-11ee-8d86-fcb3bc5cd112.jpg", "bboxes": [[0.9030943396226414, 0.4597358490566038, 0.927622641509434, 0.4889811320754718], [0.8804528301886791, 0.4569056603773586, 0.9106415094339623, 0.48803773584905663], [0.998377358490566, 0.4465283018867925, 1.0, 0.4748301886792453], [0.9804528301886791, 0.4399245283018868, 1.0, 0.4738867924528303], [0.6266792452830189, 0.5078490566037737, 0.6436603773584906, 0.5257735849056604], [0.6134716981132075, 0.5106792452830189, 0.6304528301886791, 0.5267169811320755], [0.6804528301886792, 0.5191698113207548, 0.6964905660377357, 0.5361509433962265], [0.6691320754716981, 0.5163396226415095, 0.6842264150943396, 0.5352075471698114], [0.8229056603773585, 0.5021886792452831, 0.8398867924528302, 0.5153962264150944], [0.807811320754717, 0.49652830188679253, 0.8266792452830188, 0.5182264150943396], [0.7210188679245283, 0.5087924528301887, 0.7398867924528302, 0.5267169811320755]], "class": 11}