{"image": "34ae709e-759d-11ee-8d86-fcb3bc5cd112.jpg", "bboxes": [[0.9270126582278483, 0.5211012658227847, 0.9624556962025317, 0.5514810126582279], [0.9042278481012659, 0.5198354430379747, 0.9346075949367089, 0.5540126582278482], [0.7510943396226414, 0.4810188679245282, 0.7756226415094339, 0.5102641509433962], [0.7284528301886791, 0.4819622641509434, 0.7586415094339622, 0.5130943396226414], [0.846377358490566, 0.49516981132075466, 0.8737358490566037, 0.5234716981132075], [0.8284528301886792, 0.49611320754716975, 0.8501509433962264, 0.5300754716981132], [0.47467924528301886, 0.4442264150943396, 0.49166037735849055, 0.46215094339622637], [0.4614716981132075, 0.4432830188679244, 0.4784528301886792, 0.45932075471698114], [0.5284528301886792, 0.43384905660377354, 0.5444905660377358, 0.45083018867924524], [0.517132075471698, 0.43479245283018864, 0.5322264150943395, 0.4536603773584906], [0.6709056603773584, 0.4546037735849056, 0.6878867924528301, 0.46781132075471693], [0.6558113207547169, 0.4517735849056603, 0.6746792452830189, 0.4734716981132075], [0.5690188679245283, 0.4432830188679244, 0.5878867924528302, 0.46120754716981127]], "class": 13}