{"image": "34ae709e-759d-11ee-8d86-fcb3bc5cd112.jpg", "bboxes": [[0.38502531645569615, 0.5824177215189874, 0.42046835443037955, 0.619126582278481], [0.41287341772151875, 0.5748227848101266, 0.4559113924050632, 0.619126582278481], [0.5065443037974683, 0.5571012658227847, 0.5419873417721517, 0.5874810126582278], [0.5343924050632911, 0.5558354430379746, 0.5647721518987341, 0.5900126582278482], [0.693377358490566, 0.5170188679245282, 0.7179056603773586, 0.5462641509433962], [0.7103584905660377, 0.5179622641509434, 0.7405471698113208, 0.5490943396226414], [0.5952641509433962, 0.5311698113207547, 0.622622641509434, 0.5594716981132075], [0.6188490566037735, 0.5321132075471697, 0.6405471698113208, 0.5660754716981132], [0.9773396226415094, 0.4802264150943396, 0.9943207547169811, 0.49815094339622634], [0.9905471698113208, 0.47928301886792446, 1.0, 0.4953207547169811], [0.9245094339622641, 0.4698490566037735, 0.9405471698113208, 0.4868301886792452], [0.9367735849056604, 0.4707924528301886, 0.9518679245283019, 0.48966037735849055], [0.7811132075471698, 0.49060377358490564, 0.7980943396226415, 0.5038113207547169], [0.7943207547169812, 0.4877735849056603, 0.8131886792452832, 0.5094716981132075], [0.8811132075471698, 0.47928301886792446, 0.8999811320754717, 0.4972075471698113]], "class": 15}