{"image": "34ae709e-759d-11ee-8d86-fcb3bc5cd112.jpg", "bboxes": [[0.10202531645569612, 0.5914177215189874, 0.13746835443037952, 0.6281265822784811], [0.12987341772151872, 0.5838227848101266, 0.17291139240506326, 0.6281265822784811], [0.22354430379746826, 0.5661012658227847, 0.25898734177215166, 0.5964810126582278], [0.2513924050632911, 0.5648354430379746, 0.28177215189873417, 0.5990126582278482], [0.410377358490566, 0.5260188679245282, 0.43490566037735856, 0.5552641509433962], [0.4273584905660377, 0.5269622641509434, 0.4575471698113208, 0.5580943396226414], [0.3122641509433963, 0.5401698113207547, 0.3396226415094341, 0.5684716981132075], [0.3358490566037735, 0.5411132075471697, 0.35754716981132084, 0.5750754716981132], [0.6943396226415095, 0.48922641509433956, 0.7113207547169811, 0.5071509433962264], [0.7075471698113208, 0.48828301886792447, 0.7245283018867925, 0.5043207547169811], [0.6415094339622642, 0.4788490566037735, 0.6575471698113209, 0.4958301886792452], [0.6537735849056604, 0.4797924528301886, 0.668867924528302, 0.49866037735849056], [0.4981132075471698, 0.49960377358490565, 0.5150943396226415, 0.5128113207547169], [0.5113207547169811, 0.4967735849056603, 0.530188679245283, 0.5184716981132075], [0.5981132075471698, 0.48828301886792447, 0.6169811320754717, 0.5062075471698113]], "class": 15}