{"image": "34ae709e-759d-11ee-8d86-fcb3bc5cd112.jpg", "bboxes": [[0.5495316455696204, 0.37787341772151894, 0.5849746835443038, 0.4145822784810126], [0.5140886075949368, 0.37787341772151894, 0.5571265822784812, 0.4221772151898734], [0.4280126582278483, 0.40951898734177217, 0.46345569620253174, 0.43989873417721526], [0.4052278481012659, 0.4069873417721518, 0.4356075949367089, 0.4411645569620254], [0.25209433962264144, 0.4507358490566038, 0.27662264150943394, 0.4799811320754718], [0.22945283018867918, 0.44790566037735857, 0.25964150943396225, 0.4790377358490566], [0.34737735849056595, 0.4375283018867925, 0.3747358490566037, 0.4658301886792453], [0.32945283018867916, 0.43092452830188677, 0.3511509433962265, 0.46488679245283027], [0.029452830188679172, 0.5101698113207548, 0.04549056603773579, 0.5271509433962265], [0.018132075471698046, 0.5073396226415094, 0.03322641509433959, 0.5262075471698113], [0.17190566037735847, 0.4931886792452831, 0.18888679245283016, 0.5063962264150943], [0.1568113207547169, 0.4875283018867925, 0.17567924528301887, 0.5092264150943397], [0.07001886792452831, 0.4997924528301887, 0.08888679245283015, 0.5177169811320755]], "class": 13}