{"image": "34ae709e-759d-11ee-8d86-fcb3bc5cd112.jpg", "bboxes": [[0.2860253164556962, 0.429873417721519, 0.3214683544303796, 0.46658227848101264], [0.3138734177215188, 0.429873417721519, 0.3569113924050632, 0.47417721518987344], [0.4075443037974683, 0.4615189873417721, 0.4429873417721517, 0.4918987341772153], [0.43539240506329113, 0.45898734177215184, 0.4657721518987341, 0.4931645569620253], [0.594377358490566, 0.5027358490566038, 0.6189056603773586, 0.5319811320754718], [0.6113584905660377, 0.4999056603773586, 0.6415471698113209, 0.5310377358490566], [0.49626415094339626, 0.4895283018867925, 0.523622641509434, 0.5178301886792454], [0.5198490566037735, 0.4829245283018868, 0.5415471698113208, 0.5168867924528302], [0.8783396226415094, 0.5508490566037736, 0.8953207547169811, 0.5687735849056604], [0.8915471698113209, 0.5536792452830188, 0.9085283018867926, 0.5697169811320755], [0.8255094339622642, 0.5621698113207547, 0.8415471698113208, 0.5791509433962265], [0.8377735849056605, 0.5593396226415095, 0.852867924528302, 0.5782075471698114], [0.6821132075471699, 0.5451886792452831, 0.6990943396226416, 0.5583962264150943], [0.6953207547169811, 0.5395283018867925, 0.7141886792452831, 0.5612264150943397], [0.7821132075471698, 0.5517924528301887, 0.8009811320754717, 0.5697169811320755]], "class": 15}