{"image": "34ae709e-759d-11ee-8d86-fcb3bc5cd112.jpg", "bboxes": [[0.0, 0.40387341772151897, 0.008468354430379632, 0.4405822784810126], [0.0008734177215187211, 0.40387341772151897, 0.043911392405063254, 0.4481772151898734], [0.09454430379746825, 0.4355189873417721, 0.12998734177215165, 0.4658987341772153], [0.12239240506329108, 0.4329873417721518, 0.15277215189873417, 0.4671645569620254], [0.281377358490566, 0.4767358490566038, 0.30590566037735856, 0.5059811320754718], [0.2983584905660377, 0.4739056603773586, 0.3285471698113208, 0.5050377358490565], [0.18326415094339632, 0.4635283018867925, 0.2106226415094341, 0.49183018867924533], [0.2068490566037735, 0.4569245283018868, 0.22854716981132084, 0.4908867924528303], [0.5653396226415095, 0.5248490566037736, 0.5823207547169811, 0.5427735849056604], [0.5785471698113208, 0.5276792452830188, 0.5955283018867925, 0.5437169811320756], [0.5125094339622642, 0.5361698113207547, 0.5285471698113209, 0.5531509433962265], [0.5247735849056604, 0.5333396226415095, 0.539867924528302, 0.5522075471698114], [0.3691132075471698, 0.5191886792452831, 0.3860943396226415, 0.5323962264150943], [0.3823207547169811, 0.5135283018867924, 0.4011886792452831, 0.5352264150943398], [0.4691132075471699, 0.5257924528301887, 0.48798113207547167, 0.5437169811320756]], "class": 15}