{"image": "34ae709e-759d-11ee-8d86-fcb3bc5cd112.jpg", "bboxes": [[0.8265316455696204, 0.36587341772151905, 0.8619746835443038, 0.4025822784810126], [0.7910886075949368, 0.36587341772151905, 0.8341265822784812, 0.4101772151898735], [0.7050126582278483, 0.39751898734177216, 0.7404556962025317, 0.42789873417721525], [0.6822278481012659, 0.3949873417721518, 0.7126075949367089, 0.4291645569620254], [0.5290943396226414, 0.4387358490566038, 0.553622641509434, 0.46798113207547176], [0.5064528301886791, 0.43590566037735856, 0.5366415094339623, 0.4670377358490566], [0.624377358490566, 0.42552830188679247, 0.6517358490566036, 0.4538301886792453], [0.6064528301886791, 0.41892452830188676, 0.6281509433962265, 0.45288679245283026], [0.2526792452830189, 0.48684905660377364, 0.2696603773584906, 0.5047735849056605], [0.23947169811320748, 0.48967924528301887, 0.25645283018867915, 0.5057169811320755], [0.3064528301886792, 0.4981698113207548, 0.3224905660377358, 0.5151509433962265], [0.29513207547169806, 0.49533962264150944, 0.31022641509433957, 0.5142075471698113], [0.44890566037735846, 0.4811886792452831, 0.46588679245283016, 0.4943962264150944], [0.4338113207547169, 0.4755283018867925, 0.4526792452830189, 0.49722641509433974], [0.3470188679245283, 0.4877924528301887, 0.3658867924528301, 0.5057169811320755]], "class": 15}