{"image": "34ae709e-759d-11ee-8d86-fcb3bc5cd112.jpg", "bboxes": [[0.9350126582278483, 0.42451898734177207, 0.9704556962025317, 0.45489873417721527], [0.9122278481012659, 0.4219873417721518, 0.9426075949367089, 0.4561645569620254], [0.7590943396226414, 0.4657358490566038, 0.783622641509434, 0.4949811320754718], [0.7364528301886791, 0.4629056603773586, 0.7666415094339623, 0.49403773584905664], [0.854377358490566, 0.4525283018867925, 0.8817358490566037, 0.4808301886792453], [0.8364528301886792, 0.4459245283018868, 0.8581509433962264, 0.4798867924528303], [0.48267924528301887, 0.5138490566037737, 0.49966037735849056, 0.5317735849056604], [0.4694716981132075, 0.5166792452830189, 0.4864528301886792, 0.5327169811320756], [0.5364528301886792, 0.5251698113207548, 0.5524905660377358, 0.5421509433962265], [0.525132075471698, 0.5223396226415095, 0.5402264150943396, 0.5412075471698115], [0.6789056603773584, 0.5081886792452831, 0.6958867924528301, 0.5213962264150944], [0.6638113207547169, 0.5025283018867925, 0.6826792452830188, 0.5242264150943396], [0.5770188679245283, 0.5147924528301887, 0.5958867924528302, 0.5327169811320756]], "class": 13}