{"image": "34ae709e-759d-11ee-8d86-fcb3bc5cd112.jpg", "bboxes": [[0.8715316455696204, 0.420873417721519, 0.9069746835443039, 0.4575822784810126], [0.8360886075949368, 0.420873417721519, 0.8791265822784813, 0.4651772151898734], [0.7500126582278484, 0.4525189873417721, 0.7854556962025318, 0.4828987341772153], [0.7272278481012658, 0.4499873417721518, 0.7576075949367089, 0.4841645569620253], [0.5740943396226414, 0.49373584905660384, 0.5986226415094339, 0.5229811320754718], [0.5514528301886792, 0.4909056603773586, 0.5816415094339622, 0.5220377358490567], [0.6693773584905659, 0.4805283018867925, 0.6967358490566037, 0.5088301886792453], [0.6514528301886792, 0.4739245283018868, 0.6731509433962265, 0.5078867924528303], [0.29767924528301887, 0.5418490566037737, 0.31466037735849056, 0.5597735849056604], [0.2844716981132075, 0.5446792452830189, 0.3014528301886792, 0.5607169811320756], [0.3514528301886792, 0.5531698113207548, 0.3674905660377358, 0.5701509433962264], [0.34013207547169805, 0.5503396226415094, 0.3552264150943396, 0.5692075471698114], [0.49390566037735845, 0.536188679245283, 0.5108867924528302, 0.5493962264150943], [0.47881132075471694, 0.5305283018867926, 0.4976792452830189, 0.5522264150943397], [0.39201886792452834, 0.5427924528301887, 0.41088679245283016, 0.5607169811320756]], "class": 15}