{"image": "34ae709e-759d-11ee-8d86-fcb3bc5cd112.jpg", "bboxes": [[0.6370253164556962, 0.36087341772151904, 0.6724683544303796, 0.3975822784810126], [0.6648734177215188, 0.36087341772151904, 0.7079113924050633, 0.4051772151898735], [0.7585443037974683, 0.39251898734177215, 0.7939873417721517, 0.42289873417721524], [0.7863924050632911, 0.3899873417721518, 0.8167721518987341, 0.4241645569620254], [0.945377358490566, 0.4337358490566038, 0.9699056603773586, 0.46298113207547176], [0.9623584905660377, 0.43090566037735856, 0.9925471698113209, 0.4620377358490566], [0.8472641509433964, 0.42052830188679247, 0.874622641509434, 0.4488301886792453], [0.8708490566037735, 0.41392452830188675, 0.8925471698113209, 0.44788679245283025]], "class": 8}