{"image": "34ae709e-759d-11ee-8d86-fcb3bc5cd112.jpg", "bboxes": [[0.6135316455696205, 0.5874177215189874, 0.6489746835443039, 0.6241265822784811], [0.5780886075949367, 0.5798227848101266, 0.6211265822784813, 0.6241265822784811], [0.4920126582278483, 0.5621012658227847, 0.5274556962025317, 0.5924810126582278], [0.4692278481012659, 0.5608354430379746, 0.49960759493670887, 0.5950126582278482], [0.31609433962264144, 0.5220188679245282, 0.34062264150943394, 0.5512641509433962], [0.2934528301886792, 0.5229622641509434, 0.32364150943396225, 0.5540943396226414], [0.41137735849056595, 0.5361698113207547, 0.4387358490566037, 0.5644716981132075], [0.39345283018867916, 0.5371132075471697, 0.4151509433962265, 0.5710754716981132], [0.039679245283018874, 0.4852264150943396, 0.05666037735849056, 0.5031509433962263], [0.02647169811320748, 0.48428301886792446, 0.043452830188679174, 0.5003207547169811], [0.09345283018867917, 0.4748490566037735, 0.10949056603773578, 0.4918301886792452], [0.08213207547169804, 0.4757924528301886, 0.09722641509433959, 0.49466037735849056], [0.23590566037735847, 0.49560377358490565, 0.25288679245283013, 0.5088113207547169], [0.2208113207547169, 0.4927735849056603, 0.23967924528301887, 0.5144716981132075], [0.1340188679245283, 0.48428301886792446, 0.15288679245283016, 0.5022075471698113]], "class": 15}