{"image": "34ae709e-759d-11ee-8d86-fcb3bc5cd112.jpg", "bboxes": [[0.4260253164556962, 0.424873417721519, 0.4614683544303796, 0.46158227848101263], [0.4538734177215188, 0.424873417721519, 0.4969113924050632, 0.46917721518987343], [0.5475443037974683, 0.4565189873417721, 0.5829873417721516, 0.4868987341772153], [0.575392405063291, 0.45398734177215183, 0.6057721518987341, 0.4881645569620253], [0.7343773584905661, 0.49773584905660384, 0.7589056603773585, 0.5269811320754718], [0.7513584905660378, 0.4949056603773586, 0.7815471698113208, 0.5260377358490567], [0.6362641509433964, 0.4845283018867925, 0.6636226415094341, 0.5128301886792453], [0.6598490566037736, 0.4779245283018868, 0.6815471698113209, 0.5118867924528303], [0.9655094339622642, 0.5571698113207548, 0.9815471698113208, 0.5741509433962264], [0.9777735849056605, 0.5543396226415094, 0.992867924528302, 0.5732075471698114], [0.8221132075471699, 0.540188679245283, 0.8390943396226416, 0.5533962264150943], [0.8353207547169812, 0.5345283018867926, 0.8541886792452831, 0.5562264150943397], [0.9221132075471699, 0.5467924528301887, 0.9409811320754717, 0.5647169811320756]], "class": 13}