{"image": "34ae709e-759d-11ee-8d86-fcb3bc5cd112.jpg", "bboxes": [[0.6450253164556962, 0.408873417721519, 0.6804683544303796, 0.4455822784810126], [0.6728734177215188, 0.408873417721519, 0.7159113924050633, 0.4531772151898734], [0.7665443037974683, 0.4405189873417721, 0.8019873417721517, 0.4708987341772153], [0.7943924050632911, 0.4379873417721518, 0.8247721518987341, 0.4721645569620253], [0.953377358490566, 0.4817358490566038, 0.9779056603773586, 0.5109811320754718], [0.9703584905660377, 0.4789056603773586, 1.0, 0.5100377358490567], [0.8552641509433963, 0.4685283018867925, 0.882622641509434, 0.49683018867924533], [0.8788490566037735, 0.4619245283018868, 0.9005471698113208, 0.4958867924528303]], "class": 8}