{"image": "34ae709e-759d-11ee-8d86-fcb3bc5cd112.jpg", "bboxes": [[0.31653164556962043, 0.6104177215189874, 0.35197468354430383, 0.647126582278481], [0.28108860759493676, 0.6028227848101265, 0.32412658227848123, 0.647126582278481], [0.1950126582278483, 0.5851012658227848, 0.23045569620253173, 0.6154810126582279], [0.17222784810126587, 0.5838354430379746, 0.20260759493670888, 0.6180126582278482], [0.019094339622641426, 0.5450188679245282, 0.04362264150943395, 0.5742641509433962], [0.0, 0.5459622641509434, 0.026641509433962256, 0.5770943396226415], [0.11437735849056593, 0.5591698113207546, 0.1417358490566037, 0.5874716981132074], [0.09645283018867917, 0.5601132075471698, 0.11815094339622646, 0.5940754716981133]], "class": 8}