{"image": "34ae709e-759d-11ee-8d86-fcb3bc5cd112.jpg", "bboxes": [[0.38653164556962044, 0.418873417721519, 0.42197468354430384, 0.4555822784810126], [0.35108860759493676, 0.418873417721519, 0.39412658227848124, 0.4631772151898734], [0.2650126582278483, 0.4505189873417721, 0.3004556962025317, 0.4808987341772153], [0.24222784810126585, 0.4479873417721518, 0.2726075949367089, 0.4821645569620253], [0.08909433962264143, 0.49173584905660384, 0.11362264150943395, 0.5209811320754718], [0.06645283018867917, 0.4889056603773586, 0.09664150943396226, 0.5200377358490567], [0.18437735849056594, 0.4785283018867925, 0.21173584905660367, 0.5068301886792453], [0.16645283018867918, 0.4719245283018868, 0.18815094339622646, 0.5058867924528303], [0.008905660377358458, 0.534188679245283, 0.02588679245283015, 0.5473962264150943], [0.0, 0.5285283018867926, 0.012679245283018873, 0.5502264150943397]], "class": 10}