{"image": "35883305-7598-11ee-9491-fcb3bc5cd112.jpg", "bboxes": [[0.3245822784810125, 0.6172784810126581, 0.4321772151898733, 0.726139240506329], [0.42964556962025313, 0.6109493670886076, 0.5359746835443036, 0.7210759493670886], [0.2271139240506327, 0.514746835443038, 0.29926582278481006, 0.5906962025316456], [0.12078481012658226, 0.44259493670886074, 0.1840759493670885, 0.5020886075949367], [0.17521518987341755, 0.4476582278481013, 0.24356962025316442, 0.5084177215189873]], "class": 5}