{"image": "35883305-7598-11ee-9491-fcb3bc5cd112.jpg", "bboxes": [[0.0005822784810125547, 0.5982784810126581, 0.10817721518987333, 0.707139240506329], [0.10564556962025318, 0.5919493670886076, 0.2119746835443036, 0.7020759493670886]], "class": 2}