{"image": "35883305-7598-11ee-9491-fcb3bc5cd112.jpg", "bboxes": [[0.0, 0.5642784810126582, 0.011177215189873357, 0.6731392405063291], [0.00864556962025309, 0.5579493670886075, 0.11497468354430362, 0.6680759493670886]], "class": 2}