{"image": "35883305-7598-11ee-9491-fcb3bc5cd112.jpg", "bboxes": [[0.7168227848101266, 0.3328607594936709, 0.8244177215189875, 0.4417215189873418], [0.6130253164556964, 0.3379240506329114, 0.7193544303797469, 0.44805063291139247], [0.84973417721519, 0.4683037974683545, 0.9218860759493673, 0.544253164556962], [0.9649240506329115, 0.5569113924050633, 1.0, 0.6164050632911393], [0.9054303797468356, 0.5505822784810126, 0.9737848101265825, 0.6113417721518988]], "class": 5}