{"image": "35883305-7598-11ee-9491-fcb3bc5cd112.jpg", "bboxes": [[0.015582278481012457, 0.3468607594936709, 0.12317721518987335, 0.4557215189873418], [0.12064556962025308, 0.35192405063291143, 0.2269746835443036, 0.4620506329113925]], "class": 2}