{"image": "35883305-7598-11ee-9491-fcb3bc5cd112.jpg", "bboxes": [[0.9160253164556964, 0.3329240506329114, 1.0, 0.44305063291139246]], "class": 1}