{"image": "35883305-7598-11ee-9491-fcb3bc5cd112.jpg", "bboxes": [[0.0, 0.5462784810126582, 0.031177215189873375, 0.6551392405063291], [0.02864556962025311, 0.5399493670886075, 0.13497468354430364, 0.6500759493670886]], "class": 2}