{"image": "35883305-7598-11ee-9491-fcb3bc5cd112.jpg", "bboxes": [[0.9410253164556964, 0.3279240506329114, 1.0, 0.43805063291139246]], "class": 1}