{"image": "35883305-7598-11ee-9491-fcb3bc5cd112.jpg", "bboxes": [[0.2998227848101267, 0.6162784810126581, 0.4074177215189875, 0.725139240506329], [0.19602531645569637, 0.6099493670886076, 0.30235443037974685, 0.7200759493670886], [0.4327341772151899, 0.513746835443038, 0.5048860759493673, 0.5896962025316456], [0.5479240506329115, 0.44159493670886074, 0.6112151898734178, 0.5010886075949367], [0.48843037974683556, 0.4466582278481013, 0.5567848101265824, 0.5074177215189873]], "class": 5}