{"image": "35883305-7598-11ee-9491-fcb3bc5cd112.jpg", "bboxes": [[0.12958227848101256, 0.5422784810126582, 0.23717721518987334, 0.6511392405063291], [0.23464556962025318, 0.5359493670886075, 0.3409746835443036, 0.6460759493670886], [0.032113924050632736, 0.439746835443038, 0.10426582278481011, 0.5156962025316456], [0.0, 0.37265822784810126, 0.04856962025316447, 0.4334177215189874]], "class": 4}