{"image": "35883305-7598-11ee-9491-fcb3bc5cd112.jpg", "bboxes": [[0.21158227848101252, 0.29586075949367097, 0.3191772151898733, 0.4047215189873419], [0.31664556962025314, 0.3009240506329114, 0.42297468354430356, 0.41105063291139243], [0.1141139240506327, 0.43130379746835446, 0.18626582278481008, 0.507253164556962], [0.0077848101265821645, 0.5199113924050633, 0.0710759493670885, 0.5794050632911392], [0.062215189873417565, 0.5135822784810127, 0.13056962025316443, 0.5743417721518987]], "class": 5}