{"image": "35883305-7598-11ee-9491-fcb3bc5cd112.jpg", "bboxes": [[0.0, 0.5709493670886076, 0.047974683544303565, 0.6810759493670886]], "class": 1}