{"image": "35883305-7598-11ee-9491-fcb3bc5cd112.jpg", "bboxes": [[0.23158227848101254, 0.5932784810126581, 0.3391772151898733, 0.7021392405063291], [0.33664556962025316, 0.5869493670886076, 0.4429746835443036, 0.6970759493670886], [0.13411392405063272, 0.490746835443038, 0.2062658227848101, 0.5666962025316455], [0.027784810126582182, 0.4185949367088608, 0.09107594936708852, 0.47808860759493665], [0.08221518987341758, 0.42365822784810125, 0.15056962025316445, 0.4844177215189874]], "class": 5}