{"image": "36a7b366-759d-11ee-90a5-fcb3bc5cd112.jpg", "bboxes": [[0.0288481012658226, 0.23067088607594932, 0.09593670886075933, 0.3104177215189874], [0.08454430379746825, 0.22434177215189877, 0.17694936708860742, 0.3116835443037975], [0.21998734177215173, 0.3800379746835444, 0.26302531645569616, 0.4319367088607595], [0.2528987341772152, 0.3737088607594937, 0.30479746835443033, 0.42940506329113926], [0.37948101265822765, 0.3040886075949367, 0.4364430379746834, 0.3724430379746836], [0.4313797468354428, 0.3116835443037975, 0.48454430379746827, 0.37117721518987346], [0.35927586206896556, 0.43700000000000006, 0.3995057471264367, 0.4829770114942529], [0.511, 0.42320689655172417, 0.546632183908046, 0.46343678160919544], [0.5822643678160919, 0.49677011494252876, 0.6109999999999999, 0.5266551724137931]], "class": 9}