{"image": "36a7b366-759d-11ee-90a5-fcb3bc5cd112.jpg", "bboxes": [[0.014000000000000012, 0.3532068965517242, 0.049632183908046024, 0.3934367816091955], [0.08526436781609181, 0.4267701149425287, 0.11399999999999988, 0.45665517241379316]], "class": 2}