{"image": "36a7b366-759d-11ee-90a5-fcb3bc5cd112.jpg", "bboxes": [[0.0, 0.6025632183908045, 0.003632183908046094, 0.6427931034482758], [0.03926436781609188, 0.5393448275862068, 0.06799999999999984, 0.5692298850574713]], "class": 2}