{"image": "36a7b366-759d-11ee-90a5-fcb3bc5cd112.jpg", "bboxes": [[0.0, 0.7385822784810127, 0.060936708860759414, 0.8183291139240507], [0.049544303797468325, 0.7373164556962025, 0.1419493670886075, 0.8246582278481012], [0.1849873417721517, 0.6170632911392405, 0.22802531645569613, 0.6689620253164557], [0.21789873417721517, 0.6195949367088607, 0.2697974683544303, 0.6752911392405062], [0.3444810126582276, 0.6765569620253165, 0.4014430379746834, 0.7449113924050632], [0.39637974683544275, 0.6778227848101266, 0.44954430379746824, 0.7373164556962025], [0.3242758620689655, 0.5660229885057471, 0.3645057471264368, 0.612], [0.476, 0.5855632183908045, 0.511632183908046, 0.6257931034482758], [0.5472643678160919, 0.5223448275862068, 0.5759999999999998, 0.5522298850574713]], "class": 9}