{"image": "36a7b366-759d-11ee-90a5-fcb3bc5cd112.jpg", "bboxes": [[0.026000000000000023, 0.5595632183908046, 0.061632183908046034, 0.5997931034482759], [0.09726436781609182, 0.49634482758620685, 0.1259999999999999, 0.5262298850574713]], "class": 2}