{"image": "36a7b366-759d-11ee-90a5-fcb3bc5cd112.jpg", "bboxes": [[0.9814556962025317, 0.6778227848101266, 1.0, 0.7373164556962025], [0.919367816091954, 0.5855632183908045, 0.955, 0.6257931034482758], [0.8550000000000001, 0.5223448275862068, 0.8837356321839082, 0.5522298850574713]], "class": 3}