{"image": "36a7b366-759d-11ee-90a5-fcb3bc5cd112.jpg", "bboxes": [[0.7180632911392406, 0.7385822784810127, 0.7851518987341773, 0.8183291139240507], [0.6370506329113925, 0.7373164556962025, 0.7294556962025317, 0.8246582278481012], [0.5509746835443038, 0.6170632911392405, 0.5940126582278483, 0.6689620253164557], [0.5092025316455697, 0.6195949367088607, 0.5611012658227849, 0.6752911392405062], [0.3775569620253166, 0.6765569620253165, 0.43451898734177236, 0.7449113924050632], [0.32945569620253173, 0.6778227848101266, 0.3826202531645572, 0.7373164556962025], [0.41449425287356323, 0.5660229885057471, 0.45472413793103444, 0.612], [0.267367816091954, 0.5855632183908045, 0.303, 0.6257931034482758], [0.20300000000000012, 0.5223448275862068, 0.23173563218390814, 0.5522298850574713]], "class": 9}