{"image": "36a7b366-759d-11ee-90a5-fcb3bc5cd112.jpg", "bboxes": [[0.8080632911392406, 0.7365822784810127, 0.8751518987341774, 0.8163291139240507], [0.7270506329113925, 0.7353164556962025, 0.8194556962025318, 0.8226582278481012], [0.6409746835443039, 0.6150632911392405, 0.6840126582278483, 0.6669620253164557], [0.5992025316455697, 0.6175949367088607, 0.6511012658227848, 0.6732911392405062], [0.4675569620253166, 0.6745569620253165, 0.5245189873417724, 0.7429113924050632], [0.4194556962025317, 0.6758227848101266, 0.4726202531645572, 0.7353164556962025], [0.5044942528735633, 0.5640229885057471, 0.5447241379310345, 0.61], [0.35736781609195395, 0.5835632183908045, 0.393, 0.6237931034482758], [0.2930000000000001, 0.5203448275862068, 0.32173563218390816, 0.5502298850574713]], "class": 9}