{"image": "36a7b366-759d-11ee-90a5-fcb3bc5cd112.jpg", "bboxes": [[0.0, 0.2836835443037975, 0.007544303797468288, 0.34317721518987343], [0.03400000000000003, 0.39520689655172414, 0.06963218390804604, 0.4354367816091954], [0.10526436781609183, 0.46877011494252874, 0.1339999999999999, 0.4986551724137931]], "class": 3}