{"image": "36a7b366-759d-11ee-90a5-fcb3bc5cd112.jpg", "bboxes": [[0.0, 0.7655822784810126, 0.049936708860759405, 0.8453291139240507], [0.038544303797468316, 0.7643164556962025, 0.1309493670886075, 0.8516582278481012], [0.1739873417721517, 0.6440632911392405, 0.21702531645569612, 0.6959620253164557], [0.20689873417721516, 0.6465949367088607, 0.2587974683544303, 0.7022911392405062], [0.3334810126582276, 0.7035569620253165, 0.3904430379746834, 0.7719113924050632], [0.38537974683544285, 0.7048227848101266, 0.4385443037974682, 0.7643164556962025], [0.3132758620689656, 0.5930229885057471, 0.3535057471264368, 0.639], [0.46499999999999997, 0.6125632183908045, 0.5006321839080461, 0.6527931034482758], [0.5362643678160919, 0.5493448275862068, 0.565, 0.5792298850574713]], "class": 9}