{"image": "36a7b366-759d-11ee-90a5-fcb3bc5cd112.jpg", "bboxes": [[0.009264367816091856, 0.49534482758620685, 0.03799999999999992, 0.5252298850574713]], "class": 1}