{"image": "379c67b2-7598-11ee-b0e0-fcb3bc5cd112.jpg", "bboxes": [[0.5892784810126585, 0.4143417721518988, 0.6335822784810128, 0.457379746835443], [0.5449746835443039, 0.41054430379746853, 0.5943417721518988, 0.46244303797468356], [0.4715569620253166, 0.4485189873417721, 0.5044683544303799, 0.4826962025316456], [0.44497468354430386, 0.4523164556962025, 0.4791518987341774, 0.486493670886076], [0.4082658227848102, 0.4788987341772153, 0.43991139240506344, 0.506746835443038], [0.3842151898734178, 0.47763291139240516, 0.4133291139240506, 0.5092784810126582], [0.31965822784810133, 0.42320253164556965, 0.35003797468354436, 0.46244303797468356], [0.27662025316455696, 0.4219367088607595, 0.317126582278481, 0.4611772151898734], [0.32218987341772154, 0.5092784810126582, 0.3462405063291141, 0.5320632911392404], [0.3032025316455697, 0.5054810126582279, 0.327253164556962, 0.5307974683544304]], "class": 10}