{"image": "379c67b2-7598-11ee-b0e0-fcb3bc5cd112.jpg", "bboxes": [[0.0, 0.566620253164557, 0.007721518987341636, 0.6096582278481012], [0.0026582278481012134, 0.5615569620253165, 0.05202531645569619, 0.6134556962025315], [0.09253164556962024, 0.5413037974683544, 0.12544303797468337, 0.5754810126582279], [0.11784810126582257, 0.537506329113924, 0.15202531645569617, 0.5716835443037975], [0.1570886075949366, 0.517253164556962, 0.1887341772151898, 0.5451012658227847], [0.1836708860759494, 0.5147215189873419, 0.21278481012658224, 0.5463670886075949], [0.2469620253164556, 0.5615569620253165, 0.2773417721518987, 0.6007974683544304], [0.27987341772151897, 0.5628227848101266, 0.320379746835443, 0.6020632911392405], [0.2507594936708859, 0.4919367088607595, 0.27481012658227844, 0.5147215189873419], [0.269746835443038, 0.4932025316455696, 0.2937974683544303, 0.5185189873417722]], "class": 10}