{"image": "379c67b2-7598-11ee-b0e0-fcb3bc5cd112.jpg", "bboxes": [[0.9685569620253166, 0.41351898734177217, 1.0, 0.44769620253164555], [0.9419746835443038, 0.41731645569620257, 0.9761518987341774, 0.45149367088607595], [0.9052658227848102, 0.44389873417721526, 0.9369113924050635, 0.47174683544303797], [0.8812151898734177, 0.4426329113924051, 0.9103291139240506, 0.4742784810126581], [0.8166582278481013, 0.3882025316455696, 0.8470379746835444, 0.4274430379746835], [0.773620253164557, 0.3869367088607595, 0.814126582278481, 0.4261772151898734], [0.8191898734177215, 0.4742784810126581, 0.8432405063291141, 0.4970632911392405], [0.8002025316455698, 0.47048101265822784, 0.8242531645569621, 0.4957974683544304]], "class": 8}