{"image": "379c67b2-7598-11ee-b0e0-fcb3bc5cd112.jpg", "bboxes": [[0.9989746835443039, 0.542506329113924, 1.0, 0.5766835443037974], [0.9622658227848102, 0.522253164556962, 0.9939113924050634, 0.5501012658227847], [0.9382151898734178, 0.5197215189873419, 0.9673291139240506, 0.5513670886075949], [0.8736582278481013, 0.5665569620253165, 0.9040379746835443, 0.6057974683544304], [0.830620253164557, 0.5678227848101266, 0.871126582278481, 0.6070632911392405], [0.8761898734177215, 0.49693670886075947, 0.900240506329114, 0.5197215189873419], [0.8572025316455697, 0.4982025316455696, 0.881253164556962, 0.5235189873417722]], "class": 7}