{"image": "379c67b2-7598-11ee-b0e0-fcb3bc5cd112.jpg", "bboxes": [[0.9989746835443039, 0.4583164556962025, 1.0, 0.492493670886076], [0.9622658227848102, 0.4848987341772153, 0.9939113924050634, 0.512746835443038], [0.9382151898734178, 0.48363291139240516, 0.9673291139240506, 0.5152784810126582], [0.8736582278481013, 0.42920253164556954, 0.9040379746835443, 0.46844303797468356], [0.830620253164557, 0.4279367088607595, 0.871126582278481, 0.46717721518987343], [0.8761898734177215, 0.5152784810126582, 0.900240506329114, 0.5380632911392405], [0.8572025316455697, 0.5114810126582279, 0.881253164556962, 0.5367974683544304]], "class": 7}