{"image": "379c67b2-7598-11ee-b0e0-fcb3bc5cd112.jpg", "bboxes": [[0.9555569620253166, 0.39151898734177215, 0.9884683544303798, 0.42569620253164553], [0.9289746835443038, 0.39531645569620255, 0.9631518987341774, 0.42949367088607593], [0.8922658227848103, 0.42189873417721524, 0.9239113924050635, 0.44974683544303795], [0.8682151898734178, 0.4206329113924052, 0.8973291139240506, 0.4522784810126582], [0.8036582278481014, 0.3662025316455696, 0.8340379746835443, 0.4054430379746835], [0.760620253164557, 0.36493670886075946, 0.801126582278481, 0.4041772151898735], [0.8061898734177215, 0.4522784810126582, 0.8302405063291141, 0.4750632911392405], [0.7872025316455697, 0.44848101265822793, 0.8112531645569621, 0.4737974683544304]], "class": 8}