{"image": "379c67b2-7598-11ee-b0e0-fcb3bc5cd112.jpg", "bboxes": [[0.2094177215189873, 0.42734177215189884, 0.25372151898734163, 0.47037974683544304], [0.2486582278481012, 0.42354430379746855, 0.2980253164556962, 0.47544303797468357], [0.33853164556962023, 0.4615189873417721, 0.37144303797468337, 0.4956962025316456], [0.36384810126582257, 0.4653164556962025, 0.39802531645569617, 0.499493670886076], [0.4030886075949366, 0.4918987341772153, 0.4347341772151898, 0.5197468354430379], [0.4296708860759494, 0.49063291139240517, 0.45878481012658223, 0.5222784810126582], [0.4929620253164556, 0.43620253164556955, 0.5233417721518987, 0.47544303797468357], [0.525873417721519, 0.4349367088607595, 0.566379746835443, 0.47417721518987344], [0.4967594936708859, 0.5222784810126582, 0.5208101265822784, 0.5450632911392406], [0.5157468354430379, 0.5184810126582279, 0.5397974683544303, 0.5437974683544304]], "class": 10}