{"image": "379c67b2-7598-11ee-b0e0-fcb3bc5cd112.jpg", "bboxes": [[0.0, 0.41351898734177217, 0.004443037974683373, 0.44769620253164555], [0.0, 0.41731645569620257, 0.031025316455696172, 0.45149367088607595], [0.036088607594936595, 0.44389873417721526, 0.06773417721518982, 0.47174683544303797], [0.0626708860759494, 0.4426329113924051, 0.09178481012658224, 0.4742784810126581], [0.12596202531645562, 0.3882025316455696, 0.1563417721518987, 0.4274430379746835], [0.15887341772151897, 0.3869367088607595, 0.19937974683544302, 0.4261772151898734], [0.1297594936708859, 0.4742784810126581, 0.15381012658227844, 0.4970632911392405], [0.14874683544303802, 0.47048101265822784, 0.17279746835443033, 0.4957974683544304]], "class": 8}