{"image": "379c67b2-7598-11ee-b0e0-fcb3bc5cd112.jpg", "bboxes": [[0.4504177215189873, 0.3913417721518988, 0.4947215189873416, 0.434379746835443], [0.4896582278481012, 0.3875443037974685, 0.5390253164556962, 0.43944303797468354], [0.5795316455696202, 0.42551898734177207, 0.6124430379746835, 0.45969620253164556], [0.6048481012658227, 0.42931645569620247, 0.6390253164556962, 0.46349367088607596], [0.6440886075949366, 0.45589873417721527, 0.6757341772151898, 0.483746835443038], [0.6706708860759494, 0.45463291139240514, 0.6997848101265822, 0.48627848101265814], [0.7339620253164556, 0.4002025316455696, 0.7643417721518987, 0.43944303797468354], [0.766873417721519, 0.3989367088607595, 0.807379746835443, 0.4381772151898734], [0.737759493670886, 0.48627848101265814, 0.7618101265822785, 0.5090632911392405], [0.756746835443038, 0.48248101265822785, 0.7807974683544303, 0.5077974683544304]], "class": 10}