{"image": "379c67b2-7598-11ee-b0e0-fcb3bc5cd112.jpg", "bboxes": [[0.5584177215189873, 0.35334177215189877, 0.6027215189873416, 0.3963797468354431], [0.5976582278481012, 0.3495443037974685, 0.6470253164556962, 0.4014430379746835], [0.6875316455696202, 0.38751898734177215, 0.7204430379746833, 0.4216962025316455], [0.7128481012658225, 0.39131645569620255, 0.7470253164556961, 0.4254936708860759], [0.7520886075949366, 0.41789873417721524, 0.7837341772151898, 0.44574683544303795], [0.7786708860759494, 0.4166329113924052, 0.8077848101265822, 0.4482784810126582], [0.8419620253164557, 0.3622025316455696, 0.8723417721518987, 0.4014430379746835], [0.8748734177215189, 0.36093670886075946, 0.915379746835443, 0.4001772151898735], [0.8457594936708859, 0.4482784810126582, 0.8698101265822785, 0.4710632911392405], [0.864746835443038, 0.4444810126582279, 0.8887974683544303, 0.46979746835443037]], "class": 10}