{"image": "379c67b2-7598-11ee-b0e0-fcb3bc5cd112.jpg", "bboxes": [[0.5842784810126584, 0.3623417721518988, 0.6285822784810128, 0.405379746835443], [0.5399746835443039, 0.3585443037974685, 0.5893417721518988, 0.4104430379746835], [0.4665569620253166, 0.39651898734177216, 0.4994683544303798, 0.43069620253164553], [0.43997468354430386, 0.40031645569620256, 0.4741518987341774, 0.43449367088607593], [0.4032658227848102, 0.42689873417721524, 0.43491139240506343, 0.45474683544303796], [0.3792151898734178, 0.4256329113924051, 0.4083291139240506, 0.4572784810126582], [0.3146582278481013, 0.3712025316455696, 0.34503797468354436, 0.4104430379746835], [0.27162025316455696, 0.36993670886075947, 0.312126582278481, 0.4091772151898735], [0.31718987341772154, 0.4572784810126582, 0.34124050632911407, 0.4800632911392405], [0.2982025316455697, 0.45348101265822793, 0.322253164556962, 0.4787974683544304]], "class": 10}