{"image": "38adcaab-759d-11ee-b463-fcb3bc5cd112.jpg", "bboxes": [[0.22816455696202537, 0.516506329113924, 0.2825949367088608, 0.5797974683544304], [0.16993670886075948, 0.5329620253164558, 0.22943037974683544, 0.5772658227848102], [0.1496835443037975, 0.5797974683544304, 0.19398734177215193, 0.6316962025316455], [0.11297468354430384, 0.5646075949367089, 0.14841772151898738, 0.6177721518987342], [0.05474683544303798, 0.5709367088607595, 0.11677215189873424, 0.6228354430379748], [0.2536792452830189, 0.6434528301886793, 0.285754716981132, 0.6821320754716982], [0.22066037735849056, 0.6453396226415096, 0.25745283018867915, 0.6877924528301887]], "class": 7}