{"image": "38adcaab-759d-11ee-b463-fcb3bc5cd112.jpg", "bboxes": [[0.7214050632911392, 0.42520253164556965, 0.7758354430379746, 0.4884936708860759], [0.7745696202531646, 0.42773417721518986, 0.8340632911392405, 0.4720379746835443], [0.8100126582278481, 0.37330379746835446, 0.8543164556962025, 0.42520253164556965], [0.8555822784810126, 0.3872278481012658, 0.8910253164556962, 0.4403924050632911], [0.8872278481012658, 0.3821645569620253, 0.9492531645569621, 0.4340632911392405], [0.718245283018868, 0.3228679245283018, 0.7503207547169811, 0.36154716981132073], [0.7465471698113209, 0.31720754716981125, 0.7833396226415095, 0.3596603773584905]], "class": 7}