{"image": "38adcaab-759d-11ee-b463-fcb3bc5cd112.jpg", "bboxes": [[0.38616455696202534, 0.552506329113924, 0.4405949367088608, 0.6157974683544303], [0.3279367088607595, 0.5689620253164558, 0.3874303797468355, 0.6132658227848102], [0.30768354430379746, 0.6157974683544303, 0.3519873417721519, 0.6676962025316455], [0.2709746835443038, 0.6006075949367089, 0.3064177215189874, 0.6537721518987342], [0.212746835443038, 0.6069367088607596, 0.2747721518987343, 0.6588354430379747], [0.41167924528301886, 0.6794528301886793, 0.443754716981132, 0.7181320754716982], [0.37866037735849056, 0.6813396226415095, 0.4154528301886792, 0.7237924528301887]], "class": 7}