{"image": "38adcaab-759d-11ee-b463-fcb3bc5cd112.jpg", "bboxes": [[0.6274050632911392, 0.42720253164556965, 0.6818354430379747, 0.4904936708860759], [0.6805696202531646, 0.42973417721518986, 0.7400632911392405, 0.4740379746835443], [0.7160126582278481, 0.37530379746835446, 0.7603164556962025, 0.42720253164556965], [0.7615822784810127, 0.3892278481012658, 0.7970253164556962, 0.4423924050632911], [0.7932278481012658, 0.3841645569620253, 0.855253164556962, 0.4360632911392405], [0.6242452830188681, 0.3248679245283018, 0.6563207547169811, 0.36354716981132074], [0.6525471698113208, 0.31920754716981126, 0.6893396226415094, 0.3616603773584905]], "class": 7}