{"image": "38adcaab-759d-11ee-b463-fcb3bc5cd112.jpg", "bboxes": [[0.5954050632911392, 0.5715063291139241, 0.6498354430379747, 0.6347974683544304], [0.6485696202531646, 0.5879620253164557, 0.7080632911392405, 0.6322658227848101], [0.6840126582278481, 0.6347974683544304, 0.7283164556962025, 0.6866962025316455], [0.7295822784810126, 0.6196075949367089, 0.7650253164556962, 0.6727721518987342], [0.7612278481012658, 0.6259367088607595, 0.8232531645569621, 0.6778354430379747], [0.592245283018868, 0.6984528301886792, 0.6243207547169811, 0.7371320754716981], [0.6205471698113209, 0.7003396226415095, 0.6573396226415094, 0.7427924528301888]], "class": 7}