{"image": "39ac5da2-7598-11ee-963b-fcb3bc5cd112.jpg", "bboxes": [[0.5500379746835444, 0.49967088607594945, 0.5854810126582278, 0.5351139240506328], [0.5171265822784811, 0.49587341772151894, 0.5538354430379747, 0.5338481012658228], [0.6584583333333335, 0.5513125000000001, 0.6855416666666667, 0.5825625], [0.6303333333333335, 0.5575625, 0.6615833333333335, 0.5888125], [0.7324166666666667, 0.5846458333333333, 0.7511666666666668, 0.6033958333333334], [0.7136666666666668, 0.5856875, 0.7365833333333335, 0.6054791666666667]], "class": 6}