{"image": "39ac5da2-7598-11ee-963b-fcb3bc5cd112.jpg", "bboxes": [[0.40303797468354446, 0.43588607594936707, 0.43848101265822786, 0.4713291139240506], [0.3701265822784811, 0.43715189873417715, 0.40683544303797475, 0.47512658227848104], [0.5114583333333335, 0.3884375, 0.5385416666666667, 0.41968749999999994], [0.4833333333333335, 0.3821875, 0.5145833333333335, 0.4134375], [0.5854166666666667, 0.3676041666666667, 0.6041666666666667, 0.38635416666666667], [0.5666666666666668, 0.3655208333333333, 0.5895833333333335, 0.3853125]], "class": 6}