{"image": "39ac5da2-7598-11ee-963b-fcb3bc5cd112.jpg", "bboxes": [[0.7180379746835445, 0.43288607594936707, 0.7534810126582279, 0.4683291139240506], [0.6851265822784811, 0.43415189873417714, 0.7218354430379748, 0.47212658227848103], [0.8264583333333335, 0.3854375, 0.8535416666666668, 0.41668749999999993], [0.7983333333333335, 0.3791875, 0.8295833333333335, 0.4104375], [0.9004166666666668, 0.3646041666666667, 0.9191666666666667, 0.38335416666666666], [0.8816666666666667, 0.3625208333333333, 0.9045833333333335, 0.3823125]], "class": 6}