{"image": "39ac5da2-7598-11ee-963b-fcb3bc5cd112.jpg", "bboxes": [[0.31203797468354444, 0.48788607594936706, 0.3474810126582279, 0.5233291139240506], [0.27912658227848114, 0.4891518987341772, 0.31583544303797473, 0.527126582278481], [0.4204583333333335, 0.4404375, 0.4475416666666667, 0.4716874999999999], [0.3923333333333335, 0.4341875, 0.4235833333333335, 0.4654375], [0.4944166666666667, 0.41960416666666667, 0.5131666666666668, 0.4383541666666667], [0.47566666666666674, 0.41752083333333334, 0.4985833333333335, 0.4373125]], "class": 6}