{"image": "39ac5da2-7598-11ee-963b-fcb3bc5cd112.jpg", "bboxes": [[0.5240379746835445, 0.49167088607594944, 0.5594810126582279, 0.527113924050633], [0.4911265822784811, 0.48787341772151904, 0.5278354430379748, 0.5258481012658228], [0.6324583333333335, 0.5433125000000001, 0.6595416666666667, 0.5745625], [0.6043333333333335, 0.5495625, 0.6355833333333335, 0.5808125], [0.7064166666666667, 0.5766458333333333, 0.7251666666666667, 0.5953958333333333], [0.6876666666666668, 0.5776875, 0.7105833333333335, 0.5974791666666667]], "class": 6}