{"image": "39ac5da2-7598-11ee-963b-fcb3bc5cd112.jpg", "bboxes": [[0.6810379746835444, 0.4418860759493671, 0.7164810126582278, 0.4773291139240506], [0.6481265822784811, 0.44315189873417715, 0.6848354430379747, 0.481126582278481], [0.7894583333333335, 0.3944375, 0.8165416666666667, 0.42568749999999994], [0.7613333333333335, 0.3881875, 0.7925833333333335, 0.4194375], [0.8634166666666667, 0.3736041666666667, 0.8821666666666668, 0.39235416666666667], [0.8446666666666668, 0.3715208333333333, 0.8675833333333335, 0.3913125]], "class": 6}