{"image": "39ac5da2-7598-11ee-963b-fcb3bc5cd112.jpg", "bboxes": [[0.6660379746835444, 0.4628860759493671, 0.7014810126582279, 0.4983291139240506], [0.6331265822784812, 0.46415189873417717, 0.6698354430379747, 0.5021265822784811], [0.7744583333333335, 0.4154375, 0.8015416666666667, 0.44668749999999996], [0.7463333333333335, 0.4091875, 0.7775833333333335, 0.4404375], [0.8484166666666667, 0.3946041666666667, 0.8671666666666668, 0.4133541666666667], [0.8296666666666668, 0.3925208333333333, 0.8525833333333335, 0.4123125]], "class": 6}