{"image": "39ac5da2-7598-11ee-963b-fcb3bc5cd112.jpg", "bboxes": [[0.2970379746835445, 0.4536708860759494, 0.3324810126582279, 0.4891139240506329], [0.2641265822784811, 0.449873417721519, 0.30083544303797477, 0.4878481012658228], [0.4054583333333335, 0.5053125, 0.43254166666666677, 0.5365625], [0.37733333333333346, 0.5115624999999999, 0.40858333333333346, 0.5428124999999999], [0.47941666666666677, 0.5386458333333333, 0.49816666666666676, 0.5573958333333333], [0.4606666666666667, 0.5396875, 0.4835833333333335, 0.5594791666666667]], "class": 6}