{"image": "39ac5da2-7598-11ee-963b-fcb3bc5cd112.jpg", "bboxes": [[0.7205189873417721, 0.48388607594936706, 0.7559620253164555, 0.5193291139240506], [0.7521645569620252, 0.4851518987341772, 0.7888734177215189, 0.523126582278481], [0.6204583333333333, 0.4364375, 0.6475416666666665, 0.4676874999999999], [0.6444166666666665, 0.4301875, 0.6756666666666665, 0.4614375], [0.5548333333333333, 0.41560416666666666, 0.5735833333333333, 0.4343541666666667], [0.5694166666666665, 0.41352083333333334, 0.5923333333333333, 0.4333125]], "class": 6}