{"image": "39ac5da2-7598-11ee-963b-fcb3bc5cd112.jpg", "bboxes": [[0.6835189873417722, 0.49467088607594945, 0.7189620253164555, 0.530113924050633], [0.7151645569620253, 0.49087341772151905, 0.7518734177215189, 0.5288481012658228], [0.5834583333333332, 0.5463125, 0.6105416666666665, 0.5775625], [0.6074166666666665, 0.5525625000000001, 0.6386666666666665, 0.5838125000000001], [0.5178333333333333, 0.5796458333333333, 0.5365833333333332, 0.5983958333333332], [0.5324166666666665, 0.5806875, 0.5553333333333332, 0.6004791666666667]], "class": 6}