{"image": "3ac54fff-6b42-11ee-8800-fcb3bc5cd112.jpg", "bboxes": [[0.0, 0.4210731707317073, 0.02124390243902441, 0.47595121951219516], [0.018804878048780616, 0.427170731707317, 0.06636585365853676, 0.48082926829268297]], "class": 2}