{"image": "3ac54fff-6b42-11ee-8800-fcb3bc5cd112.jpg", "bboxes": [[0.3397560975609758, 0.5963414634146342, 0.4129268292682927, 0.6853658536585366], [0.4056097560975611, 0.6109756097560975, 0.5068292682926832, 0.7], [0.5763414634146342, 0.4170731707317073, 0.6202439024390244, 0.47195121951219515], [0.6178048780487806, 0.423170731707317, 0.6653658536585367, 0.47682926829268296], [0.36414634146341474, 0.43536585365853653, 0.4129268292682927, 0.46585365853658534]], "class": 5}