{"image": "3ac54fff-6b42-11ee-8800-fcb3bc5cd112.jpg", "bboxes": [[0.5107560975609758, 0.5653414634146342, 0.5839268292682928, 0.6543658536585366], [0.5766097560975612, 0.5799756097560976, 0.6778292682926831, 0.669], [0.7473414634146343, 0.3860731707317073, 0.7912439024390244, 0.4409512195121952], [0.7888048780487806, 0.39217073170731703, 0.8363658536585368, 0.445829268292683], [0.5351463414634148, 0.40436585365853656, 0.5839268292682928, 0.4348536585365853]], "class": 5}