{"image": "3ac54fff-6b42-11ee-8800-fcb3bc5cd112.jpg", "bboxes": [[0.0, 0.5993414634146341, 0.03792682926829272, 0.6883658536585366], [0.030609756097561114, 0.6139756097560976, 0.13182926829268304, 0.703], [0.20134146341463433, 0.4200731707317073, 0.24524390243902439, 0.47495121951219516], [0.2428048780487807, 0.426170731707317, 0.29036585365853673, 0.47982926829268296], [0.0, 0.43836585365853653, 0.03792682926829272, 0.46885365853658534]], "class": 5}