{"image": "3ac54fff-6b42-11ee-8800-fcb3bc5cd112.jpg", "bboxes": [[0.9061707317073169, 0.6219756097560976, 1.0, 0.711], [0.7927560975609756, 0.4280731707317073, 0.8366585365853657, 0.48295121951219516], [0.7476341463414633, 0.434170731707317, 0.7951951219512193, 0.48782926829268297]], "class": 3}