{"image": "3ac54fff-6b42-11ee-8800-fcb3bc5cd112.jpg", "bboxes": [[0.5510731707317073, 0.3316341463414634, 0.6242439024390242, 0.4206585365853658], [0.4571707317073169, 0.31699999999999995, 0.5583902439024389, 0.40602439024390247], [0.3437560975609756, 0.5450487804878048, 0.3876585365853657, 0.5999268292682927], [0.2986341463414633, 0.540170731707317, 0.3461951219512193, 0.5938292682926829], [0.5510731707317073, 0.5511463414634147, 0.5998536585365852, 0.5816341463414635]], "class": 5}