{"image": "3ac54fff-6b42-11ee-8800-fcb3bc5cd112.jpg", "bboxes": [[0.0, 0.30900000000000005, 0.02382926829268306, 0.39802439024390246], [0.09334146341463434, 0.5370487804878048, 0.1372439024390244, 0.5919268292682927], [0.13480487804878072, 0.532170731707317, 0.18236585365853675, 0.5858292682926829]], "class": 3}