{"image": "3ac54fff-6b42-11ee-8800-fcb3bc5cd112.jpg", "bboxes": [[0.6610731707317072, 0.5963414634146342, 0.7342439024390242, 0.6853658536585366], [0.5671707317073169, 0.6109756097560975, 0.668390243902439, 0.7], [0.4537560975609756, 0.4170731707317073, 0.4976585365853657, 0.47195121951219515], [0.4086341463414633, 0.423170731707317, 0.45619512195121936, 0.47682926829268296], [0.6610731707317072, 0.43536585365853653, 0.7098536585365852, 0.46585365853658534]], "class": 5}