{"image": "3ac54fff-6b42-11ee-8800-fcb3bc5cd112.jpg", "bboxes": [[0.0, 0.5983414634146341, 0.05492682926829273, 0.6873658536585366], [0.04760975609756113, 0.6129756097560976, 0.14882926829268306, 0.702], [0.21834146341463434, 0.4190731707317073, 0.2622439024390244, 0.47395121951219515], [0.2598048780487807, 0.425170731707317, 0.30736585365853675, 0.47882926829268296], [0.006146341463414751, 0.43736585365853653, 0.05492682926829273, 0.46785365853658534]], "class": 5}