{"image": "3ac54fff-6b42-11ee-8800-fcb3bc5cd112.jpg", "bboxes": [[0.11575609756097582, 0.3316341463414634, 0.18892682926829274, 0.4206585365853658], [0.18160975609756114, 0.31699999999999995, 0.28282926829268307, 0.40602439024390247], [0.35234146341463424, 0.5450487804878048, 0.3962439024390244, 0.5999268292682927], [0.3938048780487806, 0.540170731707317, 0.44136585365853676, 0.5938292682926829], [0.14014634146341476, 0.5511463414634147, 0.18892682926829274, 0.5816341463414635]], "class": 5}