{"image": "3ac54fff-6b42-11ee-8800-fcb3bc5cd112.jpg", "bboxes": [[0.058756097560975884, 0.28963414634146345, 0.1319268292682928, 0.37865853658536586], [0.12460975609756109, 0.275, 0.22582926829268313, 0.36402439024390243], [0.2953414634146343, 0.5030487804878048, 0.33924390243902436, 0.5579268292682926], [0.3368048780487807, 0.49817073170731707, 0.3843658536585367, 0.551829268292683], [0.08314634146341471, 0.5091463414634148, 0.1319268292682928, 0.5396341463414634]], "class": 5}