{"image": "3ac54fff-6b42-11ee-8800-fcb3bc5cd112.jpg", "bboxes": [[0.6030731707317073, 0.3426341463414634, 0.6762439024390242, 0.4316585365853658], [0.509170731707317, 0.32799999999999996, 0.6103902439024389, 0.41702439024390237], [0.39575609756097563, 0.5560487804878048, 0.4396585365853657, 0.6109268292682927], [0.3506341463414633, 0.551170731707317, 0.3981951219512193, 0.604829268292683], [0.6030731707317073, 0.5621463414634147, 0.6518536585365853, 0.5926341463414635]], "class": 5}