{"image": "3ac54fff-6b42-11ee-8800-fcb3bc5cd112.jpg", "bboxes": [[0.49707317073170726, 0.6203414634146341, 0.5702439024390241, 0.7093658536585365], [0.40317073170731693, 0.6349756097560976, 0.5043902439024389, 0.724], [0.2897560975609756, 0.4410731707317073, 0.3336585365853657, 0.4959512195121952], [0.2446341463414633, 0.447170731707317, 0.2921951219512193, 0.5008292682926829], [0.49707317073170726, 0.45936585365853655, 0.5458536585365853, 0.4898536585365853]], "class": 5}