{"image": "3b98fbc4-7598-11ee-8e28-fcb3bc5cd112.jpg", "bboxes": [[0.12577215189873414, 0.6005443037974684, 0.15868354430379739, 0.6423164556962025], [0.16121518987341754, 0.6018101265822785, 0.19539240506329103, 0.6410506329113924], [0.0, 0.5714303797468354, 0.008050632911392297, 0.6018101265822785], [0.07640506329113916, 0.5499113924050633, 0.11184810126582256, 0.5815569620253165], [0.11184810126582256, 0.546113924050633, 0.14349367088607579, 0.5790253164556961]], "class": 5}