{"image": "3b98fbc4-7598-11ee-8e28-fcb3bc5cd112.jpg", "bboxes": [[0.6333164556962027, 0.5765443037974683, 0.6662278481012659, 0.6183164556962025], [0.596607594936709, 0.5778101265822785, 0.6307848101265825, 0.6170506329113924], [0.8143291139240507, 0.5486962025316455, 0.8523037974683546, 0.582873417721519], [0.7839493670886077, 0.5474303797468355, 0.8143291139240507, 0.5778101265822785], [0.6801518987341774, 0.5259113924050632, 0.7155949367088608, 0.5575569620253165], [0.6485063291139243, 0.522113924050633, 0.6801518987341774, 0.5550253164556962]], "class": 6}