{"image": "3b98fbc4-7598-11ee-8e28-fcb3bc5cd112.jpg", "bboxes": [[0.0787721518987341, 0.5925443037974684, 0.11168354430379734, 0.6343164556962025], [0.11421518987341761, 0.5938101265822785, 0.148392405063291, 0.6330506329113924], [0.029405063291139233, 0.5419113924050633, 0.06484810126582263, 0.5735569620253165], [0.06484810126582263, 0.538113924050633, 0.09649367088607574, 0.5710253164556962]], "class": 4}