{"image": "3b98fbc4-7598-11ee-8e28-fcb3bc5cd112.jpg", "bboxes": [[0.11477215189873413, 0.34068354430379744, 0.14768354430379738, 0.3824556962025316], [0.15021518987341753, 0.34194936708860757, 0.18439240506329102, 0.3811898734177215], [0.06540506329113915, 0.4014430379746835, 0.10084810126582255, 0.4330886075949367], [0.10084810126582255, 0.4039746835443039, 0.13249367088607578, 0.436886075949367]], "class": 4}