{"image": "3b98fbc4-7598-11ee-8e28-fcb3bc5cd112.jpg", "bboxes": [[0.7353164556962026, 0.35968354430379745, 0.7682278481012659, 0.40145569620253163], [0.698607594936709, 0.3609493670886076, 0.7327848101265825, 0.4001898734177215], [0.9163291139240507, 0.39512658227848096, 0.9543037974683546, 0.42930379746835445], [0.8859493670886077, 0.4001898734177215, 0.9163291139240507, 0.4305696202531646], [0.7821518987341773, 0.4204430379746835, 0.8175949367088609, 0.45208860759493674], [0.7505063291139242, 0.4229746835443039, 0.7821518987341773, 0.45588607594936703]], "class": 6}