{"image": "3b98fbc4-7598-11ee-8e28-fcb3bc5cd112.jpg", "bboxes": [[0.037772151898734174, 0.6045443037974684, 0.07068354430379731, 0.6463164556962026], [0.07321518987341757, 0.6058101265822785, 0.10739240506329095, 0.6450506329113924], [0.0, 0.5539113924050633, 0.023848101265822597, 0.5855569620253165], [0.023848101265822597, 0.550113924050633, 0.05549367088607571, 0.5830253164556961]], "class": 4}