{"image": "3b98fbc4-7598-11ee-8e28-fcb3bc5cd112.jpg", "bboxes": [[0.7597721518987341, 0.35468354430379745, 0.7926835443037974, 0.3964556962025316], [0.7952151898734175, 0.3559493670886076, 0.829392405063291, 0.3951898734177215], [0.5736962025316454, 0.39012658227848096, 0.6116708860759492, 0.42430379746835445], [0.6116708860759492, 0.3951898734177215, 0.6420506329113923, 0.4255696202531646], [0.7104050632911392, 0.4154430379746835, 0.7458481012658227, 0.44708860759493674], [0.7458481012658227, 0.4179746835443039, 0.7774936708860758, 0.450886075949367]], "class": 6}