{"image": "3b98fbc4-7598-11ee-8e28-fcb3bc5cd112.jpg", "bboxes": [[0.19031645569620265, 0.5845443037974684, 0.22322784810126586, 0.6263164556962025], [0.153607594936709, 0.5858101265822785, 0.18778481012658244, 0.6250506329113924], [0.3713291139240507, 0.5566962025316455, 0.40930379746835455, 0.590873417721519], [0.3409493670886077, 0.5554303797468354, 0.3713291139240507, 0.5858101265822785], [0.23715189873417739, 0.5339113924050632, 0.2725949367088608, 0.5655569620253165], [0.20550632911392427, 0.530113924050633, 0.23715189873417739, 0.5630253164556962]], "class": 6}