{"image": "3b98fbc4-7598-11ee-8e28-fcb3bc5cd112.jpg", "bboxes": [[0.40477215189873417, 0.5445443037974684, 0.4376835443037974, 0.5863164556962025], [0.44021518987341757, 0.5458101265822785, 0.47439240506329095, 0.5850506329113925], [0.21869620253164546, 0.5166962025316455, 0.25667088607594923, 0.550873417721519], [0.25667088607594923, 0.5154303797468355, 0.2870506329113923, 0.5458101265822785], [0.3554050632911392, 0.4939113924050632, 0.3908481012658226, 0.5255569620253164], [0.3908481012658226, 0.4901139240506329, 0.4224936708860757, 0.5230253164556962]], "class": 6}