{"image": "3d8e8ce9-7598-11ee-8ce8-fcb3bc5cd112.jpg", "bboxes": [[0.777860759493671, 0.396126582278481, 0.8120379746835443, 0.42903797468354427], [0.7411518987341773, 0.3999240506329113, 0.7816582278481014, 0.43030379746835445], [0.6538101265822784, 0.396126582278481, 0.6829240506329114, 0.42017721518987344], [0.5765949367088609, 0.36701265822784807, 0.6069746835443038, 0.3923291139240506], [0.5449493670886076, 0.37081012658227847, 0.5829240506329114, 0.396126582278481], [0.4892531645569621, 0.37081012658227847, 0.5133037974683544, 0.3885316455696203]], "class": 6}