{"image": "3d8e8ce9-7598-11ee-8ce8-fcb3bc5cd112.jpg", "bboxes": [[0.16117721518987327, 0.43231645569620253, 0.23079746835443027, 0.4804177215189874], [0.5839620253164557, 0.417126582278481, 0.6181392405063291, 0.4500379746835443], [0.6143417721518987, 0.42092405063291133, 0.6548481012658227, 0.4513037974683545], [0.7130759493670886, 0.417126582278481, 0.7421898734177215, 0.44117721518987346], [0.7890253164556962, 0.3880126582278481, 0.8194050632911392, 0.4133291139240506], [0.8130759493670886, 0.3918101265822785, 0.8510506329113923, 0.417126582278481], [0.8826962025316456, 0.3918101265822785, 0.9067468354430379, 0.40953164556962024]], "class": 7}