{"image": "3d8e8ce9-7598-11ee-8ce8-fcb3bc5cd112.jpg", "bboxes": [[0.9143037974683546, 0.4067848101265823, 1.0, 0.4890632911392405], [0.4662025316455697, 0.4093164556962025, 0.5358227848101267, 0.45741772151898735], [0.07886075949367091, 0.394126582278481, 0.11303797468354435, 0.4270379746835443], [0.04215189873417728, 0.3979240506329113, 0.08265822784810131, 0.42830379746835445]], "class": 4}