{"image": "3d8e8ce9-7598-11ee-8ce8-fcb3bc5cd112.jpg", "bboxes": [[0.21717721518987332, 0.4203164556962025, 0.2867974683544303, 0.46841772151898736], [0.6399620253164556, 0.40512658227848103, 0.6741392405063291, 0.4380379746835443], [0.6703417721518987, 0.4089240506329113, 0.7108481012658228, 0.43930379746835446], [0.7690759493670886, 0.40512658227848103, 0.7981898734177215, 0.42917721518987345], [0.8450253164556961, 0.3760126582278481, 0.8754050632911392, 0.40132911392405063], [0.8690759493670885, 0.3798101265822785, 0.9070506329113923, 0.40512658227848103], [0.9386962025316455, 0.3798101265822785, 0.9627468354430379, 0.39753164556962023]], "class": 7}