{"image": "3d8e8ce9-7598-11ee-8ce8-fcb3bc5cd112.jpg", "bboxes": [[0.8742025316455697, 0.5165822784810126, 0.9438227848101267, 0.5646835443037974], [0.4868607594936709, 0.5469620253164558, 0.5210379746835444, 0.579873417721519], [0.45015189873417727, 0.5456962025316456, 0.4906582278481013, 0.5760759493670887], [0.36281012658227846, 0.5558227848101266, 0.3919240506329114, 0.579873417721519], [0.2855949367088608, 0.5836708860759494, 0.31597468354430386, 0.6089873417721519], [0.2539493670886077, 0.579873417721519, 0.29192405063291144, 0.6051898734177215], [0.19825316455696212, 0.5874683544303798, 0.22230379746835444, 0.6051898734177215]], "class": 7}