{"image": "3d8e8ce9-7598-11ee-8ce8-fcb3bc5cd112.jpg", "bboxes": [[0.7703037974683545, 0.5229367088607595, 0.8589113924050634, 0.6052151898734177], [0.3222025316455697, 0.5545822784810126, 0.39182278481012667, 0.6026835443037974]], "class": 2}