{"image": "3d8e8ce9-7598-11ee-8ce8-fcb3bc5cd112.jpg", "bboxes": [[0.9823037974683546, 0.5049367088607595, 1.0, 0.5872151898734177], [0.5342025316455697, 0.5365822784810126, 0.6038227848101266, 0.5846835443037974], [0.14686075949367092, 0.5669620253164558, 0.18103797468354435, 0.599873417721519], [0.11015189873417729, 0.5656962025316455, 0.15065822784810132, 0.5960759493670886], [0.022810126582278486, 0.5758227848101265, 0.05192405063291142, 0.599873417721519]], "class": 5}