{"image": "3d8e8ce9-7598-11ee-8ce8-fcb3bc5cd112.jpg", "bboxes": [[0.1931772151898733, 0.4233164556962025, 0.2627974683544303, 0.47141772151898736], [0.6159620253164557, 0.40812658227848103, 0.6501392405063291, 0.4410379746835443], [0.6463417721518987, 0.4119240506329113, 0.6868481012658227, 0.44230379746835446], [0.7450759493670887, 0.40812658227848103, 0.7741898734177215, 0.43217721518987345], [0.8210253164556962, 0.3790126582278481, 0.8514050632911392, 0.4043291139240506], [0.8450759493670885, 0.3828101265822785, 0.8830506329113923, 0.40812658227848103], [0.9146962025316455, 0.3828101265822785, 0.9387468354430378, 0.40053164556962023]], "class": 7}