{"image": "3d8e8ce9-7598-11ee-8ce8-fcb3bc5cd112.jpg", "bboxes": [[0.7128607594936709, 0.5549620253164558, 0.7470379746835444, 0.587873417721519], [0.6761518987341772, 0.5536962025316455, 0.7166582278481013, 0.5840759493670886], [0.5888101265822785, 0.5638227848101265, 0.6179240506329114, 0.587873417721519], [0.5115949367088608, 0.5916708860759494, 0.5419746835443039, 0.6169873417721519], [0.4799493670886077, 0.587873417721519, 0.5179240506329115, 0.6131898734177215], [0.42425316455696216, 0.5954683544303798, 0.44830379746835447, 0.6131898734177215]], "class": 6}