{"image": "3d8e8ce9-7598-11ee-8ce8-fcb3bc5cd112.jpg", "bboxes": [[0.8732025316455697, 0.38731645569620254, 0.9428227848101267, 0.4354177215189874], [0.4858607594936709, 0.372126582278481, 0.5200379746835444, 0.4050379746835443], [0.44915189873417727, 0.3759240506329113, 0.4896582278481013, 0.40630379746835443], [0.3618101265822785, 0.372126582278481, 0.3909240506329114, 0.3961772151898734], [0.2845949367088608, 0.3430126582278481, 0.31497468354430386, 0.3683291139240506], [0.2529493670886077, 0.3468101265822785, 0.29092405063291144, 0.372126582278481], [0.19725316455696212, 0.3468101265822785, 0.22130379746835444, 0.36453164556962026]], "class": 7}