{"image": "3d8e8ce9-7598-11ee-8ce8-fcb3bc5cd112.jpg", "bboxes": [[0.10917721518987333, 0.3993164556962025, 0.17879746835443033, 0.4474177215189874], [0.5319620253164556, 0.384126582278481, 0.566139240506329, 0.4170379746835443], [0.5623417721518986, 0.3879240506329113, 0.6028481012658227, 0.41830379746835444], [0.6610759493670886, 0.384126582278481, 0.6901898734177215, 0.40817721518987343], [0.7370253164556961, 0.35501265822784805, 0.7674050632911392, 0.3803291139240506], [0.7610759493670886, 0.3588101265822785, 0.7990506329113923, 0.384126582278481], [0.8306962025316456, 0.3588101265822785, 0.8547468354430379, 0.37653164556962027]], "class": 7}