{"image": "3d8e8ce9-7598-11ee-8ce8-fcb3bc5cd112.jpg", "bboxes": [[0.25317721518987335, 0.5015822784810127, 0.32279746835443024, 0.5496835443037975], [0.6759620253164557, 0.5319620253164556, 0.7101392405063292, 0.564873417721519], [0.7063417721518988, 0.5306962025316455, 0.7468481012658228, 0.5610759493670887], [0.8050759493670886, 0.5408227848101266, 0.8341898734177216, 0.564873417721519], [0.8810253164556962, 0.5686708860759494, 0.9114050632911392, 0.593987341772152], [0.9050759493670886, 0.564873417721519, 0.9430506329113924, 0.5901898734177216], [0.9746962025316456, 0.5724683544303797, 0.9987468354430379, 0.5901898734177216]], "class": 7}