{"image": "3d8e8ce9-7598-11ee-8ce8-fcb3bc5cd112.jpg", "bboxes": [[0.20296202531645569, 0.438126582278481, 0.23713924050632906, 0.4710379746835443], [0.23334177215189866, 0.4419240506329113, 0.2738481012658227, 0.47230379746835444], [0.3320759493670886, 0.438126582278481, 0.36118987341772146, 0.4621772151898734], [0.4080253164556962, 0.4090126582278481, 0.43840506329113915, 0.4343291139240506], [0.4320759493670886, 0.4128101265822785, 0.47005063291139226, 0.438126582278481], [0.5016962025316456, 0.4128101265822785, 0.5257468354430379, 0.43053164556962026]], "class": 6}