{"image": "3d8e8ce9-7598-11ee-8ce8-fcb3bc5cd112.jpg", "bboxes": [[0.1680886075949366, 0.5299367088607595, 0.2566962025316455, 0.6122151898734177], [0.6351772151898734, 0.5615822784810126, 0.7047974683544302, 0.6096835443037975]], "class": 2}