{"image": "3e8f9c4f-759d-11ee-9879-fcb3bc5cd112.jpg", "bboxes": [[0.9142784810126584, 0.25534177215189874, 0.9446582278481013, 0.2945822784810127], [0.8851645569620255, 0.2591392405063291, 0.9256708860759494, 0.2996455696202532]], "class": 2}