{"image": "3e8f9c4f-759d-11ee-9879-fcb3bc5cd112.jpg", "bboxes": [[0.006341772151898684, 0.27434177215189876, 0.03672151898734155, 0.31358227848101267], [0.025329113924050572, 0.2781392405063291, 0.0658354430379745, 0.3186455696202532]], "class": 2}