{"image": "3e8f9c4f-759d-11ee-9879-fcb3bc5cd112.jpg", "bboxes": [[0.9787341772151902, 0.649620253164557, 1.0, 0.7002531645569621], [0.8622784810126584, 0.6534177215189874, 0.8926582278481013, 0.6926582278481013], [0.8331645569620255, 0.6483544303797468, 0.8736708860759494, 0.6888607594936709]], "class": 3}