{"image": "3e8f9c4f-759d-11ee-9879-fcb3bc5cd112.jpg", "bboxes": [[0.5697974683544306, 0.29917721518987345, 0.6318227848101267, 0.365], [0.5280253164556964, 0.3131012658227848, 0.5963797468354433, 0.3814556962025316], [0.30144303797468364, 0.2510759493670886, 0.3444810126582279, 0.2979113924050632], [0.2647341772151901, 0.244746835443038, 0.31536708860759516, 0.29537974683544305], [0.1482784810126584, 0.25234177215189874, 0.17865822784810131, 0.2915822784810127], [0.11916455696202548, 0.2561392405063291, 0.1596708860759494, 0.2966455696202532]], "class": 6}