{"image": "3e8f9c4f-759d-11ee-9879-fcb3bc5cd112.jpg", "bboxes": [[0.9830253164556964, 0.3471012658227848, 1.0, 0.4154556962025316], [0.7564430379746836, 0.2850759493670886, 0.7994810126582279, 0.33191139240506323], [0.7197341772151902, 0.27874683544303797, 0.7703670886075952, 0.329379746835443], [0.6032784810126584, 0.2863417721518987, 0.6336582278481013, 0.3255822784810127], [0.5741645569620255, 0.2901392405063291, 0.6146708860759494, 0.3306455696202532]], "class": 5}