{"image": "3e8f9c4f-759d-11ee-9879-fcb3bc5cd112.jpg", "bboxes": [[0.0, 0.6970886075949367, 0.017556962025316314, 0.7439240506329114], [0.0036329113924048473, 0.699620253164557, 0.05426582278480985, 0.750253164556962], [0.1403417721518987, 0.7034177215189873, 0.17072151898734156, 0.7426582278481013], [0.15932911392405058, 0.6983544303797469, 0.19983544303797451, 0.7388607594936709]], "class": 4}