{"image": "3e8f9c4f-759d-11ee-9879-fcb3bc5cd112.jpg", "bboxes": [[0.15917721518987338, 0.30117721518987345, 0.22120253164556947, 0.367], [0.19462025316455678, 0.3151012658227848, 0.26297468354430364, 0.3834556962025316], [0.4465189873417721, 0.2530759493670886, 0.4895569620253164, 0.2999113924050632], [0.4756329113924048, 0.246746835443038, 0.5262658227848098, 0.29737974683544305], [0.6123417721518987, 0.25434177215189874, 0.6427215189873416, 0.2935822784810127], [0.6313291139240507, 0.2581392405063291, 0.6718354430379745, 0.2986455696202532]], "class": 6}