{"image": "3e8f9c4f-759d-11ee-9879-fcb3bc5cd112.jpg", "bboxes": [[0.5257974683544305, 0.606, 0.5878227848101267, 0.6718227848101266], [0.4840253164556964, 0.5895443037974684, 0.5523797468354432, 0.6578987341772152], [0.25744303797468365, 0.6730886075949367, 0.3004810126582279, 0.7199240506329114], [0.22073417721519012, 0.675620253164557, 0.2713670886075952, 0.7262531645569621], [0.10427848101265841, 0.6794177215189874, 0.13465822784810133, 0.7186582278481013], [0.07516455696202547, 0.6743544303797468, 0.1156708860759494, 0.7148607594936709]], "class": 6}