{"image": "3e8f9c4f-759d-11ee-9879-fcb3bc5cd112.jpg", "bboxes": [[0.016177215189873362, 0.6, 0.07820253164556945, 0.6658227848101266], [0.05162025316455676, 0.5835443037974684, 0.11997468354430363, 0.6518987341772152], [0.3035189873417721, 0.6670886075949367, 0.3465569620253164, 0.7139240506329114], [0.3326329113924048, 0.669620253164557, 0.3832658227848099, 0.7202531645569621], [0.46934177215189865, 0.6734177215189874, 0.49972151898734163, 0.7126582278481013], [0.48832911392405065, 0.6683544303797468, 0.5288354430379745, 0.7088607594936709]], "class": 6}