{"image": "3e8f9c4f-759d-11ee-9879-fcb3bc5cd112.jpg", "bboxes": [[0.9822784810126584, 0.6824177215189873, 1.0, 0.7216582278481012], [0.9531645569620255, 0.6773544303797467, 0.9936708860759494, 0.7178607594936709]], "class": 2}