{"image": "3e8f9c4f-759d-11ee-9879-fcb3bc5cd112.jpg", "bboxes": [[0.8962784810126584, 0.31234177215189873, 0.9266582278481014, 0.3515822784810127], [0.8671645569620254, 0.3161392405063291, 0.9076708860759494, 0.3566455696202532]], "class": 2}