{"image": "3e8f9c4f-759d-11ee-9879-fcb3bc5cd112.jpg", "bboxes": [[0.8914430379746836, 0.2880759493670886, 0.9344810126582279, 0.33491139240506324], [0.8547341772151902, 0.28174683544303797, 0.9053670886075952, 0.332379746835443], [0.7382784810126584, 0.2893417721518987, 0.7686582278481013, 0.3285822784810127], [0.7091645569620255, 0.2931392405063291, 0.7496708860759494, 0.33364556962025316]], "class": 4}