{"image": "3e8f9c4f-759d-11ee-9879-fcb3bc5cd112.jpg", "bboxes": [[0.9882784810126584, 0.6934177215189874, 1.0, 0.7326582278481013], [0.9591645569620255, 0.6883544303797469, 0.9996708860759494, 0.7288607594936709]], "class": 2}