{"image": "3e8f9c4f-759d-11ee-9879-fcb3bc5cd112.jpg", "bboxes": [[0.8417974683544305, 0.34217721518987343, 0.9038227848101267, 0.408], [0.8000253164556964, 0.3561012658227848, 0.8683797468354433, 0.4244556962025316], [0.5734430379746837, 0.2940759493670886, 0.6164810126582279, 0.34091139240506324], [0.5367341772151901, 0.287746835443038, 0.5873670886075952, 0.33837974683544303], [0.4202784810126584, 0.2953417721518987, 0.45065822784810133, 0.3345822784810127], [0.39116455696202546, 0.29913924050632906, 0.4316708860759494, 0.33964556962025316]], "class": 6}