{"image": "3e8f9c4f-759d-11ee-9879-fcb3bc5cd112.jpg", "bboxes": [[0.05851898734177208, 0.2830759493670886, 0.10155696202531639, 0.32991139240506323], [0.08763291139240481, 0.27674683544303796, 0.13826582278480992, 0.327379746835443], [0.22434177215189866, 0.28434177215189876, 0.25472151898734163, 0.3235822784810127], [0.24332911392405066, 0.2881392405063291, 0.2838354430379745, 0.3286455696202532]], "class": 4}