{"image": "3fc686c3-759a-11ee-acd2-fcb3bc5cd112.jpg", "bboxes": [[0.876, 0.771, 0.906, 0.8009999999999999], [0.904, 0.768, 0.928, 0.8009999999999999]], "class": 2}