{"image": "4061d50e-6b42-11ee-939b-fcb3bc5cd112.jpg", "bboxes": [[0.1443658536585366, 0.20760975609756097, 0.21509756097560978, 0.2649268292682927], [0.4785121951219512, 0.25882926829268293, 0.5480243902439024, 0.3222439024390244]], "class": 2}