{"image": "4061d50e-6b42-11ee-939b-fcb3bc5cd112.jpg", "bboxes": [[0.3823658536585366, 0.17060975609756096, 0.45309756097560977, 0.2279268292682927], [0.7165121951219512, 0.2218292682926829, 0.7860243902439025, 0.2852439024390244]], "class": 2}