{"image": "4061d50e-6b42-11ee-939b-fcb3bc5cd112.jpg", "bboxes": [[0.8509024390243902, 0.7860731707317072, 0.9216341463414635, 0.843390243902439], [0.5179756097560976, 0.7287560975609756, 0.5874878048780487, 0.7921707317073171]], "class": 2}