{"image": "4061d50e-6b42-11ee-939b-fcb3bc5cd112.jpg", "bboxes": [[0.3093658536585366, 0.18760975609756095, 0.38009756097560976, 0.2449268292682927], [0.6435121951219512, 0.23882926829268292, 0.7130243902439024, 0.3022439024390244]], "class": 2}