{"image": "4061d50e-6b42-11ee-939b-fcb3bc5cd112.jpg", "bboxes": [[0.2642439024390244, 0.2089024390243902, 0.33009756097560977, 0.2723170731707317], [0.324, 0.2113414634146341, 0.3922926829268293, 0.2771951219512195], [0.9093658536585366, 0.19060975609756095, 0.9800975609756097, 0.24792682926829268]], "class": 3}