{"image": "4061d50e-6b42-11ee-939b-fcb3bc5cd112.jpg", "bboxes": [[0.2372439024390244, 0.7496829268292683, 0.3030975609756098, 0.8130975609756098], [0.297, 0.7448048780487805, 0.36529268292682926, 0.8106585365853659], [0.8823658536585366, 0.7740731707317073, 0.9530975609756098, 0.831390243902439]], "class": 3}