{"image": "4061d50e-6b42-11ee-939b-fcb3bc5cd112.jpg", "bboxes": [[0.0, 0.7726829268292683, 0.0050975609756097814, 0.8360975609756098], [0.0, 0.7678048780487805, 0.06729268292682929, 0.8336585365853659], [0.5843658536585365, 0.7970731707317074, 0.6550975609756098, 0.854390243902439], [0.9185121951219513, 0.7397560975609756, 0.9880243902439024, 0.8031707317073171]], "class": 4}