{"image": "4061d50e-6b42-11ee-939b-fcb3bc5cd112.jpg", "bboxes": [[0.7319024390243902, 0.22090243902439022, 0.7977560975609757, 0.2843170731707317], [0.6697073170731707, 0.22334146341463412, 0.738, 0.2891951219512195], [0.0819024390243902, 0.20260975609756096, 0.15263414634146344, 0.2599268292682927]], "class": 3}