{"image": "4061d50e-6b42-11ee-939b-fcb3bc5cd112.jpg", "bboxes": [[0.9359024390243902, 0.7466829268292683, 1.0, 0.8100975609756098], [0.8737073170731707, 0.7418048780487805, 0.942, 0.8076585365853659], [0.28590243902439016, 0.7710731707317073, 0.3566341463414634, 0.8283902439024391], [0.0, 0.7137560975609756, 0.0224878048780488, 0.7771707317073171]], "class": 4}