{"image": "4061d50e-6b42-11ee-939b-fcb3bc5cd112.jpg", "bboxes": [[0.5769024390243902, 0.17560975609756097, 0.6476341463414634, 0.2329268292682927], [0.24397560975609756, 0.2268292682926829, 0.31348780487804884, 0.29024390243902437]], "class": 2}