{"image": "4061d50e-6b42-11ee-939b-fcb3bc5cd112.jpg", "bboxes": [[0.048365853658536594, 0.19660975609756096, 0.11909756097560978, 0.2539268292682927], [0.3825121951219512, 0.24782926829268292, 0.4520243902439024, 0.3112439024390244]], "class": 2}