{"image": "41135158-759a-11ee-ac0e-fcb3bc5cd112.jpg", "bboxes": [[0.9349367088607595, 0.43848101265822786, 1.0, 0.48405063291139244], [0.8843037974683543, 0.4372151898734177, 0.9374683544303797, 0.5106329113924051]], "class": 2}