{"image": "41135158-759a-11ee-ac0e-fcb3bc5cd112.jpg", "bboxes": [[0.25397468354430386, 0.5154810126582279, 0.3210632911392405, 0.5610506329113925], [0.3185316455696203, 0.5142151898734176, 0.37169620253164565, 0.587632911392405]], "class": 2}