{"image": "41135158-759a-11ee-ac0e-fcb3bc5cd112.jpg", "bboxes": [[0.6249367088607595, 0.5039493670886075, 0.6920253164556962, 0.5495189873417721], [0.5743037974683544, 0.4773670886075949, 0.6274683544303796, 0.5507848101265823]], "class": 2}