{"image": "41135158-759a-11ee-ac0e-fcb3bc5cd112.jpg", "bboxes": [[0.5249746835443039, 0.4824810126582279, 0.5920632911392405, 0.5280506329113924], [0.5895316455696203, 0.48121518987341766, 0.6426962025316457, 0.554632911392405]], "class": 2}