{"image": "41135158-759a-11ee-ac0e-fcb3bc5cd112.jpg", "bboxes": [[0.0, 0.4584810126582279, 0.058063291139240504, 0.5040506329113924], [0.05553164556962031, 0.4572151898734177, 0.10869620253164566, 0.5306329113924051]], "class": 2}