{"image": "41135158-759a-11ee-ac0e-fcb3bc5cd112.jpg", "bboxes": [[0.5849367088607595, 0.5084810126582279, 0.6520253164556962, 0.5540506329113924], [0.5343037974683543, 0.5072151898734176, 0.5874683544303797, 0.580632911392405]], "class": 2}