{"image": "41135158-759a-11ee-ac0e-fcb3bc5cd112.jpg", "bboxes": [[0.3059367088607595, 0.4769493670886076, 0.37302531645569614, 0.5225189873417722], [0.2553037974683543, 0.450367088607595, 0.3084683544303797, 0.5237848101265823]], "class": 2}