{"image": "41135158-759a-11ee-ac0e-fcb3bc5cd112.jpg", "bboxes": [[0.0, 0.5059493670886075, 0.044063291139240506, 0.5515189873417721], [0.04153164556962031, 0.4793670886075949, 0.09469620253164567, 0.5527848101265823]], "class": 2}