{"image": "41135158-759a-11ee-ac0e-fcb3bc5cd112.jpg", "bboxes": [[0.23397468354430384, 0.45194936708860756, 0.3010632911392405, 0.49751898734177213], [0.2985316455696203, 0.425367088607595, 0.3516962025316457, 0.4987848101265824]], "class": 2}