{"image": "42697c94-759d-11ee-9b90-fcb3bc5cd112.jpg", "bboxes": [[0.07643037974683531, 0.3341012658227849, 0.12959493670886058, 0.3897974683544304], [0.11946835443037962, 0.33283544303797474, 0.17010126582278462, 0.39232911392405057], [0.24984810126582258, 0.43030379746835445, 0.2852911392405063, 0.4682784810126581], [0.27896202531645553, 0.42270886075949365, 0.32579746835443024, 0.4708101265822785], [0.5371898734177214, 0.4366329113924051, 0.5827594936708858, 0.47713924050632905], [0.5701012658227846, 0.4277721518987342, 0.6144050632911393, 0.46954430379746837], [0.4523797468354428, 0.46194936708860757, 0.4941518987341772, 0.49992405063291145], [0.48149367088607575, 0.4543544303797469, 0.5219999999999998, 0.4986582278481013], [0.7865569620253164, 0.5277721518987342, 0.8042784810126582, 0.546759493670886], [0.7992151898734177, 0.5189113924050633, 0.8308607594936708, 0.5442278481012657]], "class": 10}