{"image": "42697c94-759d-11ee-9b90-fcb3bc5cd112.jpg", "bboxes": [[0.8834050632911394, 0.5712025316455696, 0.9365696202531647, 0.6268987341772152], [0.8428987341772154, 0.5686708860759494, 0.8935316455696204, 0.6281645569620252], [0.7277088607594937, 0.49272151898734184, 0.7631518987341774, 0.5306962025316455], [0.6872025316455697, 0.4901898734177215, 0.7340379746835445, 0.5382911392405064], [0.43024050632911415, 0.4838607594936709, 0.4758101265822786, 0.5243670886075948], [0.3985949367088607, 0.4914556962025316, 0.44289873417721537, 0.5332278481012659], [0.5188481012658228, 0.46107594936708857, 0.5606202531645572, 0.4990506329113924], [0.4910000000000002, 0.4623417721518987, 0.5315063291139243, 0.5066455696202531], [0.20872151898734181, 0.41424050632911397, 0.22644303797468354, 0.4332278481012658], [0.1821392405063292, 0.41677215189873423, 0.21378481012658232, 0.4420886075949367]], "class": 10}