{"image": "42697c94-759d-11ee-9b90-fcb3bc5cd112.jpg", "bboxes": [[0.0, 0.5267215189873419, 0.017291139240506292, 0.5646962025316455], [0.010962025316455515, 0.5241898734177215, 0.05779746835443034, 0.5722911392405063], [0.2691898734177214, 0.5178607594936709, 0.31475949367088585, 0.5583670886075949], [0.3021012658227846, 0.5254556962025316, 0.3464050632911393, 0.5672278481012658], [0.18437974683544278, 0.4950759493670886, 0.22615189873417718, 0.5330506329113924], [0.21349367088607574, 0.4963417721518987, 0.2539999999999998, 0.5406455696202531], [0.5185569620253165, 0.44824050632911394, 0.5362784810126582, 0.46722784810126583], [0.5312151898734176, 0.45077215189873426, 0.5628607594936708, 0.47608860759493665]], "class": 8}