{"image": "42697c94-759d-11ee-9b90-fcb3bc5cd112.jpg", "bboxes": [[0.8102405063291142, 0.4808607594936709, 0.8558101265822786, 0.5213670886075948], [0.7785949367088607, 0.4884556962025316, 0.8228987341772154, 0.5302278481012659], [0.8988481012658228, 0.45807594936708856, 0.9406202531645572, 0.49605063291139245], [0.8710000000000002, 0.4593417721518987, 0.9115063291139243, 0.5036455696202531], [0.5887215189873418, 0.41124050632911396, 0.6064430379746836, 0.4302278481012658], [0.5621392405063292, 0.41377215189873423, 0.5937848101265824, 0.4390886075949367]], "class": 6}