{"image": "42697c94-759d-11ee-9b90-fcb3bc5cd112.jpg", "bboxes": [[0.005848101265822581, 0.5297215189873419, 0.0412911392405062, 0.5676962025316455], [0.034962025316455536, 0.5271898734177215, 0.08179746835443025, 0.5752911392405063], [0.2931898734177214, 0.5208607594936709, 0.33875949367088587, 0.5613670886075949], [0.32610126582278465, 0.5284556962025316, 0.3704050632911393, 0.5702278481012658], [0.2083797468354428, 0.4980759493670886, 0.2501518987341772, 0.5360506329113924], [0.23749367088607576, 0.4993417721518987, 0.2779999999999998, 0.5436455696202531], [0.5425569620253164, 0.45124050632911394, 0.5602784810126582, 0.47022784810126583], [0.5552151898734177, 0.45377215189873427, 0.5868607594936708, 0.47908860759493666]], "class": 8}