{"image": "42697c94-759d-11ee-9b90-fcb3bc5cd112.jpg", "bboxes": [[0.6344050632911394, 0.5582025316455695, 0.6875696202531647, 0.6138987341772152], [0.5938987341772154, 0.5556708860759494, 0.6445316455696204, 0.6151645569620252], [0.47870886075949376, 0.47972151898734183, 0.5141518987341774, 0.5176962025316455], [0.4382025316455697, 0.4771898734177215, 0.4850379746835445, 0.5252911392405064], [0.18124050632911418, 0.4708607594936709, 0.2268101265822786, 0.5113670886075948], [0.1495949367088607, 0.4784556962025316, 0.19389873417721537, 0.5202278481012659], [0.2698481012658228, 0.4480759493670886, 0.3116202531645572, 0.48605063291139244], [0.24200000000000021, 0.4493417721518987, 0.28250632911392426, 0.49364556962025313]], "class": 8}