{"image": "42697c94-759d-11ee-9b90-fcb3bc5cd112.jpg", "bboxes": [[0.06184810126582263, 0.41130379746835444, 0.09729113924050625, 0.4492784810126582], [0.09096202531645559, 0.40370886075949364, 0.1377974683544303, 0.4518101265822785], [0.34918987341772145, 0.4176329113924052, 0.3947594936708858, 0.45813924050632904], [0.3821012658227846, 0.40877215189873417, 0.42640506329113925, 0.45054430379746835], [0.26437974683544285, 0.44294936708860755, 0.30615189873417714, 0.48092405063291144], [0.2934936708860757, 0.43535443037974686, 0.33399999999999974, 0.4796582278481013], [0.5985569620253164, 0.5087721518987343, 0.6162784810126583, 0.527759493670886], [0.6112151898734177, 0.4999113924050633, 0.6428607594936708, 0.5252278481012658]], "class": 8}