{"image": "42697c94-759d-11ee-9b90-fcb3bc5cd112.jpg", "bboxes": [[0.7044050632911394, 0.5802025316455696, 0.7575696202531647, 0.6358987341772151], [0.6638987341772153, 0.5776708860759494, 0.7145316455696205, 0.6371645569620252], [0.5487088607594938, 0.5017215189873419, 0.5841518987341774, 0.5396962025316455], [0.5082025316455697, 0.49918987341772153, 0.5550379746835444, 0.5472911392405063], [0.25124050632911415, 0.4928607594936709, 0.2968101265822786, 0.5333670886075949], [0.2195949367088607, 0.5004556962025316, 0.2638987341772154, 0.5422278481012659], [0.3398481012658228, 0.4700759493670886, 0.3816202531645572, 0.5080506329113924], [0.3120000000000002, 0.4713417721518987, 0.35250632911392427, 0.5156455696202531], [0.029721518987341825, 0.4232405063291139, 0.047443037974683536, 0.4422278481012658], [0.003139240506329202, 0.42577215189873424, 0.03478481012658233, 0.4510886075949367]], "class": 10}