{"image": "426f206d-759a-11ee-be28-fcb3bc5cd112.jpg", "bboxes": [[0.2819873417721517, 0.4802784810126582, 0.38198734177215166, 0.5916708860759494], [0.37818987341772137, 0.48534177215189866, 0.4731265822784808, 0.589139240506329]], "class": 2}