{"image": "426f206d-759a-11ee-be28-fcb3bc5cd112.jpg", "bboxes": [[0.4930126582278483, 0.37732911392405055, 0.5930126582278483, 0.48872151898734184], [0.40187341772151924, 0.37986075949367093, 0.4968101265822786, 0.4836582278481013]], "class": 2}