{"image": "426f206d-759a-11ee-be28-fcb3bc5cd112.jpg", "bboxes": [[0.41321518987341777, 0.3838101265822785, 0.47270886075949375, 0.449632911392405], [0.3435949367088608, 0.388873417721519, 0.4233417721518988, 0.46608860759493664]], "class": 2}