{"image": "426f206d-759a-11ee-be28-fcb3bc5cd112.jpg", "bboxes": [[0.3652151898734178, 0.513367088607595, 0.42470886075949377, 0.5791898734177214], [0.29559493670886083, 0.4969113924050633, 0.3753417721518988, 0.574126582278481]], "class": 2}