{"image": "426f206d-759a-11ee-be28-fcb3bc5cd112.jpg", "bboxes": [[0.4422151898734178, 0.565367088607595, 0.5017088607594937, 0.6311898734177215], [0.3725949367088608, 0.5489113924050633, 0.4523417721518988, 0.626126582278481]], "class": 2}