{"image": "426f206d-759a-11ee-be28-fcb3bc5cd112.jpg", "bboxes": [[0.9288734177215192, 0.40686075949367095, 1.0, 0.5106582278481013], [0.21621518987341778, 0.547367088607595, 0.27570886075949375, 0.6131898734177215], [0.1465949367088608, 0.5309113924050634, 0.2263417721518988, 0.6081265822784809]], "class": 3}