{"image": "426f206d-759a-11ee-be28-fcb3bc5cd112.jpg", "bboxes": [[0.47521518987341776, 0.5623670886075949, 0.5347088607594938, 0.6281898734177216], [0.4055949367088608, 0.5459113924050634, 0.4853417721518988, 0.6231265822784811]], "class": 2}