{"image": "43bf005a-759a-11ee-8937-fcb3bc5cd112.jpg", "bboxes": [[0.0, 0.15240506329113934, 0.018924050632911416, 0.29291139240506336], [0.06449367088607619, 0.3321518987341773, 0.15689873417721537, 0.4308860759493671], [0.0, 0.3448101265822785, 0.07082278481012667, 0.4258227848101266]], "class": 3}