{"image": "43bf005a-759a-11ee-8937-fcb3bc5cd112.jpg", "bboxes": [[0.5597341772151899, 0.19820253164556956, 0.6749240506329114, 0.31465822784810127], [0.6673291139240507, 0.19440506329113927, 0.7749240506329114, 0.3349113924050633], [0.8204936708860762, 0.3741518987341773, 0.9128987341772153, 0.47288607594936705], [0.740746835443038, 0.38681012658227854, 0.8268227848101267, 0.4678227848101265]], "class": 4}