{"image": "43bf005a-759a-11ee-8937-fcb3bc5cd112.jpg", "bboxes": [[0.4707341772151899, 0.19620253164556956, 0.5859240506329114, 0.31265822784810127], [0.5783291139240507, 0.19240506329113927, 0.6859240506329114, 0.3329113924050633], [0.7314936708860762, 0.3721518987341773, 0.8238987341772154, 0.47088607594936704], [0.651746835443038, 0.38481012658227853, 0.7378227848101266, 0.4658227848101265]], "class": 4}