{"image": "43bf005a-759a-11ee-8937-fcb3bc5cd112.jpg", "bboxes": [[0.5407341772151899, 0.6573417721518987, 0.6559240506329114, 0.7737974683544304], [0.6483291139240507, 0.6370886075949367, 0.7559240506329115, 0.7775949367088607], [0.8014936708860761, 0.49911392405063293, 0.8938987341772153, 0.5978481012658228], [0.721746835443038, 0.5041772151898735, 0.8078227848101267, 0.5851898734177216]], "class": 4}