{"image": "43bf005a-759a-11ee-8937-fcb3bc5cd112.jpg", "bboxes": [[0.0, 0.6840886075949366, 0.04492405063291142, 0.8245949367088607], [0.09049367088607618, 0.546113924050633, 0.18289873417721536, 0.6448481012658227], [0.010746835443037981, 0.5511772151898734, 0.09682278481012668, 0.6321898734177215]], "class": 3}