{"image": "43bf005a-759a-11ee-8937-fcb3bc5cd112.jpg", "bboxes": [[0.3597341772151899, 0.15620253164556963, 0.47492405063291143, 0.27265822784810134], [0.46732911392405074, 0.15240506329113934, 0.5749240506329114, 0.29291139240506336], [0.6204936708860762, 0.3321518987341773, 0.7128987341772154, 0.4308860759493671], [0.540746835443038, 0.3448101265822785, 0.6268227848101267, 0.4258227848101266]], "class": 4}