{"image": "43bf005a-759a-11ee-8937-fcb3bc5cd112.jpg", "bboxes": [[0.2860759493670886, 0.6553417721518987, 0.40126582278481004, 0.7717974683544304], [0.1860759493670886, 0.6350886075949367, 0.29367088607594927, 0.7755949367088607], [0.04810126582278462, 0.4971139240506329, 0.1405063291139238, 0.5958481012658228], [0.13417721518987336, 0.5021772151898735, 0.22025316455696198, 0.5831898734177215]], "class": 4}