{"image": "43bf005a-759a-11ee-8937-fcb3bc5cd112.jpg", "bboxes": [[0.5477341772151899, 0.16420253164556964, 0.6629240506329114, 0.28065822784810135], [0.6553291139240507, 0.16040506329113935, 0.7629240506329115, 0.30091139240506337], [0.8084936708860762, 0.3401518987341773, 0.9008987341772153, 0.438886075949367], [0.728746835443038, 0.3528101265822785, 0.8148227848101267, 0.4338227848101266]], "class": 4}