{"image": "43bf005a-759a-11ee-8937-fcb3bc5cd112.jpg", "bboxes": [[0.0987341772151899, 0.19620253164556956, 0.21392405063291142, 0.31265822784810127], [0.2063291139240507, 0.19240506329113927, 0.3139240506329114, 0.3329113924050633], [0.3594936708860762, 0.3721518987341773, 0.4518987341772154, 0.47088607594936704], [0.27974683544303797, 0.38481012658227853, 0.3658227848101267, 0.4658227848101265]], "class": 4}