{"image": "43bf005a-759a-11ee-8937-fcb3bc5cd112.jpg", "bboxes": [[0.0, 0.6733417721518987, 0.09792405063291142, 0.7897974683544304], [0.09032911392405071, 0.6530886075949367, 0.1979240506329114, 0.7935949367088607], [0.24349367088607618, 0.5151139240506329, 0.3358987341772154, 0.6138481012658227], [0.16374683544303797, 0.5201772151898735, 0.24982278481012668, 0.6011898734177216]], "class": 4}