{"image": "43bf005a-759a-11ee-8937-fcb3bc5cd112.jpg", "bboxes": [[0.8770759493670885, 0.6963417721518986, 0.9922658227848101, 0.8127974683544305], [0.7770759493670886, 0.6760886075949366, 0.8846708860759492, 0.8165949367088607], [0.6391012658227846, 0.538113924050633, 0.7315063291139239, 0.6368481012658227], [0.7251772151898733, 0.5431772151898734, 0.8112531645569621, 0.6241898734177215]], "class": 4}