{"image": "43bf005a-759a-11ee-8937-fcb3bc5cd112.jpg", "bboxes": [[0.48207594936708853, 0.21120253164556957, 0.5972658227848101, 0.3276582278481013], [0.38207594936708855, 0.20740506329113928, 0.48967088607594933, 0.3479113924050633], [0.24410126582278457, 0.3871518987341773, 0.33650632911392386, 0.48588607594936706], [0.3301772151898733, 0.39981012658227844, 0.41625316455696204, 0.4808227848101265]], "class": 4}