{"image": "45142f74-759a-11ee-af00-fcb3bc5cd112.jpg", "bboxes": [[0.5803670886075952, 0.5596835443037975, 0.6525189873417724, 0.6090506329113925]], "class": 1}