{"image": "45142f74-759a-11ee-af00-fcb3bc5cd112.jpg", "bboxes": [[0.7653670886075952, 0.5426835443037974, 0.8375189873417723, 0.5920506329113924]], "class": 1}