{"image": "45142f74-759a-11ee-af00-fcb3bc5cd112.jpg", "bboxes": [[0.4484810126582277, 0.5446835443037974, 0.5206329113924049, 0.5940506329113924]], "class": 1}