{"image": "45142f74-759a-11ee-af00-fcb3bc5cd112.jpg", "bboxes": [[0.6173670886075951, 0.4109493670886076, 0.6895189873417723, 0.4603164556962025]], "class": 1}