{"image": "46e60a4b-6b43-11ee-9791-fcb3bc5cd112.jpg", "bboxes": [[0.24378048780487827, 0.5074634146341462, 0.4413414634146343, 0.6879512195121952], [0.38890243902439037, 0.487951219512195, 0.5864634146341463, 0.6684390243902438]], "class": 2}