{"image": "46e60a4b-6b43-11ee-9791-fcb3bc5cd112.jpg", "bboxes": [[0.9635365853658536, 0.508951219512195, 1.0, 0.689439024390244], [0.0, 0.688219512195122, 0.07451219512195127, 0.8089512195121951]], "class": 2}