{"image": "46e60a4b-6b43-11ee-9791-fcb3bc5cd112.jpg", "bboxes": [[0.9915365853658537, 0.43795121951219507, 1.0, 0.6184390243902439], [0.0, 0.617219512195122, 0.10251219512195127, 0.7379512195121951]], "class": 2}