{"image": "46e60a4b-6b43-11ee-9791-fcb3bc5cd112.jpg", "bboxes": [[0.7524878048780488, 0.667219512195122, 0.9159024390243902, 0.7879512195121952], [0.9110243902439025, 0.6379512195121952, 1.0, 0.7842926829268293]], "class": 2}