{"image": "46e60a4b-6b43-11ee-9791-fcb3bc5cd112.jpg", "bboxes": [[0.9986585365853657, 0.5054634146341462, 1.0, 0.6859512195121952], [0.8535365853658536, 0.485951219512195, 1.0, 0.6664390243902438]], "class": 2}