{"image": "46e60a4b-6b43-11ee-9791-fcb3bc5cd112.jpg", "bboxes": [[0.7946585365853657, 0.5304634146341463, 0.9922195121951217, 0.7109512195121952], [0.6495365853658537, 0.510951219512195, 0.8470975609756096, 0.691439024390244]], "class": 2}