{"image": "46e60a4b-6b43-11ee-9791-fcb3bc5cd112.jpg", "bboxes": [[0.8196585365853657, 0.5224634146341463, 1.0, 0.7029512195121952], [0.6745365853658536, 0.502951219512195, 0.8720975609756096, 0.683439024390244]], "class": 2}