{"image": "46e60a4b-6b43-11ee-9791-fcb3bc5cd112.jpg", "bboxes": [[0.0, 0.5074634146341462, 0.10934146341463424, 0.6879512195121952], [0.056902439024390294, 0.487951219512195, 0.25446341463414635, 0.6684390243902438]], "class": 2}