{"image": "46e60a4b-6b43-11ee-9791-fcb3bc5cd112.jpg", "bboxes": [[0.0, 0.4749512195121951, 0.13546341463414635, 0.6554390243902439]], "class": 1}