{"image": "46e60a4b-6b43-11ee-9791-fcb3bc5cd112.jpg", "bboxes": [[0.0, 0.3685609756097561, 0.025463414634146364, 0.5490487804878049], [0.9144878048780487, 0.24904878048780488, 1.0, 0.36978048780487804]], "class": 2}