{"image": "46e60a4b-6b43-11ee-9791-fcb3bc5cd112.jpg", "bboxes": [[0.6616585365853657, 0.5244634146341463, 0.8592195121951217, 0.7049512195121952], [0.5165365853658537, 0.504951219512195, 0.7140975609756096, 0.685439024390244]], "class": 2}