{"image": "46e60a4b-6b43-11ee-9791-fcb3bc5cd112.jpg", "bboxes": [[0.7154878048780487, 0.2170487804878049, 0.8789024390243902, 0.337780487804878], [0.8740243902439024, 0.2207073170731707, 1.0, 0.3670487804878048]], "class": 2}