{"image": "46e60a4b-6b43-11ee-9791-fcb3bc5cd112.jpg", "bboxes": [[0.003097560975609781, 0.685219512195122, 0.16651219512195126, 0.8059512195121952], [0.0, 0.6559512195121951, 0.007975609756097554, 0.8022926829268293]], "class": 2}