{"image": "46e60a4b-6b43-11ee-9791-fcb3bc5cd112.jpg", "bboxes": [[0.08478048780487824, 0.4684634146341463, 0.2823414634146343, 0.6489512195121951], [0.22990243902439034, 0.4489512195121951, 0.4274634146341464, 0.6294390243902439]], "class": 2}