{"image": "46e60a4b-6b43-11ee-9791-fcb3bc5cd112.jpg", "bboxes": [[0.8116585365853657, 0.3110487804878048, 1.0, 0.49153658536585376], [0.6665365853658536, 0.3305609756097561, 0.8640975609756096, 0.511048780487805]], "class": 2}