{"image": "474b1ad2-6b45-11ee-a503-fcb3bc5cd112.jpg", "bboxes": [[0.8409268292682925, 0.8622439024390244, 0.906780487804878, 0.9159024390243903]], "class": 1}