{"image": "474b1ad2-6b45-11ee-a503-fcb3bc5cd112.jpg", "bboxes": [[0.0, 0.9172439024390244, 7.317073170742816e-05, 0.9709024390243902]], "class": 1}