{"image": "474b1ad2-6b45-11ee-a503-fcb3bc5cd112.jpg", "bboxes": [[0.0, 0.045097560975609755, 0.03307317073170746, 0.0987560975609756]], "class": 1}