{"image": "474b1ad2-6b45-11ee-a503-fcb3bc5cd112.jpg", "bboxes": [[0.47921951219512193, 0.028097560975609753, 0.5450731707317075, 0.0817560975609756]], "class": 1}