{"image": "47fb5469-759d-11ee-b5be-fcb3bc5cd112.jpg", "bboxes": [[0.9849620253164557, 0.3633037974683544, 1.0, 0.43545569620253166], [0.9140759493670887, 0.3658354430379748, 0.9786329113924053, 0.429126582278481], [0.8014177215189875, 0.47343037974683544, 0.8469873417721522, 0.5278607594936708], [0.6773670886075951, 0.36077215189873424, 0.7381265822784812, 0.429126582278481], [0.6267341772151899, 0.3557088607594937, 0.6849620253164558, 0.43039240506329113], [0.536860759493671, 0.478493670886076, 0.5824303797468354, 0.5215316455696203], [0.4988860759493672, 0.478493670886076, 0.5431898734177215, 0.5215316455696203], [0.3419240506329114, 0.4797594936708861, 0.38622784810126587, 0.5329240506329114], [0.30648101265822786, 0.4822911392405064, 0.3495189873417722, 0.5341898734177215], [0.19129113924050636, 0.46203797468354435, 0.2343291139240507, 0.5164683544303799], [0.15078481012658232, 0.4645696202531645, 0.19635443037974687, 0.5227974683544304], [0.06217721518987355, 0.48862025316455693, 0.10521518987341778, 0.5316582278481012], [0.8697721518987344, 0.49748101265822786, 0.9128101265822786, 0.5468481012658228]], "class": 13}