{"image": "47fb5469-759d-11ee-b5be-fcb3bc5cd112.jpg", "bboxes": [[0.8893544303797468, 0.9137721518987342, 1.0, 1.0], [0.7298607594936709, 0.921367088607595, 0.8864027455874489, 1.0], [0.9121392405063293, 0.6428860759493671, 0.9918860759493673, 0.7251645569620252], [0.8247974683544306, 0.6428860759493671, 0.9058101265822786, 0.731493670886076], [0.5804936708860762, 0.5099746835443038, 0.6399873417721519, 0.582126582278481], [0.47796202531645576, 0.5555443037974684, 0.5463164556962027, 0.6276962025316456], [0.4070759493670887, 0.561873417721519, 0.47163291139240526, 0.6251645569620252], [0.2944177215189875, 0.4631392405063291, 0.3399873417721522, 0.5175696202531646], [0.17036708860759506, 0.561873417721519, 0.23112658227848112, 0.6302278481012658], [0.1197341772151899, 0.5606075949367089, 0.17796202531645577, 0.6352911392405063], [0.7931518987341774, 0.4808607594936709, 0.8285949367088609, 0.5226329113924051], [0.9399873417721519, 0.4340253164556962, 0.9842911392405065, 0.47579746835443043], [0.02986075949367091, 0.4694683544303797, 0.07543037974683546, 0.512506329113924], [0.0, 0.4694683544303797, 0.036189873417721515, 0.512506329113924], [0.36277215189873435, 0.44415189873417715, 0.4058101265822786, 0.49351898734177213], [0.7437848101265825, 0.4770632911392405, 0.7982151898734178, 0.5289620253164556]], "class": 16}