{"image": "47fb5469-759d-11ee-b5be-fcb3bc5cd112.jpg", "bboxes": [[0.9299620253164558, 0.3363037974683545, 0.9983164556962026, 0.40845569620253164], [0.8590759493670886, 0.33883544303797475, 0.9236329113924053, 0.40212658227848097], [0.7464177215189874, 0.4464303797468354, 0.7919873417721521, 0.5008607594936709], [0.622367088607595, 0.3337721518987342, 0.6831265822784811, 0.40212658227848097], [0.5717341772151899, 0.3287088607594938, 0.6299620253164557, 0.4033924050632911], [0.4818607594936709, 0.45149367088607595, 0.5274303797468355, 0.49453164556962026], [0.4438860759493672, 0.45149367088607595, 0.4881898734177215, 0.49453164556962026], [0.28692405063291143, 0.4527594936708861, 0.3312278481012659, 0.5059240506329115], [0.25148101265822786, 0.45529113924050635, 0.29451898734177223, 0.5071898734177216], [0.13629113924050637, 0.4350379746835443, 0.1793291139240507, 0.48946835443037984], [0.09578481012658233, 0.4375696202531646, 0.14135443037974688, 0.4957974683544304], [0.00717721518987355, 0.461620253164557, 0.05021518987341778, 0.5046582278481013], [0.8147721518987343, 0.47048101265822784, 0.8578101265822786, 0.5198481012658228]], "class": 13}