{"image": "47fb5469-759d-11ee-b5be-fcb3bc5cd112.jpg", "bboxes": [[0.9709620253164558, 0.30830379746835446, 1.0, 0.3804556962025316], [0.9000759493670887, 0.3108354430379747, 0.9646329113924053, 0.37412658227848106], [0.7874177215189875, 0.4184303797468355, 0.8329873417721522, 0.4728607594936709], [0.6633670886075951, 0.3057721518987343, 0.7241265822784811, 0.37412658227848106], [0.6127341772151899, 0.30070886075949377, 0.6709620253164558, 0.3753924050632911], [0.522860759493671, 0.4234936708860759, 0.5684303797468354, 0.46653164556962035], [0.48488607594936717, 0.4234936708860759, 0.5291898734177215, 0.46653164556962035], [0.3279240506329114, 0.42475949367088606, 0.37222784810126586, 0.47792405063291143], [0.2924810126582279, 0.4272911392405063, 0.3355189873417722, 0.47918987341772157], [0.17729113924050638, 0.4070379746835443, 0.22032911392405072, 0.4614683544303798], [0.13678481012658233, 0.40956962025316457, 0.18235443037974688, 0.46779746835443037], [0.04817721518987355, 0.433620253164557, 0.09121518987341778, 0.4766582278481013], [0.8557721518987343, 0.4424810126582279, 0.8988101265822785, 0.4918481012658228]], "class": 13}