{"image": "47fb5469-759d-11ee-b5be-fcb3bc5cd112.jpg", "bboxes": [[0.9910759493670886, 0.578873417721519, 1.0, 0.6421645569620252], [0.8784177215189874, 0.4801392405063291, 0.9239873417721521, 0.5345696202531646], [0.754367088607595, 0.578873417721519, 0.8151265822784811, 0.6472278481012658], [0.7037341772151899, 0.5776075949367089, 0.7619620253164557, 0.6522911392405063], [0.6138607594936709, 0.48646835443037967, 0.6594303797468355, 0.529506329113924], [0.5758860759493671, 0.48646835443037967, 0.6201898734177215, 0.529506329113924], [0.41892405063291144, 0.4750759493670886, 0.4632278481012659, 0.5282405063291139], [0.38348101265822787, 0.4738101265822785, 0.42651898734177224, 0.5257088607594936], [0.26829113924050635, 0.4915316455696202, 0.3113291139240507, 0.5459620253164557], [0.22778481012658233, 0.4852025316455696, 0.2733544303797469, 0.5434303797468355], [0.13917721518987355, 0.47634177215189866, 0.18221518987341778, 0.5193797468354431], [0.9467721518987343, 0.46115189873417717, 0.9898101265822786, 0.5105189873417721]], "class": 12}