{"image": "47fb5469-759d-11ee-b5be-fcb3bc5cd112.jpg", "bboxes": [[0.9203670886075951, 0.3427721518987342, 0.9811265822784812, 0.411126582278481], [0.8697341772151899, 0.3377088607594938, 0.9279620253164558, 0.4123924050632911], [0.779860759493671, 0.46049367088607596, 0.8254303797468354, 0.5035316455696204], [0.7418860759493672, 0.46049367088607596, 0.7861898734177215, 0.5035316455696204], [0.5849240506329114, 0.4617594936708861, 0.6292278481012659, 0.5149240506329114], [0.5494810126582279, 0.46429113924050636, 0.5925189873417722, 0.5161898734177215], [0.4342911392405064, 0.44403797468354433, 0.4773291139240507, 0.49846835443037985], [0.39378481012658234, 0.4465696202531645, 0.43935443037974686, 0.5047974683544304], [0.30517721518987356, 0.470620253164557, 0.34821518987341776, 0.5136582278481013]], "class": 9}