{"image": "4a7a1da3-759d-11ee-a1ef-fcb3bc5cd112.jpg", "bboxes": [[0.7694810126582279, 0.47863291139240505, 0.8150506329113926, 0.5153417721518987], [0.7555569620253165, 0.5317974683544304, 0.7998607594936709, 0.5798987341772152], [0.7188481012658229, 0.5317974683544304, 0.7568227848101267, 0.5748354430379746], [0.49986075949367115, 0.5039493670886076, 0.5403670886075952, 0.5469873417721519], [0.4606202531645572, 0.5039493670886076, 0.49986075949367115, 0.5507848101265822], [0.2834050632911393, 0.5115443037974684, 0.32644303797468366, 0.5609113924050633], [0.23910126582278474, 0.5128101265822785, 0.2834050632911393, 0.5609113924050633], [0.6112531645569622, 0.43559493670886074, 0.6378354430379748, 0.47356962025316457], [0.5859367088607597, 0.438126582278481, 0.6137848101265825, 0.4710379746835443], [0.5542911392405064, 0.4090126582278481, 0.5783417721518987, 0.4393924050632911], [0.5354444444444444, 0.41355555555555557, 0.5598888888888889, 0.44022222222222224], [0.4798888888888889, 0.41133333333333333, 0.501, 0.4335555555555555], [0.4743333333333333, 0.408, 0.5021111111111111, 0.43911111111111106], [0.4532222222222222, 0.40688888888888886, 0.47766666666666674, 0.438], [0.6465555555555554, 0.3991111111111111, 0.6743333333333332, 0.4235555555555555], [0.6887777777777778, 0.3946666666666666, 0.7121111111111111, 0.42244444444444446], [0.4221111111111111, 0.3991111111111111, 0.44766666666666677, 0.4191111111111111], [0.401, 0.398, 0.4287777777777778, 0.4235555555555555], [0.381, 0.393, 0.401, 0.412], [0.366, 0.396, 0.383, 0.414], [0.238, 0.394, 0.259, 0.414], [0.22, 0.394, 0.242, 0.41300000000000003], [0.297, 0.396, 0.316, 0.416], [0.28100000000000014, 0.394, 0.301, 0.416], [0.513, 0.388, 0.532, 0.406], [0.325, 0.392, 0.346, 0.414]], "class": 26}