{"image": "4a7a1da3-759d-11ee-a1ef-fcb3bc5cd112.jpg", "bboxes": [[0.0, 0.48421518987341783, 0.009379746835442848, 0.5310506329113924], [0.14355696202531631, 0.47408860759493676, 0.18659493670886074, 0.5234556962025316], [0.18659493670886074, 0.47408860759493676, 0.2308987341772153, 0.5221898734177215], [0.0, 0.597, 0.01677777777777778, 0.6281111111111111], [0.022333333333333205, 0.6158888888888889, 0.04788888888888887, 0.635888888888889], [0.04122222222222216, 0.6114444444444445, 0.06899999999999995, 0.637], [0.06899999999999995, 0.623, 0.08899999999999997, 0.642], [0.08699999999999997, 0.621, 0.10399999999999998, 0.639], [0.21099999999999997, 0.621, 0.23199999999999998, 0.641], [0.22799999999999998, 0.6219999999999999, 0.25, 0.641], [0.15400000000000003, 0.619, 0.17300000000000004, 0.639], [0.16900000000000004, 0.619, 0.18899999999999983, 0.641], [0.124, 0.621, 0.14500000000000002, 0.643]], "class": 13}