{"image": "4a7a1da3-759d-11ee-a1ef-fcb3bc5cd112.jpg", "bboxes": [[0.9454050632911393, 0.5095443037974684, 0.9884430379746837, 0.5589113924050633], [0.9011012658227847, 0.5108101265822785, 0.9454050632911393, 0.5589113924050633], [0.9, 0.392, 0.921, 0.412], [0.882, 0.392, 0.904, 0.41100000000000003], [0.959, 0.394, 0.978, 0.414], [0.9430000000000001, 0.392, 0.963, 0.414], [0.987, 0.39, 1.0, 0.412]], "class": 7}