{"image": "4a7a1da3-759d-11ee-a1ef-fcb3bc5cd112.jpg", "bboxes": [[0.8244050632911393, 0.44208860759493673, 0.8674430379746837, 0.4914556962025316], [0.7801012658227847, 0.44208860759493673, 0.8244050632911393, 0.49018987341772147], [0.9942222222222221, 0.565, 1.0, 0.5961111111111111], [0.9631111111111111, 0.5838888888888889, 0.9886666666666667, 0.6038888888888889], [0.942, 0.5794444444444444, 0.9697777777777778, 0.605], [0.922, 0.591, 0.942, 0.61], [0.907, 0.589, 0.924, 0.607], [0.779, 0.589, 0.8, 0.609], [0.761, 0.59, 0.783, 0.609], [0.838, 0.587, 0.857, 0.607], [0.8220000000000001, 0.587, 0.842, 0.609], [0.866, 0.589, 0.887, 0.611]], "class": 12}