{"image": "4a7a1da3-759d-11ee-a1ef-fcb3bc5cd112.jpg", "bboxes": [[0.9906202531645572, 0.4939493670886076, 1.0, 0.5407848101265822], [0.8134050632911393, 0.5015443037974684, 0.8564430379746837, 0.5509113924050633], [0.7691012658227847, 0.5028101265822785, 0.8134050632911393, 0.5509113924050633], [0.9832222222222222, 0.39688888888888885, 1.0, 0.428], [0.9521111111111111, 0.3891111111111111, 0.9776666666666668, 0.4091111111111111], [0.931, 0.388, 0.9587777777777778, 0.41355555555555557], [0.911, 0.383, 0.931, 0.402], [0.896, 0.386, 0.913, 0.404], [0.768, 0.384, 0.789, 0.404], [0.75, 0.384, 0.772, 0.4030000000000001], [0.827, 0.386, 0.846, 0.406], [0.8110000000000002, 0.384, 0.831, 0.406], [0.855, 0.382, 0.876, 0.404]], "class": 13}