{"image": "4a7a1da3-759d-11ee-a1ef-fcb3bc5cd112.jpg", "bboxes": [[0.09463291139240482, 0.4460126582278481, 0.13513924050632886, 0.4890506329113924], [0.13513924050632886, 0.4422151898734178, 0.17437974683544277, 0.4890506329113924], [0.30855696202531635, 0.4320886075949367, 0.35159493670886066, 0.4814556962025316], [0.35159493670886066, 0.4320886075949367, 0.3958987341772152, 0.48018987341772157], [0.0, 0.5194303797468355, 0.023746835443037795, 0.5574050632911393], [0.021215189873417528, 0.5219620253164556, 0.04906329113924035, 0.554873417721519], [0.05665822784810115, 0.553607594936709, 0.08070886075949357, 0.583987341772152], [0.07511111111111113, 0.5527777777777778, 0.09955555555555562, 0.5794444444444444], [0.134, 0.5594444444444444, 0.1551111111111111, 0.5816666666666667], [0.13288888888888895, 0.5538888888888889, 0.16066666666666674, 0.585], [0.15733333333333321, 0.5549999999999999, 0.18177777777777782, 0.5861111111111111], [0.18733333333333324, 0.5738888888888889, 0.2128888888888889, 0.5938888888888889], [0.2062222222222222, 0.5694444444444444, 0.23399999999999999, 0.595], [0.23399999999999999, 0.581, 0.254, 0.6], [0.252, 0.579, 0.269, 0.597], [0.376, 0.579, 0.397, 0.599], [0.393, 0.58, 0.41500000000000004, 0.599], [0.31899999999999995, 0.577, 0.33799999999999997, 0.597], [0.33399999999999996, 0.577, 0.35399999999999987, 0.599], [0.10299999999999998, 0.587, 0.122, 0.605], [0.28900000000000003, 0.579, 0.31000000000000005, 0.601]], "class": 21}