{"image": "4a7a1da3-759d-11ee-a1ef-fcb3bc5cd112.jpg", "bboxes": [[0.1449493670886075, 0.5436582278481012, 0.19051898734177208, 0.5803670886075949], [0.1601392405063291, 0.4791012658227849, 0.20444303797468344, 0.5272025316455695], [0.2031772151898733, 0.4841645569620253, 0.2411518987341772, 0.5272025316455695], [0.4196329113924048, 0.5120126582278481, 0.4601392405063288, 0.5550506329113924], [0.4601392405063288, 0.5082151898734177, 0.49937974683544284, 0.5550506329113924], [0.6335569620253163, 0.4980886075949368, 0.6765949367088607, 0.5474556962025316], [0.6765949367088607, 0.4980886075949368, 0.7208987341772153, 0.5461898734177215], [0.3221645569620253, 0.5854303797468354, 0.34874683544303775, 0.6234050632911392], [0.3462151898734176, 0.5879620253164557, 0.3740632911392404, 0.6208734177215189], [0.3816582278481012, 0.6196075949367089, 0.40570886075949353, 0.6499873417721519], [0.4001111111111111, 0.6187777777777778, 0.4245555555555557, 0.6454444444444445], [0.45899999999999996, 0.6254444444444445, 0.48011111111111104, 0.6476666666666666], [0.4578888888888889, 0.6198888888888889, 0.4856666666666667, 0.651], [0.4823333333333333, 0.621, 0.5067777777777778, 0.6521111111111111], [0.28566666666666674, 0.6354444444444445, 0.3134444444444445, 0.659888888888889], [0.24788888888888894, 0.6365555555555555, 0.27122222222222214, 0.6643333333333334], [0.5123333333333333, 0.639888888888889, 0.5378888888888889, 0.659888888888889], [0.5312222222222222, 0.6354444444444445, 0.5589999999999999, 0.661], [0.5589999999999999, 0.647, 0.579, 0.6659999999999999], [0.577, 0.645, 0.594, 0.663], [0.7010000000000001, 0.645, 0.722, 0.665], [0.718, 0.6459999999999999, 0.74, 0.665], [0.644, 0.643, 0.663, 0.663], [0.659, 0.643, 0.6789999999999998, 0.665], [0.42800000000000005, 0.653, 0.44699999999999995, 0.671], [0.614, 0.645, 0.635, 0.667]], "class": 26}