{"image": "4a7a1da3-759d-11ee-a1ef-fcb3bc5cd112.jpg", "bboxes": [[0.7354810126582279, 0.4896582278481013, 0.7810506329113925, 0.526367088607595], [0.7215569620253166, 0.42510126582278485, 0.7658607594936709, 0.4732025316455696], [0.6848481012658229, 0.4301645569620254, 0.7228227848101266, 0.4732025316455696], [0.4658607594936711, 0.4580126582278481, 0.5063670886075952, 0.5010506329113924], [0.4266202531645572, 0.4542151898734178, 0.4658607594936711, 0.5010506329113924], [0.2494050632911393, 0.44408860759493674, 0.29244303797468363, 0.4934556962025316], [0.20510126582278473, 0.44408860759493674, 0.2494050632911393, 0.49218987341772147], [0.5772531645569623, 0.5314303797468354, 0.6038354430379748, 0.5694050632911393], [0.5519367088607596, 0.5339620253164556, 0.5797848101265825, 0.566873417721519], [0.5202911392405065, 0.5656075949367089, 0.5443417721518988, 0.595987341772152], [0.5014444444444444, 0.5647777777777778, 0.525888888888889, 0.5914444444444444], [0.4458888888888889, 0.5714444444444444, 0.467, 0.5936666666666667], [0.44033333333333324, 0.5658888888888889, 0.4681111111111111, 0.597], [0.41922222222222216, 0.567, 0.44366666666666676, 0.5981111111111111], [0.6125555555555554, 0.5814444444444444, 0.6403333333333333, 0.6058888888888889], [0.6547777777777778, 0.5825555555555555, 0.6781111111111111, 0.6103333333333334], [0.3881111111111111, 0.5858888888888889, 0.41366666666666674, 0.6058888888888889], [0.367, 0.5814444444444444, 0.39477777777777784, 0.607], [0.347, 0.593, 0.367, 0.612], [0.332, 0.591, 0.349, 0.609], [0.204, 0.591, 0.225, 0.611], [0.186, 0.592, 0.208, 0.611], [0.263, 0.589, 0.282, 0.609], [0.2470000000000001, 0.589, 0.267, 0.611], [0.479, 0.599, 0.498, 0.617], [0.291, 0.591, 0.312, 0.613]], "class": 26}