{"image": "4a7a1da3-759d-11ee-a1ef-fcb3bc5cd112.jpg", "bboxes": [[0.9984810126582279, 0.5376582278481012, 1.0, 0.5743670886075949], [0.9845569620253166, 0.4731012658227849, 1.0, 0.5212025316455695], [0.9478481012658229, 0.4781645569620253, 0.9858227848101266, 0.5212025316455695], [0.7288607594936711, 0.5060126582278481, 0.7693670886075952, 0.5490506329113924], [0.6896202531645572, 0.5022151898734177, 0.7288607594936711, 0.5490506329113924], [0.5124050632911393, 0.4920886075949368, 0.5554430379746836, 0.5414556962025316], [0.4681012658227847, 0.4920886075949368, 0.5124050632911393, 0.5401898734177215], [0.8402531645569622, 0.5794303797468354, 0.8668354430379748, 0.6174050632911392], [0.8149367088607596, 0.5819620253164557, 0.8427848101265825, 0.6148734177215189], [0.7832911392405065, 0.6136075949367089, 0.8073417721518988, 0.643987341772152], [0.7644444444444444, 0.6127777777777778, 0.7888888888888889, 0.6394444444444445], [0.7088888888888889, 0.6194444444444445, 0.73, 0.6416666666666666], [0.7033333333333333, 0.6138888888888889, 0.731111111111111, 0.645], [0.6822222222222222, 0.615, 0.7066666666666668, 0.6461111111111111], [0.8755555555555554, 0.6294444444444445, 0.9033333333333332, 0.653888888888889], [0.9177777777777778, 0.6305555555555555, 0.9411111111111111, 0.6583333333333334], [0.6511111111111111, 0.633888888888889, 0.6766666666666667, 0.653888888888889], [0.63, 0.6294444444444445, 0.6577777777777778, 0.655], [0.61, 0.641, 0.63, 0.6599999999999999], [0.595, 0.639, 0.612, 0.657], [0.467, 0.639, 0.488, 0.659], [0.449, 0.6399999999999999, 0.471, 0.659], [0.526, 0.637, 0.545, 0.657], [0.5100000000000001, 0.637, 0.53, 0.659], [0.742, 0.647, 0.761, 0.665], [0.554, 0.639, 0.575, 0.661]], "class": 26}