{"image": "4a7a1da3-759d-11ee-a1ef-fcb3bc5cd112.jpg", "bboxes": [[0.9768607594936711, 0.4780126582278481, 1.0, 0.5210506329113924], [0.9376202531645572, 0.4742151898734178, 0.9768607594936711, 0.5210506329113924], [0.7604050632911393, 0.46408860759493675, 0.8034430379746836, 0.5134556962025316], [0.7161012658227848, 0.46408860759493675, 0.7604050632911393, 0.5121898734177215], [0.9568888888888889, 0.5914444444444444, 0.978, 0.6136666666666667], [0.9513333333333333, 0.5858888888888889, 0.979111111111111, 0.617], [0.9302222222222222, 0.587, 0.9546666666666668, 0.6181111111111112], [0.8991111111111111, 0.6058888888888889, 0.9246666666666667, 0.6258888888888889], [0.878, 0.6014444444444444, 0.9057777777777778, 0.627], [0.858, 0.613, 0.878, 0.632], [0.843, 0.611, 0.86, 0.629], [0.715, 0.611, 0.736, 0.631], [0.697, 0.6119999999999999, 0.719, 0.631], [0.774, 0.609, 0.793, 0.629], [0.7580000000000001, 0.609, 0.778, 0.631], [0.99, 0.619, 1.0, 0.637], [0.802, 0.611, 0.823, 0.633]], "class": 17}