{"image": "4a7a1da3-759d-11ee-a1ef-fcb3bc5cd112.jpg", "bboxes": [[0.1489493670886075, 0.450632911392405, 0.1945189873417721, 0.48734177215189867], [0.1641392405063291, 0.5037974683544304, 0.20844303797468344, 0.5518987341772151], [0.2071772151898733, 0.5037974683544304, 0.2451518987341772, 0.5468354430379746], [0.4236329113924048, 0.4759493670886076, 0.4641392405063288, 0.5189873417721519], [0.4641392405063288, 0.4759493670886076, 0.5033797468354428, 0.5227848101265822], [0.6375569620253163, 0.4835443037974684, 0.6805949367088606, 0.5329113924050632], [0.6805949367088606, 0.4848101265822785, 0.7248987341772153, 0.5329113924050632], [0.3261645569620253, 0.40759493670886077, 0.35274683544303775, 0.44556962025316454], [0.3502151898734176, 0.41012658227848103, 0.3780632911392404, 0.4430379746835443], [0.3856582278481012, 0.3810126582278481, 0.40970886075949353, 0.4113924050632911], [0.4041111111111111, 0.38555555555555554, 0.4285555555555557, 0.4122222222222222], [0.46299999999999997, 0.3833333333333333, 0.48411111111111105, 0.40555555555555556], [0.4618888888888889, 0.38, 0.4896666666666667, 0.4111111111111111], [0.4863333333333333, 0.37888888888888883, 0.5107777777777778, 0.41], [0.28966666666666674, 0.37111111111111106, 0.31744444444444453, 0.39555555555555555], [0.25188888888888894, 0.36666666666666664, 0.27522222222222215, 0.39444444444444443], [0.5163333333333333, 0.37111111111111106, 0.5418888888888889, 0.3911111111111111], [0.5352222222222222, 0.37, 0.563, 0.39555555555555555], [0.563, 0.365, 0.583, 0.384], [0.581, 0.368, 0.598, 0.386], [0.7050000000000001, 0.366, 0.726, 0.386], [0.722, 0.366, 0.744, 0.38500000000000006], [0.648, 0.368, 0.667, 0.388], [0.663, 0.366, 0.6829999999999998, 0.388], [0.43200000000000005, 0.36, 0.45099999999999996, 0.378], [0.618, 0.364, 0.639, 0.386]], "class": 26}