{"image": "4a7a1da3-759d-11ee-a1ef-fcb3bc5cd112.jpg", "bboxes": [[0.8794050632911393, 0.4865443037974684, 0.9224430379746836, 0.5359113924050632], [0.8351012658227848, 0.48781012658227846, 0.8794050632911393, 0.5359113924050632], [0.997, 0.373, 1.0, 0.39855555555555555], [0.977, 0.368, 0.997, 0.387], [0.962, 0.371, 0.979, 0.389], [0.834, 0.369, 0.855, 0.389], [0.816, 0.369, 0.838, 0.38800000000000007], [0.893, 0.371, 0.912, 0.391], [0.8770000000000001, 0.369, 0.897, 0.391], [0.921, 0.367, 0.942, 0.389]], "class": 10}