{"image": "4a7a1da3-759d-11ee-a1ef-fcb3bc5cd112.jpg", "bboxes": [[0.9698607594936711, 0.46094936708860756, 1.0, 0.5039873417721519], [0.9306202531645572, 0.46094936708860756, 0.9698607594936711, 0.5077848101265822], [0.7534050632911393, 0.46854430379746836, 0.7964430379746836, 0.5179113924050632], [0.7091012658227848, 0.4698101265822785, 0.7534050632911393, 0.5179113924050632], [0.9498888888888889, 0.3683333333333333, 0.971, 0.39055555555555554], [0.9443333333333332, 0.365, 0.972111111111111, 0.3961111111111111], [0.9232222222222222, 0.3638888888888889, 0.9476666666666668, 0.395], [0.8921111111111111, 0.3561111111111111, 0.9176666666666667, 0.37611111111111106], [0.871, 0.355, 0.8987777777777778, 0.38055555555555554], [0.851, 0.35, 0.871, 0.369], [0.836, 0.353, 0.853, 0.371], [0.708, 0.351, 0.729, 0.371], [0.69, 0.351, 0.712, 0.37000000000000005], [0.767, 0.353, 0.786, 0.373], [0.7510000000000001, 0.351, 0.771, 0.373], [0.983, 0.345, 1.0, 0.363], [0.795, 0.349, 0.816, 0.371]], "class": 17}