{"image": "4b190315-6b42-11ee-a648-fcb3bc5cd112.jpg", "bboxes": [[0.41375609756097564, 0.4342926829268292, 0.478390243902439, 0.48917073170731706], [0.47229268292682924, 0.4294146341463414, 0.5186341463414634, 0.4806341463414634]], "class": 2}