{"image": "4b190315-6b42-11ee-a648-fcb3bc5cd112.jpg", "bboxes": [[0.01360975609756099, 0.5118292682926829, 0.07824390243902439, 0.5667073170731708], [0.0, 0.5203658536585366, 0.01970731707317077, 0.5715853658536586]], "class": 2}