{"image": "4b190315-6b42-11ee-a648-fcb3bc5cd112.jpg", "bboxes": [[0.8247560975609756, 0.5068292682926829, 0.889390243902439, 0.5617073170731708], [0.8832926829268293, 0.5153658536585366, 0.9296341463414635, 0.5665853658536586]], "class": 2}