{"image": "4b190315-6b42-11ee-a648-fcb3bc5cd112.jpg", "bboxes": [[0.546609756097561, 0.47029268292682924, 0.6112439024390244, 0.5251707317073171], [0.5063658536585366, 0.46541463414634143, 0.5527073170731708, 0.5166341463414634]], "class": 2}