{"image": "4b190315-6b42-11ee-a648-fcb3bc5cd112.jpg", "bboxes": [[0.421609756097561, 0.46129268292682923, 0.4862439024390244, 0.516170731707317], [0.3813658536585366, 0.4564146341463414, 0.4277073170731708, 0.5076341463414634]], "class": 2}