{"image": "4c6d0c05-759d-11ee-b0c3-fcb3bc5cd112.jpg", "bboxes": [[0.0336962025316454, 0.48143037974683545, 0.07673417721518982, 0.5333291139240506], [0.07293670886075954, 0.4788987341772153, 0.11597468354430363, 0.527], [0.23369620253164558, 0.5105443037974684, 0.2729367088607595, 0.5586455696202531], [0.27167088607594925, 0.5143417721518988, 0.3159746835443037, 0.5535822784810126], [0.1412911392405064, 0.5649746835443038, 0.1767341772151898, 0.5978860759493672], [0.1691392405063291, 0.5637088607594937, 0.20837974683544302, 0.5928227848101266], [0.008379746835442847, 0.5675063291139241, 0.04382278481012647, 0.6105443037974684], [0.0, 0.6080126582278481, 0.004582278481012558, 0.6371265822784811], [0.20837974683544302, 0.6194050632911392, 0.2311645569620252, 0.6409240506329115], [0.08432911392405062, 0.6320632911392405, 0.10964556962025318, 0.6510506329113924]], "class": 10}