{"image": "4c6d0c05-759d-11ee-b0c3-fcb3bc5cd112.jpg", "bboxes": [[0.28026582278481005, 0.4552784810126582, 0.3258354430379745, 0.49958227848101266], [0.3220379746835442, 0.45148101265822793, 0.36634177215189856, 0.49831645569620253], [0.5346962025316455, 0.4274303797468355, 0.5777341772151898, 0.47932911392405064], [0.5739367088607594, 0.42489873417721524, 0.6169746835443036, 0.473], [0.7346962025316456, 0.45654430379746835, 0.7739367088607595, 0.5046455696202532], [0.7726708860759492, 0.46034177215189875, 0.8169746835443037, 0.49958227848101266], [0.6422911392405064, 0.5109746835443039, 0.6777341772151898, 0.5438860759493671], [0.6701392405063291, 0.5097088607594937, 0.709379746835443, 0.5388227848101266], [0.5093797468354428, 0.5135063291139241, 0.5448227848101265, 0.5565443037974684], [0.4764683544303796, 0.5540126582278482, 0.5055822784810124, 0.583126582278481], [0.4220379746835442, 0.5603417721518987, 0.44735443037974665, 0.5856582278481013], [0.4410253164556962, 0.5590759493670887, 0.46760759493670867, 0.5805949367088608], [0.709379746835443, 0.5654050632911393, 0.7321645569620252, 0.5869240506329114], [0.5853291139240506, 0.5780632911392405, 0.6106455696202531, 0.5970506329113925]], "class": 14}