{"image": "4c6d0c05-759d-11ee-b0c3-fcb3bc5cd112.jpg", "bboxes": [[0.07169620253164544, 0.4686708860759494, 0.11473417721518975, 0.5205696202531646], [0.11093670886075946, 0.475, 0.15397468354430366, 0.5231012658227847], [0.2716962025316455, 0.44335443037974687, 0.3109367088607595, 0.4914556962025316], [0.3096708860759493, 0.4484177215189874, 0.3539746835443037, 0.4876582278481012], [0.17929113924050633, 0.4041139240506329, 0.21473417721518984, 0.4370253164556962], [0.20713924050632904, 0.40917721518987343, 0.24637974683544306, 0.43829113924050633], [0.04637974683544277, 0.3914556962025316, 0.0818227848101265, 0.4344936708860759], [0.013468354430379526, 0.364873417721519, 0.04258227848101248, 0.3939873417721519], [0.0, 0.36740506329113926, 0.004607594936708703, 0.3889240506329113], [0.24637974683544306, 0.3610759493670886, 0.26916455696202524, 0.38259493670886074], [0.12232911392405055, 0.3509493670886076, 0.1476455696202531, 0.3699367088607595]], "class": 11}