{"image": "4c6d0c05-759d-11ee-b0c3-fcb3bc5cd112.jpg", "bboxes": [[0.7091645569620255, 0.4512784810126582, 0.7547341772151899, 0.49558227848101266], [0.6686582278481015, 0.44748101265822793, 0.7129620253164558, 0.49431645569620253], [0.4572658227848102, 0.4234303797468355, 0.5003037974683545, 0.47532911392405064], [0.4180253164556964, 0.42089873417721524, 0.4610632911392405, 0.469], [0.2610632911392405, 0.45254430379746835, 0.30030379746835445, 0.5006455696202532], [0.21802531645569628, 0.45634177215189875, 0.2623291139240507, 0.49558227848101266], [0.3572658227848102, 0.5069746835443039, 0.3927088607594936, 0.5398860759493671], [0.32562025316455695, 0.5057088607594937, 0.3648607594936709, 0.5348227848101266], [0.49017721518987356, 0.5095063291139241, 0.5256202531645572, 0.5525443037974684], [0.5294177215189875, 0.5500126582278482, 0.5585316455696204, 0.579126582278481], [0.5876455696202534, 0.5563417721518987, 0.6129620253164557, 0.5816582278481013], [0.5673924050632914, 0.5550759493670887, 0.5939746835443038, 0.5765949367088608], [0.30283544303797477, 0.5614050632911393, 0.32562025316455695, 0.5829240506329114], [0.42435443037974685, 0.5740632911392405, 0.4496708860759494, 0.5930506329113925]], "class": 14}