{"image": "4c6d0c05-759d-11ee-b0c3-fcb3bc5cd112.jpg", "bboxes": [[0.5432658227848102, 0.46241772151898736, 0.5888354430379745, 0.5067215189873419], [0.5850379746835442, 0.4636835443037975, 0.6293417721518986, 0.5105189873417721], [0.7976962025316454, 0.4826708860759494, 0.8407341772151897, 0.5345696202531646], [0.8369367088607595, 0.489, 0.8799746835443036, 0.5371012658227847], [0.9976962025316456, 0.4573544303797469, 1.0, 0.5054556962025316], [0.9052911392405064, 0.41811392405063286, 0.9407341772151898, 0.4510253164556962], [0.9331392405063291, 0.42317721518987345, 0.972379746835443, 0.4522911392405063], [0.7723797468354427, 0.40545569620253163, 0.8078227848101265, 0.4484936708860759], [0.7394683544303795, 0.378873417721519, 0.7685822784810126, 0.40798734177215185], [0.6850379746835442, 0.37634177215189873, 0.7103544303797467, 0.40165822784810123], [0.7040253164556962, 0.38140506329113927, 0.7306075949367087, 0.4029240506329113], [0.972379746835443, 0.3750759493670886, 0.9951645569620252, 0.39659493670886076], [0.8483291139240506, 0.3649493670886076, 0.8736455696202532, 0.3839367088607595]], "class": 13}