{"image": "4c6d0c05-759d-11ee-b0c3-fcb3bc5cd112.jpg", "bboxes": [[0.9081645569620255, 0.4904177215189874, 0.9537341772151899, 0.5347215189873418], [0.8676582278481014, 0.49168354430379746, 0.9119620253164558, 0.5385189873417722], [0.6562658227848102, 0.5106708860759493, 0.6993037974683546, 0.5625696202531646], [0.6170253164556964, 0.517, 0.6600632911392406, 0.5651012658227847], [0.4600632911392405, 0.48535443037974685, 0.49930379746835446, 0.5334556962025316], [0.4170253164556963, 0.4904177215189874, 0.46132911392405074, 0.5296582278481012], [0.5562658227848102, 0.4461139240506329, 0.5917088607594936, 0.47902531645569624], [0.524620253164557, 0.4511772151898734, 0.5638607594936709, 0.4802911392405063], [0.6891772151898735, 0.4334556962025316, 0.7246202531645572, 0.4764936708860759], [0.7284177215189875, 0.40687341772151897, 0.7575316455696204, 0.43598734177215187], [0.7866455696202533, 0.40434177215189876, 0.8119620253164558, 0.42965822784810126], [0.7663924050632913, 0.40940506329113924, 0.7929746835443039, 0.4309240506329113], [0.5018354430379748, 0.40307594936708857, 0.524620253164557, 0.4245949367088608], [0.6233544303797469, 0.39294936708860756, 0.6486708860759494, 0.4119367088607595]], "class": 14}