{"image": "4c6d0c05-759d-11ee-b0c3-fcb3bc5cd112.jpg", "bboxes": [[0.4261645569620255, 0.49327848101265814, 0.4717341772151899, 0.5375822784810127], [0.38565822784810144, 0.48948101265822785, 0.4299620253164558, 0.5363164556962026], [0.1742658227848102, 0.46543037974683543, 0.21730379746835457, 0.5173291139240506], [0.13502531645569638, 0.4628987341772153, 0.1780632911392405, 0.511], [0.0, 0.4945443037974684, 0.017303797468354445, 0.5426455696202531], [0.07426582278481021, 0.5489746835443038, 0.10970886075949363, 0.5818860759493671], [0.04262025316455697, 0.5477088607594938, 0.08186075949367091, 0.5768227848101266], [0.20717721518987356, 0.5515063291139242, 0.2426202531645572, 0.5945443037974684], [0.2464177215189875, 0.5920126582278482, 0.2755316455696204, 0.621126582278481], [0.30464556962025335, 0.5983417721518988, 0.32996202531645574, 0.6236582278481013], [0.28439240506329133, 0.5970759493670887, 0.31097468354430385, 0.6185949367088608], [0.019835443037974756, 0.6034050632911392, 0.04262025316455697, 0.6249240506329115], [0.14135443037974688, 0.6160632911392405, 0.1666708860759494, 0.6350506329113924]], "class": 13}