{"image": "4c6d0c05-759d-11ee-b0c3-fcb3bc5cd112.jpg", "bboxes": [[0.4392658227848101, 0.5122784810126582, 0.48483544303797454, 0.5565822784810126], [0.48103797468354426, 0.5084810126582279, 0.5253417721518986, 0.5553164556962025], [0.6936962025316454, 0.48443037974683545, 0.7367341772151899, 0.5363291139240506], [0.7329367088607595, 0.4818987341772153, 0.7759746835443037, 0.53], [0.8936962025316455, 0.5135443037974684, 0.9329367088607595, 0.5616455696202531], [0.9316708860759493, 0.5173417721518988, 0.9759746835443037, 0.5565822784810126], [0.8012911392405064, 0.5679746835443038, 0.8367341772151897, 0.600886075949367], [0.8291392405063291, 0.5667088607594937, 0.8683797468354431, 0.5958227848101265], [0.6683797468354429, 0.5705063291139241, 0.7038227848101264, 0.6135443037974684], [0.6354683544303796, 0.6110126582278481, 0.6645822784810125, 0.640126582278481], [0.5810379746835442, 0.6173417721518988, 0.6063544303797466, 0.6426582278481012], [0.6000253164556961, 0.6160759493670886, 0.6266075949367087, 0.6375949367088607], [0.8683797468354431, 0.6224050632911393, 0.8911645569620252, 0.6439240506329114], [0.7443291139240507, 0.6350632911392404, 0.7696455696202531, 0.6540506329113924]], "class": 14}