{"image": "4c6d0c05-759d-11ee-b0c3-fcb3bc5cd112.jpg", "bboxes": [[0.46016455696202546, 0.5042784810126582, 0.5057341772151899, 0.5485822784810126], [0.4196582278481014, 0.5004810126582279, 0.46396202531645575, 0.5473164556962025], [0.2082658227848102, 0.47643037974683544, 0.2513037974683546, 0.5283291139240506], [0.16902531645569638, 0.4738987341772153, 0.2120632911392405, 0.522], [0.012063291139240505, 0.5055443037974684, 0.051303797468354444, 0.5536455696202531], [0.0, 0.5093417721518988, 0.013329113924050716, 0.5485822784810126], [0.10826582278481021, 0.5599746835443038, 0.14370886075949363, 0.5928860759493672], [0.07662025316455696, 0.5587088607594937, 0.11586075949367092, 0.5878227848101265], [0.24117721518987356, 0.5625063291139241, 0.2766202531645572, 0.6055443037974684], [0.2804177215189875, 0.6030126582278481, 0.30953164556962043, 0.632126582278481], [0.33864556962025333, 0.6093417721518988, 0.3639620253164558, 0.6346582278481012], [0.31839240506329136, 0.6080759493670886, 0.34497468354430383, 0.6295949367088607], [0.05383544303797476, 0.6144050632911393, 0.07662025316455696, 0.6359240506329114], [0.17535443037974688, 0.6270632911392405, 0.2006708860759494, 0.6460506329113924]], "class": 14}