{"image": "4c6d0c05-759d-11ee-b0c3-fcb3bc5cd112.jpg", "bboxes": [[0.7922658227848102, 0.46843037974683543, 0.8353037974683546, 0.5203291139240507], [0.7530253164556964, 0.4658987341772153, 0.7960632911392405, 0.514], [0.5960632911392405, 0.4975443037974684, 0.6353037974683544, 0.5456455696202531], [0.5530253164556963, 0.5013417721518988, 0.5973291139240507, 0.5405822784810126], [0.6922658227848102, 0.5519746835443038, 0.7277088607594936, 0.5848860759493671], [0.660620253164557, 0.5507088607594937, 0.6998607594936709, 0.5798227848101265], [0.8251772151898735, 0.5545063291139241, 0.8606202531645571, 0.5975443037974684], [0.8644177215189874, 0.5950126582278481, 0.8935316455696204, 0.624126582278481], [0.9226455696202533, 0.6013417721518988, 0.9479620253164558, 0.6266582278481012], [0.9023924050632913, 0.6000759493670886, 0.9289746835443038, 0.6215949367088607], [0.6378354430379748, 0.6064050632911393, 0.660620253164557, 0.6279240506329113], [0.7593544303797469, 0.6190632911392405, 0.7846708860759494, 0.6380506329113924]], "class": 12}