{"image": "4c6d0c05-759d-11ee-b0c3-fcb3bc5cd112.jpg", "bboxes": [[0.39616455696202546, 0.4864177215189874, 0.4417341772151899, 0.5307215189873419], [0.3556582278481014, 0.48768354430379746, 0.39996202531645575, 0.5345189873417722], [0.1442658227848102, 0.5066708860759493, 0.18730379746835457, 0.5585696202531646], [0.10502531645569638, 0.513, 0.1480632911392405, 0.5611012658227847], [0.04426582278481021, 0.4421139240506329, 0.07970886075949363, 0.47502531645569623], [0.01262025316455697, 0.4471772151898734, 0.05186075949367091, 0.4762911392405063], [0.17717721518987356, 0.4294556962025316, 0.2126202531645572, 0.4724936708860759], [0.2164177215189875, 0.40287341772151897, 0.24553164556962043, 0.43198734177215187], [0.2746455696202533, 0.40034177215189876, 0.29996202531645577, 0.42565822784810126], [0.25439240506329136, 0.40540506329113923, 0.2809746835443038, 0.4269240506329113], [0.0, 0.39907594936708857, 0.01262025316455697, 0.4205949367088608], [0.11135443037974688, 0.38894936708860756, 0.1366708860759494, 0.4079367088607595]], "class": 12}