{"image": "4c6d0c05-759d-11ee-b0c3-fcb3bc5cd112.jpg", "bboxes": [[0.2032658227848101, 0.46541772151898736, 0.24883544303797456, 0.5097215189873419], [0.24503797468354427, 0.4666835443037975, 0.2893417721518986, 0.5135189873417721], [0.45769620253164545, 0.4856708860759494, 0.5007341772151899, 0.5375696202531646], [0.49693670886075947, 0.492, 0.5399746835443036, 0.5401012658227847], [0.6576962025316455, 0.4603544303797469, 0.6969367088607594, 0.5084556962025316], [0.6956708860759493, 0.46541772151898736, 0.7399746835443037, 0.5046582278481012], [0.5652911392405064, 0.42111392405063286, 0.6007341772151897, 0.4540253164556962], [0.5931392405063292, 0.42617721518987345, 0.6323797468354431, 0.4552911392405063], [0.4323797468354428, 0.40845569620253164, 0.4678227848101264, 0.4514936708860759], [0.39946835443037954, 0.381873417721519, 0.4285822784810125, 0.41098734177215185], [0.34503797468354425, 0.37934177215189874, 0.3703544303797467, 0.40465822784810124], [0.36402531645569614, 0.3844050632911392, 0.3906075949367087, 0.4059240506329113], [0.6323797468354431, 0.3780759493670886, 0.6551645569620252, 0.39959493670886076], [0.5083291139240507, 0.3679493670886076, 0.5336455696202531, 0.3869367088607595]], "class": 14}