{"image": "4c6d0c05-759d-11ee-b0c3-fcb3bc5cd112.jpg", "bboxes": [[0.05169620253164542, 0.46843037974683543, 0.09473417721518984, 0.5203291139240507], [0.09093670886075944, 0.4658987341772153, 0.13397468354430364, 0.514], [0.2516962025316456, 0.4975443037974684, 0.2909367088607595, 0.5456455696202531], [0.28967088607594926, 0.5013417721518988, 0.3339746835443037, 0.5405822784810126], [0.15929113924050642, 0.5519746835443038, 0.19473417721518982, 0.5848860759493671], [0.18713924050632913, 0.5507088607594937, 0.22637974683544304, 0.5798227848101265], [0.026379746835442752, 0.5545063291139241, 0.061822784810126485, 0.5975443037974684], [0.0, 0.5950126582278481, 0.022582278481012463, 0.624126582278481], [0.22637974683544304, 0.6064050632911393, 0.24916455696202522, 0.6279240506329113], [0.10232911392405064, 0.6190632911392405, 0.12764556962025309, 0.6380506329113924]], "class": 10}