{"image": "502d5c17-6b42-11ee-8ccb-fcb3bc5cd112.jpg", "bboxes": [[0.0, 0.6224878048780488, 0.10560975609756107, 0.7859024390243902]], "class": 1}