{"image": "502d5c17-6b42-11ee-8ccb-fcb3bc5cd112.jpg", "bboxes": [[0.8813902439024389, 0.21009756097560983, 1.0, 0.3735121951219512]], "class": 1}