{"image": "502d5c17-6b42-11ee-8ccb-fcb3bc5cd112.jpg", "bboxes": [[0.9703902439024389, 0.6684878048780488, 1.0, 0.8319024390243902]], "class": 1}