{"image": "503c5ec4-759d-11ee-b5c5-fcb3bc5cd112.jpg", "bboxes": [[0.6841645569620255, 0.6299113924050632, 0.7854303797468356, 0.7514303797468355], [0.5942911392405065, 0.6400379746835443, 0.6892278481012659, 0.7488987341772152], [0.5373291139240507, 0.24130379746835445, 0.5651772151898735, 0.27927848101265823], [0.5120126582278484, 0.2400379746835443, 0.539860759493671, 0.27927848101265823], [0.45378481012658245, 0.21472151898734176, 0.47783544303797476, 0.2501645569620253], [0.4284683544303798, 0.21851898734177216, 0.45631645569620266, 0.25269620253164554], [0.36517721518987356, 0.22105063291139243, 0.4018860759493673, 0.2602911392405063], [0.33353164556962045, 0.22611392405063294, 0.36264556962025335, 0.2615569620253165], [0.27150632911392425, 0.21851898734177216, 0.2942911392405065, 0.24256962025316453], [0.22720253164556958, 0.2007974683544304, 0.25378481012658244, 0.22484810126582278], [0.2107468354430382, 0.20206329113924057, 0.2322658227848102, 0.22358227848101267]], "class": 11}