{"image": "503c5ec4-759d-11ee-b5c5-fcb3bc5cd112.jpg", "bboxes": [[0.0, 0.27956962025316456, 0.07883544303797452, 0.4010886075949368], [0.0737721518987341, 0.28210126582278483, 0.16870886075949354, 0.39096202531645574], [0.1978227848101265, 0.7517215189873417, 0.22567088607594932, 0.7896962025316455], [0.22313924050632905, 0.7517215189873417, 0.25098734177215165, 0.7909620253164558], [0.28516455696202525, 0.7808354430379747, 0.30921518987341756, 0.8162784810126582], [0.3066835443037974, 0.7783037974683544, 0.33453164556962023, 0.8124810126582278], [0.3611139240506327, 0.7707088607594936, 0.39782278481012645, 0.8099493670886075], [0.4003544303797466, 0.7694430379746835, 0.42946835443037956, 0.804886075949367], [0.4687088607594935, 0.7884303797468355, 0.49149367088607576, 0.8124810126582278], [0.5092151898734176, 0.8061518987341773, 0.5357974683544304, 0.8302025316455696], [0.5307341772151898, 0.8074177215189873, 0.5522531645569617, 0.8289367088607594]], "class": 11}