{"image": "503c5ec4-759d-11ee-b5c5-fcb3bc5cd112.jpg", "bboxes": [[0.0, 0.7337215189873418, 0.019987341772151668, 0.7729620253164557], [0.05416455696202527, 0.7628354430379747, 0.07821518987341758, 0.7982784810126582], [0.07568354430379731, 0.7603037974683544, 0.10353164556962025, 0.7944810126582278], [0.1301139240506327, 0.7527088607594937, 0.16682278481012647, 0.7919493670886075], [0.16935443037974662, 0.7514430379746835, 0.19846835443037958, 0.7868860759493671], [0.2377088607594935, 0.7704303797468355, 0.2604936708860758, 0.7944810126582278], [0.27821518987341753, 0.7881518987341772, 0.30479746835443045, 0.8122025316455697], [0.2997341772151898, 0.7894177215189873, 0.32125316455696185, 0.8109367088607594]], "class": 8}