{"image": "503c5ec4-759d-11ee-b5c5-fcb3bc5cd112.jpg", "bboxes": [[0.6771645569620255, 0.6539113924050632, 0.7784303797468356, 0.7754303797468355], [0.5872911392405065, 0.6640379746835442, 0.6822278481012659, 0.7728987341772151], [0.5303291139240507, 0.2653037974683544, 0.5581772151898735, 0.30327848101265825], [0.5050126582278484, 0.2640379746835443, 0.532860759493671, 0.30327848101265825], [0.44678481012658244, 0.23872151898734176, 0.47083544303797475, 0.2741645569620253], [0.4214683544303798, 0.24251898734177219, 0.44931645569620265, 0.27669620253164556], [0.35817721518987355, 0.24505063291139242, 0.3948860759493673, 0.2842911392405063], [0.32653164556962044, 0.25011392405063293, 0.35564556962025334, 0.28555696202531644], [0.26450632911392424, 0.24251898734177219, 0.2872911392405065, 0.26656962025316455], [0.2202025316455696, 0.2247974683544304, 0.24678481012658243, 0.24884810126582277], [0.2037468354430382, 0.22606329113924056, 0.22526582278481022, 0.2475822784810127]], "class": 11}