{"image": "503c5ec4-759d-11ee-b5c5-fcb3bc5cd112.jpg", "bboxes": [[0.0, 0.6549113924050632, 0.04683544303797449, 0.7764303797468355], [0.04177215189873418, 0.6650379746835442, 0.1367088607594935, 0.7738987341772151], [0.16582278481012647, 0.2663037974683544, 0.1936708860759493, 0.30427848101265825], [0.19113924050632913, 0.2650379746835443, 0.21898734177215173, 0.30427848101265825], [0.2531645569620252, 0.23972151898734176, 0.27721518987341753, 0.2751645569620253], [0.2746835443037974, 0.2435189873417722, 0.3025316455696202, 0.27769620253164556], [0.32911392405063267, 0.24605063291139243, 0.3658227848101264, 0.2852911392405063], [0.3683544303797467, 0.25111392405063293, 0.39746835443037953, 0.28655696202531644], [0.43670886075949356, 0.2435189873417722, 0.45949367088607573, 0.26756962025316455], [0.4772151898734176, 0.2257974683544304, 0.5037974683544304, 0.24984810126582277], [0.49873417721518976, 0.22706329113924056, 0.5202531645569618, 0.2485822784810127]], "class": 11}