{"image": "503c5ec4-759d-11ee-b5c5-fcb3bc5cd112.jpg", "bboxes": [[0.9787848101265825, 0.21372151898734176, 1.0, 0.2491645569620253], [0.9534683544303798, 0.21751898734177216, 0.9813164556962026, 0.25169620253164554], [0.8901772151898736, 0.22005063291139243, 0.9268860759493673, 0.2592911392405063], [0.8585316455696205, 0.22511392405063294, 0.8876455696202533, 0.2605569620253165], [0.7965063291139243, 0.21751898734177216, 0.8192911392405064, 0.24156962025316456], [0.7522025316455696, 0.1997974683544304, 0.7787848101265824, 0.22384810126582277], [0.7357468354430382, 0.20106329113924057, 0.7572658227848102, 0.22258227848101267]], "class": 7}