{"image": "512bf501-6b43-11ee-b741-fcb3bc5cd112.jpg", "bboxes": [[0.483341463414634, 0.2352439024390244, 0.7577317073170731, 0.41817073170731706]], "class": 1}