{"image": "512bf501-6b43-11ee-b741-fcb3bc5cd112.jpg", "bboxes": [[0.5303414634146341, 0.2582439024390244, 0.8047317073170731, 0.441170731707317]], "class": 1}