{"image": "512bf501-6b43-11ee-b741-fcb3bc5cd112.jpg", "bboxes": [[0.0, 0.547829268292683, 0.004658536585365937, 0.7307560975609756]], "class": 1}