{"image": "512bf501-6b43-11ee-b741-fcb3bc5cd112.jpg", "bboxes": [[0.20526829268292687, 0.555829268292683, 0.47965853658536595, 0.7387560975609756]], "class": 1}