{"image": "512bf501-6b43-11ee-b741-fcb3bc5cd112.jpg", "bboxes": [[0.5473414634146341, 0.572829268292683, 0.8217317073170731, 0.7557560975609756]], "class": 1}