{"image": "556de588-6b42-11ee-af92-fcb3bc5cd112.jpg", "bboxes": [[0.6063902439024391, 0.07685365853658543, 0.8929756097560975, 0.3878292682926828], [0.9027317073170731, 0.05856097560975615, 1.0, 0.36709756097560975]], "class": 2}