{"image": "556de588-6b42-11ee-af92-fcb3bc5cd112.jpg", "bboxes": [[0.8173902439024391, 0.06985365853658543, 1.0, 0.3808292682926828]], "class": 1}