{"image": "556de588-6b42-11ee-af92-fcb3bc5cd112.jpg", "bboxes": [[0.0, 0.07985365853658544, 0.08760975609756093, 0.39082926829268283]], "class": 1}