{"image": "556de588-6b42-11ee-af92-fcb3bc5cd112.jpg", "bboxes": [[0.8413902439024391, 0.02585365853658539, 1.0, 0.3368292682926829]], "class": 1}