{"image": "556de588-6b42-11ee-af92-fcb3bc5cd112.jpg", "bboxes": [[0.5983902439024391, 0.0408536585365854, 0.8849756097560976, 0.3518292682926829], [0.8947317073170731, 0.022560975609756118, 1.0, 0.33109756097560983]], "class": 2}