{"image": "556de588-6b42-11ee-af92-fcb3bc5cd112.jpg", "bboxes": [[0.9103902439024391, 0.04585365853658541, 1.0, 0.3568292682926828]], "class": 1}