{"image": "556de588-6b42-11ee-af92-fcb3bc5cd112.jpg", "bboxes": [[0.605390243902439, 0.05785365853658542, 0.8919756097560976, 0.3688292682926828], [0.9017317073170731, 0.03956097560975613, 1.0, 0.34809756097560973]], "class": 2}