{"image": "56394d50-759d-11ee-841a-fcb3bc5cd112.jpg", "bboxes": [[0.9832025316455697, 0.3940253164556962, 1.0, 0.43453164556962026], [0.9173797468354432, 0.43453164556962026, 0.9591518987341774, 0.48643037974683545], [0.8882658227848103, 0.43579746835443034, 0.9224430379746836, 0.4801012658227848], [0.8009240506329114, 0.42313924050632906, 0.8426962025316457, 0.47630379746835444], [0.7452278481012659, 0.46364556962025316, 0.7857341772151899, 0.53326582278481], [0.6781392405063292, 0.46237974683544303, 0.7287721518987342, 0.5244050632911392], [0.5616835443037975, 0.39149367088607595, 0.6021898734177216, 0.42946835443037973], [0.6515569620253164, 0.36744303797468353, 0.676873417721519, 0.3952911392405063]], "class": 8}