{"image": "56394d50-759d-11ee-841a-fcb3bc5cd112.jpg", "bboxes": [[0.003734177215189649, 0.500506329113924, 0.07208860759493652, 0.5625316455696202], [0.0670253164556962, 0.4929113924050632, 0.1290506329113923, 0.5562025316455695], [0.0, 0.4017721518987343, 0.03411392405063274, 0.45943167802661466], [0.027784810126582182, 0.3941772151898734, 0.08854430379746825, 0.4663291139240506], [0.5303164556962023, 0.40556962025316456, 0.5809493670886074, 0.4587341772151899], [0.4480379746835442, 0.34734177215189876, 0.4898101265822784, 0.3941772151898734], [0.4834810126582276, 0.3536708860759493, 0.5290506329113923, 0.3929113924050633], [0.5733544303797466, 0.4460759493670886, 0.6328481012658226, 0.5118987341772151], [0.6277848101265822, 0.4486075949367089, 0.6885443037974683, 0.5169620253164556], [0.7758860759493669, 0.3220253164556962, 0.8087974683544303, 0.36253164556962025], [0.8328481012658226, 0.36253164556962025, 0.8746202531645567, 0.41443037974683544], [0.8695569620253163, 0.36379746835443033, 0.9037341772151898, 0.4081012658227848], [0.9493037974683544, 0.3511392405063291, 0.9910759493670885, 0.40430379746835443]], "class": 13}