{"image": "56394d50-759d-11ee-841a-fcb3bc5cd112.jpg", "bboxes": [[0.03131645569620245, 0.45956962025316456, 0.08194936708860745, 0.5127341772151899], [0.0, 0.40767088607594937, 0.030050632911392317, 0.4469113924050633], [0.07435443037974665, 0.5000759493670885, 0.13384810126582258, 0.5658987341772151], [0.12878481012658216, 0.5026075949367089, 0.18954430379746823, 0.5709620253164557], [0.27688607594936687, 0.3760253164556962, 0.30979746835443034, 0.41653164556962025], [0.33384810126582265, 0.41653164556962025, 0.3756202531645567, 0.46843037974683543], [0.3705569620253164, 0.4177974683544303, 0.4047341772151898, 0.4621012658227848], [0.45030379746835436, 0.4051392405063291, 0.49207594936708854, 0.4583037974683544], [0.5072658227848101, 0.4456455696202532, 0.5477721518987342, 0.5152658227848101], [0.5642278481012657, 0.444379746835443, 0.6148607594936708, 0.5064050632911392], [0.6908101265822785, 0.37349367088607593, 0.7313164556962025, 0.41146835443037977], [0.6161265822784809, 0.3494430379746835, 0.6414430379746836, 0.37729113924050633]], "class": 12}