{"image": "56394d50-759d-11ee-841a-fcb3bc5cd112.jpg", "bboxes": [[0.8360506329113926, 0.5172658227848101, 0.8866835443037976, 0.5704303797468355], [0.9271898734177216, 0.5818227848101265, 0.9689620253164558, 0.6286582278481012], [0.8879493670886077, 0.5830886075949366, 0.9335189873417723, 0.6223291139240507], [0.7841518987341773, 0.4641012658227849, 0.8436455696202534, 0.5299240506329115], [0.7284556962025317, 0.45903797468354435, 0.7892151898734178, 0.5273924050632911], [0.6082025316455697, 0.6134683544303797, 0.6411139240506332, 0.6539746835443038], [0.5423797468354432, 0.5615696202531646, 0.5841518987341774, 0.6134683544303797], [0.5132658227848103, 0.5678987341772153, 0.5474430379746836, 0.6122025316455697], [0.42592405063291144, 0.5716962025316455, 0.4676962025316457, 0.6248607594936709], [0.37022784810126586, 0.5147341772151899, 0.4107341772151899, 0.5843544303797468], [0.3031392405063292, 0.5235949367088608, 0.35377215189873423, 0.5856202531645569], [0.18668354430379747, 0.6185316455696203, 0.2271898734177215, 0.656506329113924], [0.2765569620253165, 0.6527088607594937, 0.301873417721519, 0.6805569620253165]], "class": 13}