{"image": "56394d50-759d-11ee-841a-fcb3bc5cd112.jpg", "bboxes": [[0.0, 0.5735063291139241, 0.025088607594936585, 0.6355316455696202], [0.020025316455696163, 0.5659113924050633, 0.08205063291139236, 0.6292025316455696], [0.0, 0.46717721518987343, 0.04154430379746832, 0.5393291139240506], [0.4833164556962024, 0.4785696202531645, 0.5339493670886075, 0.5317341772151899], [0.4010379746835442, 0.4203417721518987, 0.44281012658227836, 0.46717721518987343], [0.4364810126582277, 0.42667088607594933, 0.4820506329113923, 0.4659113924050633], [0.5263544303797467, 0.5190759493670886, 0.5858481012658225, 0.5848987341772152], [0.5807848101265822, 0.5216075949367089, 0.6415443037974683, 0.5899620253164557], [0.7288860759493668, 0.3950253164556962, 0.7617974683544303, 0.43553164556962026], [0.7858481012658226, 0.43553164556962026, 0.8276202531645567, 0.48743037974683545], [0.8225569620253164, 0.43679746835443034, 0.8567341772151897, 0.4811012658227848], [0.9023037974683543, 0.42413924050632906, 0.9440759493670886, 0.47730379746835444], [0.9592658227848101, 0.46464556962025316, 0.9997721518987341, 0.53426582278481]], "class": 13}