{"image": "56394d50-759d-11ee-841a-fcb3bc5cd112.jpg", "bboxes": [[0.11831645569620242, 0.4235696202531645, 0.16894936708860742, 0.4767341772151899], [0.036037974683544194, 0.3653417721518987, 0.07781012658227837, 0.41217721518987344], [0.0714810126582277, 0.37167088607594934, 0.11705063291139228, 0.4109113924050633], [0.16135443037974662, 0.46407594936708857, 0.22084810126582266, 0.5298987341772151], [0.21578481012658224, 0.4666075949367089, 0.2765443037974683, 0.5349620253164556], [0.36388607594936684, 0.3400253164556962, 0.3967974683544303, 0.38053164556962027], [0.4208481012658226, 0.38053164556962027, 0.4626202531645568, 0.43243037974683546], [0.45755696202531637, 0.38179746835443035, 0.49173417721518975, 0.4261012658227848], [0.5373037974683543, 0.36913924050632907, 0.5790759493670885, 0.42230379746835445], [0.5942658227848101, 0.40964556962025317, 0.6347721518987341, 0.4792658227848101], [0.6512278481012658, 0.40837974683544304, 0.7018607594936708, 0.4704050632911392], [0.7778101265822785, 0.33749367088607596, 0.8183164556962026, 0.37546835443037974], [0.703126582278481, 0.31344303797468354, 0.7284430379746836, 0.3412911392405063]], "class": 13}