{"image": "56394d50-759d-11ee-841a-fcb3bc5cd112.jpg", "bboxes": [[0.8932025316455697, 0.5644683544303797, 0.9261139240506332, 0.6049746835443037], [0.8273797468354432, 0.5125696202531645, 0.8691518987341774, 0.5644683544303797], [0.7982658227848102, 0.5188987341772152, 0.8324430379746837, 0.5632025316455697], [0.7109240506329114, 0.5226962025316455, 0.7526962025316457, 0.5758607594936709], [0.6552278481012659, 0.46573417721518995, 0.6957341772151899, 0.5353544303797468], [0.5881392405063292, 0.47459493670886077, 0.6387721518987343, 0.536620253164557], [0.4716835443037975, 0.5695316455696202, 0.5121898734177215, 0.607506329113924], [0.5615569620253165, 0.6037088607594937, 0.586873417721519, 0.6315569620253165]], "class": 8}