{"image": "56394d50-759d-11ee-841a-fcb3bc5cd112.jpg", "bboxes": [[0.7970506329113926, 0.4855696202531645, 0.8476835443037976, 0.5387341772151899], [0.8881898734177216, 0.4273417721518987, 0.9299620253164558, 0.47417721518987344], [0.8489493670886077, 0.43367088607594934, 0.8945189873417724, 0.4729113924050633], [0.7451518987341774, 0.5260759493670886, 0.8046455696202534, 0.5918987341772152], [0.6894556962025318, 0.528607594936709, 0.7502151898734177, 0.5969620253164557], [0.5692025316455697, 0.4020253164556962, 0.6021139240506331, 0.44253164556962027], [0.5033797468354433, 0.44253164556962027, 0.5451518987341774, 0.49443037974683546], [0.4742658227848102, 0.44379746835443035, 0.5084430379746836, 0.4881012658227848], [0.3869240506329114, 0.43113924050632907, 0.42869620253164564, 0.48430379746835445], [0.3312278481012659, 0.47164556962025317, 0.3717341772151899, 0.5412658227848101], [0.2641392405063292, 0.47037974683544304, 0.31477215189873425, 0.5324050632911392], [0.1476835443037975, 0.39949367088607596, 0.1881898734177215, 0.43746835443037974], [0.23755696202531645, 0.37544303797468354, 0.262873417721519, 0.4032911392405063]], "class": 13}