{"image": "56394d50-759d-11ee-841a-fcb3bc5cd112.jpg", "bboxes": [[0.30731645569620236, 0.4255696202531645, 0.3579493670886075, 0.4787341772151899], [0.22503797468354425, 0.3673417721518987, 0.2668101265822783, 0.41417721518987344], [0.26048101265822765, 0.37367088607594934, 0.30605063291139234, 0.4129113924050633], [0.3503544303797467, 0.46607594936708857, 0.4098481012658226, 0.5318987341772151], [0.4047848101265822, 0.4686075949367089, 0.46554430379746825, 0.5369620253164556], [0.5528860759493668, 0.3420253164556962, 0.5857974683544303, 0.38253164556962027], [0.6098481012658226, 0.38253164556962027, 0.6516202531645567, 0.43443037974683546], [0.6465569620253164, 0.38379746835443035, 0.6807341772151898, 0.4281012658227848], [0.7263037974683544, 0.37113924050632907, 0.7680759493670886, 0.42430379746835445], [0.7832658227848102, 0.41164556962025317, 0.8237721518987342, 0.4812658227848101], [0.8402278481012657, 0.41037974683544304, 0.8908607594936708, 0.4724050632911392], [0.9668101265822785, 0.33949367088607596, 1.0, 0.37746835443037974], [0.892126582278481, 0.31544303797468354, 0.9174430379746835, 0.3432911392405063]], "class": 13}