{"image": "56394d50-759d-11ee-841a-fcb3bc5cd112.jpg", "bboxes": [[0.3643164556962024, 0.45856962025316456, 0.4149493670886074, 0.5117341772151899], [0.2820379746835442, 0.40034177215189876, 0.32381012658227837, 0.4471772151898734], [0.3174810126582277, 0.40667088607594937, 0.3630506329113923, 0.4459113924050633], [0.4073544303797466, 0.4990759493670886, 0.46684810126582266, 0.5648987341772151], [0.46178481012658223, 0.5016075949367089, 0.5225443037974683, 0.5699620253164557], [0.6098860759493668, 0.3750253164556962, 0.6427974683544303, 0.41553164556962024], [0.6668481012658226, 0.41553164556962024, 0.7086202531645567, 0.46743037974683543], [0.7035569620253164, 0.4167974683544303, 0.7377341772151897, 0.4611012658227848], [0.7833037974683543, 0.4041392405063291, 0.8250759493670886, 0.4573037974683544], [0.8402658227848101, 0.4446455696202532, 0.8807721518987341, 0.5142658227848101], [0.8972278481012658, 0.443379746835443, 0.9478607594936708, 0.5054050632911392], [0.949126582278481, 0.3484430379746835, 0.9744430379746836, 0.37629113924050633]], "class": 12}