{"image": "56394d50-759d-11ee-841a-fcb3bc5cd112.jpg", "bboxes": [[0.7480506329113925, 0.4862658227848101, 0.7986835443037976, 0.5394303797468354], [0.8391898734177217, 0.5508227848101266, 0.8809620253164557, 0.5976582278481013], [0.7999493670886076, 0.5520886075949367, 0.8455189873417723, 0.5913291139240506], [0.6961518987341774, 0.43310126582278485, 0.7556455696202533, 0.49892405063291145], [0.6404556962025317, 0.4280379746835443, 0.7012151898734178, 0.4963924050632911], [0.5202025316455697, 0.5824683544303797, 0.5531139240506332, 0.6229746835443037], [0.45437974683544324, 0.5305696202531646, 0.4961518987341774, 0.5824683544303797], [0.42526582278481023, 0.5368987341772152, 0.45944303797468367, 0.5812025316455697], [0.3379240506329114, 0.5406962025316455, 0.37969620253164565, 0.5938607594936709], [0.2822278481012659, 0.48373417721518985, 0.3227341772151899, 0.5533544303797469], [0.2151392405063292, 0.4925949367088608, 0.26577215189873427, 0.554620253164557], [0.09868354430379747, 0.5875316455696202, 0.13918987341772152, 0.625506329113924], [0.18855696202531647, 0.6217088607594936, 0.213873417721519, 0.6495569620253165]], "class": 13}