{"image": "56394d50-759d-11ee-841a-fcb3bc5cd112.jpg", "bboxes": [[0.0, 0.5738987341772153, 0.0017341772151897583, 0.6182025316455697], [0.047303797468354336, 0.5776962025316456, 0.08907594936708862, 0.6308607594936709], [0.10426582278481011, 0.5207341772151899, 0.14477215189873416, 0.5903544303797468], [0.16122784810126578, 0.5295949367088608, 0.21186075949367078, 0.5916202531645569], [0.28781012658227845, 0.6245316455696203, 0.3283164556962025, 0.662506329113924], [0.21312658227848102, 0.6587088607594938, 0.23844303797468358, 0.6865569620253165]], "class": 6}