{"image": "573d73ea-759b-11ee-bef9-fcb3bc5cd112.jpg", "bboxes": [[0.7384430379746834, 0.46330379746835443, 0.7903417721518987, 0.5253291139240506], [0.782746835443038, 0.46836708860759496, 0.8308481012658228, 0.5227974683544304]], "class": 2}