{"image": "573d73ea-759b-11ee-bef9-fcb3bc5cd112.jpg", "bboxes": [[0.7644430379746834, 0.44630379746835447, 0.8163417721518986, 0.5083291139240506], [0.808746835443038, 0.45136708860759495, 0.8568481012658227, 0.5057974683544304]], "class": 2}