{"image": "573d73ea-759b-11ee-bef9-fcb3bc5cd112.jpg", "bboxes": [[0.19744303797468343, 0.5016708860759493, 0.24934177215189868, 0.5636962025316455], [0.241746835443038, 0.5042025316455696, 0.2898481012658227, 0.5586329113924051]], "class": 2}