{"image": "573d73ea-759b-11ee-bef9-fcb3bc5cd112.jpg", "bboxes": [[0.9066582278481014, 0.5046708860759495, 0.9585569620253166, 0.5666962025316455], [0.8661518987341773, 0.5072025316455696, 0.914253164556962, 0.561632911392405]], "class": 2}