{"image": "573d73ea-759b-11ee-bef9-fcb3bc5cd112.jpg", "bboxes": [[0.02965822784810132, 0.47567088607594943, 0.08155696202531658, 0.5376962025316456], [0.0, 0.4782025316455696, 0.037253164556962017, 0.5326329113924051]], "class": 2}