{"image": "573d73ea-759b-11ee-bef9-fcb3bc5cd112.jpg", "bboxes": [[0.4344430379746834, 0.48030379746835444, 0.48634177215189867, 0.5423291139240506], [0.478746835443038, 0.485367088607595, 0.5268481012658227, 0.5397974683544304]], "class": 2}