{"image": "573d73ea-759b-11ee-bef9-fcb3bc5cd112.jpg", "bboxes": [[0.48744303797468347, 0.4726708860759494, 0.5393417721518987, 0.5346962025316455], [0.5317468354430379, 0.4752025316455696, 0.5798481012658228, 0.529632911392405]], "class": 2}