{"image": "573d73ea-759b-11ee-bef9-fcb3bc5cd112.jpg", "bboxes": [[0.8474430379746835, 0.48467088607594944, 0.8993417721518987, 0.5466962025316455], [0.891746835443038, 0.4872025316455696, 0.9398481012658227, 0.541632911392405]], "class": 2}