{"image": "573d73ea-759b-11ee-bef9-fcb3bc5cd112.jpg", "bboxes": [[0.5194430379746835, 0.4613037974683544, 0.5713417721518987, 0.5233291139240506], [0.5637468354430379, 0.46636708860759496, 0.6118481012658228, 0.5207974683544304]], "class": 2}