{"image": "573d73ea-759b-11ee-bef9-fcb3bc5cd112.jpg", "bboxes": [[0.6296582278481013, 0.5176708860759494, 0.6815569620253166, 0.5796962025316456], [0.5891518987341773, 0.5202025316455696, 0.637253164556962, 0.574632911392405]], "class": 2}