{"image": "573d73ea-759b-11ee-bef9-fcb3bc5cd112.jpg", "bboxes": [[0.011658227848101319, 0.48067088607594943, 0.06355696202531658, 0.5426962025316455], [0.0, 0.4832025316455696, 0.019253164556962018, 0.537632911392405]], "class": 2}