{"image": "573d73ea-759b-11ee-bef9-fcb3bc5cd112.jpg", "bboxes": [[0.49944303797468337, 0.44430379746835447, 0.5513417721518987, 0.5063291139240506], [0.5437468354430379, 0.44936708860759494, 0.5918481012658228, 0.5037974683544304]], "class": 2}