{"image": "573d73ea-759b-11ee-bef9-fcb3bc5cd112.jpg", "bboxes": [[0.004658227848101319, 0.5126708860759495, 0.05655696202531658, 0.5746962025316456], [0.0, 0.5152025316455696, 0.01225316455696202, 0.569632911392405]], "class": 2}