{"image": "573d73ea-759b-11ee-bef9-fcb3bc5cd112.jpg", "bboxes": [[0.1756582278481013, 0.47667088607594943, 0.22755696202531658, 0.5386962025316455], [0.13515189873417727, 0.4792025316455696, 0.18325316455696203, 0.533632911392405]], "class": 2}