{"image": "573d73ea-759b-11ee-bef9-fcb3bc5cd112.jpg", "bboxes": [[0.24165822784810131, 0.46730379746835443, 0.29355696202531656, 0.5293291139240506], [0.20115189873417727, 0.47236708860759496, 0.24925316455696203, 0.5267974683544304]], "class": 2}