{"image": "58489e33-759d-11ee-9267-fcb3bc5cd112.jpg", "bboxes": [[0.37564556962025336, 0.7315189873417721, 0.47184810126582283, 0.8213924050632911], [0.2933670886075952, 0.7264556962025316, 0.38703797468354445, 0.8353164556962025], [0.6427341772151899, 0.5745569620253165, 0.7174177215189875, 0.6467088607594936], [0.5857721518987343, 0.5834177215189874, 0.6553924050632913, 0.6543037974683543], [0.0, 0.5910126582278482, 0.030075949367088697, 0.6606329113924051], [0.09589873417721538, 0.5429113924050633, 0.132607594936709, 0.5948101265822785], [0.047797468354430404, 0.540379746835443, 0.09843037974683556, 0.5884810126582278]], "class": 7}