{"image": "58489e33-759d-11ee-9267-fcb3bc5cd112.jpg", "bboxes": [[0.7246455696202534, 0.6885189873417721, 0.8208481012658229, 0.7783924050632911], [0.6423670886075952, 0.6834556962025317, 0.7360379746835445, 0.7923164556962026], [0.9917341772151899, 0.5315569620253164, 1.0, 0.6037088607594936], [0.9347721518987344, 0.5404177215189874, 1.0, 0.6113037974683543], [0.323379746835443, 0.5480126582278482, 0.3790759493670887, 0.6176329113924051], [0.44489873417721537, 0.4999113924050632, 0.481607594936709, 0.5518101265822785], [0.3967974683544304, 0.497379746835443, 0.4474303797468356, 0.5454810126582279], [0.2638860759493672, 0.5442151898734177, 0.32970886075949374, 0.6125696202531645], [0.17148101265822788, 0.5556075949367089, 0.21705063291139243, 0.6113037974683543], [0.12717721518987343, 0.5556075949367089, 0.17527848101265828, 0.6176329113924051], [0.05502531645569627, 0.626493670886076, 0.12464556962025324, 0.7239620253164557], [0.0, 0.6315569620253164, 0.027177215189873438, 0.7214303797468354]], "class": 12}