{"image": "58489e33-759d-11ee-9267-fcb3bc5cd112.jpg", "bboxes": [[0.3411518987341772, 0.6915189873417721, 0.43735443037974664, 0.7813924050632911], [0.42596202531645555, 0.6864556962025317, 0.5196329113924048, 0.7953164556962026], [0.09558227848101253, 0.5345569620253164, 0.17026582278481006, 0.6067088607594936], [0.15760759493670862, 0.5434177215189874, 0.22722784810126562, 0.6143037974683543], [0.7829240506329114, 0.5510126582278482, 0.838620253164557, 0.6206329113924051], [0.680392405063291, 0.5029113924050632, 0.7171012658227847, 0.5548101265822785], [0.7145696202531644, 0.5003797468354431, 0.7652025316455696, 0.5484810126582279], [0.8322911392405062, 0.5472151898734177, 0.8981139240506328, 0.6155696202531645], [0.9449493670886076, 0.5586075949367089, 0.9905189873417721, 0.6143037974683543], [0.9867215189873417, 0.5586075949367089, 1.0, 0.6206329113924051]], "class": 10}