{"image": "58489e33-759d-11ee-9267-fcb3bc5cd112.jpg", "bboxes": [[0.7176455696202534, 0.2196075949367089, 0.8138481012658229, 0.3094810126582279], [0.6353670886075952, 0.20568354430379743, 0.7290379746835445, 0.31454430379746834], [0.9847341772151899, 0.3942911392405064, 1.0, 0.46644303797468356], [0.9277721518987344, 0.3866962025316457, 0.9973924050632913, 0.4575822784810126], [0.316379746835443, 0.38036708860759494, 0.3720759493670887, 0.4499873417721518], [0.43789873417721537, 0.44618987341772154, 0.474607594936709, 0.4980886075949368], [0.3897974683544304, 0.4525189873417721, 0.4404303797468356, 0.5006202531645569], [0.2568860759493672, 0.38543037974683547, 0.32270886075949373, 0.45378481012658234], [0.16448101265822787, 0.3866962025316457, 0.21005063291139242, 0.44239240506329114], [0.12017721518987344, 0.38036708860759494, 0.1682784810126583, 0.44239240506329114], [0.04802531645569627, 0.2740379746835443, 0.11764556962025324, 0.371506329113924], [0.0, 0.27656962025316456, 0.020177215189873435, 0.3664430379746836]], "class": 12}