{"image": "58489e33-759d-11ee-9267-fcb3bc5cd112.jpg", "bboxes": [[0.1251518987341772, 0.17860759493670886, 0.22135443037974667, 0.2684810126582279], [0.20996202531645558, 0.1646835443037975, 0.3036329113924048, 0.2735443037974684], [0.0, 0.3456962025316457, 0.011227848101265647, 0.4165822784810126], [0.5669240506329113, 0.3393670886075949, 0.622620253164557, 0.4089873417721518], [0.46439240506329105, 0.4051898734177215, 0.5011012658227847, 0.45708860759493675], [0.4985696202531644, 0.41151898734177217, 0.5492025316455695, 0.459620253164557], [0.6162911392405063, 0.34443037974683544, 0.6821139240506329, 0.4127848101265823], [0.7289493670886076, 0.3456962025316457, 0.7745189873417722, 0.4013924050632911], [0.7707215189873418, 0.3393670886075949, 0.8188227848101266, 0.4013924050632911], [0.8213544303797468, 0.23303797468354437, 0.8909746835443038, 0.3305063291139241], [0.9188227848101266, 0.23556962025316452, 0.9884430379746836, 0.32544303797468355]], "class": 11}