{"image": "58489e33-759d-11ee-9267-fcb3bc5cd112.jpg", "bboxes": [[0.30715189873417714, 0.6825189873417721, 0.4033544303797466, 0.7723924050632911], [0.3919620253164555, 0.6774556962025317, 0.48563291139240483, 0.7863164556962026], [0.0615822784810125, 0.5255569620253164, 0.13626582278481014, 0.5977088607594936], [0.1236075949367087, 0.5344177215189874, 0.1932278481012656, 0.6053037974683544], [0.7489240506329113, 0.5420126582278482, 0.804620253164557, 0.611632911392405], [0.646392405063291, 0.4939113924050632, 0.6831012658227846, 0.5458101265822785], [0.6805696202531644, 0.49137974683544305, 0.7312025316455696, 0.5394810126582279], [0.7982911392405063, 0.5382151898734177, 0.8641139240506328, 0.6065696202531645], [0.9109493670886075, 0.5496075949367089, 0.9565189873417721, 0.6053037974683544], [0.9527215189873417, 0.5496075949367089, 1.0, 0.611632911392405]], "class": 10}