{"image": "58489e33-759d-11ee-9267-fcb3bc5cd112.jpg", "bboxes": [[0.2601518987341772, 0.18260759493670886, 0.3563544303797467, 0.2724810126582279], [0.3449620253164556, 0.1686835443037975, 0.4386329113924048, 0.2775443037974684], [0.014582278481012456, 0.3572911392405064, 0.0892658227848101, 0.42944303797468353], [0.07660759493670866, 0.3496962025316457, 0.14622784810126566, 0.4205822784810126], [0.7019240506329113, 0.3433670886075949, 0.757620253164557, 0.4129873417721518], [0.5993924050632911, 0.4091898734177215, 0.6361012658227847, 0.46108860759493675], [0.6335696202531644, 0.4155189873417722, 0.6842025316455695, 0.463620253164557], [0.7512911392405063, 0.34843037974683544, 0.8171139240506329, 0.4167848101265823], [0.8639493670886076, 0.3496962025316457, 0.9095189873417722, 0.4053924050632911], [0.9057215189873418, 0.3433670886075949, 0.9538227848101266, 0.4053924050632911], [0.9563544303797468, 0.23703797468354437, 1.0, 0.3345063291139241]], "class": 11}