{"image": "58489e33-759d-11ee-9267-fcb3bc5cd112.jpg", "bboxes": [[0.9626455696202534, 0.15960759493670884, 1.0, 0.24948101265822786], [0.8803670886075952, 0.14568354430379749, 0.9740379746835445, 0.2545443037974684], [0.561379746835443, 0.320367088607595, 0.6170759493670886, 0.3899873417721518], [0.6828987341772154, 0.3861898734177215, 0.719607594936709, 0.43808860759493673], [0.6347974683544304, 0.39251898734177215, 0.6854303797468355, 0.440620253164557], [0.5018860759493672, 0.3254303797468354, 0.5677088607594938, 0.3937848101265823], [0.4094810126582279, 0.32669620253164566, 0.4550506329113924, 0.3823924050632911], [0.36517721518987345, 0.320367088607595, 0.4132784810126583, 0.3823924050632911], [0.2930253164556963, 0.21403797468354435, 0.36264556962025324, 0.31150632911392406], [0.19555696202531647, 0.2165696202531645, 0.2651772151898734, 0.30644303797468353]], "class": 10}