{"image": "58489e33-759d-11ee-9267-fcb3bc5cd112.jpg", "bboxes": [[0.12392405063291134, 0.5990126582278482, 0.179620253164557, 0.668632911392405], [0.021392405063290987, 0.5509113924050633, 0.05810126582278463, 0.6028101265822785], [0.055569620253164476, 0.548379746835443, 0.10620253164556959, 0.5964810126582278], [0.1732911392405062, 0.5952151898734177, 0.2391139240506328, 0.6635696202531646], [0.2859493670886075, 0.6066075949367089, 0.3315189873417721, 0.6623037974683543], [0.3277215189873417, 0.6066075949367089, 0.37582278481012654, 0.668632911392405], [0.3783544303797468, 0.6774936708860759, 0.4479746835443037, 0.7749620253164556], [0.4758227848101265, 0.6825569620253165, 0.5454430379746835, 0.7724303797468355]], "class": 8}