{"image": "58489e33-759d-11ee-9267-fcb3bc5cd112.jpg", "bboxes": [[0.7376455696202534, 0.20160759493670888, 0.8338481012658229, 0.2914810126582279], [0.6553670886075952, 0.18768354430379752, 0.7490379746835445, 0.29654430379746843], [0.9477721518987343, 0.3686962025316457, 1.0, 0.4395822784810126], [0.336379746835443, 0.3623670886075949, 0.39207594936708867, 0.4319873417721518], [0.4578987341772154, 0.4281898734177215, 0.494607594936709, 0.48008860759493677], [0.4097974683544304, 0.4345189873417721, 0.4604303797468356, 0.4826202531645569], [0.2768860759493672, 0.36743037974683546, 0.34270886075949375, 0.4357848101265823], [0.1844810126582279, 0.3686962025316457, 0.23005063291139244, 0.4243924050632911], [0.14017721518987344, 0.3623670886075949, 0.1882784810126583, 0.4243924050632911], [0.06802531645569627, 0.2560379746835444, 0.13764556962025323, 0.353506329113924], [0.0, 0.25856962025316454, 0.04017721518987344, 0.34844303797468357]], "class": 11}