{"image": "59988350-759e-11ee-bb12-fcb3bc5cd112.jpg", "bboxes": [[0.5690759493670886, 0.4677088607594937, 0.6057848101265821, 0.5044177215189873], [0.5994556962025316, 0.47024050632911396, 0.6424936708860758, 0.5132784810126582], [0.24375949367088579, 0.44365822784810127, 0.27540506329113934, 0.47024050632911396], [0.2678101265822783, 0.44365822784810127, 0.30451898734177185, 0.47530379746835444], [0.7551518987341772, 0.4183417721518987, 0.7829999999999999, 0.4537848101265823], [0.7804683544303797, 0.4246708860759493, 0.813379746835443, 0.4525189873417721], [0.6475569620253163, 0.4044177215189873, 0.6703417721518987, 0.43226582278481007], [0.6690759493670886, 0.4082151898734177, 0.693126582278481, 0.42973417721518986], [0.5133797468354431, 0.4056835443037975, 0.5424936708860759, 0.43226582278481007], [0.5399620253164557, 0.4082151898734177, 0.5665443037974682, 0.43353164556962026], [0.362746835443038, 0.4018860759493671, 0.383, 0.41960759493670885], [0.38806329113924054, 0.3980886075949367, 0.41211392405063285, 0.4259367088607595], [0.4564177215189873, 0.3930253164556962, 0.48173417721518974, 0.41960759493670885], [0.4766708860759493, 0.3917594936708861, 0.5019873417721519, 0.420873417721519], [0.8462911392405063, 0.40062025316455696, 0.8640126582278481, 0.41960759493670885], [0.8640126582278481, 0.3993544303797468, 0.8792025316455695, 0.42213924050632906]], "class": 16}