{"image": "59988350-759e-11ee-bb12-fcb3bc5cd112.jpg", "bboxes": [[0.9331392405063293, 0.38767088607594935, 0.9825063291139242, 0.463620253164557], [0.8723797468354433, 0.38387341772151895, 0.9420000000000003, 0.4661518987341773], [0.2495949367088607, 0.5547594936708861, 0.2812405063291142, 0.5813417721518988], [0.22048101265822811, 0.5496962025316455, 0.25718987341772165, 0.5813417721518988], [0.0, 0.59273417721519, 0.011620253164556971, 0.6193164556962025], [0.142, 0.6053924050632912, 0.162253164556962, 0.6231139240506329], [0.11288607594936718, 0.5990632911392405, 0.13693670886075948, 0.6269113924050633], [0.04326582278481021, 0.6053924050632912, 0.06858227848101274, 0.6319746835443039], [0.023012658227848194, 0.6041265822784809, 0.04832911392405072, 0.633240506329114]], "class": 9}