{"image": "59988350-759e-11ee-bb12-fcb3bc5cd112.jpg", "bboxes": [[0.5750759493670885, 0.48958227848101266, 0.6117848101265821, 0.5262911392405063], [0.6054556962025316, 0.48072151898734183, 0.6484936708860758, 0.523759493670886], [0.2497594936708858, 0.523759493670886, 0.28140506329113935, 0.5503417721518987], [0.2738101265822783, 0.5186962025316455, 0.31051898734177186, 0.5503417721518987], [0.7611518987341772, 0.5402151898734178, 0.7889999999999999, 0.5756582278481013], [0.7864683544303797, 0.5414810126582279, 0.819379746835443, 0.5693291139240506], [0.6535569620253163, 0.5617341772151899, 0.6763417721518987, 0.5895822784810127], [0.6750759493670886, 0.5642658227848101, 0.699126582278481, 0.5857848101265823], [0.5193797468354431, 0.5617341772151899, 0.5484936708860759, 0.5883164556962025], [0.5459620253164557, 0.5604683544303797, 0.5725443037974682, 0.5857848101265823], [0.368746835443038, 0.5743924050632911, 0.389, 0.592113924050633], [0.39406329113924055, 0.5680632911392405, 0.41811392405063286, 0.5959113924050633], [0.4624177215189873, 0.5743924050632911, 0.48773417721518975, 0.6009746835443037], [0.4826708860759493, 0.573126582278481, 0.5079873417721519, 0.602240506329114], [0.8522911392405063, 0.5743924050632911, 0.870012658227848, 0.593379746835443], [0.870012658227848, 0.5718607594936709, 0.8852025316455695, 0.5946455696202532]], "class": 16}