{"image": "59988350-759e-11ee-bb12-fcb3bc5cd112.jpg", "bboxes": [[0.6820759493670886, 0.4767088607594937, 0.7187848101265822, 0.5134177215189873], [0.7124556962025317, 0.47924050632911397, 0.7554936708860759, 0.5222784810126582], [0.3567594936708859, 0.4526582278481013, 0.38840506329113933, 0.47924050632911397], [0.3808101265822784, 0.4526582278481013, 0.41751898734177184, 0.48430379746835445], [0.8681518987341772, 0.4273417721518987, 0.8959999999999999, 0.4627848101265823], [0.8934683544303796, 0.43367088607594934, 0.926379746835443, 0.4615189873417721], [0.7605569620253163, 0.4134177215189873, 0.7833417721518987, 0.4412658227848101], [0.7820759493670886, 0.4172151898734177, 0.806126582278481, 0.43873417721518987], [0.6263797468354431, 0.4146835443037975, 0.6554936708860759, 0.4412658227848101], [0.6529620253164556, 0.4172151898734177, 0.6795443037974682, 0.44253164556962027], [0.475746835443038, 0.41088607594936705, 0.496, 0.42860759493670886], [0.5010632911392405, 0.4070886075949367, 0.5251139240506328, 0.43493670886075947], [0.5694177215189873, 0.4020253164556962, 0.5947341772151897, 0.42860759493670886], [0.5896708860759493, 0.40075949367088604, 0.6149873417721519, 0.429873417721519], [0.9592911392405062, 0.40962025316455697, 0.9770126582278481, 0.42860759493670886], [0.9770126582278481, 0.40835443037974684, 0.9922025316455695, 0.43113924050632907]], "class": 16}