{"image": "59988350-759e-11ee-bb12-fcb3bc5cd112.jpg", "bboxes": [[0.006493670886075775, 0.4146708860759494, 0.05586075949367064, 0.49062025316455693], [0.04699999999999982, 0.410873417721519, 0.11662025316455671, 0.4931518987341773], [0.7077594936708858, 0.5817594936708861, 0.7394050632911393, 0.6083417721518987], [0.7318101265822784, 0.5766962025316456, 0.7685189873417719, 0.6083417721518987], [0.977379746835443, 0.6197341772151899, 1.0, 0.6463164556962026], [0.826746835443038, 0.6323924050632912, 0.847, 0.650113924050633], [0.8520632911392405, 0.6260632911392405, 0.8761139240506328, 0.6539113924050632], [0.9204177215189873, 0.6323924050632912, 0.9457341772151898, 0.6589746835443038], [0.9406708860759493, 0.6311265822784811, 0.9659873417721518, 0.6602405063291139]], "class": 9}