{"image": "59988350-759e-11ee-bb12-fcb3bc5cd112.jpg", "bboxes": [[0.48207594936708853, 0.4737088607594937, 0.5187848101265822, 0.5104177215189873], [0.5124556962025316, 0.47624050632911397, 0.5554936708860758, 0.5192784810126582], [0.15675949367088582, 0.4496582278481013, 0.18840506329113926, 0.47624050632911397], [0.18081012658227835, 0.4496582278481013, 0.21751898734177189, 0.48130379746835444], [0.6681518987341772, 0.4243417721518987, 0.696, 0.4597848101265823], [0.6934683544303797, 0.43067088607594933, 0.726379746835443, 0.4585189873417721], [0.5605569620253164, 0.4104177215189873, 0.5833417721518988, 0.4382658227848101], [0.5820759493670886, 0.4142151898734177, 0.6061265822784809, 0.43573417721518987], [0.426379746835443, 0.4116835443037975, 0.45549367088607584, 0.4382658227848101], [0.4529620253164557, 0.4142151898734177, 0.47954430379746826, 0.43953164556962027], [0.275746835443038, 0.40788607594936704, 0.29600000000000004, 0.42560759493670886], [0.30106329113924046, 0.4040886075949367, 0.3251139240506328, 0.4319367088607595], [0.3694177215189872, 0.3990253164556962, 0.3947341772151898, 0.42560759493670886], [0.38967088607594924, 0.39775949367088603, 0.4149873417721518, 0.426873417721519], [0.7592911392405063, 0.40662025316455697, 0.777012658227848, 0.42560759493670886], [0.777012658227848, 0.40535443037974683, 0.7922025316455694, 0.42813924050632907]], "class": 16}