{"image": "59988350-759e-11ee-bb12-fcb3bc5cd112.jpg", "bboxes": [[0.4862151898734178, 0.4567088607594937, 0.5229240506329114, 0.4934177215189874], [0.44950632911392413, 0.45924050632911395, 0.4925443037974684, 0.5022784810126582], [0.8165949367088607, 0.43265822784810126, 0.8482405063291142, 0.45924050632911395], [0.7874810126582281, 0.43265822784810126, 0.8241898734177217, 0.46430379746835443], [0.3090000000000001, 0.40734177215189876, 0.3368481012658228, 0.4427848101265823], [0.27862025316455696, 0.4136708860759493, 0.3115316455696203, 0.44151898734177214], [0.4216582278481013, 0.3934177215189873, 0.44444303797468365, 0.4212658227848101], [0.39887341772151896, 0.39721518987341775, 0.42292405063291144, 0.41873417721518985], [0.5495063291139242, 0.3946835443037975, 0.578620253164557, 0.4212658227848101], [0.5254556962025317, 0.39721518987341775, 0.5520379746835443, 0.42253164556962025], [0.709, 0.3908860759493671, 0.729253164556962, 0.40860759493670884], [0.6798860759493672, 0.38708860759493674, 0.7039367088607595, 0.4149367088607595], [0.6102658227848102, 0.3820253164556962, 0.6355822784810128, 0.40860759493670884], [0.5900126582278482, 0.3807594936708861, 0.6153291139240508, 0.409873417721519], [0.2279873417721519, 0.38962025316455695, 0.24570886075949375, 0.40860759493670884], [0.21279746835443053, 0.3883544303797468, 0.2279873417721519, 0.4111392405063291]], "class": 16}