{"image": "59988350-759e-11ee-bb12-fcb3bc5cd112.jpg", "bboxes": [[0.2722151898734178, 0.49958227848101266, 0.3089240506329114, 0.5362911392405063], [0.23550632911392416, 0.49072151898734184, 0.27854430379746836, 0.533759493670886], [0.6025949367088607, 0.533759493670886, 0.6342405063291142, 0.5603417721518987], [0.5734810126582282, 0.5286962025316455, 0.6101898734177216, 0.5603417721518987], [0.09500000000000011, 0.5502151898734178, 0.12284810126582284, 0.5856582278481013], [0.06462025316455697, 0.5514810126582279, 0.09753164556962031, 0.5793291139240506], [0.2076582278481013, 0.5717341772151898, 0.23044303797468366, 0.5995822784810128], [0.184873417721519, 0.5742658227848101, 0.20892405063291142, 0.5957848101265824], [0.33550632911392414, 0.5717341772151898, 0.364620253164557, 0.5983164556962025], [0.3114556962025317, 0.5704683544303797, 0.33803797468354435, 0.5957848101265824], [0.495, 0.5843924050632912, 0.515253164556962, 0.6021139240506329], [0.4658860759493672, 0.5780632911392405, 0.4899367088607595, 0.6059113924050633], [0.3962658227848102, 0.5843924050632912, 0.42158227848101276, 0.6109746835443037], [0.3760126582278482, 0.583126582278481, 0.40132911392405074, 0.6122405063291139], [0.013987341772151923, 0.5843924050632912, 0.031708860759493744, 0.603379746835443], [0.0, 0.5818607594936709, 0.013987341772151923, 0.6046455696202532]], "class": 16}