{"image": "5aaf2ad0-6b42-11ee-b7c2-fcb3bc5cd112.jpg", "bboxes": [[0.6781707317073171, 0.5467317073170732, 0.7745121951219514, 0.6638048780487805], [0.5952439024390244, 0.5430731707317072, 0.6732926829268293, 0.6540487804878049]], "class": 2}