{"image": "5aaf2ad0-6b42-11ee-b7c2-fcb3bc5cd112.jpg", "bboxes": [[0.2994878048780487, 0.3621951219512195, 0.39582926829268283, 0.4792682926829268], [0.40070731707317064, 0.3719512195121951, 0.4787560975609756, 0.4829268292682927]], "class": 2}