{"image": "5aaf2ad0-6b42-11ee-b7c2-fcb3bc5cd112.jpg", "bboxes": [[0.5931707317073172, 0.48873170731707316, 0.6895121951219513, 0.6058048780487805], [0.5102439024390244, 0.4850731707317073, 0.5882926829268293, 0.596048780487805]], "class": 2}