{"image": "5aaf2ad0-6b42-11ee-b7c2-fcb3bc5cd112.jpg", "bboxes": [[0.5154878048780487, 0.49073170731707316, 0.6118292682926829, 0.6078048780487805], [0.6167073170731707, 0.4870731707317073, 0.6947560975609757, 0.598048780487805]], "class": 2}