{"image": "5aaf2ad0-6b42-11ee-b7c2-fcb3bc5cd112.jpg", "bboxes": [[0.14317073170731714, 0.5507317073170732, 0.23951219512195132, 0.6678048780487804], [0.060243902439024395, 0.5470731707317072, 0.13829268292682934, 0.6580487804878049]], "class": 2}