{"image": "5aaf2ad0-6b42-11ee-b7c2-fcb3bc5cd112.jpg", "bboxes": [[0.6514878048780487, 0.49273170731707316, 0.7478292682926828, 0.6098048780487805], [0.7527073170731706, 0.4890731707317072, 0.8307560975609756, 0.600048780487805]], "class": 2}