{"image": "5aaf2ad0-6b42-11ee-b7c2-fcb3bc5cd112.jpg", "bboxes": [[0.6824878048780487, 0.49173170731707316, 0.7788292682926828, 0.6088048780487805], [0.7837073170731707, 0.4880731707317072, 0.8617560975609756, 0.5990487804878049]], "class": 2}