{"image": "5aaf2ad0-6b42-11ee-b7c2-fcb3bc5cd112.jpg", "bboxes": [[0.6204878048780487, 0.3471951219512195, 0.7168292682926829, 0.4642682926829268], [0.7217073170731707, 0.3569512195121951, 0.7997560975609757, 0.46792682926829277]], "class": 2}