{"image": "5aaf2ad0-6b42-11ee-b7c2-fcb3bc5cd112.jpg", "bboxes": [[0.6034878048780487, 0.3561951219512195, 0.6998292682926829, 0.4732682926829268], [0.7047073170731706, 0.3659512195121951, 0.7827560975609756, 0.4769268292682928]], "class": 2}