{"image": "5aaf2ad0-6b42-11ee-b7c2-fcb3bc5cd112.jpg", "bboxes": [[0.37148780487804867, 0.3781951219512195, 0.4678292682926829, 0.4952682926829268], [0.4727073170731707, 0.38795121951219513, 0.5507560975609755, 0.49892682926829274]], "class": 2}