{"image": "5aaf2ad0-6b42-11ee-b7c2-fcb3bc5cd112.jpg", "bboxes": [[0.24517073170731715, 0.3771951219512195, 0.3415121951219513, 0.4942682926829268], [0.1622439024390244, 0.38695121951219513, 0.24029268292682934, 0.49792682926829274]], "class": 2}