{"image": "5aaf2ad0-6b42-11ee-b7c2-fcb3bc5cd112.jpg", "bboxes": [[0.7844878048780487, 0.3651951219512195, 0.8808292682926828, 0.4822682926829268], [0.8857073170731706, 0.3749512195121951, 0.9637560975609756, 0.4859268292682927]], "class": 2}