{"image": "5b5ed5da-759a-11ee-a728-fcb3bc5cd112.jpg", "bboxes": [[0.5894303797468355, 0.4192278481012659, 0.6501898734177216, 0.47618987341772157], [0.5400632911392406, 0.40150632911392403, 0.6109493670886077, 0.4546708860759494], [0.16411392405063316, 0.47998734177215197, 0.2261392405063293, 0.5280886075949367]], "class": 3}