{"image": "5b5ed5da-759a-11ee-a728-fcb3bc5cd112.jpg", "bboxes": [[0.8824303797468356, 0.4512278481012658, 0.9431898734177216, 0.5081898734177215], [0.8330632911392406, 0.43350632911392406, 0.9039493670886077, 0.48667088607594944], [0.45711392405063317, 0.5119873417721519, 0.5191392405063293, 0.5600886075949367]], "class": 3}