{"image": "5b5ed5da-759a-11ee-a728-fcb3bc5cd112.jpg", "bboxes": [[0.7471139240506331, 0.4179113924050633, 0.8091392405063293, 0.4660126582278481]], "class": 1}