{"image": "5b5ed5da-759a-11ee-a728-fcb3bc5cd112.jpg", "bboxes": [[0.8591139240506331, 0.522987341772152, 0.9211392405063293, 0.5710886075949367]], "class": 1}