{"image": "5b5ed5da-759a-11ee-a728-fcb3bc5cd112.jpg", "bboxes": [[0.6054303797468356, 0.48222784810126584, 0.6661898734177216, 0.5391898734177215], [0.5560632911392406, 0.4645063291139241, 0.6269493670886077, 0.5176708860759494], [0.18011392405063315, 0.5429873417721519, 0.24213924050632932, 0.5910886075949366]], "class": 3}