{"image": "5b5ed5da-759a-11ee-a728-fcb3bc5cd112.jpg", "bboxes": [[0.19886075949367066, 0.4709113924050633, 0.26088607594936686, 0.519012658227848]], "class": 1}