{"image": "5b5ed5da-759a-11ee-a728-fcb3bc5cd112.jpg", "bboxes": [[0.8794303797468356, 0.4768101265822785, 0.9401898734177216, 0.5337721518987342], [0.8300632911392406, 0.4983291139240506, 0.9009493670886077, 0.5514936708860759], [0.45411392405063317, 0.42491139240506326, 0.5161392405063293, 0.4730126582278481]], "class": 3}