{"image": "5b5ed5da-759a-11ee-a728-fcb3bc5cd112.jpg", "bboxes": [[0.29186075949367063, 0.43191139240506327, 0.35388607594936683, 0.48001265822784805]], "class": 1}