{"image": "5b5ed5da-759a-11ee-a728-fcb3bc5cd112.jpg", "bboxes": [[0.7851139240506332, 0.5269873417721519, 0.8471392405063293, 0.5750886075949367]], "class": 1}