{"image": "5b5ed5da-759a-11ee-a728-fcb3bc5cd112.jpg", "bboxes": [[0.13281012658227842, 0.4788101265822785, 0.19356962025316438, 0.5357721518987342], [0.17205063291139233, 0.5003291139240506, 0.24293670886075935, 0.5534936708860759], [0.5568607594936708, 0.42691139240506326, 0.6188860759493668, 0.4750126582278481]], "class": 3}