{"image": "5b5ed5da-759a-11ee-a728-fcb3bc5cd112.jpg", "bboxes": [[0.0, 0.4618101265822785, 0.03856962025316446, 0.5187721518987342], [0.017050632911392305, 0.4833291139240506, 0.08793670886075933, 0.5364936708860759], [0.4018607594936707, 0.4099113924050633, 0.4638860759493668, 0.4580126582278481]], "class": 3}