{"image": "5b5ed5da-759a-11ee-a728-fcb3bc5cd112.jpg", "bboxes": [[0.0, 0.5309873417721519, 0.004886075949366853, 0.5790886075949367]], "class": 1}