{"image": "5b5ed5da-759a-11ee-a728-fcb3bc5cd112.jpg", "bboxes": [[0.9794303797468356, 0.4738101265822785, 1.0, 0.5307721518987342], [0.9300632911392406, 0.4953291139240506, 1.0, 0.5484936708860759], [0.5541139240506332, 0.42191139240506326, 0.6161392405063293, 0.4700126582278481]], "class": 3}