{"image": "5b5ed5da-759a-11ee-a728-fcb3bc5cd112.jpg", "bboxes": [[0.8911139240506332, 0.492987341772152, 0.9531392405063294, 0.5410886075949367]], "class": 1}