{"image": "5b867b62-759e-11ee-993a-fcb3bc5cd112.jpg", "bboxes": [[0.04665822784810125, 0.41225316455696204, 0.09729113924050625, 0.4641518987341773], [0.09096202531645559, 0.41225316455696204, 0.1453924050632911, 0.46668354430379744], [0.3276708860759493, 0.3831392405063291, 0.3858987341772151, 0.4350379746835443], [0.37956962025316454, 0.36921518987341784, 0.43779746835443034, 0.4299746835443038], [0.5757721518987342, 0.46288607594936704, 0.6137468354430379, 0.5046582278481013], [0.6086835443037973, 0.4641518987341773, 0.6390632911392404, 0.4995949367088608], [0.3972911392405063, 0.5312405063291139, 0.4251392405063291, 0.5590886075949367], [0.4213417721518987, 0.5312405063291139, 0.4479240506329113, 0.5552911392405063], [0.2656455696202531, 0.5565569620253165, 0.29096202531645565, 0.5768101265822785], [0.28336708860759474, 0.5527594936708861, 0.3124810126582278, 0.5742784810126582], [0.23020253164556959, 0.5666835443037974, 0.25298734177215165, 0.5882025316455697], [0.16564556962025312, 0.5654177215189874, 0.19349367088607572, 0.5894683544303798], [0.18463291139240479, 0.5666835443037974, 0.2074177215189873, 0.5869367088607595], [0.486, 0.5339999999999999, 0.516, 0.5609999999999999], [0.51, 0.5329999999999999, 0.5329999999999999, 0.5609999999999999], [0.638, 0.5589999999999999, 0.6579999999999999, 0.577], [0.653, 0.5549999999999999, 0.673, 0.577], [0.6739999999999999, 0.519, 0.698, 0.544], [0.696, 0.519, 0.724, 0.5449999999999999], [0.727, 0.5609999999999999, 0.747, 0.5780000000000001]], "class": 20}