{"image": "5b867b62-759e-11ee-993a-fcb3bc5cd112.jpg", "bboxes": [[0.6816582278481012, 0.5218481012658227, 0.7322911392405063, 0.573746835443038], [0.7259620253164556, 0.5193164556962026, 0.7803924050632911, 0.573746835443038], [0.9626708860759493, 0.5509620253164557, 1.0, 0.6028607594936709], [0.9006455696202531, 0.4091898734177215, 0.9259620253164557, 0.42944303797468353], [0.9183670886075948, 0.4117215189873418, 0.9474810126582278, 0.43324050632911393], [0.8652025316455696, 0.39779746835443036, 0.8879873417721517, 0.4193164556962025], [0.8006455696202531, 0.39653164556962023, 0.8284936708860757, 0.4205822784810126], [0.8196329113924048, 0.3990632911392405, 0.8424177215189872, 0.4193164556962025]], "class": 8}