{"image": "5b867b62-759e-11ee-993a-fcb3bc5cd112.jpg", "bboxes": [[0.38970886075949374, 0.381253164556962, 0.4403417721518988, 0.43315189873417725], [0.3416075949367089, 0.381253164556962, 0.39603797468354446, 0.4356835443037975], [0.10110126582278485, 0.35213924050632905, 0.15932911392405072, 0.4040379746835443], [0.04920253164556971, 0.3382151898734178, 0.10743037974683546, 0.3989746835443039], [0.06186075949367091, 0.500240506329114, 0.08970886075949375, 0.5280886075949367], [0.0390759493670887, 0.500240506329114, 0.06565822784810132, 0.5242911392405063], [0.19603797468354434, 0.5255569620253164, 0.22135443037974686, 0.5458101265822786], [0.17451898734177224, 0.521759493670886, 0.20363291139240527, 0.5432784810126583], [0.2340126582278483, 0.5356835443037975, 0.2567974683544304, 0.5572025316455697], [0.29350632911392427, 0.5344177215189874, 0.32135443037974687, 0.5584683544303797], [0.27958227848101275, 0.5356835443037975, 0.3023670886075952, 0.5559367088607595], [0.0, 0.5029999999999999, 0.001, 0.53]], "class": 12}