{"image": "5b867b62-759e-11ee-993a-fcb3bc5cd112.jpg", "bboxes": [[0.47270886075949375, 0.45525316455696196, 0.5233417721518988, 0.5071518987341772], [0.4246075949367089, 0.45525316455696196, 0.4790379746835445, 0.5096835443037975], [0.18410126582278485, 0.4261392405063291, 0.2423291139240507, 0.47803797468354436], [0.1322025316455697, 0.41221518987341776, 0.19043037974683547, 0.47297468354430383], [0.14486075949367092, 0.5742405063291139, 0.17270886075949374, 0.6020886075949368], [0.1220759493670887, 0.5742405063291139, 0.14865822784810132, 0.5982911392405064], [0.27903797468354435, 0.5995569620253165, 0.30435443037974685, 0.6198101265822784], [0.25751898734177225, 0.5957594936708861, 0.28663291139240527, 0.6172784810126583], [0.3170126582278483, 0.6096835443037975, 0.3397974683544304, 0.6312025316455696], [0.3765063291139243, 0.6084177215189874, 0.4043544303797469, 0.6324683544303797], [0.3625822784810127, 0.6096835443037975, 0.38536708860759517, 0.6299367088607595], [0.054, 0.577, 0.084, 0.604], [0.037, 0.5760000000000001, 0.06, 0.604]], "class": 13}