{"image": "5b867b62-759e-11ee-993a-fcb3bc5cd112.jpg", "bboxes": [[0.6667088607594938, 0.42725316455696205, 0.7173417721518988, 0.4791518987341773], [0.6186075949367089, 0.42725316455696205, 0.6730379746835444, 0.48168354430379745], [0.37810126582278486, 0.3981392405063291, 0.4363291139240507, 0.45003797468354434], [0.3262025316455697, 0.38421518987341774, 0.38443037974683547, 0.4449746835443038], [0.15025316455696214, 0.47788607594936705, 0.18822784810126586, 0.5196582278481013], [0.1249367088607595, 0.4791518987341773, 0.15531645569620264, 0.5145949367088608], [0.3388607594936709, 0.5462405063291139, 0.36670886075949377, 0.5740886075949367], [0.3160759493670887, 0.5462405063291139, 0.3426582278481013, 0.5702911392405063], [0.47303797468354436, 0.5715569620253165, 0.49835443037974686, 0.5918101265822785], [0.4515189873417722, 0.5677594936708861, 0.48063291139240527, 0.5892784810126582], [0.5110126582278484, 0.5816835443037975, 0.5337974683544304, 0.6032025316455696], [0.5705063291139243, 0.5804177215189874, 0.5983544303797469, 0.6044683544303797], [0.5565822784810127, 0.5816835443037975, 0.5793670886075952, 0.6019367088607595], [0.248, 0.5489999999999999, 0.278, 0.5760000000000001], [0.231, 0.548, 0.254, 0.5760000000000001], [0.106, 0.5740000000000001, 0.126, 0.5920000000000001], [0.091, 0.5700000000000001, 0.111, 0.5920000000000001], [0.066, 0.534, 0.09, 0.5589999999999999], [0.04, 0.534, 0.068, 0.56], [0.017, 0.5760000000000001, 0.037, 0.593]], "class": 20}