{"image": "5b867b62-759e-11ee-993a-fcb3bc5cd112.jpg", "bboxes": [[0.3786582278481012, 0.5528481012658227, 0.4292911392405062, 0.604746835443038], [0.42296202531645555, 0.5503164556962026, 0.47739240506329106, 0.604746835443038], [0.6596708860759493, 0.5819620253164557, 0.7178987341772152, 0.6338607594936709], [0.7115696202531645, 0.5870253164556961, 0.7697974683544303, 0.6477848101265822], [0.9077721518987342, 0.5123417721518987, 0.9457468354430378, 0.554113924050633], [0.9406835443037973, 0.5174050632911392, 0.9710632911392405, 0.5528481012658227], [0.7292911392405063, 0.4579113924050633, 0.7571392405063291, 0.48575949367088606], [0.7533417721518987, 0.4617088607594937, 0.7799240506329113, 0.48575949367088606], [0.5976455696202532, 0.44018987341772153, 0.6229620253164556, 0.46044303797468356], [0.6153670886075947, 0.44272151898734174, 0.6444810126582278, 0.46424050632911396], [0.5622025316455697, 0.42879746835443033, 0.5849873417721516, 0.45031645569620254], [0.4976455696202531, 0.42753164556962026, 0.5254936708860758, 0.4515822784810126], [0.5166329113924049, 0.4300632911392405, 0.5394177215189873, 0.45031645569620254], [0.8180000000000001, 0.456, 0.848, 0.48300000000000004], [0.842, 0.456, 0.865, 0.484], [0.97, 0.44, 0.99, 0.458], [0.985, 0.44, 1.0, 0.462]], "class": 17}