{"image": "5b867b62-759e-11ee-993a-fcb3bc5cd112.jpg", "bboxes": [[0.4387088607594937, 0.390253164556962, 0.4893417721518988, 0.44215189873417726], [0.3906075949367089, 0.390253164556962, 0.44503797468354445, 0.44468354430379753], [0.15010126582278485, 0.36113924050632906, 0.2083291139240507, 0.4130379746835443], [0.0982025316455697, 0.3472151898734178, 0.15643037974683546, 0.4079746835443039], [0.11086075949367091, 0.5092405063291139, 0.13870886075949374, 0.5370886075949367], [0.0880759493670887, 0.5092405063291139, 0.11465822784810131, 0.5332911392405063], [0.24503797468354435, 0.5345569620253164, 0.2703544303797469, 0.5548101265822785], [0.22351898734177222, 0.530759493670886, 0.2526329113924053, 0.5522784810126582], [0.2830126582278483, 0.5446835443037974, 0.3057974683544304, 0.5662025316455697], [0.34250632911392426, 0.5434177215189874, 0.37035443037974686, 0.5674683544303798], [0.32858227848101274, 0.5446835443037974, 0.3513670886075952, 0.5649367088607595], [0.02, 0.512, 0.05, 0.5389999999999999], [0.003, 0.511, 0.026, 0.5389999999999999]], "class": 13}