{"image": "5b867b62-759e-11ee-993a-fcb3bc5cd112.jpg", "bboxes": [[0.8541012658227849, 0.5169620253164556, 0.9123291139240507, 0.5688607594936709], [0.8022025316455698, 0.5220253164556962, 0.8604303797468354, 0.5827848101265822], [0.6262531645569621, 0.4473417721518987, 0.6642278481012659, 0.4891139240506329], [0.6009367088607594, 0.45240506329113916, 0.6313164556962026, 0.48784810126582273], [0.8148607594936709, 0.3929113924050633, 0.8427088607594937, 0.42075949367088605], [0.7920759493670887, 0.3967088607594937, 0.8186582278481013, 0.42075949367088605], [0.9490379746835443, 0.37518987341772153, 0.9743544303797469, 0.39544303797468355], [0.9275189873417722, 0.37772151898734174, 0.9566329113924052, 0.39924050632911395], [0.9870126582278483, 0.36379746835443033, 1.0, 0.38531645569620254], [0.724, 0.391, 0.754, 0.41800000000000004], [0.707, 0.391, 0.73, 0.419], [0.582, 0.375, 0.602, 0.393], [0.567, 0.375, 0.587, 0.397], [0.542, 0.408, 0.566, 0.433], [0.516, 0.407, 0.544, 0.433], [0.493, 0.374, 0.513, 0.391]], "class": 16}