{"image": "5c3de9e0-6b43-11ee-944b-fcb3bc5cd112.jpg", "bboxes": [[0.04290243902439028, 0.3451951219512195, 0.11607317073170753, 0.41104878048780485], [0.10631707317073191, 0.356170731707317, 0.17217073170731712, 0.4159268292682926], [0.32095121951219496, 0.2720243902439024, 0.3758292682926828, 0.3220243902439024], [0.36729268292682926, 0.2732439024390244, 0.4331463414634146, 0.31958536585365854], [0.5904634146341463, 0.3110487804878048, 0.6477804878048781, 0.3732439024390244], [0.6380243902439025, 0.3037317073170731, 0.7063170731707317, 0.3647073170731707], [0.7575365853658537, 0.2695853658536585, 0.8197317073170731, 0.3134878048780487]], "class": 7}