{"image": "5c3de9e0-6b43-11ee-944b-fcb3bc5cd112.jpg", "bboxes": [[0.21590243902439032, 0.4001951219512195, 0.28907317073170746, 0.46604878048780485], [0.27931707317073184, 0.411170731707317, 0.34517073170731716, 0.47092682926829266], [0.4939512195121949, 0.3270243902439024, 0.5488292682926829, 0.37702439024390244], [0.5402926829268293, 0.3282439024390244, 0.6061463414634146, 0.37458536585365854], [0.7634634146341462, 0.3660487804878048, 0.820780487804878, 0.4282439024390244], [0.8110243902439024, 0.35873170731707316, 0.8793170731707316, 0.4197073170731707], [0.9305365853658536, 0.3245853658536585, 0.992731707317073, 0.3684878048780487]], "class": 7}