{"image": "5c3de9e0-6b43-11ee-944b-fcb3bc5cd112.jpg", "bboxes": [[0.03195121951219493, 0.2970243902439024, 0.08682926829268289, 0.3470243902439024], [0.07829268292682923, 0.2982439024390244, 0.14414634146341465, 0.3445853658536585], [0.3014634146341463, 0.33604878048780484, 0.35878048780487803, 0.3982439024390244], [0.3490243902439024, 0.32873170731707313, 0.41731707317073163, 0.3897073170731707], [0.46853658536585363, 0.2945853658536585, 0.5307317073170731, 0.33848780487804875]], "class": 5}