{"image": "5c3de9e0-6b43-11ee-944b-fcb3bc5cd112.jpg", "bboxes": [[0.0, 0.4536829268292683, 0.07121951219512201, 0.5329512195121952], [0.36390243902439035, 0.3731951219512195, 0.4370731707317075, 0.4390487804878048], [0.42731707317073186, 0.38417073170731697, 0.4931707317073172, 0.44392682926829263], [0.6419512195121949, 0.30002439024390243, 0.6968292682926829, 0.3500243902439024], [0.6882926829268292, 0.3012439024390244, 0.7541463414634146, 0.3475853658536585], [0.9114634146341463, 0.33904878048780485, 0.968780487804878, 0.4012439024390244], [0.9590243902439024, 0.33173170731707313, 1.0, 0.3927073170731707]], "class": 7}