{"image": "5c3de9e0-6b43-11ee-944b-fcb3bc5cd112.jpg", "bboxes": [[0.14763414634146355, 0.4056829268292683, 0.2330000000000002, 0.4910487804878049], [0.2378780487804879, 0.4056829268292683, 0.334219512195122, 0.48495121951219516], [0.6269024390243904, 0.3251951219512195, 0.7000731707317075, 0.39104878048780484], [0.6903170731707319, 0.336170731707317, 0.7561707317073172, 0.39592682926829265], [0.9049512195121949, 0.25202439024390244, 0.9598292682926829, 0.30202439024390243], [0.9512926829268292, 0.2532439024390244, 1.0, 0.2995853658536585]], "class": 6}