{"image": "5c3de9e0-6b43-11ee-944b-fcb3bc5cd112.jpg", "bboxes": [[0.013634146341463538, 0.4436829268292683, 0.0990000000000002, 0.5290487804878049], [0.1038780487804879, 0.4436829268292683, 0.20021951219512202, 0.5229512195121951], [0.49290243902439035, 0.3631951219512195, 0.5660731707317075, 0.4290487804878048], [0.5563170731707319, 0.37417073170731696, 0.6221707317073171, 0.4339268292682926], [0.7709512195121949, 0.2900243902439024, 0.8258292682926829, 0.3400243902439024], [0.8172926829268292, 0.29124390243902437, 0.8831463414634146, 0.3375853658536585]], "class": 6}