{"image": "5c3de9e0-6b43-11ee-944b-fcb3bc5cd112.jpg", "bboxes": [[0.02195121951219492, 0.2680243902439024, 0.07682926829268288, 0.31802439024390244], [0.06829268292682922, 0.2692439024390244, 0.13414634146341464, 0.31558536585365854], [0.29146341463414627, 0.3070487804878048, 0.348780487804878, 0.3692439024390244], [0.3390243902439024, 0.2997317073170731, 0.4073170731707316, 0.3607073170731707], [0.4585365853658536, 0.2655853658536585, 0.5207317073170731, 0.3094878048780487]], "class": 5}