{"image": "5c3de9e0-6b43-11ee-944b-fcb3bc5cd112.jpg", "bboxes": [[0.8969999999999998, 0.4449512195121951, 0.9823658536585365, 0.5303170731707316], [0.795780487804878, 0.45104878048780483, 0.8921219512195121, 0.5303170731707316], [0.4299268292682925, 0.5449512195121952, 0.5030975609756096, 0.6108048780487805], [0.37382926829268287, 0.5400731707317074, 0.43968292682926813, 0.599829268292683], [0.17017073170731714, 0.6339756097560976, 0.22504878048780505, 0.6839756097560976], [0.11285365853658538, 0.6364146341463415, 0.17870731707317078, 0.6827560975609757]], "class": 6}