{"image": "5c3de9e0-6b43-11ee-944b-fcb3bc5cd112.jpg", "bboxes": [[0.9519999999999997, 0.4606829268292683, 1.0, 0.5460487804878049], [0.850780487804878, 0.4606829268292683, 0.947121951219512, 0.5399512195121952], [0.4849268292682925, 0.3801951219512195, 0.5580975609756097, 0.44604878048780483], [0.42882926829268286, 0.391170731707317, 0.4946829268292681, 0.45092682926829264], [0.22517073170731713, 0.30702439024390243, 0.28004878048780507, 0.3570243902439024], [0.16785365853658538, 0.3082439024390244, 0.23370731707317077, 0.3545853658536585], [0.0, 0.34604878048780485, 0.010536585365853739, 0.4082439024390244]], "class": 7}