{"image": "5c3de9e0-6b43-11ee-944b-fcb3bc5cd112.jpg", "bboxes": [[0.0, 0.4380487804878048, 0.030219512195121978, 0.5173170731707317], [0.3229024390243903, 0.5319512195121952, 0.39607317073170745, 0.5978048780487806], [0.38631707317073183, 0.5270731707317073, 0.45217073170731714, 0.586829268292683], [0.6009512195121949, 0.6209756097560976, 0.6558292682926828, 0.6709756097560976], [0.6472926829268293, 0.6234146341463415, 0.7131463414634146, 0.6697560975609755], [0.8704634146341462, 0.5697560975609757, 0.927780487804878, 0.6319512195121952], [0.9180243902439025, 0.5782926829268293, 0.9863170731707317, 0.6392682926829268]], "class": 7}