{"image": "5c3de9e0-6b43-11ee-944b-fcb3bc5cd112.jpg", "bboxes": [[0.8069999999999997, 0.500951219512195, 0.8923658536585365, 0.5863170731707317], [0.705780487804878, 0.5070487804878048, 0.8021219512195121, 0.5863170731707317], [0.33992682926829254, 0.6009512195121951, 0.4130975609756097, 0.6668048780487805], [0.28382926829268285, 0.5960731707317073, 0.3496829268292681, 0.655829268292683], [0.08017073170731714, 0.6899756097560976, 0.13504878048780505, 0.7399756097560977], [0.022853658536585386, 0.6924146341463415, 0.08870731707317077, 0.7387560975609756]], "class": 6}