{"image": "5daab425-759e-11ee-9527-fcb3bc5cd112.jpg", "bboxes": [[0.28970886075949354, 0.5593037974683545, 0.33654430379746825, 0.6137341772151899], [0.33401265822784787, 0.5631012658227847, 0.3770506329113923, 0.6162658227848101], [0.5631265822784809, 0.5605696202531646, 0.6175569620253165, 0.604873417721519], [0.6036329113924049, 0.5668987341772151, 0.6504683544303798, 0.6137341772151899], [0.7492025316455696, 0.49601265822784807, 0.7884430379746835, 0.5390506329113924], [0.7770506329113923, 0.49981012658227847, 0.8112278481012658, 0.5428481012658227], [0.6694556962025315, 0.4618354430379747, 0.6960379746835442, 0.49221518987341767], [0.6454050632911392, 0.455506329113924, 0.6745189873417721, 0.49221518987341767], [0.8302151898734177, 0.45677215189873427, 0.8466708860759493, 0.4744936708860759], [0.8457272727272728, 0.45681818181818173, 0.863909090909091, 0.47409090909090906], [0.6284545454545455, 0.44045454545454543, 0.6530000000000001, 0.45681818181818173], [0.703909090909091, 0.44045454545454543, 0.7220909090909091, 0.4549999999999999], [0.7184545454545455, 0.4413636363636363, 0.7320909090909091, 0.45681818181818173]], "class": 13}