{"image": "5daab425-759e-11ee-9527-fcb3bc5cd112.jpg", "bboxes": [[0.7074556962025317, 0.39826582278481015, 0.7542911392405065, 0.45269620253164555], [0.6669493670886076, 0.3957341772151899, 0.7099873417721522, 0.44889873417721526], [0.4264430379746835, 0.407126582278481, 0.4808734177215191, 0.4514303797468354], [0.39353164556962034, 0.39826582278481015, 0.44036708860759505, 0.44510126582278486], [0.25555696202531647, 0.4729493670886076, 0.2947974683544304, 0.5159873417721519], [0.23277215189873426, 0.4691518987341773, 0.26694936708860767, 0.5121898734177215], [0.34796202531645576, 0.5197848101265823, 0.3745443037974684, 0.5501645569620253], [0.36948101265822786, 0.5197848101265823, 0.3985949367088608, 0.5564936708860759], [0.19732911392405073, 0.5375063291139242, 0.21378481012658232, 0.5552278481012658], [0.180090909090909, 0.5379090909090909, 0.19827272727272724, 0.5551818181818182], [0.3909999999999999, 0.5551818181818182, 0.4155454545454545, 0.5715454545454546], [0.32190909090909087, 0.5570000000000002, 0.340090909090909, 0.5715454545454546], [0.31190909090909086, 0.5551818181818182, 0.3255454545454545, 0.5706363636363636]], "class": 13}