{"image": "5daab425-759e-11ee-9527-fcb3bc5cd112.jpg", "bboxes": [[0.6337088607594935, 0.5503037974683544, 0.6805443037974683, 0.6047341772151898], [0.6780126582278478, 0.5541012658227847, 0.7210506329113924, 0.6072658227848101], [0.9071265822784809, 0.5515696202531646, 0.9615569620253165, 0.595873417721519], [0.9476329113924049, 0.5578987341772151, 0.9944683544303797, 0.6047341772151898], [0.9894050632911392, 0.446506329113924, 1.0, 0.48321518987341766], [0.9724545454545455, 0.4314545454545454, 0.9970000000000001, 0.4478181818181818]], "class": 6}