{"image": "5daab425-759e-11ee-9527-fcb3bc5cd112.jpg", "bboxes": [[0.8064556962025318, 0.5503037974683544, 0.8532911392405065, 0.6047341772151898], [0.7659493670886077, 0.5541012658227847, 0.8089873417721521, 0.6072658227848101], [0.5254430379746835, 0.5515696202531646, 0.5798734177215191, 0.595873417721519], [0.4925316455696203, 0.5578987341772151, 0.5393670886075951, 0.6047341772151898], [0.35455696202531645, 0.48701265822784806, 0.3937974683544304, 0.5300506329113924], [0.33177215189873427, 0.49081012658227846, 0.3659493670886077, 0.5338481012658227], [0.4469620253164558, 0.4528354430379747, 0.47354430379746837, 0.48321518987341766], [0.4684810126582279, 0.446506329113924, 0.4975949367088608, 0.48321518987341766], [0.2963291139240507, 0.44777215189873426, 0.3127848101265823, 0.4654936708860759], [0.279090909090909, 0.4478181818181818, 0.29727272727272724, 0.46509090909090905], [0.4899999999999999, 0.4314545454545454, 0.5145454545454545, 0.4478181818181818], [0.4209090909090909, 0.4314545454545454, 0.43909090909090903, 0.4459999999999999], [0.4109090909090909, 0.43236363636363634, 0.4245454545454545, 0.4478181818181818]], "class": 13}