{"image": "5daab425-759e-11ee-9527-fcb3bc5cd112.jpg", "bboxes": [[0.03370886075949353, 0.5733037974683545, 0.08054430379746824, 0.6277341772151899], [0.07801265822784786, 0.5771012658227848, 0.12105063291139229, 0.6302658227848101], [0.3071265822784809, 0.5745696202531645, 0.3615569620253165, 0.6188734177215189], [0.34763291139240493, 0.5808987341772152, 0.39446835443037964, 0.6277341772151899], [0.4932025316455696, 0.510012658227848, 0.5324430379746835, 0.5530506329113924], [0.5210506329113923, 0.5138101265822785, 0.5552278481012658, 0.5568481012658227], [0.41345569620253164, 0.4758354430379747, 0.4400379746835442, 0.5062151898734176], [0.3894050632911392, 0.46950632911392404, 0.41851898734177206, 0.5062151898734176], [0.5742151898734177, 0.4707721518987342, 0.5906708860759493, 0.4884936708860759], [0.5897272727272728, 0.47081818181818175, 0.607909090909091, 0.4880909090909091], [0.3724545454545455, 0.45445454545454544, 0.39700000000000013, 0.47081818181818175], [0.44790909090909103, 0.45445454545454544, 0.4660909090909091, 0.46899999999999986], [0.46245454545454545, 0.4553636363636363, 0.4760909090909091, 0.47081818181818175]], "class": 13}