{"image": "5daab425-759e-11ee-9527-fcb3bc5cd112.jpg", "bboxes": [[0.9264430379746835, 0.39312658227848096, 0.9808734177215191, 0.4374303797468354], [0.8935316455696203, 0.38426582278481014, 0.9403670886075951, 0.43110126582278485], [0.7555569620253164, 0.45894936708860756, 0.7947974683544304, 0.5019873417721519], [0.7327721518987342, 0.4551518987341773, 0.7669493670886077, 0.4981898734177215], [0.8479620253164558, 0.5057848101265823, 0.8745443037974684, 0.5361645569620253], [0.8694810126582279, 0.5057848101265823, 0.8985949367088608, 0.5424936708860759], [0.6973291139240507, 0.5235063291139241, 0.7137848101265823, 0.5412278481012658], [0.680090909090909, 0.5239090909090909, 0.6982727272727273, 0.5411818181818182], [0.8909999999999999, 0.5411818181818182, 0.9155454545454546, 0.5575454545454546], [0.8219090909090909, 0.5430000000000001, 0.840090909090909, 0.5575454545454546], [0.8119090909090909, 0.5411818181818182, 0.8255454545454545, 0.5566363636363637]], "class": 11}