{"image": "5daab425-759e-11ee-9527-fcb3bc5cd112.jpg", "bboxes": [[0.2417088607594935, 0.39826582278481015, 0.2885443037974683, 0.45269620253164555], [0.2860126582278478, 0.3957341772151899, 0.32905063291139236, 0.44889873417721526], [0.515126582278481, 0.407126582278481, 0.5695569620253165, 0.4514303797468354], [0.555632911392405, 0.39826582278481015, 0.6024683544303797, 0.44510126582278486], [0.7012025316455697, 0.4729493670886076, 0.7404430379746836, 0.5159873417721519], [0.7290506329113924, 0.4691518987341773, 0.7632278481012658, 0.5121898734177215], [0.6214556962025316, 0.5197848101265823, 0.6480379746835443, 0.5501645569620253], [0.5974050632911392, 0.5197848101265823, 0.6265189873417721, 0.5564936708860759], [0.7822151898734176, 0.5375063291139242, 0.7986708860759493, 0.5552278481012658], [0.7977272727272727, 0.5379090909090909, 0.815909090909091, 0.5551818181818182], [0.5804545454545456, 0.5551818181818182, 0.6050000000000001, 0.5715454545454546], [0.655909090909091, 0.5570000000000002, 0.6740909090909091, 0.5715454545454546], [0.6704545454545454, 0.5551818181818182, 0.6840909090909091, 0.5706363636363636]], "class": 13}