{"image": "5daab425-759e-11ee-9527-fcb3bc5cd112.jpg", "bboxes": [[0.8294430379746836, 0.407126582278481, 0.8838734177215191, 0.4514303797468354], [0.7965316455696203, 0.39826582278481015, 0.843367088607595, 0.44510126582278486], [0.6585569620253164, 0.4729493670886076, 0.6977974683544305, 0.5159873417721519], [0.6357721518987343, 0.4691518987341773, 0.6699493670886076, 0.5121898734177215], [0.7509620253164557, 0.5197848101265823, 0.7775443037974684, 0.5501645569620253], [0.7724810126582279, 0.5197848101265823, 0.8015949367088608, 0.5564936708860759], [0.6003291139240508, 0.5375063291139242, 0.6167848101265824, 0.5552278481012658], [0.583090909090909, 0.5379090909090909, 0.6012727272727273, 0.5551818181818182], [0.7939999999999999, 0.5551818181818182, 0.8185454545454545, 0.5715454545454546], [0.7249090909090908, 0.5570000000000002, 0.743090909090909, 0.5715454545454546], [0.7149090909090908, 0.5551818181818182, 0.7285454545454545, 0.5706363636363636]], "class": 11}