{"image": "5daab425-759e-11ee-9527-fcb3bc5cd112.jpg", "bboxes": [[0.43870886075949356, 0.3692658227848101, 0.48554430379746827, 0.4236962025316455], [0.4830126582278479, 0.36673417721518986, 0.5260506329113923, 0.41989873417721524], [0.7121265822784809, 0.37812658227848106, 0.7665569620253165, 0.4224303797468355], [0.752632911392405, 0.3692658227848101, 0.7994683544303797, 0.41610126582278484], [0.8982025316455696, 0.44394936708860755, 0.9374430379746835, 0.48698734177215197], [0.9260506329113923, 0.44015189873417726, 0.9602278481012657, 0.48318987341772146], [0.8184556962025316, 0.49078481012658237, 0.8450379746835442, 0.5211645569620253], [0.7944050632911392, 0.49078481012658237, 0.8235189873417721, 0.527493670886076], [0.9792151898734177, 0.508506329113924, 0.9956708860759493, 0.5262278481012658], [0.9947272727272728, 0.508909090909091, 1.0, 0.5261818181818183], [0.7774545454545455, 0.5261818181818183, 0.802, 0.5425454545454546], [0.8529090909090911, 0.5280000000000001, 0.8710909090909091, 0.5425454545454546], [0.8674545454545455, 0.5261818181818183, 0.8810909090909091, 0.5416363636363637]], "class": 13}