{"image": "5daab425-759e-11ee-9527-fcb3bc5cd112.jpg", "bboxes": [[0.8074556962025318, 0.42026582278481006, 0.8542911392405065, 0.4746962025316456], [0.7669493670886077, 0.4177341772151899, 0.8099873417721521, 0.4708987341772153], [0.5264430379746835, 0.429126582278481, 0.5808734177215191, 0.47343037974683544], [0.4935316455696203, 0.42026582278481006, 0.5403670886075951, 0.4671012658227849], [0.35555696202531645, 0.4949493670886076, 0.3947974683544304, 0.5379873417721519], [0.33277215189873427, 0.4911518987341773, 0.3669493670886077, 0.5341898734177215], [0.4479620253164558, 0.5417848101265823, 0.47454430379746837, 0.5721645569620253], [0.4694810126582279, 0.5417848101265823, 0.4985949367088608, 0.578493670886076], [0.2973291139240507, 0.5595063291139242, 0.3137848101265823, 0.5772278481012658], [0.280090909090909, 0.5599090909090909, 0.29827272727272724, 0.5771818181818182], [0.4909999999999999, 0.5771818181818182, 0.5155454545454545, 0.5935454545454546], [0.4219090909090909, 0.5790000000000002, 0.44009090909090903, 0.5935454545454546], [0.4119090909090909, 0.5771818181818182, 0.4255454545454545, 0.5926363636363636]], "class": 13}