{"image": "5daab425-759e-11ee-9527-fcb3bc5cd112.jpg", "bboxes": [[0.3977088607594935, 0.3662658227848101, 0.44454430379746823, 0.4206962025316455], [0.44201265822784785, 0.36373417721518986, 0.4850506329113923, 0.41689873417721524], [0.6711265822784809, 0.37512658227848106, 0.7255569620253164, 0.4194303797468355], [0.7116329113924049, 0.3662658227848101, 0.7584683544303796, 0.41310126582278484], [0.8572025316455696, 0.44094936708860755, 0.8964430379746835, 0.48398734177215197], [0.8850506329113923, 0.43715189873417726, 0.9192278481012658, 0.48018987341772157], [0.7774556962025316, 0.48778481012658237, 0.8040379746835442, 0.5181645569620252], [0.7534050632911392, 0.48778481012658237, 0.7825189873417722, 0.5244936708860759], [0.9382151898734177, 0.5055063291139241, 0.9546708860759493, 0.5232278481012658], [0.9537272727272728, 0.5059090909090909, 0.971909090909091, 0.5231818181818182], [0.7364545454545455, 0.5231818181818182, 0.7610000000000001, 0.5395454545454546], [0.811909090909091, 0.5250000000000001, 0.8300909090909091, 0.5395454545454546], [0.8264545454545456, 0.5231818181818182, 0.8400909090909091, 0.5386363636363637]], "class": 13}