{"image": "5daab425-759e-11ee-9527-fcb3bc5cd112.jpg", "bboxes": [[0.3554556962025317, 0.42526582278481007, 0.40229113924050647, 0.4796962025316456], [0.3149493670886077, 0.4227341772151899, 0.35798734177215213, 0.4758987341772153], [0.07444303797468353, 0.434126582278481, 0.1288734177215191, 0.47843037974683544], [0.04153164556962031, 0.42526582278481007, 0.08836708860759507, 0.4721012658227849], [0.0, 0.5467848101265823, 0.022544303797468388, 0.5771645569620253], [0.017481012658227883, 0.5467848101265823, 0.046594936708860814, 0.583493670886076], [0.03899999999999989, 0.5821818181818182, 0.0635454545454545, 0.5985454545454545]], "class": 7}