{"image": "5daab425-759e-11ee-9527-fcb3bc5cd112.jpg", "bboxes": [[0.0, 0.5613037974683545, 0.028544303797468307, 0.6157341772151899], [0.026012658227847818, 0.5651012658227847, 0.06905063291139235, 0.6182658227848101], [0.25512658227848095, 0.5625696202531646, 0.30955696202531646, 0.606873417721519], [0.2956329113924049, 0.5688987341772151, 0.3424683544303797, 0.6157341772151899], [0.44120253164556955, 0.49801265822784807, 0.4804430379746836, 0.5410506329113924], [0.46905063291139226, 0.5018101265822785, 0.5032278481012658, 0.5448481012658227], [0.3614556962025316, 0.4638354430379747, 0.3880379746835443, 0.49421518987341767], [0.3374050632911392, 0.457506329113924, 0.36651898734177213, 0.49421518987341767], [0.5222151898734178, 0.45877215189873427, 0.5386708860759493, 0.4764936708860759], [0.5377272727272727, 0.45881818181818174, 0.555909090909091, 0.47609090909090906], [0.32045454545454555, 0.44245454545454543, 0.3450000000000001, 0.45881818181818174], [0.395909090909091, 0.44245454545454543, 0.4140909090909092, 0.4569999999999999], [0.4104545454545455, 0.4433636363636363, 0.4240909090909091, 0.45881818181818174]], "class": 13}