{"image": "5daab425-759e-11ee-9527-fcb3bc5cd112.jpg", "bboxes": [[0.6277088607594935, 0.5833037974683545, 0.6745443037974683, 0.6377341772151899], [0.6720126582278478, 0.5871012658227848, 0.7150506329113924, 0.6402658227848101], [0.9011265822784809, 0.5845696202531645, 0.9555569620253165, 0.628873417721519], [0.9416329113924049, 0.5908987341772152, 0.9884683544303797, 0.6377341772151899], [0.9834050632911392, 0.47950632911392405, 1.0, 0.5162151898734176], [0.9664545454545455, 0.46445454545454545, 0.9910000000000001, 0.48081818181818176]], "class": 6}