{"image": "5daab425-759e-11ee-9527-fcb3bc5cd112.jpg", "bboxes": [[0.8024556962025318, 0.40726582278481005, 0.8492911392405065, 0.46169620253164556], [0.7619493670886077, 0.4047341772151899, 0.8049873417721521, 0.45789873417721527], [0.5214430379746835, 0.416126582278481, 0.5758734177215191, 0.4604303797468354], [0.4885316455696203, 0.40726582278481005, 0.5353670886075951, 0.45410126582278487], [0.35055696202531644, 0.4819493670886076, 0.3897974683544304, 0.5249873417721519], [0.32777215189873427, 0.4781518987341773, 0.3619493670886077, 0.5211898734177215], [0.4429620253164558, 0.5287848101265824, 0.46954430379746837, 0.5591645569620254], [0.4644810126582279, 0.5287848101265824, 0.4935949367088608, 0.5654936708860759], [0.2923291139240507, 0.546506329113924, 0.3087848101265823, 0.5642278481012657], [0.275090909090909, 0.546909090909091, 0.29327272727272724, 0.5641818181818182], [0.4859999999999999, 0.5641818181818182, 0.5105454545454545, 0.5805454545454546], [0.4169090909090909, 0.5660000000000001, 0.43509090909090903, 0.5805454545454546], [0.4069090909090909, 0.5641818181818182, 0.4205454545454545, 0.5796363636363637]], "class": 13}