{"image": "5daab425-759e-11ee-9527-fcb3bc5cd112.jpg", "bboxes": [[0.12212658227848094, 0.406126582278481, 0.17655696202531646, 0.4504303797468354], [0.162632911392405, 0.39726582278481015, 0.2094683544303797, 0.44410126582278486], [0.30820253164556954, 0.4719493670886076, 0.34744303797468357, 0.514987341772152], [0.33605063291139237, 0.4681518987341773, 0.37022784810126574, 0.5111898734177216], [0.2284556962025316, 0.5187848101265824, 0.2550379746835443, 0.5491645569620254], [0.20440506329113917, 0.5187848101265824, 0.23351898734177212, 0.555493670886076], [0.38921518987341763, 0.536506329113924, 0.40567088607594926, 0.5542278481012657], [0.4047272727272727, 0.536909090909091, 0.422909090909091, 0.5541818181818182], [0.18745454545454554, 0.5541818181818182, 0.21200000000000008, 0.5705454545454546], [0.262909090909091, 0.556, 0.28109090909090917, 0.5705454545454546], [0.2774545454545455, 0.5541818181818182, 0.29109090909090907, 0.5696363636363637]], "class": 11}