{"image": "5daab425-759e-11ee-9527-fcb3bc5cd112.jpg", "bboxes": [[0.3834556962025317, 0.4402658227848101, 0.4302911392405065, 0.4946962025316456], [0.3429493670886077, 0.4377341772151899, 0.38598734177215216, 0.4908987341772153], [0.10244303797468353, 0.449126582278481, 0.1568734177215191, 0.49343037974683546], [0.06953164556962031, 0.4402658227848101, 0.11636708860759507, 0.4871012658227849], [0.023962025316455766, 0.5617848101265823, 0.05054430379746839, 0.5921645569620253], [0.04548101265822788, 0.5617848101265823, 0.07459493670886082, 0.598493670886076], [0.06699999999999989, 0.5971818181818183, 0.0915454545454545, 0.6135454545454546], [0.0, 0.5990000000000001, 0.01609090909090901, 0.6135454545454546], [0.0, 0.5971818181818183, 0.0015454545454545042, 0.6126363636363636]], "class": 9}