{"image": "5e0829ec-759a-11ee-8d01-fcb3bc5cd112.jpg", "bboxes": [[0.0, 0.49043037974683545, 0.062164556962025275, 0.5473924050632911]], "class": 1}