{"image": "5e0829ec-759a-11ee-8d01-fcb3bc5cd112.jpg", "bboxes": [[0.5568354430379747, 0.5176075949367089, 0.6416455696202533, 0.5745696202531645]], "class": 1}