{"image": "5e0829ec-759a-11ee-8d01-fcb3bc5cd112.jpg", "bboxes": [[0.9118354430379747, 0.4566075949367089, 0.9966455696202533, 0.5135696202531645]], "class": 1}