{"image": "5e0829ec-759a-11ee-8d01-fcb3bc5cd112.jpg", "bboxes": [[0.1353544303797466, 0.4776075949367089, 0.2201645569620252, 0.5345696202531646]], "class": 1}