{"image": "5e0829ec-759a-11ee-8d01-fcb3bc5cd112.jpg", "bboxes": [[0.8168354430379747, 0.43843037974683546, 0.9016455696202533, 0.49539240506329113]], "class": 1}