{"image": "5f597d43-759a-11ee-9412-fcb3bc5cd112.jpg", "bboxes": [[0.9016455696202533, 0.447620253164557, 0.9611392405063293, 0.5311645569620254], [0.8446835443037976, 0.4704050632911393, 0.9041772151898736, 0.527367088607595]], "class": 2}