{"image": "5f597d43-759a-11ee-9412-fcb3bc5cd112.jpg", "bboxes": [[0.7766455696202533, 0.452620253164557, 0.8361392405063293, 0.5361645569620253], [0.7196835443037976, 0.4754050632911393, 0.7791772151898736, 0.532367088607595]], "class": 2}