{"image": "5f597d43-759a-11ee-9412-fcb3bc5cd112.jpg", "bboxes": [[0.5116455696202533, 0.429620253164557, 0.5711392405063294, 0.5131645569620253], [0.4546835443037976, 0.4524050632911393, 0.5141772151898736, 0.5093670886075949]], "class": 2}