{"image": "5f597d43-759a-11ee-9412-fcb3bc5cd112.jpg", "bboxes": [[0.7646455696202533, 0.459620253164557, 0.8241392405063294, 0.5431645569620254], [0.7076835443037975, 0.4824050632911393, 0.7671772151898736, 0.539367088607595]], "class": 2}