{"image": "5f597d43-759a-11ee-9412-fcb3bc5cd112.jpg", "bboxes": [[0.0, 0.507620253164557, 0.0003544303797466952, 0.5911645569620253], [0.0, 0.5304050632911392, 0.05731645569620236, 0.587367088607595]], "class": 2}