{"image": "5f597d43-759a-11ee-9412-fcb3bc5cd112.jpg", "bboxes": [[0.6066455696202534, 0.460620253164557, 0.6661392405063293, 0.5441645569620253], [0.5496835443037976, 0.4834050632911393, 0.6091772151898736, 0.540367088607595]], "class": 2}