{"image": "5f597d43-759a-11ee-9412-fcb3bc5cd112.jpg", "bboxes": [[0.6936455696202534, 0.459620253164557, 0.7531392405063293, 0.5431645569620254], [0.6366835443037976, 0.4824050632911393, 0.6961772151898735, 0.539367088607595]], "class": 2}