{"image": "5f597d43-759a-11ee-9412-fcb3bc5cd112.jpg", "bboxes": [[0.37964556962025336, 0.470620253164557, 0.4391392405063293, 0.5541645569620253], [0.3226835443037976, 0.4934050632911393, 0.3821772151898736, 0.550367088607595]], "class": 2}