{"image": "5f597d43-759a-11ee-9412-fcb3bc5cd112.jpg", "bboxes": [[0.5058607594936707, 0.4816202531645569, 0.5653544303797466, 0.5651645569620253], [0.5628227848101264, 0.5044050632911393, 0.6223164556962024, 0.561367088607595]], "class": 2}