{"image": "5f597d43-759a-11ee-9412-fcb3bc5cd112.jpg", "bboxes": [[0.8196455696202534, 0.4738354430379747, 0.8791392405063293, 0.557379746835443], [0.7626835443037976, 0.47763291139240505, 0.8221772151898735, 0.5345949367088607]], "class": 2}