{"image": "5f597d43-759a-11ee-9412-fcb3bc5cd112.jpg", "bboxes": [[0.15464556962025336, 0.469620253164557, 0.21413924050632932, 0.5531645569620254], [0.0976835443037976, 0.4924050632911393, 0.15717721518987354, 0.549367088607595]], "class": 2}