{"image": "5f597d43-759a-11ee-9412-fcb3bc5cd112.jpg", "bboxes": [[0.10486075949367069, 0.4838354430379747, 0.16435443037974662, 0.567379746835443], [0.16182278481012646, 0.48763291139240506, 0.2213164556962024, 0.5445949367088607]], "class": 2}