{"image": "5f629b84-6b45-11ee-a056-fcb3bc5cd112.jpg", "bboxes": [[0.2886829268292683, 0.4442926829268292, 0.31673170731707323, 0.4735609756097561], [0.3155121951219514, 0.44673170731707323, 0.35209756097560985, 0.47721951219512193]], "class": 2}