{"image": "5f9af2cc-759e-11ee-99a8-fcb3bc5cd112.jpg", "bboxes": [[0.8806835443037976, 0.5337974683544304, 0.9300506329113926, 0.5932911392405064], [0.8351139240506331, 0.5337974683544304, 0.8908101265822786, 0.5932911392405064], [0.7325822784810128, 0.42240506329113925, 0.7667594936708862, 0.4527848101265823], [0.6300506329113925, 0.43126582278481007, 0.6578987341772153, 0.4578481012658228], [0.5984050632911393, 0.43, 0.6313164556962026, 0.4591139240506329], [0.42372151898734184, 0.49075949367088606, 0.46675949367088615, 0.5350632911392406], [0.3946075949367089, 0.49455696202531646, 0.43384810126582285, 0.5375949367088607], [0.21486075949367092, 0.4932911392405063, 0.2528354430379748, 0.540126582278481], [0.1806835443037975, 0.4894936708860759, 0.21992405063291143, 0.540126582278481], [0.06675949367088617, 0.49708860759493667, 0.1047341772151899, 0.5413924050632911], [0.030050632911392428, 0.5034177215189873, 0.07435443037974687, 0.5477215189873418], [0.5477721518987343, 0.4072151898734177, 0.5768860759493672, 0.440126582278481], [0.685090909090909, 0.41545454545454547, 0.7032727272727273, 0.43727272727272726], [0.33781818181818174, 0.3972727272727273, 0.35963636363636364, 0.41727272727272724], [0.3178181818181818, 0.3954545454545455, 0.3414545454545454, 0.41999999999999993]], "class": 15}