{"image": "5f9af2cc-759e-11ee-99a8-fcb3bc5cd112.jpg", "bboxes": [[0.4556835443037976, 0.42770886075949366, 0.5050506329113925, 0.4872025316455696], [0.4101139240506332, 0.42770886075949366, 0.4658101265822786, 0.4872025316455696], [0.3075822784810127, 0.5682151898734178, 0.34175949367088626, 0.5985949367088608], [0.20505063291139253, 0.5631518987341771, 0.23289873417721538, 0.5897341772151898], [0.1734050632911393, 0.5618860759493671, 0.20631645569620263, 0.591], [0.0, 0.48593670886075946, 0.041759493670886175, 0.530240506329114], [0.0, 0.4834050632911393, 0.008848101265822833, 0.5264430379746836], [0.12277215189873425, 0.580873417721519, 0.1518860759493673, 0.6137848101265823], [0.260090909090909, 0.5837272727272728, 0.2782727272727272, 0.6055454545454546]], "class": 9}