{"image": "5f9af2cc-759e-11ee-99a8-fcb3bc5cd112.jpg", "bboxes": [[0.2489493670886075, 0.4897974683544304, 0.29831645569620246, 0.5492911392405063], [0.2881898734177214, 0.4897974683544304, 0.3438860759493668, 0.5492911392405063], [0.4122405063291137, 0.37840506329113927, 0.4464177215189873, 0.4087848101265823], [0.5211012658227846, 0.3872658227848101, 0.5489493670886074, 0.41384810126582283], [0.5476835443037973, 0.386, 0.5805949367088608, 0.41511392405063285], [0.7122405063291138, 0.4467594936708861, 0.7552784810126582, 0.4910632911392405], [0.7451518987341772, 0.4505569620253165, 0.7843924050632911, 0.4935949367088607], [0.9261645569620253, 0.4492911392405063, 0.964139240506329, 0.496126582278481], [0.9590759493670886, 0.4454936708860759, 0.9983164556962025, 0.496126582278481], [0.6021139240506327, 0.3632151898734177, 0.6312278481012658, 0.396126582278481], [0.4757272727272728, 0.3714545454545454, 0.49390909090909096, 0.3932727272727273], [0.8193636363636364, 0.35327272727272724, 0.8411818181818183, 0.37327272727272726], [0.8375454545454546, 0.3514545454545455, 0.8611818181818183, 0.37599999999999995]], "class": 13}