{"image": "5f9af2cc-759e-11ee-99a8-fcb3bc5cd112.jpg", "bboxes": [[0.030101265822784606, 0.5911518987341772, 0.05794936708860743, 0.6177341772151899], [0.056683544303797406, 0.5898860759493672, 0.08959493670886065, 0.619], [0.22124050632911385, 0.5139367088607595, 0.26427848101265816, 0.5582405063291139], [0.2541518987341772, 0.5114050632911393, 0.2933924050632911, 0.5544430379746835], [0.4351645569620253, 0.5088734177215191, 0.47313924050632905, 0.5557088607594937], [0.46807594936708863, 0.5088734177215191, 0.5073164556962025, 0.5595063291139242], [0.5832658227848101, 0.5076075949367089, 0.6212405063291138, 0.5519113924050634], [0.6136455696202532, 0.5012784810126582, 0.6579493670886076, 0.5455822784810126], [0.1111139240506327, 0.6088734177215189, 0.14022784810126576, 0.6417848101265823], [0.0, 0.6117272727272727, 0.0029090909090909722, 0.6335454545454546], [0.3283636363636364, 0.6317272727272727, 0.35018181818181826, 0.6517272727272727], [0.3465454545454546, 0.629, 0.3701818181818183, 0.6535454545454544]], "class": 12}