{"image": "5f9af2cc-759e-11ee-99a8-fcb3bc5cd112.jpg", "bboxes": [[0.9730506329113925, 0.6051518987341772, 1.0, 0.6317341772151899], [0.9414050632911393, 0.6038860759493672, 0.9743164556962026, 0.633], [0.7667215189873419, 0.5279367088607595, 0.8097594936708862, 0.5722405063291139], [0.7376075949367089, 0.5254050632911393, 0.7768481012658228, 0.5684430379746835], [0.5578607594936709, 0.522873417721519, 0.5958354430379748, 0.5697088607594937], [0.5236835443037975, 0.522873417721519, 0.5629240506329114, 0.5735063291139241], [0.40975949367088615, 0.5216075949367089, 0.4477341772151899, 0.5659113924050634], [0.3730506329113924, 0.5152784810126582, 0.4173544303797469, 0.5595822784810126], [0.8907721518987343, 0.6228734177215189, 0.9198860759493673, 0.6557848101265823], [0.6808181818181818, 0.6457272727272727, 0.7026363636363636, 0.6657272727272727], [0.6608181818181817, 0.643, 0.6844545454545454, 0.6675454545454544]], "class": 11}