{"image": "5f9af2cc-759e-11ee-99a8-fcb3bc5cd112.jpg", "bboxes": [[0.35194936708860747, 0.4637974683544304, 0.40131645569620245, 0.5232911392405064], [0.3911898734177214, 0.4637974683544304, 0.4468860759493668, 0.5232911392405064], [0.5152405063291137, 0.35240506329113924, 0.5494177215189873, 0.3827848101265823], [0.6241012658227847, 0.3612658227848101, 0.6519493670886074, 0.3878481012658228], [0.6506835443037974, 0.36, 0.6835949367088607, 0.3891139240506329], [0.8152405063291138, 0.42075949367088605, 0.8582784810126582, 0.4650632911392405], [0.8481518987341772, 0.42455696202531645, 0.8873924050632911, 0.4675949367088607], [0.7051139240506328, 0.33721518987341775, 0.7342278481012657, 0.370126582278481], [0.5787272727272728, 0.34545454545454546, 0.5969090909090911, 0.36727272727272725], [0.9223636363636364, 0.32727272727272727, 0.9441818181818182, 0.34727272727272723], [0.9405454545454546, 0.3254545454545455, 0.9641818181818183, 0.3499999999999999]], "class": 11}