{"image": "5f9af2cc-759e-11ee-99a8-fcb3bc5cd112.jpg", "bboxes": [[0.9845822784810128, 0.5622151898734178, 1.0, 0.5925949367088608], [0.8820506329113925, 0.5571518987341771, 0.9098987341772153, 0.5837341772151898], [0.8504050632911393, 0.5558860759493671, 0.8833164556962027, 0.585], [0.6757215189873418, 0.47993670886075945, 0.7187594936708862, 0.524240506329114], [0.6466075949367089, 0.4774050632911393, 0.6858481012658229, 0.5204430379746836], [0.4668607594936709, 0.47487341772151903, 0.5048354430379748, 0.5217088607594937], [0.43268354430379746, 0.47487341772151903, 0.47192405063291143, 0.5255063291139241], [0.3187594936708862, 0.4736075949367089, 0.3567341772151899, 0.5179113924050633], [0.28205063291139243, 0.46727848101265823, 0.3263544303797469, 0.5115822784810127], [0.7997721518987343, 0.574873417721519, 0.8288860759493673, 0.6077848101265823], [0.937090909090909, 0.5777272727272728, 0.9552727272727273, 0.5995454545454546], [0.5898181818181818, 0.5977272727272728, 0.6116363636363636, 0.6177272727272727], [0.5698181818181818, 0.5950000000000001, 0.5934545454545453, 0.6195454545454545]], "class": 13}