{"image": "5f9af2cc-759e-11ee-99a8-fcb3bc5cd112.jpg", "bboxes": [[0.18894936708860743, 0.5337974683544304, 0.2383164556962024, 0.5932911392405064], [0.22818987341772146, 0.5337974683544304, 0.2838860759493669, 0.5932911392405064], [0.35224050632911375, 0.42240506329113925, 0.38641772151898723, 0.4527848101265823], [0.46110126582278466, 0.43126582278481007, 0.4889493670886075, 0.4578481012658228], [0.48768354430379734, 0.43, 0.5205949367088607, 0.4591139240506329], [0.6522405063291139, 0.49075949367088606, 0.6952784810126582, 0.5350632911392406], [0.6851518987341771, 0.49455696202531646, 0.7243924050632911, 0.5375949367088607], [0.8661645569620252, 0.4932911392405063, 0.9041392405063291, 0.540126582278481], [0.8990759493670886, 0.4894936708860759, 0.9383164556962025, 0.540126582278481], [0.5421139240506327, 0.4072151898734177, 0.5712278481012658, 0.440126582278481], [0.4157272727272727, 0.41545454545454547, 0.433909090909091, 0.43727272727272726], [0.7593636363636364, 0.3972727272727273, 0.7811818181818182, 0.41727272727272724], [0.7775454545454547, 0.3954545454545455, 0.8011818181818182, 0.41999999999999993]], "class": 13}