{"image": "5f9af2cc-759e-11ee-99a8-fcb3bc5cd112.jpg", "bboxes": [[0.5766835443037975, 0.5287974683544304, 0.6260506329113925, 0.5882911392405064], [0.5311139240506332, 0.5287974683544304, 0.5868101265822786, 0.5882911392405064], [0.4285822784810127, 0.41740506329113924, 0.4627594936708863, 0.4477848101265823], [0.3260506329113925, 0.4262658227848101, 0.3538987341772154, 0.4528481012658228], [0.2944050632911393, 0.425, 0.32731645569620266, 0.4541139240506329], [0.11972151898734182, 0.48575949367088606, 0.16275949367088619, 0.5300632911392406], [0.09060759493670889, 0.48955696202531646, 0.12984810126582283, 0.5325949367088607], [0.24377215189873425, 0.40221518987341776, 0.2728860759493673, 0.435126582278481], [0.38109090909090904, 0.41045454545454546, 0.3992727272727273, 0.43227272727272725], [0.033818181818181754, 0.3922727272727273, 0.05563636363636362, 0.41227272727272724], [0.013818181818181756, 0.3904545454545455, 0.03745454545454538, 0.4149999999999999]], "class": 11}