{"image": "5f9af2cc-759e-11ee-99a8-fcb3bc5cd112.jpg", "bboxes": [[0.8975822784810127, 0.35640506329113925, 0.9317594936708863, 0.3867848101265823], [0.7950506329113926, 0.3652658227848101, 0.8228987341772154, 0.3918481012658228], [0.7634050632911393, 0.364, 0.7963164556962027, 0.3931139240506329], [0.5887215189873418, 0.42475949367088606, 0.6317594936708861, 0.4690632911392405], [0.5596075949367089, 0.42855696202531646, 0.5988481012658229, 0.4715949367088607], [0.37986075949367093, 0.4272911392405063, 0.41783544303797476, 0.47412658227848103], [0.3456835443037975, 0.4234936708860759, 0.3849240506329114, 0.47412658227848103], [0.23175949367088616, 0.43108860759493667, 0.2697341772151899, 0.4753924050632911], [0.19505063291139244, 0.4374177215189874, 0.23935443037974688, 0.48172151898734183], [0.7127721518987342, 0.3412151898734177, 0.7418860759493673, 0.374126582278481], [0.850090909090909, 0.34945454545454546, 0.8682727272727273, 0.37127272727272725], [0.5028181818181817, 0.3312727272727273, 0.5246363636363637, 0.35127272727272724], [0.48281818181818176, 0.3294545454545455, 0.5064545454545454, 0.3539999999999999]], "class": 13}