{"image": "5f9af2cc-759e-11ee-99a8-fcb3bc5cd112.jpg", "bboxes": [[0.3996835443037976, 0.5127974683544304, 0.4490506329113925, 0.5722911392405063], [0.35411392405063313, 0.5127974683544304, 0.4098101265822786, 0.5722911392405063], [0.2515822784810127, 0.40140506329113923, 0.28575949367088627, 0.43178481012658226], [0.14905063291139253, 0.4102658227848101, 0.17689873417721538, 0.43684810126582285], [0.1174050632911393, 0.409, 0.15031645569620264, 0.4381139240506329], [0.06677215189873426, 0.38621518987341774, 0.0958860759493673, 0.419126582278481], [0.20409090909090902, 0.39445454545454545, 0.22227272727272726, 0.41627272727272724]], "class": 7}