{"image": "5f9af2cc-759e-11ee-99a8-fcb3bc5cd112.jpg", "bboxes": [[0.9660506329113926, 0.3802658227848101, 0.9938987341772154, 0.4068481012658228], [0.9344050632911393, 0.379, 0.9673164556962026, 0.40811392405063285], [0.7597215189873419, 0.43975949367088607, 0.8027594936708862, 0.4840632911392405], [0.7306075949367089, 0.44355696202531647, 0.7698481012658228, 0.4865949367088607], [0.5508607594936709, 0.44229113924050634, 0.5888354430379747, 0.489126582278481], [0.5166835443037975, 0.4384936708860759, 0.5559240506329114, 0.489126582278481], [0.40275949367088615, 0.4460886075949367, 0.4407341772151899, 0.4903924050632911], [0.36605063291139245, 0.4524177215189874, 0.4103544303797469, 0.49672151898734185], [0.8837721518987343, 0.3562151898734177, 0.9128860759493673, 0.389126582278481], [0.6738181818181818, 0.34627272727272723, 0.6956363636363636, 0.36627272727272725], [0.6538181818181817, 0.3444545454545455, 0.6774545454545454, 0.36899999999999994]], "class": 11}