{"image": "5f9af2cc-759e-11ee-99a8-fcb3bc5cd112.jpg", "bboxes": [[0.7836835443037976, 0.4497088607594937, 0.8330506329113926, 0.5092025316455696], [0.7381139240506331, 0.4497088607594937, 0.7938101265822786, 0.5092025316455696], [0.6355822784810128, 0.5902151898734177, 0.6697594936708863, 0.6205949367088608], [0.5330506329113925, 0.5851518987341772, 0.5608987341772154, 0.6117341772151899], [0.5014050632911393, 0.5838860759493671, 0.5343164556962027, 0.613], [0.3267215189873418, 0.5079367088607595, 0.3697594936708862, 0.5522405063291139], [0.2976075949367089, 0.5054050632911393, 0.3368481012658228, 0.5484430379746835], [0.1178607594936709, 0.5028734177215191, 0.15583544303797475, 0.5497088607594938], [0.08368354430379747, 0.5028734177215191, 0.12292405063291141, 0.5535063291139242], [0.0, 0.5016075949367089, 0.007734177215189902, 0.5459113924050634], [0.45077215189873426, 0.6028734177215189, 0.4798860759493673, 0.6357848101265823], [0.588090909090909, 0.6057272727272727, 0.6062727272727273, 0.6275454545454546], [0.24081818181818176, 0.6257272727272727, 0.2626363636363636, 0.6457272727272727], [0.22081818181818175, 0.623, 0.24445454545454537, 0.6475454545454544]], "class": 14}