{"image": "5f9af2cc-759e-11ee-99a8-fcb3bc5cd112.jpg", "bboxes": [[0.1359493670886075, 0.40670886075949364, 0.18531645569620236, 0.4662025316455696], [0.1751898734177214, 0.40670886075949364, 0.23088607594936683, 0.4662025316455696], [0.2992405063291137, 0.5472151898734177, 0.3334177215189873, 0.5775949367088608], [0.4081012658227846, 0.5421518987341771, 0.43594936708860743, 0.5687341772151899], [0.4346835443037974, 0.5408860759493671, 0.46759493670886065, 0.5700000000000001], [0.5992405063291139, 0.46493670886075944, 0.6422784810126582, 0.5092405063291139], [0.6321518987341772, 0.4624050632911393, 0.6713924050632911, 0.5054430379746835], [0.8131645569620253, 0.459873417721519, 0.851139240506329, 0.5067088607594936], [0.8460759493670886, 0.459873417721519, 0.8853164556962025, 0.510506329113924], [0.9612658227848101, 0.4586075949367089, 0.9992405063291139, 0.5029113924050633], [0.9916455696202531, 0.4522784810126582, 1.0, 0.49658227848101266], [0.4891139240506327, 0.559873417721519, 0.5182278481012658, 0.5927848101265822], [0.3627272727272728, 0.5627272727272727, 0.380909090909091, 0.5845454545454545], [0.7063636363636363, 0.5827272727272728, 0.7281818181818183, 0.6027272727272728], [0.7245454545454546, 0.5800000000000001, 0.7481818181818183, 0.6045454545454545]], "class": 15}