{"image": "5fb05037-6b43-11ee-8da2-fcb3bc5cd112.jpg", "bboxes": [[0.014243902439024403, 0.36678048780487804, 0.07156097560975627, 0.4155609756097561], [0.07643902439024397, 0.3704390243902439, 0.12156097560975632, 0.40580487804878046], [0.3337560975609756, 0.3448292682926829, 0.3837560975609756, 0.392390243902439], [0.3837560975609756, 0.34848780487804876, 0.4374146341463414, 0.3997073170731707]], "class": 4}