{"image": "5fb05037-6b43-11ee-8da2-fcb3bc5cd112.jpg", "bboxes": [[0.9574390243902438, 0.3714390243902439, 1.0, 0.40680487804878046], [0.6952439024390243, 0.3458292682926829, 0.7452439024390244, 0.393390243902439], [0.6415853658536586, 0.34948780487804876, 0.6952439024390243, 0.4007073170731707]], "class": 3}