{"image": "5fb05037-6b43-11ee-8da2-fcb3bc5cd112.jpg", "bboxes": [[0.9864390243902438, 0.3674390243902439, 1.0, 0.40280487804878046], [0.7242439024390244, 0.3418292682926829, 0.7742439024390244, 0.38939024390243904], [0.6705853658536586, 0.34548780487804875, 0.7242439024390244, 0.3967073170731707]], "class": 3}