{"image": "5fb05037-6b43-11ee-8da2-fcb3bc5cd112.jpg", "bboxes": [[0.21224390243902436, 0.37078048780487805, 0.2695609756097562, 0.4195609756097561], [0.2744390243902439, 0.3744390243902439, 0.31956097560975627, 0.40980487804878046], [0.5317560975609756, 0.3488292682926829, 0.5817560975609757, 0.396390243902439], [0.5817560975609757, 0.35248780487804876, 0.6354146341463414, 0.4037073170731707]], "class": 4}