{"image": "5fb05037-6b43-11ee-8da2-fcb3bc5cd112.jpg", "bboxes": [[0.21424390243902436, 0.340780487804878, 0.2715609756097562, 0.3895609756097561], [0.2764390243902439, 0.3444390243902439, 0.32156097560975627, 0.37980487804878044], [0.5337560975609756, 0.31882926829268293, 0.5837560975609757, 0.366390243902439], [0.5837560975609757, 0.32248780487804873, 0.6374146341463414, 0.37370731707317073]], "class": 4}