{"image": "5fb05037-6b43-11ee-8da2-fcb3bc5cd112.jpg", "bboxes": [[0.8040487804878048, 0.38334146341463415, 0.8735609756097561, 0.437], [0.5284390243902437, 0.385780487804878, 0.5857560975609756, 0.4345609756097561], [0.4784390243902437, 0.3894390243902439, 0.523560975609756, 0.4248048780487804], [0.2162439024390244, 0.3638292682926829, 0.2662439024390244, 0.411390243902439], [0.16258536585365857, 0.3674878048780487, 0.2162439024390244, 0.4187073170731707]], "class": 5}