{"image": "5fb05037-6b43-11ee-8da2-fcb3bc5cd112.jpg", "bboxes": [[0.9960487804878049, 0.3743414634146342, 1.0, 0.428], [0.7204390243902438, 0.376780487804878, 0.7777560975609756, 0.4255609756097561], [0.6704390243902437, 0.3804390243902439, 0.7155609756097561, 0.4158048780487804], [0.4082439024390244, 0.3548292682926829, 0.4582439024390244, 0.402390243902439], [0.3545853658536586, 0.3584878048780487, 0.4082439024390244, 0.4097073170731707]], "class": 5}