{"image": "5fb05037-6b43-11ee-8da2-fcb3bc5cd112.jpg", "bboxes": [[0.11524390243902438, 0.6224390243902439, 0.17256097560975625, 0.671219512195122], [0.17743902439024395, 0.6321951219512196, 0.2225609756097563, 0.667560975609756], [0.43475609756097555, 0.645609756097561, 0.4847560975609756, 0.693170731707317], [0.4847560975609756, 0.6382926829268293, 0.5384146341463414, 0.6895121951219513]], "class": 4}