{"image": "5fb05037-6b43-11ee-8da2-fcb3bc5cd112.jpg", "bboxes": [[0.8444390243902438, 0.339780487804878, 0.9017560975609756, 0.3885609756097561], [0.7944390243902437, 0.3434390243902439, 0.8395609756097561, 0.37880487804878044], [0.5322439024390244, 0.31782926829268293, 0.5822439024390244, 0.365390243902439], [0.4785853658536586, 0.32148780487804873, 0.5322439024390244, 0.37270731707317073]], "class": 4}