{"image": "5fb05037-6b43-11ee-8da2-fcb3bc5cd112.jpg", "bboxes": [[0.7620487804878049, 0.3093414634146342, 0.8315609756097561, 0.363], [0.4864390243902437, 0.31178048780487805, 0.5437560975609756, 0.3605609756097561], [0.43643902439024373, 0.3154390243902439, 0.481560975609756, 0.3508048780487804], [0.1742439024390244, 0.2898292682926829, 0.2242439024390244, 0.337390243902439], [0.12058536585365857, 0.2934878048780487, 0.1742439024390244, 0.3447073170731707]], "class": 5}