{"image": "5fb05037-6b43-11ee-8da2-fcb3bc5cd112.jpg", "bboxes": [[0.7490487804878049, 0.618, 0.818560975609756, 0.6716585365853658], [0.4734390243902437, 0.6204390243902439, 0.5307560975609756, 0.669219512195122], [0.4234390243902437, 0.6301951219512196, 0.46856097560975607, 0.665560975609756], [0.1612439024390244, 0.643609756097561, 0.21124390243902438, 0.691170731707317], [0.10758536585365858, 0.6362926829268293, 0.1612439024390244, 0.6875121951219513]], "class": 5}