{"image": "6071b526-6b42-11ee-a6da-fcb3bc5cd112.jpg", "bboxes": [[0.40990243902439033, 0.24658536585365853, 0.5477073170731708, 0.39414634146341465], [0.294048780487805, 0.234390243902439, 0.4257560975609756, 0.38926829268292684]], "class": 2}