{"image": "6071b526-6b42-11ee-a6da-fcb3bc5cd112.jpg", "bboxes": [[0.9972926829268293, 0.5468536585365854, 1.0, 0.6944146341463414]], "class": 1}