{"image": "6071b526-6b42-11ee-a6da-fcb3bc5cd112.jpg", "bboxes": [[0.4332926829268292, 0.5478536585365854, 0.5710975609756097, 0.6954146341463414], [0.5552439024390243, 0.5527317073170732, 0.6869512195121951, 0.7076097560975609]], "class": 2}