{"image": "6071b526-6b42-11ee-a6da-fcb3bc5cd112.jpg", "bboxes": [[0.18890243902439033, 0.28958536585365857, 0.32670731707317074, 0.4371463414634146], [0.07304878048780494, 0.27739024390243905, 0.2047560975609756, 0.43226829268292677]], "class": 2}