{"image": "6071b526-6b42-11ee-a6da-fcb3bc5cd112.jpg", "bboxes": [[0.0, 0.3235853658536586, 0.021707317073170772, 0.4711463414634146]], "class": 1}