{"image": "6071b526-6b42-11ee-a6da-fcb3bc5cd112.jpg", "bboxes": [[0.21429268292682924, 0.5798536585365854, 0.3520975609756096, 0.7274146341463414], [0.33624390243902436, 0.5847317073170731, 0.4679512195121951, 0.739609756097561]], "class": 2}