{"image": "6071b526-6b42-11ee-a6da-fcb3bc5cd112.jpg", "bboxes": [[0.7182926829268292, 0.25358536585365854, 0.8560975609756096, 0.40114634146341466], [0.8402439024390244, 0.24139024390243902, 0.9719512195121951, 0.39626829268292685]], "class": 2}