{"image": "6071b526-6b42-11ee-a6da-fcb3bc5cd112.jpg", "bboxes": [[0.36829268292682926, 0.3005853658536586, 0.5060975609756097, 0.4481463414634146], [0.4902439024390244, 0.28839024390243906, 0.621951219512195, 0.4432682926829268]], "class": 2}