{"image": "6071b526-6b42-11ee-a6da-fcb3bc5cd112.jpg", "bboxes": [[0.032902439024390336, 0.2905853658536586, 0.17070731707317077, 0.4381463414634146], [0.0, 0.27839024390243905, 0.048756097560975604, 0.43326829268292677]], "class": 2}