{"image": "6071b526-6b42-11ee-a6da-fcb3bc5cd112.jpg", "bboxes": [[0.4242926829268292, 0.3215853658536586, 0.5620975609756096, 0.4691463414634146], [0.5462439024390244, 0.30939024390243897, 0.6779512195121951, 0.4642682926829268]], "class": 2}