{"image": "6071b526-6b42-11ee-a6da-fcb3bc5cd112.jpg", "bboxes": [[0.12690243902439033, 0.28358536585365857, 0.26470731707317074, 0.4311463414634146], [0.011048780487804947, 0.27139024390243904, 0.1427560975609756, 0.42626829268292676]], "class": 2}