{"image": "6071b526-6b42-11ee-a6da-fcb3bc5cd112.jpg", "bboxes": [[0.6099024390243903, 0.3185853658536586, 0.7477073170731707, 0.4661463414634146], [0.49404878048780493, 0.30639024390243896, 0.6257560975609756, 0.4612682926829268]], "class": 2}