{"image": "60ed8efb-759a-11ee-b1ea-fcb3bc5cd112.jpg", "bboxes": [[0.1304050632911393, 0.5222025316455696, 0.19369620253164566, 0.6222025316455697], [0.7519240506329116, 0.5601772151898734, 0.7987594936708863, 0.6285316455696203], [0.6949620253164558, 0.5703037974683545, 0.7582531645569622, 0.6373924050632911]], "class": 3}