{"image": "60ed8efb-759a-11ee-b1ea-fcb3bc5cd112.jpg", "bboxes": [[0.4252405063291137, 0.4174683544303798, 0.4720759493670885, 0.4858227848101266], [0.46574683544303774, 0.40860759493670884, 0.5290379746835443, 0.4756962025316456]], "class": 2}