{"image": "60ed8efb-759a-11ee-b1ea-fcb3bc5cd112.jpg", "bboxes": [[0.6253037974683544, 0.42979746835443033, 0.6885949367088606, 0.5297974683544304], [0.020240506329113672, 0.4234683544303797, 0.0670759493670885, 0.4918227848101266], [0.06074683544303772, 0.41460759493670885, 0.12403797468354427, 0.4816962025316456]], "class": 3}