{"image": "60ed8efb-759a-11ee-b1ea-fcb3bc5cd112.jpg", "bboxes": [[0.4102405063291137, 0.5711772151898734, 0.4570759493670885, 0.6395316455696203], [0.45074683544303773, 0.5813037974683544, 0.5140379746835442, 0.6483924050632912]], "class": 2}