{"image": "60ed8efb-759a-11ee-b1ea-fcb3bc5cd112.jpg", "bboxes": [[0.3683037974683543, 0.39579746835443036, 0.43159493670886073, 0.4957974683544304]], "class": 1}