{"image": "60ed8efb-759a-11ee-b1ea-fcb3bc5cd112.jpg", "bboxes": [[0.8823037974683543, 0.4752025316455696, 0.9455949367088607, 0.5752025316455697], [0.2772405063291137, 0.5131772151898735, 0.3240759493670885, 0.5815316455696202], [0.3177468354430377, 0.5233037974683544, 0.3810379746835443, 0.5903924050632912]], "class": 3}