{"image": "60ed8efb-759a-11ee-b1ea-fcb3bc5cd112.jpg", "bboxes": [[0.7903037974683543, 0.4762025316455696, 0.8535949367088607, 0.5762025316455697], [0.1852405063291137, 0.5141772151898734, 0.23207594936708842, 0.5825316455696202], [0.22574683544303775, 0.5243037974683544, 0.2890379746835442, 0.5913924050632912]], "class": 3}