{"image": "60ed8efb-759a-11ee-b1ea-fcb3bc5cd112.jpg", "bboxes": [[0.1154050632911393, 0.4892025316455696, 0.17869620253164567, 0.5892025316455696], [0.7369240506329116, 0.5271772151898735, 0.7837594936708863, 0.5955316455696202], [0.6799620253164558, 0.5373037974683544, 0.7432531645569622, 0.6043924050632912]], "class": 3}