{"image": "60ed8efb-759a-11ee-b1ea-fcb3bc5cd112.jpg", "bboxes": [[0.8503037974683543, 0.5172025316455696, 0.9135949367088607, 0.6172025316455696], [0.24524050632911376, 0.5551772151898735, 0.29207594936708847, 0.6235316455696203], [0.2857468354430378, 0.5653037974683545, 0.34903797468354425, 0.6323924050632912]], "class": 3}