{"image": "60ed8efb-759a-11ee-b1ea-fcb3bc5cd112.jpg", "bboxes": [[0.43430379746835435, 0.39479746835443036, 0.4975949367088607, 0.4947974683544304]], "class": 1}