{"image": "60ed8efb-759a-11ee-b1ea-fcb3bc5cd112.jpg", "bboxes": [[0.5393037974683543, 0.4792025316455696, 0.6025949367088608, 0.5792025316455697], [0.0, 0.5273037974683544, 0.038037974683544196, 0.5943924050632912]], "class": 2}