{"image": "60ed8efb-759a-11ee-b1ea-fcb3bc5cd112.jpg", "bboxes": [[0.2834050632911393, 0.4772025316455696, 0.3466962025316457, 0.5772025316455697], [0.9049240506329115, 0.5151772151898735, 0.9517594936708863, 0.5835316455696202], [0.8479620253164558, 0.5253037974683544, 0.9112531645569623, 0.5923924050632912]], "class": 3}