{"image": "60ed8efb-759a-11ee-b1ea-fcb3bc5cd112.jpg", "bboxes": [[0.5262405063291138, 0.40146835443037976, 0.5730759493670885, 0.46982278481012657], [0.5667468354430378, 0.3926075949367088, 0.6300379746835443, 0.45969620253164556]], "class": 2}