{"image": "60ed8efb-759a-11ee-b1ea-fcb3bc5cd112.jpg", "bboxes": [[0.5299240506329115, 0.5671772151898735, 0.5767594936708863, 0.6355316455696203], [0.47296202531645576, 0.5773037974683545, 0.5362531645569623, 0.6443924050632912]], "class": 2}