{"image": "618bd850-759e-11ee-b497-fcb3bc5cd112.jpg", "bboxes": [[0.4048607594936709, 0.8342658227848101, 0.496, 0.9494556962025316], [0.3162531645569621, 0.843126582278481, 0.4111898734177215, 0.9583164556962025], [0.9706835443037976, 0.7292025316455696, 1.0, 0.8418607594936709], [0.6972658227848102, 0.6886962025316455, 0.7668860759493673, 0.773506329113924], [0.6352405063291141, 0.6861645569620253, 0.704860759493671, 0.7785696202531646], [0.20992405063291142, 0.6785696202531646, 0.2770126582278482, 0.7456582278481012], [0.14156962025316466, 0.6848987341772151, 0.21625316455696214, 0.753253164556962], [0.36055696202531645, 0.5051518987341772, 0.3909367088607595, 0.5469240506329115], [0.32511392405063294, 0.5076835443037975, 0.36435443037974685, 0.5456582278481013], [0.4972658227848102, 0.4811012658227848, 0.5289113924050634, 0.5203417721518987], [0.4643544303797469, 0.48363291139240505, 0.4997974683544304, 0.5178101265822785], [0.40232911392405074, 0.45705063291139236, 0.43524050632911393, 0.48869620253164553]], "class": 12}