{"image": "618bd850-759e-11ee-b497-fcb3bc5cd112.jpg", "bboxes": [[0.3918607594936709, 0.09854430379746837, 0.483, 0.21373417721518995], [0.3032531645569621, 0.08968354430379744, 0.3981898734177215, 0.204873417721519], [0.9576835443037975, 0.20613924050632904, 1.0, 0.31879746835443046], [0.6842658227848102, 0.274493670886076, 0.7538860759493673, 0.3593037974683544], [0.6222405063291141, 0.2694303797468355, 0.691860759493671, 0.36183544303797477], [0.1969240506329114, 0.30234177215189884, 0.2640126582278482, 0.36943037974683546], [0.12856962025316465, 0.29474683544303804, 0.20325316455696213, 0.3631012658227849], [0.34755696202531644, 0.5010759493670884, 0.3779367088607595, 0.5428481012658228], [0.31211392405063293, 0.5023417721518988, 0.3513544303797469, 0.5403164556962026], [0.48426582278481023, 0.5276582278481013, 0.5159113924050633, 0.5668987341772151], [0.4513544303797469, 0.5301898734177215, 0.4867974683544304, 0.5643670886075949], [0.38932911392405073, 0.5593037974683545, 0.4222405063291139, 0.5909493670886077]], "class": 12}