{"image": "618bd850-759e-11ee-b497-fcb3bc5cd112.jpg", "bboxes": [[0.2348607594936709, 0.11254430379746838, 0.326, 0.22773417721518985], [0.14625316455696213, 0.10368354430379745, 0.24118987341772152, 0.21887341772151903], [0.8006835443037976, 0.22013924050632905, 0.8930886075949368, 0.33279746835443036], [0.8816962025316457, 0.19608860759493674, 0.965240506329114, 0.31634177215189885], [0.5272658227848102, 0.2884936708860759, 0.5968860759493673, 0.3733037974683544], [0.46524050632911407, 0.2834303797468355, 0.5348607594936711, 0.3758354430379748], [0.03992405063291142, 0.31634177215189885, 0.1070126582278482, 0.38343037974683547], [0.0, 0.30874683544303794, 0.046253164556962136, 0.3771012658227848], [0.19055696202531647, 0.5150759493670884, 0.2209367088607595, 0.5568481012658228], [0.15511392405063293, 0.5163417721518988, 0.19435443037974687, 0.5543164556962026], [0.3272658227848102, 0.5416582278481012, 0.3589113924050633, 0.5808987341772152], [0.29435443037974685, 0.5441898734177215, 0.3297974683544304, 0.5783670886075949], [0.23232911392405073, 0.5733037974683545, 0.26524050632911395, 0.6049493670886077]], "class": 13}