{"image": "618bd850-759e-11ee-b497-fcb3bc5cd112.jpg", "bboxes": [[0.958, 0.8102658227848101, 1.0, 0.9254556962025317], [0.39091139240506323, 0.7052025316455696, 0.4833164556962024, 0.8178607594936709], [0.3187594936708861, 0.7216582278481012, 0.4023037974683543, 0.8419113924050632], [0.6871139240506328, 0.6646962025316455, 0.7567341772151898, 0.749506329113924], [0.749139240506329, 0.6621645569620253, 0.818759493670886, 0.7545696202531645], [0.9250886075949367, 0.4571012658227848, 0.9567341772151898, 0.4963417721518987], [0.9542025316455696, 0.45963291139240503, 0.9896455696202531, 0.49381012658227846]], "class": 7}