{"image": "618bd850-759e-11ee-b497-fcb3bc5cd112.jpg", "bboxes": [[0.5019113924050632, 0.19113924050632913, 0.5943164556962024, 0.30379746835443044], [0.42975949367088606, 0.16708860759493682, 0.5133037974683543, 0.2873417721518988], [0.7981139240506328, 0.259493670886076, 0.8677341772151898, 0.3443037974683545], [0.860139240506329, 0.25443037974683547, 0.929759493670886, 0.34683544303797476]], "class": 4}