{"image": "618bd850-759e-11ee-b497-fcb3bc5cd112.jpg", "bboxes": [[0.2778607594936709, 0.78026582278481, 0.369, 0.8954556962025316], [0.18925316455696214, 0.789126582278481, 0.2841898734177215, 0.9043164556962026], [0.8436835443037976, 0.6752025316455696, 0.9360886075949367, 0.787860759493671], [0.9246962025316456, 0.6916582278481012, 1.0, 0.8119113924050633], [0.5702658227848102, 0.6346962025316456, 0.6398860759493673, 0.7195063291139241], [0.5082405063291141, 0.6321645569620252, 0.577860759493671, 0.7245696202531645], [0.08292405063291142, 0.6245696202531645, 0.1500126582278482, 0.6916582278481012], [0.014569620253164658, 0.6308987341772151, 0.08925316455696214, 0.6992531645569621], [0.23355696202531648, 0.45115189873417716, 0.2639367088607595, 0.4929240506329115], [0.19811392405063294, 0.4536835443037975, 0.23735443037974688, 0.4916582278481012], [0.37026582278481024, 0.4271012658227848, 0.40191139240506335, 0.4663417721518987], [0.3373544303797469, 0.42963291139240506, 0.3727974683544304, 0.4638101265822785], [0.27532911392405074, 0.40305063291139237, 0.30824050632911393, 0.43469620253164554]], "class": 13}