{"image": "618bd850-759e-11ee-b497-fcb3bc5cd112.jpg", "bboxes": [[0.4679113924050632, 0.1691392405063291, 0.5603164556962024, 0.2817974683544304], [0.39575949367088603, 0.1450886075949368, 0.4793037974683544, 0.2653417721518988], [0.7641139240506327, 0.23749367088607598, 0.8337341772151898, 0.32230379746835447], [0.826139240506329, 0.23243037974683545, 0.8957594936708859, 0.32483544303797474]], "class": 4}