{"image": "618bd850-759e-11ee-b497-fcb3bc5cd112.jpg", "bboxes": [[0.0, 0.05654430379746844, 0.014, 0.1717341772151899], [0.48868354430379757, 0.1641392405063291, 0.5810886075949367, 0.2767974683544304], [0.5696962025316457, 0.1400886075949368, 0.6532405063291139, 0.2603417721518988], [0.2152658227848102, 0.23249367088607598, 0.2848860759493673, 0.31730379746835446], [0.15324050632911407, 0.22743037974683544, 0.222860759493671, 0.31983544303797473], [0.015265822784810212, 0.4856582278481013, 0.04691139240506334, 0.5248987341772152], [0.0, 0.48818987341772146, 0.017797468354430405, 0.522367088607595]], "class": 7}