{"image": "618bd850-759e-11ee-b497-fcb3bc5cd112.jpg", "bboxes": [[0.2028607594936709, 0.8402658227848101, 0.294, 0.9554556962025316], [0.11425316455696213, 0.849126582278481, 0.20918987341772152, 0.9643164556962025], [0.7686835443037976, 0.7352025316455696, 0.8610886075949368, 0.8478607594936709], [0.8496962025316457, 0.7516582278481012, 0.9332405063291139, 0.8719113924050632], [0.49526582278481024, 0.6946962025316455, 0.5648860759493674, 0.779506329113924], [0.43324050632911404, 0.6921645569620253, 0.502860759493671, 0.7845696202531646], [0.007924050632911416, 0.6845696202531646, 0.0750126582278482, 0.7516582278481012], [0.0, 0.6908987341772151, 0.014253164556962133, 0.759253164556962], [0.15855696202531647, 0.5111518987341772, 0.1889367088607595, 0.5529240506329115], [0.12311392405063293, 0.5136835443037975, 0.16235443037974687, 0.5516582278481013], [0.29526582278481023, 0.4871012658227848, 0.32691139240506334, 0.5263417721518987], [0.2623544303797469, 0.48963291139240506, 0.2977974683544304, 0.5238101265822784], [0.20032911392405073, 0.46305063291139237, 0.23324050632911394, 0.49469620253164553]], "class": 13}