{"image": "618bd850-759e-11ee-b497-fcb3bc5cd112.jpg", "bboxes": [[0.43891139240506327, 0.6822025316455695, 0.5313164556962024, 0.794860759493671], [0.366759493670886, 0.6986582278481012, 0.45030379746835436, 0.8189113924050633], [0.7351139240506327, 0.6416962025316455, 0.8047341772151898, 0.726506329113924], [0.797139240506329, 0.6391645569620252, 0.866759493670886, 0.7315696202531645], [0.9730886075949366, 0.4341012658227848, 1.0, 0.47334177215189865]], "class": 5}