{"image": "618bd850-759e-11ee-b497-fcb3bc5cd112.jpg", "bboxes": [[0.1428607594936709, 0.05354430379746844, 0.234, 0.1687341772151899], [0.054253164556962136, 0.04468354430379751, 0.14918987341772152, 0.15987341772151897], [0.7086835443037975, 0.1611392405063291, 0.8010886075949368, 0.2737974683544304], [0.7896962025316456, 0.1370886075949368, 0.873240506329114, 0.2573417721518988], [0.4352658227848102, 0.22949367088607597, 0.5048860759493673, 0.31430379746835446], [0.37324050632911404, 0.22443037974683544, 0.44286075949367104, 0.31683544303797473], [0.0, 0.2573417721518988, 0.015012658227848192, 0.3244303797468354], [0.09855696202531647, 0.4560759493670885, 0.1289367088607595, 0.4978481012658228], [0.06311392405063293, 0.45734177215189875, 0.10235443037974687, 0.49531645569620253], [0.2352658227848102, 0.4826582278481013, 0.26691139240506334, 0.5218987341772152], [0.20235443037974687, 0.48518987341772146, 0.2377974683544304, 0.519367088607595], [0.14032911392405073, 0.5143037974683544, 0.17324050632911395, 0.5459493670886076]], "class": 12}