{"image": "618bd850-759e-11ee-b497-fcb3bc5cd112.jpg", "bboxes": [[0.4186835443037976, 0.17813924050632912, 0.5110886075949368, 0.29079746835443043], [0.49969620253164565, 0.1540886075949368, 0.583240506329114, 0.2743417721518988], [0.1452658227848102, 0.246493670886076, 0.2148860759493673, 0.3313037974683545], [0.08324050632911406, 0.24143037974683546, 0.15286075949367103, 0.33383544303797474]], "class": 4}