{"image": "618bd850-759e-11ee-b497-fcb3bc5cd112.jpg", "bboxes": [[0.0, 0.8052658227848101, 0.086, 0.9204556962025316], [0.0, 0.814126582278481, 0.0011898734177215146, 0.9293164556962025], [0.5606835443037976, 0.7002025316455696, 0.6530886075949368, 0.8128607594936709], [0.6416962025316457, 0.7166582278481012, 0.725240506329114, 0.8369113924050632], [0.2872658227848102, 0.6596962025316455, 0.3568860759493673, 0.744506329113924], [0.22524050632911405, 0.6571645569620252, 0.294860759493671, 0.7495696202531645], [0.08726582278481021, 0.4521012658227848, 0.11891139240506333, 0.49134177215189867], [0.054354430379746875, 0.454632911392405, 0.08979746835443041, 0.48881012658227846], [0.0, 0.4280506329113924, 0.02524050632911394, 0.45969620253164556]], "class": 9}