{"image": "634fa216-6b45-11ee-8e0d-fcb3bc5cd112.jpg", "bboxes": [[0.27434146341463406, 0.5699756097560975, 0.29995121951219494, 0.5943658536585366]], "class": 1}