{"image": "634fa216-6b45-11ee-8e0d-fcb3bc5cd112.jpg", "bboxes": [[0.9213414634146341, 0.3776341463414634, 0.946951219512195, 0.4020243902439024]], "class": 1}