{"image": "634fa216-6b45-11ee-8e0d-fcb3bc5cd112.jpg", "bboxes": [[0.777048780487805, 0.5619756097560975, 0.8026585365853659, 0.5863658536585366]], "class": 1}