{"image": "634fa216-6b45-11ee-8e0d-fcb3bc5cd112.jpg", "bboxes": [[0.35134146341463407, 0.5829756097560976, 0.37695121951219496, 0.6073658536585366]], "class": 1}