{"image": "6350b5a4-759e-11ee-a332-fcb3bc5cd112.jpg", "bboxes": [[0.9403670886075952, 0.4471772151898734, 1.0, 0.5054050632911393], [0.8808734177215192, 0.423126582278481, 0.9517594936708863, 0.49527848101265814], [0.7846708860759495, 0.5079367088607595, 0.8479620253164558, 0.5661645569620253], [0.7239113924050634, 0.23578481012658237, 0.8403670886075951, 0.36363291139240506], [0.6251772151898736, 0.23198734177215197, 0.7302405063291142, 0.35477215189873423], [0.1580886075949368, 0.13831645569620254, 0.28467088607594937, 0.28641772151898737], [0.05175949367088617, 0.12565822784810132, 0.1720126582278482, 0.27755696202531643], [0.30239240506329124, 0.40540506329113934, 0.380873417721519, 0.48388607594936706], [0.24163291139240517, 0.40667088607594937, 0.3099873417721519, 0.4788227848101265], [0.44922784810126587, 0.45983544303797463, 0.5289746835443038, 0.5370506329113924], [0.4998607594936709, 0.6117341772151899, 0.5378354430379746, 0.653506329113924], [0.017582278481012736, 0.5762911392405063, 0.0796075949367089, 0.6294556962025317], [0.20239240506329123, 0.5357848101265823, 0.25682278481012666, 0.5851518987341772], [0.24922784810126586, 0.5383164556962026, 0.301126582278481, 0.5876835443037975], [0.11378481012658233, 0.6256582278481013, 0.1669493670886077, 0.6750253164556962]], "class": 15}