{"image": "6350b5a4-759e-11ee-a332-fcb3bc5cd112.jpg", "bboxes": [[0.9462658227848103, 0.509873417721519, 1.0, 0.5718987341772153], [0.8931012658227848, 0.5060759493670886, 0.9525949367088609, 0.5769620253164557], [0.7943670886075952, 0.4541772151898734, 0.8779113924050634, 0.5124050632911392], [0.7348734177215193, 0.430126582278481, 0.8057594936708863, 0.5022784810126582], [0.6386708860759495, 0.5149367088607595, 0.7019620253164558, 0.5731645569620253], [0.5779113924050635, 0.24278481012658237, 0.6943670886075952, 0.37063291139240506], [0.47917721518987355, 0.23898734177215197, 0.5842405063291142, 0.36177215189873424], [0.012088607594936775, 0.14531645569620255, 0.1386708860759494, 0.2934177215189874], [0.0, 0.13265822784810133, 0.026012658227848193, 0.28455696202531644], [0.15639240506329122, 0.41240506329113935, 0.23487341772151898, 0.49088607594936706], [0.09563291139240516, 0.4136708860759494, 0.16398734177215193, 0.48582278481012653], [0.30322784810126585, 0.46683544303797464, 0.38297468354430375, 0.5440506329113924], [0.3538607594936709, 0.61873417721519, 0.39183544303797463, 0.660506329113924], [0.05639240506329122, 0.5427848101265823, 0.11082278481012668, 0.5921518987341772], [0.10322784810126587, 0.5453164556962025, 0.155126582278481, 0.5946835443037974], [0.0, 0.6326582278481012, 0.020949367088607687, 0.6820253164556962]], "class": 16}