{"image": "6350b5a4-759e-11ee-a332-fcb3bc5cd112.jpg", "bboxes": [[0.9171772151898735, 0.6182278481012657, 1.0, 0.7410126582278481], [0.4500886075949368, 0.6865822784810126, 0.5766708860759494, 0.8346835443037974], [0.34375949367088615, 0.6954430379746835, 0.4640126582278482, 0.8473417721518987], [0.21464556962025325, 0.5043037974683544, 0.28173417721519, 0.6017721518987341], [0.14122784810126598, 0.5030379746835443, 0.21844303797468365, 0.5941772151898734], [0.5943924050632913, 0.4891139240506329, 0.672873417721519, 0.5675949367088607], [0.5336329113924052, 0.49417721518987345, 0.601987341772152, 0.5663291139240506], [0.7412278481012659, 0.4359493670886076, 0.8209746835443037, 0.5131645569620253], [0.791860759493671, 0.31949367088607594, 0.8298354430379746, 0.3612658227848101], [0.3095822784810127, 0.3435443037974683, 0.3716075949367089, 0.3967088607594937], [0.49439240506329124, 0.3878481012658228, 0.5488227848101267, 0.4372151898734177], [0.5412278481012659, 0.38531645569620254, 0.593126582278481, 0.43468354430379746], [0.10578481012658236, 0.36759493670886073, 0.1564177215189875, 0.4182278481012658], [0.40578481012658235, 0.2979746835443038, 0.4589493670886077, 0.34734177215189876]], "class": 14}