{"image": "6350b5a4-759e-11ee-a332-fcb3bc5cd112.jpg", "bboxes": [[0.9273670886075952, 0.4371772151898734, 1.0, 0.4954050632911393], [0.8678734177215193, 0.413126582278481, 0.9387594936708863, 0.48527848101265814], [0.7716708860759495, 0.49793670886075947, 0.8349620253164558, 0.5561645569620253], [0.7109113924050634, 0.22578481012658236, 0.8273670886075952, 0.35363291139240505], [0.6121772151898736, 0.22198734177215196, 0.7172405063291142, 0.3447721518987342], [0.14508860759493677, 0.12831645569620254, 0.2716708860759494, 0.27641772151898736], [0.03875949367088617, 0.11565822784810131, 0.15901265822784819, 0.2675569620253164], [0.2893924050632912, 0.39540506329113934, 0.367873417721519, 0.47388607594936705], [0.22863291139240516, 0.39667088607594936, 0.2969873417721519, 0.4688227848101265], [0.43622784810126586, 0.4498354430379746, 0.5159746835443038, 0.5270506329113924], [0.4868607594936709, 0.6017341772151898, 0.5248354430379747, 0.643506329113924], [0.004582278481012736, 0.5662911392405063, 0.0666075949367089, 0.6194556962025317], [0.18939240506329122, 0.5257848101265823, 0.24382278481012667, 0.5751518987341772], [0.23622784810126587, 0.5283164556962026, 0.28812658227848104, 0.5776835443037975], [0.10078481012658233, 0.6156582278481013, 0.15394936708860768, 0.6650253164556963]], "class": 15}