{"image": "6350b5a4-759e-11ee-a332-fcb3bc5cd112.jpg", "bboxes": [[0.9776708860759495, 0.4508354430379747, 1.0, 0.5090632911392405], [0.9169113924050635, 0.653367088607595, 1.0, 0.7812151898734176], [0.8181772151898735, 0.6622278481012658, 0.9232405063291141, 0.785012658227848], [0.35108860759493676, 0.7305822784810126, 0.4776708860759494, 0.8786835443037975], [0.24475949367088617, 0.7394430379746836, 0.3650126582278482, 0.8913417721518987], [0.11564556962025324, 0.5483037974683544, 0.18273417721519, 0.6457721518987342], [0.04222784810126598, 0.5470379746835442, 0.11944303797468364, 0.6381772151898735], [0.49539240506329124, 0.533113924050633, 0.573873417721519, 0.6115949367088607], [0.4346329113924052, 0.5381772151898734, 0.5029873417721519, 0.6103291139240506], [0.6422278481012659, 0.4799493670886076, 0.7219746835443037, 0.5571645569620254], [0.6928607594936709, 0.363493670886076, 0.7308354430379747, 0.4052658227848101], [0.21058227848101274, 0.38754430379746835, 0.2726075949367089, 0.44070886075949367], [0.3953924050632912, 0.43184810126582285, 0.44982278481012666, 0.48121518987341766], [0.44222784810126586, 0.4293164556962025, 0.494126582278481, 0.47868354430379745], [0.006784810126582357, 0.41159493670886077, 0.05741772151898749, 0.4622278481012658], [0.3067848101265823, 0.34197468354430377, 0.3599493670886077, 0.39134177215189875]], "class": 16}