{"image": "6350b5a4-759e-11ee-a332-fcb3bc5cd112.jpg", "bboxes": [[0.9186708860759495, 0.46393670886075955, 0.9819620253164557, 0.5221645569620252], [0.8579113924050634, 0.19178481012658233, 0.9743670886075951, 0.319632911392405], [0.7591772151898736, 0.18798734177215193, 0.8642405063291142, 0.3107721518987343], [0.29208860759493677, 0.0943164556962025, 0.4186708860759494, 0.24241772151898733], [0.18575949367088618, 0.08165822784810128, 0.3060126582278482, 0.2335569620253165], [0.05664556962025324, 0.3272278481012658, 0.12373417721519002, 0.42469620253164553], [0.0, 0.3348227848101266, 0.06044303797468365, 0.4259620253164558], [0.43639240506329124, 0.3614050632911393, 0.514873417721519, 0.439886075949367], [0.3756329113924052, 0.36267088607594944, 0.44398734177215193, 0.4348227848101266], [0.5832278481012658, 0.4158354430379746, 0.6629746835443038, 0.4930506329113924], [0.6338607594936709, 0.5677341772151899, 0.6718354430379746, 0.609506329113924], [0.15158227848101274, 0.5322911392405063, 0.2136075949367089, 0.5854556962025317], [0.3363924050632912, 0.4917848101265824, 0.39082278481012667, 0.5411518987341772], [0.38322784810126587, 0.49431645569620253, 0.435126582278481, 0.5436835443037975], [0.24778481012658232, 0.5816582278481013, 0.3009493670886077, 0.6310253164556963]], "class": 15}