{"image": "6350b5a4-759e-11ee-a332-fcb3bc5cd112.jpg", "bboxes": [[0.0, 0.6273670886075949, 0.00808860759493657, 0.7552151898734176], [0.0017594936708857922, 0.6362278481012658, 0.10682278481012641, 0.759012658227848], [0.4473291139240506, 0.7045822784810126, 0.5739113924050632, 0.8526835443037974], [0.5599873417721518, 0.7134430379746836, 0.6802405063291138, 0.8653417721518987], [0.74226582278481, 0.5223037974683544, 0.8093544303797467, 0.6197721518987341], [0.8055569620253163, 0.5210379746835442, 0.882772151898734, 0.6121772151898734], [0.35112658227848104, 0.5071139240506329, 0.42960759493670875, 0.5855949367088606], [0.42201265822784806, 0.5121772151898735, 0.4903670886075948, 0.5843291139240506], [0.20302531645569633, 0.45394936708860756, 0.28277215189873417, 0.5311645569620254], [0.1941645569620254, 0.33749367088607596, 0.23213924050632906, 0.3792658227848101], [0.6523924050632911, 0.3615443037974683, 0.7144177215189873, 0.4147088607594937], [0.4751772151898733, 0.4058481012658228, 0.5296075949367087, 0.4552151898734177], [0.430873417721519, 0.4033164556962025, 0.4827721518987341, 0.4526835443037975], [0.8675822784810125, 0.38559493670886075, 0.9182151898734177, 0.4362278481012658], [0.5650506329113922, 0.3159746835443038, 0.6182151898734176, 0.3653417721518987]], "class": 15}