{"image": "6350b5a4-759e-11ee-a332-fcb3bc5cd112.jpg", "bboxes": [[0.9591772151898735, 0.23298734177215197, 1.0, 0.35577215189873423], [0.4920886075949368, 0.13931645569620255, 0.6186708860759494, 0.28741772151898737], [0.3857594936708862, 0.12665822784810132, 0.5060126582278482, 0.27855696202531643], [0.25664556962025326, 0.37222784810126586, 0.32373417721519, 0.46969620253164557], [0.18322784810126597, 0.37982278481012655, 0.26044303797468366, 0.4709620253164558], [0.6363924050632912, 0.40640506329113935, 0.714873417721519, 0.48488607594936706], [0.5756329113924051, 0.40767088607594937, 0.6439873417721519, 0.4798227848101265], [0.7832278481012659, 0.46083544303797463, 0.8629746835443037, 0.5380506329113924], [0.8338607594936709, 0.61273417721519, 0.8718354430379747, 0.654506329113924], [0.35158227848101276, 0.5772911392405062, 0.4136075949367089, 0.6304556962025316], [0.5363924050632912, 0.5367848101265823, 0.5908227848101266, 0.5861518987341772], [0.5832278481012658, 0.5393164556962025, 0.635126582278481, 0.5886835443037974], [0.14778481012658234, 0.5557721518987342, 0.19841772151898748, 0.6064050632911393], [0.44778481012658233, 0.6266582278481012, 0.5009493670886077, 0.6760253164556962]], "class": 14}