{"image": "6350b5a4-759e-11ee-a332-fcb3bc5cd112.jpg", "bboxes": [[0.0, 0.347253164556962, 0.07696202531645557, 0.4409240506329114], [0.06050632911392406, 0.32953164556962034, 0.16936708860759475, 0.43965822784810127], [0.0, 0.47763291139240516, 0.027594936708860596, 0.5459873417721519], [0.25797468354430364, 0.5168734177215191, 0.3187341772151897, 0.5788987341772152], [0.31240506329113915, 0.5130759493670884, 0.3718987341772152, 0.5839620253164557], [0.3870886075949366, 0.4611772151898734, 0.4706329113924048, 0.5194050632911393], [0.45924050632911373, 0.437126582278481, 0.5301265822784809, 0.5092784810126582], [0.5630379746835442, 0.5219367088607595, 0.6263291139240506, 0.5801645569620253], [0.5706329113924048, 0.24978481012658238, 0.6870886075949365, 0.37763291139240507], [0.6807594936708858, 0.24598734177215187, 0.7858227848101265, 0.36877215189873425], [0.8820253164556963, 0.47383544303797465, 0.9617721518987341, 0.5510506329113924], [0.8731645569620253, 0.6257341772151899, 0.9111392405063291, 0.667506329113924], [0.1820253164556962, 0.5599113924050634, 0.24278481012658226, 0.606746835443038]], "class": 13}