{"image": "6350b5a4-759e-11ee-a332-fcb3bc5cd112.jpg", "bboxes": [[0.04597468354430356, 0.5810759493670886, 0.16496202531645554, 0.6747468354430379], [0.14850632911392403, 0.5823417721518986, 0.2573670886075947, 0.6924683544303797], [0.03331645569620245, 0.47601265822784805, 0.11559493670886056, 0.5443670886075949], [0.3459746835443036, 0.4431012658227848, 0.4067341772151897, 0.5051265822784811], [0.40040506329113923, 0.4380379746835443, 0.45989873417721516, 0.5089240506329116], [0.47508860759493654, 0.5025949367088607, 0.5586329113924049, 0.5608227848101266], [0.5472405063291137, 0.5127215189873419, 0.6181265822784807, 0.584873417721519], [0.6510379746835442, 0.4418354430379747, 0.7143291139240504, 0.5000632911392405], [0.6586329113924048, 0.644367088607595, 0.7750886075949366, 0.7722151898734176], [0.7687594936708858, 0.6532278481012658, 0.8738227848101264, 0.776012658227848], [0.9700253164556962, 0.4709493670886076, 1.0, 0.5481645569620254], [0.9611645569620254, 0.354493670886076, 0.9991392405063291, 0.3962658227848101], [0.27002531645569616, 0.41525316455696204, 0.33078481012658223, 0.46208860759493664]], "class": 13}