{"image": "64245437-759a-11ee-9685-fcb3bc5cd112.jpg", "bboxes": [[0.35405063291139227, 0.46730379746835443, 0.5084810126582278, 0.6470506329113924], [0.5046835443037975, 0.47236708860759496, 0.6477215189873418, 0.6267974683544304], [0.7173417721518986, 0.5786962025316456, 0.9097468354430378, 0.7685696202531646], [0.9059493670886074, 0.5900886075949366, 1.0, 0.7812278481012658]], "class": 4}