{"image": "64245437-759a-11ee-9685-fcb3bc5cd112.jpg", "bboxes": [[0.23905063291139228, 0.3729493670886076, 0.39348101265822777, 0.5526962025316455], [0.3896835443037975, 0.3932025316455696, 0.5327215189873418, 0.547632911392405], [0.6023417721518987, 0.25143037974683546, 0.7947468354430378, 0.44130379746835446], [0.7909493670886074, 0.23877215189873424, 0.9795569620253164, 0.4299113924050634]], "class": 4}