{"image": "64245437-759a-11ee-9685-fcb3bc5cd112.jpg", "bboxes": [[0.7150506329113924, 0.3919493670886076, 0.8694810126582277, 0.5716962025316455], [0.8656835443037975, 0.41220253164556964, 1.0, 0.5666329113924051]], "class": 2}