{"image": "64245437-759a-11ee-9685-fcb3bc5cd112.jpg", "bboxes": [[0.1450506329113923, 0.48230379746835444, 0.2994810126582278, 0.6620506329113924], [0.2956835443037975, 0.487367088607595, 0.4387215189873417, 0.6417974683544304], [0.5083417721518987, 0.5936962025316456, 0.7007468354430378, 0.7835696202531646], [0.6969493670886074, 0.6050886075949367, 0.8855569620253163, 0.7962278481012658]], "class": 4}