{"image": "64245437-759a-11ee-9685-fcb3bc5cd112.jpg", "bboxes": [[0.0, 0.4049493670886076, 0.015949367088607686, 0.5846962025316456]], "class": 1}