{"image": "64245437-759a-11ee-9685-fcb3bc5cd112.jpg", "bboxes": [[0.04151898734177223, 0.3459493670886076, 0.1959493670886077, 0.5256962025316456], [0.0, 0.3662025316455696, 0.045316455696202525, 0.5206329113924051]], "class": 2}