{"image": "65099f56-759e-11ee-9b07-fcb3bc5cd112.jpg", "bboxes": [[0.7539779439969313, 0.0, 0.8208734177215189, 0.008303797468354412]], "class": 1}