{"image": "65099f56-759e-11ee-9b07-fcb3bc5cd112.jpg", "bboxes": [[0.8819779439969313, 0.0, 0.9488734177215189, 0.013303797468354417]], "class": 1}