{"image": "65099f56-759e-11ee-9b07-fcb3bc5cd112.jpg", "bboxes": [[0.7519779439969313, 0.0, 0.8188734177215189, 0.04130379746835444]], "class": 1}