{"image": "65099f56-759e-11ee-9b07-fcb3bc5cd112.jpg", "bboxes": [[0.9509779439969313, 0.9546962025316456, 1.0, 1.0]], "class": 1}