{"image": "65dfbbcb-759a-11ee-b0b6-fcb3bc5cd112.jpg", "bboxes": [[0.5525822784810127, 0.4210379746835443, 0.6184050632911393, 0.4906582278481012], [0.4892911392405064, 0.4210379746835443, 0.5525822784810127, 0.4893924050632911], [0.36397468354430385, 0.45394936708860756, 0.4222025316455697, 0.5273670886075948]], "class": 3}