{"image": "65dfbbcb-759a-11ee-b0b6-fcb3bc5cd112.jpg", "bboxes": [[0.09558227848101274, 0.4873417721518988, 0.1614050632911393, 0.5569620253164558], [0.03229113924050637, 0.4886075949367089, 0.09558227848101274, 0.5569620253164558]], "class": 2}