{"image": "65dfbbcb-759a-11ee-b0b6-fcb3bc5cd112.jpg", "bboxes": [[0.17959493670886073, 0.47634177215189877, 0.24541772151898722, 0.5459620253164557], [0.24541772151898722, 0.4776075949367089, 0.30870886075949366, 0.5459620253164557], [0.3757974683544303, 0.4396329113924051, 0.4340253164556962, 0.5130506329113924]], "class": 3}