{"image": "65dfbbcb-759a-11ee-b0b6-fcb3bc5cd112.jpg", "bboxes": [[0.24958227848101275, 0.4070379746835443, 0.3154050632911393, 0.4766582278481012], [0.18629113924050636, 0.4070379746835443, 0.24958227848101275, 0.4753924050632911], [0.06097468354430385, 0.43994936708860755, 0.11920253164556971, 0.5133670886075948]], "class": 3}