{"image": "65dfbbcb-759a-11ee-b0b6-fcb3bc5cd112.jpg", "bboxes": [[0.9105949367088607, 0.45834177215189875, 0.9764177215189873, 0.5279620253164556], [0.9764177215189873, 0.4596075949367089, 1.0, 0.5279620253164556]], "class": 2}