{"image": "65dfbbcb-759a-11ee-b0b6-fcb3bc5cd112.jpg", "bboxes": [[0.7555949367088607, 0.45434177215189875, 0.8214177215189873, 0.5239620253164556], [0.8214177215189873, 0.4556075949367089, 0.8847088607594936, 0.5239620253164556], [0.9517974683544302, 0.4176329113924052, 1.0, 0.4910506329113924]], "class": 3}