{"image": "65dfbbcb-759a-11ee-b0b6-fcb3bc5cd112.jpg", "bboxes": [[0.0, 0.4933417721518988, 0.0504050632911393, 0.5629620253164558]], "class": 1}