{"image": "65dfbbcb-759a-11ee-b0b6-fcb3bc5cd112.jpg", "bboxes": [[0.9875949367088607, 0.4740379746835443, 1.0, 0.5436582278481012]], "class": 1}