{"image": "65dfbbcb-759a-11ee-b0b6-fcb3bc5cd112.jpg", "bboxes": [[0.6005822784810128, 0.43603797468354427, 0.6664050632911394, 0.5056582278481012], [0.5372911392405064, 0.43603797468354427, 0.6005822784810128, 0.5043924050632911], [0.41197468354430383, 0.46894936708860757, 0.4702025316455697, 0.5423670886075949]], "class": 3}