{"image": "65dfbbcb-759a-11ee-b0b6-fcb3bc5cd112.jpg", "bboxes": [[0.6465949367088607, 0.4750379746835443, 0.7124177215189873, 0.5446582278481013], [0.7124177215189873, 0.4750379746835443, 0.7757088607594936, 0.5433924050632911], [0.8427974683544303, 0.5079493670886076, 0.9010253164556962, 0.5813670886075948]], "class": 3}