{"image": "65dfbbcb-759a-11ee-b0b6-fcb3bc5cd112.jpg", "bboxes": [[0.5605822784810127, 0.42903797468354427, 0.6264050632911393, 0.4986582278481012], [0.4972911392405064, 0.42903797468354427, 0.5605822784810127, 0.49739240506329113], [0.37197468354430385, 0.46194936708860757, 0.4302025316455697, 0.5353670886075949]], "class": 3}