{"image": "65dfbbcb-759a-11ee-b0b6-fcb3bc5cd112.jpg", "bboxes": [[0.8455949367088607, 0.4370379746835443, 0.9114177215189873, 0.5066582278481012], [0.9114177215189873, 0.4370379746835443, 0.9747088607594936, 0.5053924050632911]], "class": 2}