{"image": "65dfbbcb-759a-11ee-b0b6-fcb3bc5cd112.jpg", "bboxes": [[0.6935822784810127, 0.4560379746835443, 0.7594050632911393, 0.5256582278481012], [0.6302911392405064, 0.4560379746835443, 0.6935822784810127, 0.5243924050632911], [0.5049746835443039, 0.4889493670886076, 0.5632025316455697, 0.5623670886075949]], "class": 3}