{"image": "668b3858-6b43-11ee-806e-fcb3bc5cd112.jpg", "bboxes": [[0.9864878048780488, 0.3985609756097561, 1.0, 0.4912439024390244], [0.9389268292682925, 0.2522195121951219, 1.0, 0.3119756097560975], [0.8718536585365853, 0.2546585365853658, 0.9364878048780488, 0.2985609756097561], [0.8425853658536585, 0.201, 0.8803902439024389, 0.24734146341463412]], "class": 4}