{"image": "668b3858-6b43-11ee-806e-fcb3bc5cd112.jpg", "bboxes": [[0.19724390243902434, 0.4266829268292683, 0.2935853658536587, 0.5242439024390244], [0.2911463414634148, 0.4315609756097561, 0.3765121951219512, 0.5242439024390244], [0.34846341463414643, 0.2852195121951219, 0.42407317073170747, 0.34497560975609753], [0.42651219512195115, 0.28765853658536583, 0.49114634146341474, 0.3315609756097561], [0.48260975609756107, 0.234, 0.5204146341463416, 0.2803414634146341]], "class": 5}