{"image": "668b3858-6b43-11ee-806e-fcb3bc5cd112.jpg", "bboxes": [[0.0, 0.4046829268292683, 0.09358536585365873, 0.5022439024390244], [0.09114634146341472, 0.4095609756097561, 0.17651219512195115, 0.5022439024390244], [0.14846341463414636, 0.2632195121951219, 0.22407317073170752, 0.3229756097560975], [0.2265121951219512, 0.2656585365853658, 0.2911463414634148, 0.3095609756097561], [0.2826097560975611, 0.212, 0.3204146341463415, 0.2583414634146341]], "class": 5}