{"image": "668b3858-6b43-11ee-806e-fcb3bc5cd112.jpg", "bboxes": [[0.6034146341463413, 0.3606829268292683, 0.6997560975609756, 0.4582439024390244], [0.5204878048780488, 0.3655609756097561, 0.6058536585365852, 0.4582439024390244], [0.47292682926829255, 0.21921951219512192, 0.5485365853658536, 0.27897560975609753], [0.4058536585365853, 0.22165853658536583, 0.4704878048780488, 0.2655609756097561], [0.3765853658536585, 0.168, 0.4143902439024389, 0.21434146341463411]], "class": 5}