{"image": "668b3858-6b43-11ee-806e-fcb3bc5cd112.jpg", "bboxes": [[0.5704146341463413, 0.4216829268292683, 0.6667560975609756, 0.5192439024390244], [0.48748780487804877, 0.4265609756097561, 0.5728536585365853, 0.5192439024390244], [0.4399268292682925, 0.2802195121951219, 0.5155365853658537, 0.33997560975609753], [0.37285365853658525, 0.2826585365853658, 0.4374878048780488, 0.3265609756097561], [0.34358536585365845, 0.229, 0.3813902439024389, 0.2753414634146341]], "class": 5}