{"image": "668b3858-6b43-11ee-806e-fcb3bc5cd112.jpg", "bboxes": [[0.0, 0.4066829268292683, 0.0625853658536587, 0.5042439024390244], [0.06014634146341469, 0.4115609756097561, 0.14551219512195124, 0.5042439024390244], [0.11746341463414633, 0.2652195121951219, 0.1930731707317075, 0.3249756097560975], [0.19551219512195117, 0.2676585365853658, 0.26014634146341475, 0.3115609756097561], [0.2516097560975611, 0.214, 0.2894146341463415, 0.2603414634146341]], "class": 5}