{"image": "668b3858-6b43-11ee-806e-fcb3bc5cd112.jpg", "bboxes": [[0.4534146341463413, 0.5457560975609757, 0.5497560975609757, 0.6433170731707317], [0.3704878048780488, 0.5457560975609757, 0.45585365853658527, 0.6384390243902439], [0.3229268292682925, 0.7250243902439024, 0.3985365853658536, 0.7847804878048781], [0.25585365853658526, 0.7384390243902439, 0.3204878048780488, 0.7823414634146342], [0.22658536585365846, 0.7896585365853659, 0.26439024390243887, 0.836]], "class": 5}