{"image": "668b3858-6b43-11ee-806e-fcb3bc5cd112.jpg", "bboxes": [[0.08624390243902436, 0.5357560975609756, 0.1825853658536587, 0.6333170731707317], [0.18014634146341468, 0.5357560975609756, 0.26551219512195123, 0.6284390243902439], [0.23746341463414633, 0.7150243902439024, 0.3130731707317075, 0.7747804878048781], [0.31551219512195117, 0.7284390243902439, 0.38014634146341475, 0.7723414634146342], [0.3716097560975611, 0.7796585365853659, 0.4094146341463415, 0.8260000000000001]], "class": 5}