{"image": "668b3858-6b43-11ee-806e-fcb3bc5cd112.jpg", "bboxes": [[0.0, 0.6620243902439025, 0.02307317073170745, 0.7217804878048781], [0.025512195121951242, 0.675439024390244, 0.09014634146341471, 0.7193414634146342], [0.08160975609756105, 0.7266585365853659, 0.11941463414634157, 0.773]], "class": 3}