{"image": "668b3858-6b43-11ee-806e-fcb3bc5cd112.jpg", "bboxes": [[0.0, 0.4997560975609756, 0.040512195121951255, 0.5924390243902439], [0.012463414634146353, 0.6790243902439025, 0.0880731707317075, 0.738780487804878], [0.09051219512195119, 0.6924390243902439, 0.15514634146341477, 0.7363414634146341], [0.1466097560975611, 0.7436585365853658, 0.18441463414634152, 0.79]], "class": 4}