{"image": "668b3858-6b43-11ee-806e-fcb3bc5cd112.jpg", "bboxes": [[0.9264146341463413, 0.4917560975609756, 1.0, 0.5893170731707317], [0.8434878048780488, 0.4917560975609756, 0.9288536585365853, 0.584439024390244], [0.7959268292682925, 0.6710243902439025, 0.8715365853658537, 0.730780487804878], [0.7288536585365852, 0.6844390243902438, 0.7934878048780488, 0.7283414634146341], [0.6995853658536585, 0.7356585365853658, 0.7373902439024389, 0.782]], "class": 5}