{"image": "668b3858-6b43-11ee-806e-fcb3bc5cd112.jpg", "bboxes": [[0.9458536585365853, 0.2816585365853658, 1.0, 0.3255609756097561], [0.9165853658536585, 0.228, 0.9543902439024389, 0.2743414634146341]], "class": 2}