{"image": "668b3858-6b43-11ee-806e-fcb3bc5cd112.jpg", "bboxes": [[0.0, 0.4917560975609756, 0.005512195121951224, 0.584439024390244], [0.0, 0.6710243902439025, 0.053073170731707475, 0.730780487804878], [0.05551219512195116, 0.6844390243902438, 0.12014634146341474, 0.7283414634146341], [0.11160975609756107, 0.7356585365853658, 0.1494146341463416, 0.782]], "class": 4}