{"image": "668b3858-6b43-11ee-806e-fcb3bc5cd112.jpg", "bboxes": [[0.003243902439024393, 0.5047560975609756, 0.09958536585365874, 0.6023170731707317], [0.09714634146341472, 0.5047560975609756, 0.18251219512195116, 0.5974390243902439], [0.15446341463414637, 0.6840243902439025, 0.23007317073170752, 0.7437804878048782], [0.2325121951219512, 0.697439024390244, 0.2971463414634147, 0.7413414634146342], [0.2886097560975611, 0.7486585365853659, 0.32641463414634153, 0.795]], "class": 5}