{"image": "66ed3289-759e-11ee-8487-fcb3bc5cd112.jpg", "bboxes": [[0.7489493670886076, 0.6886582278481012, 0.843886075949367, 0.8127088607594937], [0.8375569620253164, 0.6987848101265822, 0.9362911392405062, 0.8089113924050633], [0.9983164556962025, 0.5709367088607595, 1.0, 0.6494177215189874], [0.5666708860759494, 0.5468860759493671, 0.6451518987341773, 0.6519493670886077], [0.6413544303797467, 0.5557468354430379, 0.7173037974683543, 0.6418227848101266], [0.37553164556962015, 0.5114430379746835, 0.45274683544303773, 0.5924556962025315], [0.44894936708860744, 0.5101772151898735, 0.5274303797468354, 0.596253164556962], [0.038822784810126465, 0.6823291139240506, 0.16920253164556953, 0.8038481012658227], [0.1438860759493671, 0.6848607594936709, 0.2957848101265822, 0.8190379746835442], [0.0, 0.5481518987341771, 0.019835443037974576, 0.6291645569620252], [0.007177215189873354, 0.5468860759493671, 0.10717721518987333, 0.6253670886075949], [0.11983544303797455, 0.476, 0.19325316455696184, 0.5481518987341771], [0.33375949367088587, 0.43169620253164553, 0.3894556962025315, 0.4848607594936709], [0.5451518987341772, 0.3430886075949367, 0.5755316455696203, 0.37220253164556966], [0.8843924050632911, 0.4215696202531645, 0.9324936708860758, 0.4722025316455696], [0.9274303797468353, 0.4190379746835443, 0.983126582278481, 0.4734683544303797]], "class": 16}