{"image": "66ed3289-759e-11ee-8487-fcb3bc5cd112.jpg", "bboxes": [[0.9489493670886076, 0.1252911392405064, 1.0, 0.2493417721518988], [0.7666708860759495, 0.2860506329113923, 0.8451518987341773, 0.39111392405063294], [0.8413544303797468, 0.2961772151898734, 0.9173037974683543, 0.382253164556962], [0.5755316455696202, 0.3455443037974685, 0.6527468354430377, 0.42655696202531646], [0.6489493670886075, 0.34174683544303797, 0.7274303797468353, 0.4278227848101266], [0.23882278481012642, 0.13415189873417732, 0.3692025316455695, 0.25567088607594934], [0.34388607594936704, 0.11896202531645572, 0.49578481012658226, 0.2531392405063291], [0.12363291139240506, 0.3088354430379747, 0.21983544303797453, 0.3898481012658228], [0.2071772151898733, 0.312632911392405, 0.3071772151898733, 0.39111392405063294], [0.3198354430379745, 0.3898481012658228, 0.3932531645569618, 0.46199999999999997], [0.5337594936708858, 0.45313924050632903, 0.5894556962025315, 0.5063037974683544], [0.7451518987341772, 0.5657974683544303, 0.7755316455696203, 0.5949113924050633]], "class": 12}