{"image": "66ed3289-759e-11ee-8487-fcb3bc5cd112.jpg", "bboxes": [[0.9992911392405063, 0.7988607594936709, 1.0, 0.9431645569620253], [0.7119493670886076, 0.7026582278481012, 0.806886075949367, 0.8267088607594937], [0.8005569620253163, 0.7127848101265822, 0.8992911392405063, 0.8229113924050633], [0.9613164556962025, 0.5849367088607595, 1.0, 0.6634177215189874], [0.5296708860759494, 0.560886075949367, 0.6081518987341773, 0.6659493670886076], [0.6043544303797468, 0.569746835443038, 0.6803037974683543, 0.6558227848101266], [0.33853164556962023, 0.5254430379746835, 0.4157468354430377, 0.6064556962025315], [0.4119493670886074, 0.5241772151898735, 0.49043037974683534, 0.610253164556962], [0.0018227848101264321, 0.6963291139240506, 0.1322025316455695, 0.8178481012658227], [0.10688607594936705, 0.6988607594936709, 0.25878481012658217, 0.8330379746835442], [0.0, 0.560886075949367, 0.0701772151898733, 0.639367088607595], [0.08283544303797452, 0.49, 0.1562531645569618, 0.5621518987341771], [0.29675949367088583, 0.44569620253164555, 0.3524556962025315, 0.4988607594936709], [0.5081518987341771, 0.3570886075949367, 0.5385316455696203, 0.38620253164556967], [0.847392405063291, 0.43556962025316454, 0.8954936708860759, 0.4862025316455696], [0.8904303797468354, 0.43303797468354427, 0.946126582278481, 0.48746835443037967], [0.9828354430379747, 0.43303797468354427, 1.0, 0.4760759493670886]], "class": 17}