{"image": "66ed3289-759e-11ee-8487-fcb3bc5cd112.jpg", "bboxes": [[0.5252911392405062, 0.8058607594936709, 0.6594683544303797, 0.9501645569620253], [0.6468101265822783, 0.8248481012658228, 0.7657974683544303, 0.9628227848101265], [0.2379493670886076, 0.7096582278481012, 0.33288607594936703, 0.8337088607594937], [0.32655696202531637, 0.7197848101265822, 0.4252911392405062, 0.8299113924050632], [0.4873164556962025, 0.5919367088607594, 0.5594683544303797, 0.6704177215189874], [0.05567088607594939, 0.567886075949367, 0.13415189873417732, 0.6729493670886076], [0.1303544303797468, 0.576746835443038, 0.20630379746835437, 0.6628227848101266], [0.0, 0.5311772151898735, 0.016430379746835366, 0.617253164556962], [0.03415189873417712, 0.3640886075949367, 0.06453164556962032, 0.3932025316455697], [0.3733924050632911, 0.44256962025316454, 0.4214936708860758, 0.4932025316455696], [0.4164303797468354, 0.4400379746835443, 0.47212658227848103, 0.4944683544303797], [0.5088354430379747, 0.4400379746835443, 0.5607341772151898, 0.4830759493670886]], "class": 12}