{"image": "66ed3289-759e-11ee-8487-fcb3bc5cd112.jpg", "bboxes": [[0.7202911392405063, 0.05483544303797472, 0.8544683544303797, 0.19913924050632914], [0.8418101265822784, 0.042177215189873385, 0.9607974683544303, 0.18015189873417725], [0.43294936708860754, 0.17129113924050632, 0.5278860759493671, 0.29534177215189883], [0.5215569620253164, 0.17508860759493683, 0.6202911392405063, 0.28521518987341776], [0.6823164556962025, 0.33458227848101263, 0.7544683544303796, 0.41306329113924045], [0.25067088607594945, 0.33205063291139236, 0.3291518987341773, 0.437113924050633], [0.32535443037974676, 0.34217721518987343, 0.4013037974683543, 0.42825316455696205], [0.059531645569620206, 0.3915443037974685, 0.13674683544303778, 0.4725569620253165], [0.1329493670886075, 0.387746835443038, 0.21143037974683532, 0.4738227848101265], [0.017759493670885806, 0.4991392405063291, 0.07345569620253145, 0.5523037974683545], [0.22915189873417718, 0.6117974683544303, 0.2595316455696203, 0.6409113924050633], [0.5683924050632911, 0.5117974683544304, 0.6164936708860759, 0.5624303797468355], [0.6114303797468353, 0.5105316455696203, 0.667126582278481, 0.5649620253164558], [0.7038354430379746, 0.5219240506329115, 0.7557341772151898, 0.5649620253164558]], "class": 14}