{"image": "66ed3289-759e-11ee-8487-fcb3bc5cd112.jpg", "bboxes": [[0.7659493670886076, 0.7446582278481012, 0.8608860759493671, 0.8687088607594936], [0.8545569620253164, 0.7547848101265822, 0.9532911392405062, 0.8649113924050632], [0.5836708860759494, 0.602886075949367, 0.6621518987341772, 0.7079493670886077], [0.6583544303797468, 0.611746835443038, 0.7343037974683544, 0.6978227848101266], [0.39253164556962017, 0.5674430379746835, 0.46974683544303775, 0.6484556962025315], [0.46594936708860746, 0.5661772151898734, 0.5444303797468353, 0.652253164556962], [0.05582278481012648, 0.7383291139240507, 0.18620253164556944, 0.8598481012658227], [0.1608860759493671, 0.7408607594936709, 0.3127848101265822, 0.8750379746835443], [0.0, 0.6041518987341772, 0.03683544303797448, 0.6851645569620253], [0.02417721518987337, 0.602886075949367, 0.12417721518987335, 0.681367088607595], [0.13683544303797457, 0.532, 0.21025316455696175, 0.6041518987341772], [0.3507594936708859, 0.48769620253164553, 0.4064556962025315, 0.540860759493671], [0.5621518987341771, 0.3990886075949367, 0.5925316455696203, 0.42820253164556965], [0.9013924050632911, 0.4775696202531645, 0.9494936708860758, 0.5282025316455696], [0.9444303797468353, 0.4750379746835443, 1.0, 0.5294683544303797]], "class": 15}