{"image": "66ed3289-759e-11ee-8487-fcb3bc5cd112.jpg", "bboxes": [[0.002531645569620309, 0.08483544303797474, 0.13670886075949373, 0.22913924050632906], [0.0, 0.07217721518987341, 0.015189873417721628, 0.21015189873417728], [0.32911392405063294, 0.20129113924050634, 0.42405063291139244, 0.32534177215189874], [0.23670886075949374, 0.20508860759493674, 0.33544303797468367, 0.3152151898734178], [0.10253164556962031, 0.36458227848101266, 0.17468354430379748, 0.4430632911392405], [0.5278481012658227, 0.3620506329113923, 0.6063291139240506, 0.4671139240506329], [0.45569620253164567, 0.37217721518987346, 0.5316455696202532, 0.45825316455696197], [0.7202531645569622, 0.42154430379746854, 0.7974683544303798, 0.5025569620253165], [0.6455696202531647, 0.41774683544303803, 0.7240506329113925, 0.5038227848101265], [0.8772151898734177, 0.1949620253164558, 1.0, 0.32913924050632903], [0.9797468354430382, 0.4658481012658229, 1.0, 0.538], [0.7835443037974685, 0.5291392405063291, 0.8392405063291142, 0.5823037974683545], [0.5974683544303797, 0.6417974683544303, 0.6278481012658228, 0.6709113924050633], [0.24050632911392417, 0.5417974683544304, 0.2886075949367089, 0.5924303797468354], [0.189873417721519, 0.5405316455696203, 0.24556962025316464, 0.5949620253164557], [0.10126582278481021, 0.5519240506329114, 0.15316455696202536, 0.5949620253164557]], "class": 16}