{"image": "66ed3289-759e-11ee-8487-fcb3bc5cd112.jpg", "bboxes": [[0.5682911392405062, 0.8318607594936709, 0.7024683544303797, 0.9761645569620252], [0.6898101265822784, 0.8508481012658227, 0.8087974683544303, 0.9888227848101265], [0.2809493670886076, 0.7356582278481012, 0.37588607594936707, 0.8597088607594936], [0.3695569620253164, 0.7457848101265823, 0.46829113924050625, 0.8559113924050632], [0.5303164556962026, 0.6179367088607595, 0.6024683544303797, 0.6964177215189874], [0.09867088607594943, 0.593886075949367, 0.17715189873417725, 0.6989493670886077], [0.17335443037974674, 0.602746835443038, 0.2493037974683543, 0.6888227848101266], [0.0, 0.5571772151898734, 0.05943037974683529, 0.643253164556962], [0.07715189873417716, 0.39008860759493674, 0.10753164556962036, 0.41920253164556964], [0.4163924050632911, 0.46856962025316456, 0.46449367088607585, 0.5192025316455696], [0.4594303797468353, 0.4660379746835443, 0.515126582278481, 0.5204683544303796], [0.5518354430379746, 0.4660379746835443, 0.6037341772151898, 0.5090759493670886]], "class": 12}