{"image": "66ed3289-759e-11ee-8487-fcb3bc5cd112.jpg", "bboxes": [[0.8402911392405062, 0.8478607594936709, 0.9744683544303797, 0.9921645569620252], [0.9618101265822784, 0.8668481012658227, 1.0, 1.0], [0.5529493670886076, 0.7516582278481012, 0.6478860759493671, 0.8757088607594936], [0.6415569620253163, 0.7617848101265822, 0.7402911392405063, 0.8719113924050632], [0.8023164556962026, 0.6339367088607595, 0.8744683544303797, 0.7124177215189874], [0.37067088607594945, 0.6098860759493671, 0.44915189873417727, 0.7149493670886077], [0.44535443037974676, 0.618746835443038, 0.5213037974683543, 0.7048227848101266], [0.1795316455696202, 0.5744430379746835, 0.2567468354430378, 0.6554556962025315], [0.2529493670886075, 0.5731772151898734, 0.3314303797468353, 0.659253164556962], [0.0, 0.7478607594936709, 0.09978481012658225, 0.8820379746835443], [0.1377594936708858, 0.49469620253164553, 0.19345569620253145, 0.5478607594936709], [0.3491518987341772, 0.4060886075949367, 0.37953164556962027, 0.43520253164556966], [0.6883924050632911, 0.4845696202531645, 0.7364936708860759, 0.5352025316455696], [0.7314303797468353, 0.4820379746835443, 0.787126582278481, 0.5364683544303797], [0.8238354430379746, 0.4820379746835443, 0.8757341772151898, 0.5250759493670886]], "class": 15}