{"image": "66ed3289-759e-11ee-8487-fcb3bc5cd112.jpg", "bboxes": [[0.9179493670886075, 0.16329113924050642, 1.0, 0.2873417721518988], [0.7356708860759493, 0.32405063291139236, 0.8141518987341773, 0.429113924050633], [0.8103544303797467, 0.3341772151898734, 0.8863037974683543, 0.42025316455696204], [0.5445316455696202, 0.3835443037974685, 0.6217468354430378, 0.4645569620253165], [0.6179493670886075, 0.379746835443038, 0.6964303797468354, 0.4658227848101265], [0.2078227848101265, 0.17215189873417724, 0.33820253164556946, 0.2936708860759494], [0.312886075949367, 0.15696202531645576, 0.46478481012658224, 0.2911392405063291], [0.09263291139240504, 0.34683544303797476, 0.1888354430379745, 0.42784810126582284], [0.17617721518987328, 0.35063291139240504, 0.27617721518987337, 0.429113924050633], [0.2888354430379745, 0.42784810126582284, 0.36225316455696177, 0.5], [0.5027594936708859, 0.49113924050632907, 0.5584556962025315, 0.5443037974683544], [0.7141518987341772, 0.6037974683544304, 0.7445316455696203, 0.6329113924050633]], "class": 12}