{"image": "66ed3289-759e-11ee-8487-fcb3bc5cd112.jpg", "bboxes": [[0.0, 0.040835443037974706, 0.07870886075949375, 0.18513924050632913], [0.27111392405063295, 0.15729113924050642, 0.36605063291139245, 0.2813417721518988], [0.17870886075949374, 0.16108860759493682, 0.27744303797468367, 0.27121518987341775], [0.04453164556962031, 0.3205822784810126, 0.11668354430379747, 0.39906329113924055], [0.4698481012658227, 0.31805063291139235, 0.5483291139240506, 0.423113924050633], [0.39769620253164567, 0.3281772151898734, 0.4736455696202532, 0.41425316455696204], [0.6622531645569623, 0.3775443037974685, 0.7394683544303798, 0.4585569620253165], [0.5875696202531646, 0.373746835443038, 0.6660506329113925, 0.4598227848101266], [0.9457974683544306, 0.16615189873417724, 1.0, 0.2876708860759494], [0.8192151898734178, 0.15096202531645575, 0.9711139240506329, 0.2851392405063291], [0.9217468354430383, 0.42184810126582284, 0.9951645569620254, 0.494], [0.7255443037974685, 0.48513924050632906, 0.7812405063291141, 0.5383037974683544], [0.5394683544303797, 0.5977974683544304, 0.5698481012658229, 0.6269113924050633], [0.18250632911392414, 0.4977974683544304, 0.2306075949367089, 0.5484303797468355], [0.131873417721519, 0.49653164556962026, 0.18756962025316465, 0.5509620253164558], [0.04326582278481021, 0.5079240506329115, 0.09516455696202536, 0.5509620253164558]], "class": 16}