{"image": "66ed3289-759e-11ee-8487-fcb3bc5cd112.jpg", "bboxes": [[0.7649493670886076, 0.15429113924050641, 0.8598860759493671, 0.2783417721518988], [0.8535569620253164, 0.15808860759493681, 0.9522911392405062, 0.26821518987341775], [0.5826708860759494, 0.31505063291139235, 0.6611518987341773, 0.42011392405063297], [0.6573544303797467, 0.3251772151898734, 0.7333037974683543, 0.41125316455696204], [0.39153164556962017, 0.3745443037974685, 0.46874683544303775, 0.4555569620253165], [0.46494936708860746, 0.370746835443038, 0.5434303797468354, 0.4568227848101266], [0.05482278481012648, 0.16315189873417724, 0.18520253164556943, 0.28467088607594937], [0.1598860759493671, 0.14796202531645575, 0.3117848101265822, 0.2821392405063291], [0.0, 0.33783544303797475, 0.03583544303797448, 0.41884810126582284], [0.023177215189873368, 0.34163291139240504, 0.12317721518987335, 0.42011392405063297], [0.13583544303797457, 0.41884810126582284, 0.20925316455696175, 0.491], [0.3497594936708859, 0.48213924050632906, 0.4054556962025315, 0.5353037974683544], [0.5611518987341771, 0.5947974683544304, 0.5915316455696202, 0.6239113924050632], [0.9003924050632911, 0.4947974683544304, 0.9484936708860758, 0.5454303797468354], [0.9434303797468353, 0.49353164556962026, 0.9991265822784811, 0.5479620253164557]], "class": 15}