{"image": "66ed3289-759e-11ee-8487-fcb3bc5cd112.jpg", "bboxes": [[0.09711392405063293, 0.7446582278481012, 0.19205063291139243, 0.8687088607594936], [0.004708860759493746, 0.7547848101265822, 0.10344303797468365, 0.8649113924050632], [0.2958481012658227, 0.602886075949367, 0.3743291139240506, 0.7079493670886077], [0.22369620253164565, 0.611746835443038, 0.29964556962025324, 0.6978227848101266], [0.48825316455696227, 0.5674430379746835, 0.5654683544303798, 0.6484556962025315], [0.4135696202531647, 0.5661772151898734, 0.49205063291139256, 0.652253164556962], [0.7717974683544305, 0.7383291139240507, 0.9021772151898736, 0.8598481012658227], [0.6452151898734177, 0.7408607594936709, 0.797113924050633, 0.8750379746835443], [0.9211645569620255, 0.6041518987341772, 1.0, 0.6851645569620253], [0.8338227848101267, 0.602886075949367, 0.9338227848101267, 0.681367088607595], [0.7477468354430382, 0.532, 0.8211645569620255, 0.6041518987341772], [0.5515443037974685, 0.48769620253164553, 0.6072405063291142, 0.540860759493671], [0.36546835443037967, 0.3990886075949367, 0.3958481012658228, 0.42820253164556965], [0.008506329113924153, 0.4775696202531645, 0.056607594936708895, 0.5282025316455696], [0.0, 0.4750379746835443, 0.013569620253164657, 0.5294683544303797]], "class": 15}