{"image": "676a9a8e-6b45-11ee-9aa8-fcb3bc5cd112.jpg", "bboxes": [[0.8159756097560976, 0.6740243902439025, 0.9135365853658536, 0.7667073170731707]], "class": 1}