{"image": "676a9a8e-6b45-11ee-9aa8-fcb3bc5cd112.jpg", "bboxes": [[0.18746341463414637, 0.2572926829268292, 0.2850243902439024, 0.34997560975609754]], "class": 1}