{"image": "676a9a8e-6b45-11ee-9aa8-fcb3bc5cd112.jpg", "bboxes": [[0.6564634146341464, 0.24629268292682924, 0.7540243902439024, 0.33897560975609753]], "class": 1}