{"image": "676a9a8e-6b45-11ee-9aa8-fcb3bc5cd112.jpg", "bboxes": [[0.07446341463414638, 0.23629268292682923, 0.17202439024390243, 0.3289756097560975]], "class": 1}