{"image": "676a9a8e-6b45-11ee-9aa8-fcb3bc5cd112.jpg", "bboxes": [[0.8554634146341463, 0.6400243902439025, 0.9530243902439024, 0.7327073170731708]], "class": 1}