{"image": "676a9a8e-6b45-11ee-9aa8-fcb3bc5cd112.jpg", "bboxes": [[0.7774634146341464, 0.6700243902439025, 0.8750243902439024, 0.7627073170731707]], "class": 1}