{"image": "676a9a8e-6b45-11ee-9aa8-fcb3bc5cd112.jpg", "bboxes": [[0.6579756097560976, 0.27829268292682924, 0.7555365853658537, 0.3709756097560975]], "class": 1}