{"image": "676a9a8e-6b45-11ee-9aa8-fcb3bc5cd112.jpg", "bboxes": [[0.1609756097560976, 0.6100243902439024, 0.25853658536585367, 0.7027073170731708]], "class": 1}