{"image": "676a9a8e-6b45-11ee-9aa8-fcb3bc5cd112.jpg", "bboxes": [[0.0, 0.27329268292682923, 0.07402439024390242, 0.36597560975609755]], "class": 1}