{"image": "676a9a8e-6b45-11ee-9aa8-fcb3bc5cd112.jpg", "bboxes": [[0.7999756097560976, 0.6470243902439025, 0.8975365853658537, 0.7397073170731707]], "class": 1}