{"image": "676a9a8e-6b45-11ee-9aa8-fcb3bc5cd112.jpg", "bboxes": [[0.6739756097560976, 0.6220243902439024, 0.7715365853658536, 0.7147073170731708]], "class": 1}