{"image": "676a9a8e-6b45-11ee-9aa8-fcb3bc5cd112.jpg", "bboxes": [[0.038975609756097596, 0.6300243902439024, 0.13653658536585367, 0.7227073170731708]], "class": 1}