{"image": "67a36361-759a-11ee-a774-fcb3bc5cd112.jpg", "bboxes": [[0.9311898734177215, 0.3607594936708861, 1.0, 0.42784810126582284], [0.4159999999999998, 0.3265822784810126, 0.5261265822784809, 0.4151898734177215], [0.32486075949367066, 0.2974683544303798, 0.42486075949367064, 0.4177215189873418]], "class": 3}