{"image": "67a36361-759a-11ee-a774-fcb3bc5cd112.jpg", "bboxes": [[0.48599999999999977, 0.5778101265822785, 0.5961265822784808, 0.6664177215189874], [0.3948607594936707, 0.5752784810126582, 0.4948607594936707, 0.6955316455696202]], "class": 2}