{"image": "67a36361-759a-11ee-a774-fcb3bc5cd112.jpg", "bboxes": [[0.6349367088607595, 0.5881518987341772, 0.7248101265822785, 0.6552405063291139]], "class": 1}