{"image": "67a36361-759a-11ee-a774-fcb3bc5cd112.jpg", "bboxes": [[0.5719367088607595, 0.3497594936708861, 0.6618101265822784, 0.41684810126582283]], "class": 1}