{"image": "67a36361-759a-11ee-a774-fcb3bc5cd112.jpg", "bboxes": [[0.6021898734177216, 0.3597594936708861, 0.6920632911392405, 0.42684810126582284], [0.08699999999999974, 0.3255822784810126, 0.1971265822784808, 0.4141898734177215], [0.0, 0.2964683544303798, 0.09586075949367068, 0.4167215189873418]], "class": 3}