{"image": "67a36361-759a-11ee-a774-fcb3bc5cd112.jpg", "bboxes": [[0.12418987341772147, 0.3237594936708861, 0.2140632911392405, 0.3908481012658228]], "class": 1}