{"image": "67a36361-759a-11ee-a774-fcb3bc5cd112.jpg", "bboxes": [[0.7119367088607595, 0.5761518987341772, 0.8018101265822785, 0.6432405063291139]], "class": 1}