{"image": "67a36361-759a-11ee-a774-fcb3bc5cd112.jpg", "bboxes": [[0.4279367088607595, 0.389759493670886, 0.5178101265822785, 0.45684810126582287], [0.9228734177215192, 0.35558227848101265, 1.0, 0.44418987341772154]], "class": 2}