{"image": "67a36361-759a-11ee-a774-fcb3bc5cd112.jpg", "bboxes": [[0.6669367088607595, 0.39375949367088603, 0.7568101265822785, 0.4608481012658229]], "class": 1}