{"image": "68db9cf6-759e-11ee-8bd3-fcb3bc5cd112.jpg", "bboxes": [[0.9773417721518988, 0.4430632911392405, 1.0, 0.5088860759493671], [0.910253164556962, 0.4316708860759494, 0.98873417721519, 0.5101518987341773], [0.6520253164556963, 0.34179746835443037, 0.7368354430379748, 0.4405316455696203], [0.5849367088607595, 0.33673417721518994, 0.6672151898734178, 0.4367341772151899], [0.4786075949367089, 0.4898987341772153, 0.5317721518987343, 0.5455949367088608], [0.43430379746835446, 0.4898987341772153, 0.4862025316455697, 0.546860759493671], [0.3558227848101267, 0.5392658227848102, 0.4013924050632912, 0.5848354430379747], [0.7431645569620253, 0.47724050632911397, 0.7963291139240507, 0.5417974683544304], [0.6950632911392405, 0.4823037974683545, 0.7456962025316457, 0.5455949367088608], [0.7735443037974684, 0.5493924050632911, 0.8229113924050634, 0.598759493670886], [0.8165822784810127, 0.5531898734177215, 0.8621518987341773, 0.6000253164556962], [0.8646835443037975, 0.597493670886076, 0.9013924050632912, 0.6342025316455697], [0.5343037974683544, 0.5620506329113923, 0.5786075949367089, 0.6000253164556962], [0.4836708860759494, 0.6645822784810127, 0.5115189873417723, 0.6898987341772151], [0.43430379746835446, 0.6595189873417722, 0.4583544303797469, 0.6823037974683545]], "class": 15}