{"image": "68db9cf6-759e-11ee-8bd3-fcb3bc5cd112.jpg", "bboxes": [[0.19170886075949356, 0.5166329113924051, 0.2701898734177214, 0.5837215189873417], [0.2638607594936707, 0.5166329113924051, 0.3398101265822784, 0.5811898734177215], [0.5955063291139238, 0.4951139240506329, 0.6676582278481011, 0.5609367088607595], [0.6562658227848099, 0.49384810126582274, 0.734746835443038, 0.5723291139240506], [0.9081645569620252, 0.5634683544303797, 0.9929746835443037, 0.6622025316455696], [0.9777848101265822, 0.5672658227848101, 1.0, 0.6672658227848101], [0.8486708860759493, 0.46220253164556957, 0.9018354430379747, 0.526759493670886], [0.8993037974683543, 0.45840506329113917, 0.9499367088607595, 0.5216962025316455], [0.8220886075949366, 0.40524050632911396, 0.8714556962025316, 0.4546075949367089], [0.7828481012658227, 0.40397468354430377, 0.8284177215189873, 0.4508101265822785], [0.4600632911392404, 0.4128354430379747, 0.5018354430379746, 0.4596708860759494], [0.5018354430379746, 0.41030379746835444, 0.5474050632911391, 0.455873417721519], [0.7436075949367088, 0.36979746835443034, 0.7803164556962026, 0.40650632911392404]], "class": 13}