{"image": "68db9cf6-759e-11ee-8bd3-fcb3bc5cd112.jpg", "bboxes": [[0.5818101265822786, 0.3962784810126583, 0.6602911392405065, 0.4633670886075949], [0.5121898734177216, 0.39881012658227843, 0.5881392405063293, 0.4633670886075949], [0.1843417721518988, 0.41906329113924046, 0.25649367088607616, 0.48488607594936706], [0.11725316455696203, 0.40767088607594937, 0.19573417721519001, 0.4861518987341773], [0.0, 0.45324050632911395, 0.0033291139240507165, 0.5177974683544304], [0.0, 0.5253924050632911, 0.02991139240506334, 0.5747594936708861], [0.023582278481012735, 0.5291898734177215, 0.06915189873417728, 0.5760253164556962], [0.3501645569620255, 0.5203291139240507, 0.3919367088607596, 0.5671645569620253], [0.30459493670886084, 0.5241265822784811, 0.3501645569620255, 0.5696962025316455], [0.07168354430379748, 0.573493670886076, 0.10839240506329122, 0.6102025316455697]], "class": 10}