{"image": "68db9cf6-759e-11ee-8bd3-fcb3bc5cd112.jpg", "bboxes": [[0.7803417721518988, 0.538113924050633, 0.8524936708860762, 0.6039367088607595], [0.713253164556962, 0.5368481012658227, 0.79173417721519, 0.6153291139240507], [0.45502531645569627, 0.6064683544303797, 0.5398354430379747, 0.7052025316455696], [0.3879367088607595, 0.6102658227848101, 0.47021518987341776, 0.7102658227848101], [0.2816075949367089, 0.5014050632911392, 0.33477215189873427, 0.5571012658227847], [0.23730379746835445, 0.5001392405063291, 0.2892025316455697, 0.5571012658227847], [0.15882278481012668, 0.4621645569620253, 0.20439240506329123, 0.5077341772151899], [0.5461645569620254, 0.5052025316455696, 0.5993291139240507, 0.5697594936708861], [0.4980632911392405, 0.5014050632911392, 0.5486962025316456, 0.5646962025316455], [0.5765443037974683, 0.44824050632911394, 0.6259113924050633, 0.4976075949367089], [0.6195822784810128, 0.4469746835443038, 0.6651518987341772, 0.49381012658227846], [0.9461645569620255, 0.4558354430379747, 0.9879367088607596, 0.5026708860759495], [0.9005949367088608, 0.4533037974683544, 0.9461645569620255, 0.498873417721519], [0.6676835443037975, 0.4127974683544304, 0.7043924050632913, 0.449506329113924], [0.3373037974683544, 0.4469746835443038, 0.38160759493670887, 0.4849493670886076], [0.28667088607594937, 0.3571012658227848, 0.31451898734177225, 0.38241772151898734], [0.23730379746835445, 0.36469620253164553, 0.26135443037974687, 0.3874810126582278]], "class": 17}