{"image": "68db9cf6-759e-11ee-8bd3-fcb3bc5cd112.jpg", "bboxes": [[0.010506329113923796, 0.523113924050633, 0.08265822784810117, 0.5889367088607596], [0.07126582278480997, 0.5218481012658227, 0.14974683544303802, 0.6003291139240506], [0.3231645569620253, 0.5914683544303797, 0.4079746835443038, 0.6902025316455696], [0.3927848101265822, 0.5952658227848101, 0.4750632911392405, 0.6952658227848101], [0.5282278481012658, 0.4864050632911392, 0.581392405063291, 0.5421012658227847], [0.5737974683544302, 0.48513924050632906, 0.6256962025316455, 0.5421012658227847], [0.6586075949367087, 0.4471645569620253, 0.7041772151898733, 0.4927341772151899], [0.26367088607594924, 0.4902025316455696, 0.3168354430379746, 0.5547594936708861], [0.31430379746835435, 0.4864050632911392, 0.36493670886075946, 0.5496962025316455], [0.23708860759493666, 0.43324050632911393, 0.28645569620253164, 0.4826075949367089], [0.19784810126582275, 0.4319746835443038, 0.24341772151898722, 0.4788101265822785], [0.15860759493670873, 0.39779746835443036, 0.19531645569620248, 0.43450632911392406], [0.48139240506329106, 0.4319746835443038, 0.5256962025316456, 0.4699493670886076], [0.5484810126582278, 0.3421012658227848, 0.5763291139240506, 0.36741772151898733], [0.6016455696202532, 0.3496962025316456, 0.6256962025316455, 0.3724810126582278]], "class": 15}