{"image": "68db9cf6-759e-11ee-8bd3-fcb3bc5cd112.jpg", "bboxes": [[0.20970886075949347, 0.589632911392405, 0.2881898734177214, 0.6567215189873417], [0.28186075949367073, 0.589632911392405, 0.3578101265822784, 0.6541898734177215], [0.6135063291139238, 0.5681139240506329, 0.6856582278481012, 0.6339367088607595], [0.67426582278481, 0.5668481012658227, 0.752746835443038, 0.6453291139240506], [0.9261645569620253, 0.6364683544303797, 1.0, 0.7352025316455696], [0.9957848101265823, 0.6402658227848101, 1.0, 0.7402658227848101], [0.8666708860759493, 0.5352025316455696, 0.9198354430379746, 0.5997594936708861], [0.9173037974683543, 0.5314050632911392, 0.9679367088607596, 0.5946962025316456], [0.8400886075949366, 0.47824050632911397, 0.8894556962025316, 0.527607594936709], [0.8008481012658227, 0.4769746835443038, 0.8464177215189872, 0.5238101265822784], [0.4780632911392404, 0.4858354430379747, 0.5198354430379746, 0.5326708860759494], [0.5198354430379746, 0.48330379746835445, 0.5654050632911392, 0.528873417721519], [0.7616075949367087, 0.44279746835443035, 0.7983164556962026, 0.47950632911392405]], "class": 13}