{"image": "68db9cf6-759e-11ee-8bd3-fcb3bc5cd112.jpg", "bboxes": [[0.18670886075949356, 0.4202784810126583, 0.2651898734177214, 0.4873670886075949], [0.2588607594936707, 0.42281012658227846, 0.3348101265822784, 0.4873670886075949], [0.5905063291139239, 0.4430632911392405, 0.6626582278481012, 0.5088860759493671], [0.65126582278481, 0.4316708860759494, 0.729746835443038, 0.5101518987341773], [0.9031645569620252, 0.34179746835443037, 0.9879746835443037, 0.4405316455696203], [0.9727848101265822, 0.33673417721518994, 1.0, 0.4367341772151899], [0.8436708860759493, 0.47724050632911397, 0.8968354430379747, 0.5417974683544304], [0.8943037974683543, 0.4823037974683545, 0.9449367088607595, 0.5455949367088608], [0.8170886075949366, 0.5493924050632911, 0.8664556962025316, 0.598759493670886], [0.7778481012658227, 0.5531898734177215, 0.8234177215189873, 0.6000253164556962], [0.4550632911392404, 0.5443291139240506, 0.49683544303797456, 0.5911645569620253], [0.49683544303797456, 0.548126582278481, 0.5424050632911392, 0.5936962025316456], [0.7386075949367088, 0.597493670886076, 0.7753164556962026, 0.6342025316455697]], "class": 13}