{"image": "68db9cf6-759e-11ee-8bd3-fcb3bc5cd112.jpg", "bboxes": [[0.8248101265822786, 0.566632911392405, 0.9032911392405065, 0.6337215189873417], [0.7551898734177216, 0.566632911392405, 0.8311392405063294, 0.6311898734177215], [0.4273417721518988, 0.545113924050633, 0.4994936708860762, 0.6109367088607595], [0.36025316455696205, 0.5438481012658227, 0.43873417721519004, 0.6223291139240505], [0.10202531645569626, 0.6134683544303797, 0.18683544303797475, 0.7122025316455696], [0.034936708860759495, 0.6172658227848101, 0.11721518987341778, 0.7172658227848101], [0.19316455696202536, 0.5122025316455696, 0.2463291139240507, 0.5767594936708861], [0.1450632911392405, 0.5084050632911392, 0.19569620253164566, 0.5716962025316455], [0.2235443037974684, 0.45524050632911395, 0.27291139240506335, 0.5046075949367089], [0.26658227848101274, 0.4539746835443038, 0.31215189873417726, 0.5008101265822785], [0.5931645569620255, 0.4628354430379747, 0.6349367088607596, 0.5096708860759493], [0.5475949367088608, 0.4603037974683544, 0.5931645569620255, 0.505873417721519], [0.31468354430379747, 0.4197974683544303, 0.3513924050632912, 0.456506329113924], [0.0, 0.4539746835443038, 0.02860759493670889, 0.4919493670886076]], "class": 14}