{"image": "68db9cf6-759e-11ee-8bd3-fcb3bc5cd112.jpg", "bboxes": [[0.20150632911392385, 0.43406329113924047, 0.27365822784810123, 0.49988607594936707], [0.26226582278481003, 0.4226708860759494, 0.34074683544303797, 0.5011518987341772], [0.5141645569620252, 0.33279746835443036, 0.5989746835443037, 0.4315316455696203], [0.5837848101265822, 0.32773417721518994, 0.6660632911392406, 0.4277341772151899], [0.7192278481012657, 0.4808987341772153, 0.7723924050632911, 0.5365949367088608], [0.7647974683544303, 0.4808987341772153, 0.8166962025316455, 0.5378607594936708], [0.8496075949367088, 0.53026582278481, 0.8951772151898734, 0.5758354430379746], [0.4546708860759493, 0.46824050632911396, 0.5078354430379746, 0.5327974683544304], [0.5053037974683543, 0.4733037974683545, 0.5559367088607595, 0.5365949367088608], [0.4280886075949366, 0.5403924050632911, 0.4774556962025316, 0.5897594936708861], [0.3888481012658227, 0.5441898734177215, 0.4344177215189873, 0.5910253164556962], [0.06606329113924037, 0.5353291139240506, 0.10783544303797454, 0.5821645569620253], [0.10783544303797454, 0.539126582278481, 0.15340506329113923, 0.5846962025316456], [0.3496075949367088, 0.588493670886076, 0.38631645569620254, 0.6252025316455696], [0.6723924050632911, 0.5530506329113924, 0.7166962025316456, 0.5910253164556962], [0.7394810126582277, 0.6555822784810127, 0.7673291139240506, 0.6808987341772152], [0.7926455696202531, 0.6505189873417722, 0.8166962025316455, 0.6733037974683544]], "class": 17}