{"image": "68db9cf6-759e-11ee-8bd3-fcb3bc5cd112.jpg", "bboxes": [[0.0, 0.534113924050633, 0.05765822784810115, 0.5999367088607594], [0.04626582278480995, 0.5328481012658227, 0.124746835443038, 0.6113291139240506], [0.29816455696202526, 0.6024683544303797, 0.38297468354430375, 0.7012025316455696], [0.36778481012658226, 0.6062658227848101, 0.4500632911392405, 0.7062658227848101], [0.5032278481012658, 0.4974050632911392, 0.5563924050632911, 0.5531012658227847], [0.5487974683544303, 0.49613924050632907, 0.6006962025316456, 0.5531012658227847], [0.6336075949367088, 0.4581645569620253, 0.6791772151898734, 0.5037341772151899], [0.23867088607594933, 0.5012025316455696, 0.2918354430379746, 0.5657594936708861], [0.28930379746835433, 0.4974050632911392, 0.33993670886075944, 0.5606962025316455], [0.21208860759493664, 0.44424050632911394, 0.2614556962025316, 0.4936075949367089], [0.17284810126582273, 0.4429746835443038, 0.2184177215189873, 0.48981012658227846], [0.13360759493670882, 0.40879746835443037, 0.17031645569620257, 0.445506329113924], [0.45639240506329115, 0.4429746835443038, 0.5006962025316455, 0.4809493670886076], [0.5234810126582278, 0.3531012658227848, 0.5513291139240506, 0.37841772151898734], [0.5766455696202532, 0.3606962025316455, 0.6006962025316456, 0.3834810126582278]], "class": 15}