{"image": "693f7d73-759a-11ee-a46b-fcb3bc5cd112.jpg", "bboxes": [[0.9225189873417718, 0.47668354430379745, 1.0, 0.5741518987341772], [0.990873417721519, 0.48427848101265814, 1.0, 0.5728860759493671]], "class": 2}