{"image": "693f7d73-759a-11ee-a46b-fcb3bc5cd112.jpg", "bboxes": [[0.698, 0.4498481012658228, 0.7764810126582281, 0.5473164556962026], [0.6233164556962025, 0.4511139240506329, 0.708126582278481, 0.5397215189873418]], "class": 2}