{"image": "693f7d73-759a-11ee-a46b-fcb3bc5cd112.jpg", "bboxes": [[0.4555189873417719, 0.44668354430379753, 0.534, 0.5441518987341771], [0.523873417721519, 0.4542784810126582, 0.6086835443037975, 0.5428860759493671]], "class": 2}