{"image": "693f7d73-759a-11ee-a46b-fcb3bc5cd112.jpg", "bboxes": [[0.8605189873417719, 0.48168354430379745, 0.9390000000000001, 0.5791518987341772], [0.928873417721519, 0.48927848101265814, 1.0, 0.5778860759493671]], "class": 2}