{"image": "693f7d73-759a-11ee-a46b-fcb3bc5cd112.jpg", "bboxes": [[0.381, 0.46368354430379743, 0.4594810126582281, 0.5611518987341771], [0.3063164556962025, 0.4712784810126581, 0.391126582278481, 0.5598860759493671]], "class": 2}