{"image": "693f7d73-759a-11ee-a46b-fcb3bc5cd112.jpg", "bboxes": [[0.033, 0.43884810126582285, 0.11148101265822812, 0.5363164556962026], [0.0, 0.4401139240506329, 0.04312658227848101, 0.5287215189873419]], "class": 2}