{"image": "693f7d73-759a-11ee-a46b-fcb3bc5cd112.jpg", "bboxes": [[0.734, 0.4028481012658228, 0.8124810126582281, 0.5003164556962025], [0.6593164556962026, 0.4041139240506329, 0.744126582278481, 0.49272151898734184]], "class": 2}