{"image": "693f7d73-759a-11ee-a46b-fcb3bc5cd112.jpg", "bboxes": [[0.39851898734177194, 0.5126835443037975, 0.477, 0.6101518987341772], [0.466873417721519, 0.5202784810126582, 0.5516835443037975, 0.6088860759493671]], "class": 2}