{"image": "693f7d73-759a-11ee-a46b-fcb3bc5cd112.jpg", "bboxes": [[0.821, 0.4048481012658228, 0.8994810126582281, 0.5023164556962025], [0.7463164556962025, 0.4061139240506329, 0.831126582278481, 0.49472151898734185]], "class": 2}