{"image": "693f7d73-759a-11ee-a46b-fcb3bc5cd112.jpg", "bboxes": [[0.842, 0.45668354430379743, 0.9204810126582281, 0.5541518987341771], [0.7673164556962025, 0.46427848101265823, 0.852126582278481, 0.5528860759493671]], "class": 2}