{"image": "693f7d73-759a-11ee-a46b-fcb3bc5cd112.jpg", "bboxes": [[0.821, 0.4516835443037974, 0.8994810126582281, 0.5491518987341772], [0.7463164556962025, 0.4592784810126582, 0.831126582278481, 0.5478860759493671]], "class": 2}