{"image": "693f7d73-759a-11ee-a46b-fcb3bc5cd112.jpg", "bboxes": [[0.7435189873417719, 0.5056835443037975, 0.8220000000000001, 0.6031518987341772], [0.811873417721519, 0.5132784810126582, 0.8966835443037975, 0.6018860759493672]], "class": 2}