{"image": "693f7d73-759a-11ee-a46b-fcb3bc5cd112.jpg", "bboxes": [[0.8945189873417719, 0.48468354430379745, 0.973, 0.5821518987341772], [0.962873417721519, 0.49227848101265814, 1.0, 0.5808860759493671]], "class": 2}