{"image": "693f7d73-759a-11ee-a46b-fcb3bc5cd112.jpg", "bboxes": [[0.366, 0.4556835443037974, 0.4444810126582281, 0.5531518987341771], [0.2913164556962025, 0.4632784810126582, 0.376126582278481, 0.5518860759493671]], "class": 2}