{"image": "693f7d73-759a-11ee-a46b-fcb3bc5cd112.jpg", "bboxes": [[0.671, 0.4608481012658228, 0.7494810126582281, 0.5583164556962025], [0.5963164556962025, 0.4621139240506329, 0.681126582278481, 0.5507215189873418]], "class": 2}