{"image": "693f7d73-759a-11ee-a46b-fcb3bc5cd112.jpg", "bboxes": [[0.902, 0.3898481012658228, 0.9804810126582281, 0.4873164556962025], [0.8273164556962025, 0.3911139240506329, 0.912126582278481, 0.47972151898734183]], "class": 2}