{"image": "693f7d73-759a-11ee-a46b-fcb3bc5cd112.jpg", "bboxes": [[0.3655189873417719, 0.41684810126582283, 0.44399999999999995, 0.5143164556962025], [0.433873417721519, 0.41811392405063286, 0.5186835443037975, 0.5067215189873419]], "class": 2}