{"image": "693f7d73-759a-11ee-a46b-fcb3bc5cd112.jpg", "bboxes": [[0.168, 0.47168354430379744, 0.2464810126582281, 0.5691518987341772], [0.09331645569620252, 0.47927848101265813, 0.17812658227848102, 0.5678860759493671]], "class": 2}