{"image": "693f7d73-759a-11ee-a46b-fcb3bc5cd112.jpg", "bboxes": [[0.831, 0.47368354430379744, 0.9094810126582281, 0.5711518987341772], [0.7563164556962025, 0.48127848101265813, 0.841126582278481, 0.5698860759493671]], "class": 2}