{"image": "69d0f6ff-6b43-11ee-b578-fcb3bc5cd112.jpg", "bboxes": [[0.9588292682926829, 0.30614634146341463, 1.0, 0.34273170731707314], [0.8771219512195121, 0.30858536585365853, 0.9027317073170732, 0.346390243902439], [0.8393170731707317, 0.30858536585365853, 0.8698048780487805, 0.3439512195121951], [0.7441951219512195, 0.2841951219512195, 0.7807804878048781, 0.320780487804878], [0.6783414634146342, 0.2939512195121951, 0.7173658536585364, 0.3256585365853658], [0.6161463414634147, 0.3146829268292683, 0.6539512195121951, 0.3610243902439024], [0.5771219512195122, 0.320780487804878, 0.607609756097561, 0.3622439024390244]], "class": 7}