{"image": "69d0f6ff-6b43-11ee-b578-fcb3bc5cd112.jpg", "bboxes": [[0.0, 0.3288292682926829, 0.0008292682926830386, 0.37882926829268293], [0.0008292682926830386, 0.3361463414634146, 0.047170731707317115, 0.3727317073170731], [0.10326829268292681, 0.3385853658536585, 0.12887804878048792, 0.376390243902439], [0.13619512195121952, 0.3385853658536585, 0.16668292682926833, 0.3739512195121951], [0.22521951219512193, 0.3141951219512195, 0.2618048780487804, 0.350780487804878], [0.28863414634146356, 0.32395121951219513, 0.3276585365853658, 0.35565853658536584], [0.35204878048780486, 0.3446829268292683, 0.38985365853658527, 0.3910243902439024], [0.39839024390243905, 0.350780487804878, 0.42887804878048785, 0.3922439024390244]], "class": 8}