{"image": "69d0f6ff-6b43-11ee-b578-fcb3bc5cd112.jpg", "bboxes": [[0.24097560975609755, 0.5884878048780489, 0.2787804878048783, 0.6384878048780488], [0.2787804878048783, 0.5823902439024391, 0.332439024390244, 0.633609756097561], [0.3678048780487807, 0.6311707317073171, 0.40682926829268307, 0.681170731707317], [0.40682926829268307, 0.637268292682927, 0.45317073170731714, 0.6738536585365854], [0.5092682926829268, 0.633609756097561, 0.5348780487804878, 0.6714146341463415], [0.5421951219512195, 0.6360487804878049, 0.5726829268292684, 0.6714146341463415], [0.631219512195122, 0.659219512195122, 0.6678048780487804, 0.6958048780487804], [0.6946341463414636, 0.6543414634146342, 0.7336585365853658, 0.6860487804878048], [0.7580487804878049, 0.6189756097560976, 0.7958536585365853, 0.6653170731707316], [0.8043902439024391, 0.6177560975609756, 0.8348780487804878, 0.659219512195122]], "class": 10}