{"image": "69d0f6ff-6b43-11ee-b578-fcb3bc5cd112.jpg", "bboxes": [[0.0, 0.6143902439024391, 0.04343902439024394, 0.665609756097561], [0.07880487804878067, 0.6631707317073171, 0.11782926829268303, 0.713170731707317], [0.11782926829268303, 0.6692682926829269, 0.1641707317073171, 0.7058536585365853], [0.2202682926829268, 0.665609756097561, 0.2458780487804879, 0.7034146341463414], [0.2531951219512195, 0.6680487804878049, 0.2836829268292683, 0.7034146341463414], [0.34221951219512203, 0.6912195121951219, 0.3788048780487805, 0.7278048780487805], [0.40563414634146355, 0.6863414634146342, 0.4446585365853658, 0.7180487804878048], [0.46904878048780485, 0.6509756097560976, 0.5068536585365853, 0.6973170731707317], [0.515390243902439, 0.6497560975609756, 0.5458780487804877, 0.6912195121951219]], "class": 9}