{"image": "69d0f6ff-6b43-11ee-b578-fcb3bc5cd112.jpg", "bboxes": [[0.04121951219512199, 0.3521951219512195, 0.07780487804878045, 0.388780487804878], [0.10463414634146351, 0.3619512195121951, 0.14365853658536587, 0.3936585365853658], [0.1680487804878048, 0.3826829268292683, 0.20585365853658533, 0.42902439024390243], [0.214390243902439, 0.388780487804878, 0.2448780487804878, 0.4302439024390244]], "class": 4}