{"image": "69d0f6ff-6b43-11ee-b578-fcb3bc5cd112.jpg", "bboxes": [[0.49197560975609755, 0.3395121951219512, 0.5297804878048782, 0.38951219512195123], [0.5297804878048782, 0.344390243902439, 0.583439024390244, 0.39560975609756094], [0.6188048780487807, 0.2968292682926829, 0.6578292682926831, 0.3468292682926829], [0.6578292682926831, 0.3041463414634146, 0.7041707317073171, 0.34073170731707314], [0.7602682926829268, 0.30658536585365853, 0.785878048780488, 0.344390243902439], [0.7931951219512196, 0.30658536585365853, 0.8236829268292684, 0.3419512195121951], [0.882219512195122, 0.2821951219512195, 0.9188048780487804, 0.318780487804878], [0.9456341463414635, 0.2919512195121951, 0.9846585365853658, 0.3236585365853658]], "class": 8}