{"image": "69d0f6ff-6b43-11ee-b578-fcb3bc5cd112.jpg", "bboxes": [[0.8802195121951217, 0.3635121951219512, 0.9180243902439024, 0.4135121951219512], [0.826560975609756, 0.368390243902439, 0.8802195121951217, 0.41960975609756096], [0.752170731707317, 0.32082926829268293, 0.7911951219512193, 0.3708292682926829], [0.7058292682926829, 0.3281463414634146, 0.752170731707317, 0.3647317073170731], [0.6241219512195121, 0.3305853658536585, 0.6497317073170732, 0.368390243902439], [0.5863170731707317, 0.3305853658536585, 0.6168048780487805, 0.3659512195121951], [0.49119512195121956, 0.3061951219512195, 0.5277804878048781, 0.342780487804878], [0.4253414634146342, 0.3159512195121951, 0.4643658536585365, 0.34765853658536583], [0.36314634146341473, 0.3366829268292683, 0.40095121951219515, 0.3830243902439024], [0.3241219512195122, 0.342780487804878, 0.354609756097561, 0.3842439024390244]], "class": 10}