{"image": "69d0f6ff-6b43-11ee-b578-fcb3bc5cd112.jpg", "bboxes": [[0.25597560975609757, 0.38751219512195123, 0.2937804878048782, 0.4375121951219512], [0.2937804878048782, 0.392390243902439, 0.347439024390244, 0.4436097560975609], [0.3828048780487807, 0.3448292682926829, 0.4218292682926831, 0.3948292682926829], [0.4218292682926831, 0.3521463414634146, 0.46817073170731716, 0.3887317073170731], [0.5242682926829267, 0.3545853658536585, 0.549878048780488, 0.392390243902439], [0.5571951219512196, 0.3545853658536585, 0.5876829268292684, 0.38995121951219514], [0.646219512195122, 0.33019512195121953, 0.6828048780487804, 0.36678048780487804], [0.7096341463414635, 0.3399512195121951, 0.7486585365853657, 0.37165853658536585], [0.7730487804878048, 0.3606829268292683, 0.8108536585365853, 0.4070243902439024], [0.819390243902439, 0.36678048780487804, 0.8498780487804878, 0.4082439024390244]], "class": 10}