{"image": "69d0f6ff-6b43-11ee-b578-fcb3bc5cd112.jpg", "bboxes": [[0.36097560975609755, 0.39151219512195123, 0.3987804878048783, 0.4415121951219512], [0.3987804878048783, 0.396390243902439, 0.45243902439024397, 0.44760975609756093], [0.4878048780487807, 0.3488292682926829, 0.5268292682926831, 0.3988292682926829], [0.5268292682926831, 0.3561463414634146, 0.5731707317073171, 0.39273170731707313], [0.6292682926829268, 0.3585853658536585, 0.6548780487804879, 0.396390243902439], [0.6621951219512195, 0.3585853658536585, 0.6926829268292684, 0.3939512195121951], [0.751219512195122, 0.33419512195121953, 0.7878048780487804, 0.37078048780487805], [0.8146341463414635, 0.3439512195121951, 0.8536585365853658, 0.3756585365853658], [0.8780487804878049, 0.3646829268292683, 0.9158536585365853, 0.4110243902439024], [0.924390243902439, 0.37078048780487805, 0.9548780487804878, 0.4122439024390244]], "class": 10}