{"image": "69d0f6ff-6b43-11ee-b578-fcb3bc5cd112.jpg", "bboxes": [[0.007219512195121958, 0.620219512195122, 0.043804878048780416, 0.6568048780487805], [0.07063414634146348, 0.6153414634146341, 0.10965853658536584, 0.6470487804878049], [0.13404878048780489, 0.5799756097560975, 0.1718536585365853, 0.6263170731707317], [0.18039024390243896, 0.5787560975609756, 0.21087804878048777, 0.620219512195122]], "class": 4}