{"image": "69d0f6ff-6b43-11ee-b578-fcb3bc5cd112.jpg", "bboxes": [[0.0, 0.5902682926829268, 0.00017073170731718434, 0.6268536585365854], [0.05626829268292677, 0.5866097560975609, 0.08187804878048788, 0.6244146341463415], [0.08919512195121959, 0.5890487804878048, 0.1196829268292684, 0.6244146341463415], [0.178219512195122, 0.6122195121951219, 0.21480487804878046, 0.6488048780487805], [0.24163414634146352, 0.6073414634146341, 0.28065853658536577, 0.6390487804878049], [0.3050487804878048, 0.5719756097560975, 0.3428536585365852, 0.6183170731707317], [0.351390243902439, 0.5707560975609756, 0.3818780487804878, 0.6122195121951219]], "class": 7}