{"image": "69d0f6ff-6b43-11ee-b578-fcb3bc5cd112.jpg", "bboxes": [[0.0019756097560975627, 0.5714878048780487, 0.039780487804878195, 0.6214878048780488], [0.039780487804878195, 0.5653902439024391, 0.09343902439024399, 0.616609756097561], [0.1288048780487807, 0.6141707317073171, 0.16782926829268308, 0.6641707317073171], [0.16782926829268308, 0.6202682926829268, 0.21417073170731715, 0.6568536585365854], [0.27026829268292685, 0.616609756097561, 0.29587804878048796, 0.6544146341463415], [0.30319512195121956, 0.6190487804878049, 0.33368292682926837, 0.6544146341463415], [0.39221951219512197, 0.642219512195122, 0.4288048780487804, 0.6788048780487805], [0.4556341463414635, 0.6373414634146342, 0.49465853658536585, 0.6690487804878049], [0.5190487804878048, 0.6019756097560975, 0.5568536585365853, 0.6483170731707317], [0.565390243902439, 0.6007560975609756, 0.5958780487804878, 0.642219512195122]], "class": 10}