{"image": "6af125aa-759a-11ee-b423-fcb3bc5cd112.jpg", "bboxes": [[0.8749493670886076, 0.2715443037974684, 0.9217848101265822, 0.3120506329113924]], "class": 1}