{"image": "6af125aa-759a-11ee-b423-fcb3bc5cd112.jpg", "bboxes": [[0.2699493670886076, 0.3235443037974684, 0.3167848101265822, 0.36405063291139245]], "class": 1}