{"image": "6af125aa-759a-11ee-b423-fcb3bc5cd112.jpg", "bboxes": [[0.1262151898734178, 0.6639493670886076, 0.17305063291139242, 0.7044556962025317]], "class": 1}