{"image": "6af125aa-759a-11ee-b423-fcb3bc5cd112.jpg", "bboxes": [[0.4632151898734178, 0.6989493670886076, 0.5100506329113924, 0.7394556962025316]], "class": 1}