{"image": "6af125aa-759a-11ee-b423-fcb3bc5cd112.jpg", "bboxes": [[0.48021518987341777, 0.27654430379746836, 0.5270506329113924, 0.3170506329113924]], "class": 1}