{"image": "6af125aa-759a-11ee-b423-fcb3bc5cd112.jpg", "bboxes": [[0.10121518987341778, 0.6489493670886075, 0.14805063291139242, 0.6894556962025316]], "class": 1}