{"image": "6af125aa-759a-11ee-b423-fcb3bc5cd112.jpg", "bboxes": [[0.8959493670886076, 0.3205443037974684, 0.9427848101265822, 0.36105063291139244]], "class": 1}