{"image": "6af125aa-759a-11ee-b423-fcb3bc5cd112.jpg", "bboxes": [[0.4662151898734178, 0.2495443037974684, 0.5130506329113924, 0.29005063291139244]], "class": 1}