{"image": "6af125aa-759a-11ee-b423-fcb3bc5cd112.jpg", "bboxes": [[0.07121518987341778, 0.6559493670886076, 0.11805063291139242, 0.6964556962025317]], "class": 1}