{"image": "6af125aa-759a-11ee-b423-fcb3bc5cd112.jpg", "bboxes": [[0.8792151898734177, 0.3175443037974684, 0.9260506329113924, 0.35805063291139244]], "class": 1}