{"image": "6af125aa-759a-11ee-b423-fcb3bc5cd112.jpg", "bboxes": [[0.28221518987341776, 0.6869493670886075, 0.3290506329113924, 0.7274556962025316]], "class": 1}