{"image": "6af125aa-759a-11ee-b423-fcb3bc5cd112.jpg", "bboxes": [[0.5392151898734178, 0.3235443037974684, 0.5860506329113925, 0.36405063291139245]], "class": 1}