{"image": "6ca0a076-759a-11ee-88e2-fcb3bc5cd112.jpg", "bboxes": [[0.6571898734177216, 0.38512658227848096, 0.7052911392405065, 0.44715189873417727], [0.6014936708860762, 0.4028481012658228, 0.6622531645569623, 0.45094936708860756]], "class": 2}