{"image": "6ca0a076-759a-11ee-88e2-fcb3bc5cd112.jpg", "bboxes": [[0.9994936708860762, 0.3978481012658228, 1.0, 0.44594936708860755]], "class": 1}