{"image": "6ca0a076-759a-11ee-88e2-fcb3bc5cd112.jpg", "bboxes": [[0.9561898734177217, 0.49784810126582274, 1.0, 0.559873417721519], [0.9004936708860762, 0.49405063291139245, 0.9612531645569622, 0.5421518987341771]], "class": 2}