{"image": "6ca0a076-759a-11ee-88e2-fcb3bc5cd112.jpg", "bboxes": [[0.40670886075949353, 0.5208481012658227, 0.4548101265822784, 0.582873417721519], [0.44974683544303773, 0.5170506329113924, 0.5105063291139238, 0.5651518987341771]], "class": 2}