{"image": "6ca0a076-759a-11ee-88e2-fcb3bc5cd112.jpg", "bboxes": [[0.3747088607594935, 0.439126582278481, 0.42281012658227834, 0.5011518987341772], [0.4177468354430377, 0.45684810126582287, 0.47850632911392377, 0.5049493670886076]], "class": 2}