{"image": "6ca0a076-759a-11ee-88e2-fcb3bc5cd112.jpg", "bboxes": [[0.7401898734177216, 0.5018481012658227, 0.7882911392405065, 0.563873417721519], [0.6844936708860762, 0.4980506329113924, 0.7452531645569622, 0.5461518987341771]], "class": 2}