{"image": "6ca0a076-759a-11ee-88e2-fcb3bc5cd112.jpg", "bboxes": [[0.21070886075949347, 0.431126582278481, 0.2588101265822784, 0.4931518987341773], [0.2537468354430378, 0.44884810126582286, 0.31450632911392384, 0.4969493670886076]], "class": 2}