{"image": "6de91220-6b43-11ee-a5b0-fcb3bc5cd112.jpg", "bboxes": [[0.5721951219512196, 0.35092682926829266, 0.6356097560975611, 0.39848780487804875], [0.636829268292683, 0.3521463414634146, 0.7026829268292684, 0.3997073170731707], [0.7404878048780488, 0.3082439024390244, 0.7904878048780488, 0.3545853658536585], [0.7892682926829269, 0.3143414634146341, 0.8465853658536586, 0.3570243902439024], [0.8953658536585366, 0.3143414634146341, 0.935609756097561, 0.34848780487804876], [0.9758536585365852, 0.3350731707317073, 1.0, 0.3777560975609756]], "class": 6}