{"image": "6de91220-6b43-11ee-a5b0-fcb3bc5cd112.jpg", "bboxes": [[0.788390243902439, 0.6515121951219512, 0.8518048780487805, 0.6990731707317074], [0.7213170731707317, 0.6502926829268293, 0.7871707317073169, 0.6978536585365853], [0.6335121951219512, 0.6954146341463414, 0.6835121951219512, 0.7417560975609756], [0.5774146341463413, 0.6929756097560975, 0.6347317073170732, 0.7356585365853658], [0.488390243902439, 0.7015121951219513, 0.5286341463414634, 0.7356585365853658], [0.4091219512195122, 0.6722439024390243, 0.44814634146341475, 0.7149268292682927], [0.3700975609756098, 0.6673658536585365, 0.4066829268292684, 0.7124878048780487], [0.2627804878048781, 0.7137073170731707, 0.3005853658536586, 0.7515121951219512]], "class": 8}