{"image": "6de91220-6b43-11ee-a5b0-fcb3bc5cd112.jpg", "bboxes": [[0.9505121951219512, 0.2982439024390244, 1.0, 0.3445853658536585], [0.8944146341463413, 0.30434146341463414, 0.9517317073170732, 0.3470243902439024], [0.805390243902439, 0.30434146341463414, 0.8456341463414634, 0.33848780487804875], [0.7261219512195122, 0.32507317073170733, 0.7651463414634148, 0.3677560975609756], [0.6870975609756098, 0.32751219512195123, 0.7236829268292684, 0.3726341463414634], [0.5797804878048781, 0.2884878048780488, 0.6175853658536585, 0.3262926829268292]], "class": 6}