{"image": "6de91220-6b43-11ee-a5b0-fcb3bc5cd112.jpg", "bboxes": [[0.2271951219512196, 0.6085121951219512, 0.2906097560975611, 0.6560731707317073], [0.2918292682926831, 0.6072926829268293, 0.3576829268292684, 0.6548536585365854], [0.3954878048780488, 0.6524146341463415, 0.44548780487804884, 0.6987560975609757], [0.4442682926829268, 0.6499756097560976, 0.5015853658536586, 0.6926585365853659], [0.5503658536585365, 0.6585121951219512, 0.590609756097561, 0.6926585365853659], [0.6308536585365853, 0.6292439024390244, 0.6698780487804878, 0.6719268292682927], [0.6723170731707316, 0.6243658536585366, 0.7089024390243902, 0.6694878048780488], [0.7784146341463414, 0.6707073170731708, 0.8162195121951219, 0.7085121951219512]], "class": 8}