{"image": "6de91220-6b43-11ee-a5b0-fcb3bc5cd112.jpg", "bboxes": [[0.011195121951219522, 0.3569268292682926, 0.07460975609756115, 0.40448780487804875], [0.0758292682926831, 0.3581463414634146, 0.1416829268292683, 0.4057073170731707], [0.17948780487804883, 0.3142439024390244, 0.22948780487804876, 0.3605853658536585], [0.2282682926829268, 0.3203414634146341, 0.2855853658536587, 0.36302439024390243], [0.33436585365853655, 0.3203414634146341, 0.374609756097561, 0.35448780487804876], [0.4148536585365853, 0.3410731707317073, 0.45387804878048776, 0.3837560975609756], [0.45631707317073167, 0.3435121951219512, 0.49290243902439024, 0.3886341463414634], [0.5624146341463414, 0.3044878048780488, 0.6002195121951219, 0.34229268292682924]], "class": 8}