{"image": "6de91220-6b43-11ee-a5b0-fcb3bc5cd112.jpg", "bboxes": [[0.8093902439024389, 0.6275121951219513, 0.8728048780487805, 0.6750731707317074], [0.7423170731707317, 0.6262926829268293, 0.8081707317073169, 0.6738536585365854], [0.6545121951219512, 0.6714146341463415, 0.7045121951219512, 0.7177560975609756], [0.5984146341463413, 0.6689756097560976, 0.6557317073170732, 0.7116585365853658], [0.509390243902439, 0.6775121951219513, 0.5496341463414635, 0.7116585365853658], [0.4301219512195122, 0.6482439024390244, 0.4691463414634147, 0.6909268292682926], [0.39109756097560977, 0.6433658536585366, 0.42768292682926834, 0.6884878048780487], [0.28378048780487813, 0.6897073170731708, 0.3215853658536586, 0.7275121951219512]], "class": 8}