{"image": "6de91220-6b43-11ee-a5b0-fcb3bc5cd112.jpg", "bboxes": [[0.0, 0.29334146341463413, 0.016585365853658662, 0.3360243902439024], [0.06536585365853664, 0.29334146341463413, 0.10560975609756096, 0.32748780487804874], [0.14585365853658527, 0.3140731707317073, 0.18487804878048775, 0.3567560975609756], [0.18731707317073165, 0.3165121951219512, 0.22390243902439022, 0.3616341463414634], [0.2934146341463414, 0.2774878048780488, 0.3312195121951219, 0.3152926829268292]], "class": 5}