{"image": "6de91220-6b43-11ee-a5b0-fcb3bc5cd112.jpg", "bboxes": [[0.5631951219512196, 0.5795121951219513, 0.6266097560975611, 0.6270731707317074], [0.6278292682926832, 0.5782926829268293, 0.6936829268292684, 0.6258536585365854], [0.7314878048780488, 0.6234146341463415, 0.7814878048780488, 0.6697560975609755], [0.7802682926829267, 0.6209756097560976, 0.8375853658536587, 0.6636585365853659], [0.8863658536585366, 0.6295121951219513, 0.926609756097561, 0.6636585365853659], [0.9668536585365852, 0.6002439024390244, 1.0, 0.6429268292682927]], "class": 6}