{"image": "6de91220-6b43-11ee-a5b0-fcb3bc5cd112.jpg", "bboxes": [[0.08919512195121959, 0.6395121951219513, 0.1526097560975611, 0.6870731707317074], [0.15382926829268306, 0.6382926829268293, 0.21968292682926838, 0.6858536585365853], [0.2574878048780488, 0.6834146341463414, 0.30748780487804883, 0.7297560975609756], [0.30626829268292677, 0.6809756097560976, 0.36358536585365864, 0.7236585365853658], [0.4123658536585366, 0.6895121951219513, 0.45260975609756104, 0.7236585365853658], [0.49285365853658525, 0.6602439024390244, 0.5318780487804877, 0.7029268292682926], [0.5343170731707316, 0.6553658536585366, 0.5709024390243902, 0.7004878048780487], [0.6404146341463415, 0.7017073170731707, 0.6782195121951219, 0.7395121951219512]], "class": 8}