{"image": "6de91220-6b43-11ee-a5b0-fcb3bc5cd112.jpg", "bboxes": [[0.5713902439024389, 0.5955121951219513, 0.6348048780487804, 0.6430731707317074], [0.5043170731707316, 0.5942926829268294, 0.5701707317073169, 0.6418536585365854], [0.4165121951219512, 0.6394146341463415, 0.4665121951219512, 0.6857560975609756], [0.36041463414634134, 0.6369756097560976, 0.4177317073170732, 0.6796585365853659], [0.271390243902439, 0.6455121951219512, 0.3116341463414634, 0.6796585365853659], [0.1921219512195122, 0.6162439024390244, 0.23114634146341473, 0.6589268292682927], [0.15309756097560978, 0.6113658536585366, 0.18968292682926835, 0.6564878048780488], [0.04578048780487814, 0.6577073170731708, 0.08358536585365857, 0.6955121951219512]], "class": 8}