{"image": "6de91220-6b43-11ee-a5b0-fcb3bc5cd112.jpg", "bboxes": [[0.29919512195121956, 0.35192682926829266, 0.3626097560975611, 0.39948780487804875], [0.36382926829268303, 0.3531463414634146, 0.42968292682926834, 0.4007073170731707], [0.46748780487804875, 0.3092439024390244, 0.5174878048780488, 0.3555853658536585], [0.5162682926829267, 0.3153414634146341, 0.5735853658536587, 0.3580243902439024], [0.6223658536585366, 0.3153414634146341, 0.662609756097561, 0.34948780487804876], [0.7028536585365852, 0.3360731707317073, 0.7418780487804878, 0.3787560975609756], [0.7443170731707316, 0.3385121951219512, 0.7809024390243902, 0.3836341463414634], [0.8504146341463414, 0.29948780487804877, 0.8882195121951219, 0.33729268292682923]], "class": 8}