{"image": "6de91220-6b43-11ee-a5b0-fcb3bc5cd112.jpg", "bboxes": [[0.9713170731707317, 0.6152926829268293, 1.0, 0.6628536585365854], [0.8835121951219512, 0.6604146341463415, 0.9335121951219512, 0.7067560975609757], [0.8274146341463413, 0.6579756097560976, 0.8847317073170732, 0.7006585365853659], [0.738390243902439, 0.6665121951219513, 0.7786341463414634, 0.7006585365853659], [0.6591219512195122, 0.6372439024390244, 0.6981463414634147, 0.6799268292682927], [0.6200975609756098, 0.6323658536585366, 0.6566829268292683, 0.6774878048780488], [0.5127804878048782, 0.6787073170731708, 0.5505853658536586, 0.7165121951219512]], "class": 7}