{"image": "6de91220-6b43-11ee-a5b0-fcb3bc5cd112.jpg", "bboxes": [[0.4603902439024389, 0.33692682926829265, 0.5238048780487804, 0.38448780487804873], [0.39331707317073167, 0.3381463414634146, 0.4591707317073169, 0.38570731707317074], [0.3055121951219512, 0.2942439024390244, 0.3555121951219512, 0.3405853658536585], [0.24941463414634132, 0.30034146341463414, 0.30673170731707317, 0.3430243902439024], [0.160390243902439, 0.30034146341463414, 0.2006341463414634, 0.33448780487804874], [0.0811219512195122, 0.3210731707317073, 0.12014634146341473, 0.3637560975609756], [0.04209756097560978, 0.32351219512195123, 0.07868292682926835, 0.3686341463414634]], "class": 7}