{"image": "6de91220-6b43-11ee-a5b0-fcb3bc5cd112.jpg", "bboxes": [[0.9683170731707317, 0.6092926829268293, 1.0, 0.6568536585365854], [0.8805121951219512, 0.6544146341463415, 0.9305121951219512, 0.7007560975609757], [0.8244146341463413, 0.6519756097560976, 0.8817317073170732, 0.6946585365853659], [0.735390243902439, 0.6605121951219513, 0.7756341463414634, 0.6946585365853659], [0.6561219512195122, 0.6312439024390244, 0.6951463414634147, 0.6739268292682927], [0.6170975609756097, 0.6263658536585366, 0.6536829268292683, 0.6714878048780488], [0.5097804878048782, 0.6727073170731708, 0.5475853658536586, 0.7105121951219512]], "class": 7}