{"image": "6e6496c4-759a-11ee-9395-fcb3bc5cd112.jpg", "bboxes": [[0.018253164556962135, 0.40774683544303797, 0.07394936708860769, 0.4710379746835443], [0.0, 0.4115443037974683, 0.024582278481012736, 0.4647088607594937]], "class": 2}