{"image": "6e6496c4-759a-11ee-9395-fcb3bc5cd112.jpg", "bboxes": [[0.10825316455696213, 0.357746835443038, 0.1639493670886077, 0.4210379746835443], [0.06394936708860768, 0.3615443037974683, 0.11458227848101274, 0.4147088607594937]], "class": 2}