{"image": "6e6ac9e5-759e-11ee-8a94-fcb3bc5cd112.jpg", "bboxes": [[0.5189873417721518, 0.29143037974683544, 0.5455696202531646, 0.3230759493670886], [0.5430379746835443, 0.28763291139240504, 0.570886075949367, 0.32434177215189874], [0.3962025316455696, 0.2901645569620253, 0.4253164556962026, 0.3180126582278481], [0.42025316455696204, 0.2901645569620253, 0.450632911392405, 0.3205443037974684], [0.22025316455696198, 0.316746835443038, 0.24936708860759493, 0.34965822784810124], [0.24303797468354427, 0.3192784810126582, 0.2784810126582278, 0.34965822784810124]], "class": 6}