{"image": "6e6ac9e5-759e-11ee-8a94-fcb3bc5cd112.jpg", "bboxes": [[0.45598734177215183, 0.7249240506329114, 0.4825696202531645, 0.7565696202531645], [0.48003797468354426, 0.7236582278481012, 0.5078860759493671, 0.7603670886075949], [0.33320253164556957, 0.7299873417721519, 0.3623164556962025, 0.7578354430379747], [0.357253164556962, 0.7274556962025316, 0.3876329113924051, 0.7578354430379747], [0.15725316455696203, 0.6983417721518987, 0.186367088607595, 0.731253164556962], [0.1800379746835442, 0.6983417721518987, 0.21548101265822772, 0.7287215189873417]], "class": 6}