{"image": "6e6ac9e5-759e-11ee-8a94-fcb3bc5cd112.jpg", "bboxes": [[0.13377215189873415, 0.48192405063291144, 0.20845569620253146, 0.5477468354430379], [0.2059240506329113, 0.4768607594936709, 0.28187341772151875, 0.5452151898734177], [0.9109873417721518, 0.6819240506329114, 0.9375696202531646, 0.7135696202531645], [0.9350379746835442, 0.6806582278481013, 0.962886075949367, 0.7173670886075949], [0.7882025316455696, 0.6869873417721519, 0.8173164556962025, 0.7148354430379746], [0.8122531645569621, 0.6844556962025317, 0.842632911392405, 0.7148354430379746], [0.612253164556962, 0.6553417721518988, 0.641367088607595, 0.6882531645569621], [0.6350379746835442, 0.6553417721518988, 0.6704810126582278, 0.6857215189873418]], "class": 8}