{"image": "6e6ac9e5-759e-11ee-8a94-fcb3bc5cd112.jpg", "bboxes": [[0.4307721518987342, 0.5179240506329115, 0.5054556962025315, 0.583746835443038], [0.5029240506329113, 0.5128607594936709, 0.5788734177215188, 0.5812151898734177], [0.909253164556962, 0.6913417721518987, 0.938367088607595, 0.7242531645569621], [0.9320379746835442, 0.6913417721518987, 0.9674810126582277, 0.7217215189873418]], "class": 4}