{"image": "6e6ac9e5-759e-11ee-8a94-fcb3bc5cd112.jpg", "bboxes": [[0.9431265822784812, 0.4457848101265823, 1.0, 0.5141392405063291], [0.28743037974683544, 0.27743037974683543, 0.3140126582278482, 0.3090759493670886], [0.26211392405063294, 0.27363291139240503, 0.28996202531645576, 0.31034177215189873], [0.4076835443037975, 0.2761645569620253, 0.4367974683544304, 0.30401265822784806], [0.38236708860759494, 0.2761645569620253, 0.412746835443038, 0.3065443037974684], [0.583632911392405, 0.302746835443038, 0.612746835443038, 0.3356582278481013], [0.5545189873417722, 0.30527848101265825, 0.5899620253164558, 0.3356582278481013]], "class": 7}