{"image": "6e6ac9e5-759e-11ee-8a94-fcb3bc5cd112.jpg", "bboxes": [[0.25677215189873415, 0.383253164556962, 0.33145569620253146, 0.44907594936708856], [0.3289240506329113, 0.3857848101265823, 0.40487341772151875, 0.4541392405063291], [0.9112025316455696, 0.2161645569620253, 0.9403164556962025, 0.24401265822784807], [0.9352531645569621, 0.2161645569620253, 0.965632911392405, 0.2465443037974684], [0.735253164556962, 0.242746835443038, 0.764367088607595, 0.2756582278481013], [0.7580379746835442, 0.24527848101265823, 0.7934810126582278, 0.2756582278481013]], "class": 6}