{"image": "6e6ac9e5-759e-11ee-8a94-fcb3bc5cd112.jpg", "bboxes": [[0.08777215189873411, 0.5049240506329113, 0.16245569620253153, 0.5707468354430381], [0.15992405063291126, 0.4998607594936709, 0.2358734177215187, 0.5682151898734178], [0.8649873417721519, 0.7049240506329114, 0.8915696202531646, 0.7365696202531645], [0.8890379746835442, 0.7036582278481013, 0.9168860759493671, 0.7403670886075949], [0.7422025316455696, 0.709987341772152, 0.7713164556962026, 0.7378354430379748], [0.766253164556962, 0.7074556962025316, 0.7966329113924051, 0.7378354430379748], [0.566253164556962, 0.6783417721518987, 0.595367088607595, 0.711253164556962], [0.5890379746835442, 0.6783417721518987, 0.6244810126582278, 0.7087215189873417]], "class": 8}