{"image": "6e6ac9e5-759e-11ee-8a94-fcb3bc5cd112.jpg", "bboxes": [[0.4297721518987342, 0.386253164556962, 0.5044556962025315, 0.45207594936708856], [0.5019240506329112, 0.3887848101265823, 0.5778734177215188, 0.4571392405063291], [0.908253164556962, 0.245746835443038, 0.937367088607595, 0.27865822784810124], [0.9310379746835442, 0.24827848101265823, 0.9664810126582277, 0.27865822784810124]], "class": 4}