{"image": "6e6ac9e5-759e-11ee-8a94-fcb3bc5cd112.jpg", "bboxes": [[0.0857721518987341, 0.448253164556962, 0.16045569620253153, 0.5140759493670886], [0.15792405063291126, 0.4507848101265823, 0.23387341772151882, 0.5191392405063291], [0.8629873417721519, 0.28243037974683544, 0.8895696202531646, 0.3140759493670886], [0.8870379746835442, 0.27863291139240504, 0.9148860759493671, 0.31534177215189874], [0.7402025316455696, 0.2811645569620253, 0.7693164556962026, 0.30901265822784807], [0.764253164556962, 0.2811645569620253, 0.7946329113924051, 0.3115443037974684], [0.564253164556962, 0.307746835443038, 0.593367088607595, 0.34065822784810124], [0.5870379746835442, 0.31027848101265826, 0.6224810126582278, 0.34065822784810124]], "class": 8}