{"image": "70185f84-759a-11ee-9086-fcb3bc5cd112.jpg", "bboxes": [[0.19967088607594952, 0.5182278481012658, 0.24017721518987356, 0.5739240506329114], [0.15156962025316464, 0.519493670886076, 0.2022025316455697, 0.5777215189873417]], "class": 2}