{"image": "70185f84-759a-11ee-9086-fcb3bc5cd112.jpg", "bboxes": [[0.5868227848101264, 0.5822278481012657, 0.6273291139240504, 0.6379240506329114], [0.6247974683544303, 0.583493670886076, 0.6754303797468353, 0.6417215189873418]], "class": 2}