{"image": "70185f84-759a-11ee-9086-fcb3bc5cd112.jpg", "bboxes": [[0.3746708860759495, 0.5192278481012658, 0.41517721518987355, 0.5749240506329114], [0.32656962025316466, 0.5204936708860759, 0.3772025316455697, 0.5787215189873418]], "class": 2}