{"image": "70185f84-759a-11ee-9086-fcb3bc5cd112.jpg", "bboxes": [[0.8646708860759496, 0.5772278481012658, 0.9051772151898736, 0.6329240506329115], [0.8165696202531647, 0.578493670886076, 0.8672025316455697, 0.6367215189873418], [0.21403797468354435, 0.6202658227848101, 0.26720253164556973, 0.6633037974683544], [0.260873417721519, 0.6278607594936709, 0.3039113924050633, 0.6721645569620254]], "class": 4}