{"image": "70185f84-759a-11ee-9086-fcb3bc5cd112.jpg", "bboxes": [[0.4586708860759495, 0.5222278481012658, 0.49917721518987357, 0.5779240506329114], [0.4105696202531647, 0.523493670886076, 0.4612025316455697, 0.5817215189873417]], "class": 2}