{"image": "70185f84-759a-11ee-9086-fcb3bc5cd112.jpg", "bboxes": [[0.02282278481012645, 0.5462278481012657, 0.0633291139240505, 0.6019240506329114], [0.06079746835443034, 0.547493670886076, 0.11143037974683534, 0.6057215189873417], [0.6607974683544303, 0.5892658227848102, 0.7139620253164556, 0.6323037974683545], [0.6240886075949367, 0.5968607594936709, 0.667126582278481, 0.6411645569620253]], "class": 4}