{"image": "70185f84-759a-11ee-9086-fcb3bc5cd112.jpg", "bboxes": [[0.7688227848101264, 0.38807594936708856, 0.8093291139240505, 0.44377215189873426], [0.8067974683544303, 0.3842784810126582, 0.8574303797468353, 0.442506329113924]], "class": 2}