{"image": "70422fce-759e-11ee-93b1-fcb3bc5cd112.jpg", "bboxes": [[0.9677088607594937, 0.5711772151898734, 1.0, 0.6483924050632912], [0.9006202531645572, 0.5800379746835442, 0.9740379746835445, 0.6445949367088608], [0.6044177215189874, 0.7800379746835443, 0.6297341772151899, 0.8028227848101266]], "class": 3}