{"image": "70422fce-759e-11ee-93b1-fcb3bc5cd112.jpg", "bboxes": [[0.2622025316455695, 0.5351772151898735, 0.32929113924050624, 0.6123924050632912], [0.32296202531645557, 0.5440379746835443, 0.39637974683544275, 0.6085949367088608], [0.6672658227848101, 0.7440379746835443, 0.6925822784810126, 0.7668227848101266]], "class": 3}