{"image": "70422fce-759e-11ee-93b1-fcb3bc5cd112.jpg", "bboxes": [[0.05220253164556943, 0.5501772151898734, 0.11929113924050627, 0.6273924050632912], [0.1129620253164555, 0.5590379746835443, 0.18637974683544278, 0.6235949367088607], [0.4572658227848101, 0.7590379746835443, 0.48258227848101265, 0.7818227848101267]], "class": 3}