{"image": "70422fce-759e-11ee-93b1-fcb3bc5cd112.jpg", "bboxes": [[0.2722025316455695, 0.5721772151898734, 0.33929113924050625, 0.6493924050632911], [0.3329620253164556, 0.5810379746835443, 0.40637974683544276, 0.6455949367088607], [0.6772658227848101, 0.7810379746835443, 0.7025822784810126, 0.8038227848101266]], "class": 3}