{"image": "70422fce-759e-11ee-93b1-fcb3bc5cd112.jpg", "bboxes": [[0.9597088607594938, 0.5361772151898734, 1.0, 0.6133924050632912], [0.8926202531645572, 0.5450379746835443, 0.9660379746835445, 0.6095949367088608], [0.5964177215189874, 0.7450379746835443, 0.6217341772151899, 0.7678227848101267]], "class": 3}