{"image": "70422fce-759e-11ee-93b1-fcb3bc5cd112.jpg", "bboxes": [[0.5432025316455695, 0.41660759493670885, 0.6102911392405063, 0.49382278481012654], [0.6039620253164555, 0.42040506329113925, 0.6773797468354428, 0.4849620253164557], [0.9482658227848101, 0.26217721518987336, 0.9735822784810126, 0.2849620253164557]], "class": 3}