{"image": "70422fce-759e-11ee-93b1-fcb3bc5cd112.jpg", "bboxes": [[0.8337088607594938, 0.5271772151898735, 0.9007974683544305, 0.6043924050632912], [0.7666202531645572, 0.5360379746835443, 0.8400379746835445, 0.6005949367088608], [0.47041772151898736, 0.7360379746835444, 0.4957341772151899, 0.7588227848101267]], "class": 3}