{"image": "70422fce-759e-11ee-93b1-fcb3bc5cd112.jpg", "bboxes": [[0.09620253164556947, 0.5441772151898734, 0.1632911392405062, 0.6213924050632912], [0.15696202531645553, 0.5530379746835443, 0.23037974683544282, 0.6175949367088607], [0.5012658227848101, 0.7530379746835443, 0.5265822784810126, 0.7758227848101267]], "class": 3}