{"image": "70422fce-759e-11ee-93b1-fcb3bc5cd112.jpg", "bboxes": [[0.8687088607594937, 0.39860759493670883, 0.9357974683544306, 0.4758227848101266], [0.8016202531645572, 0.40240506329113923, 0.8750379746835445, 0.4669620253164557], [0.5054177215189873, 0.24417721518987337, 0.5307341772151899, 0.2669620253164557]], "class": 3}