{"image": "70422fce-759e-11ee-93b1-fcb3bc5cd112.jpg", "bboxes": [[0.23426582278481012, 0.19617721518987338, 0.2595822784810127, 0.2189620253164557]], "class": 1}