{"image": "71e801ea-759a-11ee-9a9a-fcb3bc5cd112.jpg", "bboxes": [[0.08359493670886081, 0.9057848101265822, 0.3311838194826638, 1.0]], "class": 1}