{"image": "71e801ea-759a-11ee-9a9a-fcb3bc5cd112.jpg", "bboxes": [[0.1355949367088608, 0.0, 0.38318381948266383, 0.0722151898734178]], "class": 1}