{"image": "71e801ea-759a-11ee-9a9a-fcb3bc5cd112.jpg", "bboxes": [[0.3158161805173362, 0.9427848101265822, 0.5634050632911392, 1.0]], "class": 1}