{"image": "71e801ea-759a-11ee-9a9a-fcb3bc5cd112.jpg", "bboxes": [[0.3215949367088608, 0.9077848101265822, 0.5691838194826638, 1.0]], "class": 1}