{"image": "71e801ea-759a-11ee-9a9a-fcb3bc5cd112.jpg", "bboxes": [[0.7668161805173361, 0.9337848101265822, 1.0, 1.0]], "class": 1}