{"image": "71e801ea-759a-11ee-9a9a-fcb3bc5cd112.jpg", "bboxes": [[0.4458161805173362, 0.0, 0.6934050632911393, 0.0772151898734178]], "class": 1}