{"image": "71e801ea-759a-11ee-9a9a-fcb3bc5cd112.jpg", "bboxes": [[0.29081618051733615, 0.0, 0.5384050632911392, 0.04721518987341777]], "class": 1}