{"image": "71e801ea-759a-11ee-9a9a-fcb3bc5cd112.jpg", "bboxes": [[0.5238161805173362, 0.0, 0.7714050632911392, 0.11421518987341783]], "class": 1}