{"image": "721a788b-759e-11ee-ab11-fcb3bc5cd112.jpg", "bboxes": [[0.6805443037974684, 0.5542278481012657, 0.727379746835443, 0.6023291139240506], [0.6451012658227848, 0.5529620253164558, 0.6881392405063292, 0.6035949367088608]], "class": 2}