{"image": "721a788b-759e-11ee-ab11-fcb3bc5cd112.jpg", "bboxes": [[0.1885443037974684, 0.5392278481012658, 0.23537974683544302, 0.5873291139240506], [0.15310126582278485, 0.5379620253164556, 0.1961392405063292, 0.5885949367088608]], "class": 2}