{"image": "721a788b-759e-11ee-ab11-fcb3bc5cd112.jpg", "bboxes": [[0.821620253164557, 0.39367088607594936, 0.8684556962025316, 0.44177215189873426], [0.8608607594936708, 0.3924050632911392, 0.9038987341772151, 0.4430379746835443]], "class": 2}