{"image": "721a788b-759e-11ee-ab11-fcb3bc5cd112.jpg", "bboxes": [[0.329620253164557, 0.5642278481012657, 0.3764556962025316, 0.6123291139240506], [0.3688607594936708, 0.5629620253164558, 0.4118987341772151, 0.6135949367088608]], "class": 2}