{"image": "721a788b-759e-11ee-ab11-fcb3bc5cd112.jpg", "bboxes": [[0.09754430379746838, 0.38467088607594935, 0.14437974683544302, 0.43277215189873425], [0.06210126582278485, 0.38340506329113927, 0.1051392405063292, 0.43403797468354427]], "class": 2}