{"image": "721a788b-759e-11ee-ab11-fcb3bc5cd112.jpg", "bboxes": [[0.26162025316455695, 0.39267088607594935, 0.30845569620253166, 0.44077215189873425], [0.30086075949367075, 0.3914050632911392, 0.34389873417721517, 0.4420379746835443]], "class": 2}