{"image": "721a788b-759e-11ee-ab11-fcb3bc5cd112.jpg", "bboxes": [[0.3985443037974684, 0.5912278481012658, 0.445379746835443, 0.6393291139240507], [0.36310126582278485, 0.5899620253164557, 0.4061392405063292, 0.6405949367088608]], "class": 2}