{"image": "721a788b-759e-11ee-ab11-fcb3bc5cd112.jpg", "bboxes": [[0.37862025316455694, 0.5342278481012657, 0.42545569620253165, 0.5823291139240507], [0.41786075949367085, 0.5329620253164558, 0.46089873417721516, 0.5835949367088608]], "class": 2}