{"image": "721a788b-759e-11ee-ab11-fcb3bc5cd112.jpg", "bboxes": [[0.441620253164557, 0.38267088607594935, 0.4884556962025316, 0.43077215189873425], [0.4808607594936708, 0.38140506329113927, 0.5238987341772152, 0.43203797468354427]], "class": 2}