{"image": "721a788b-759e-11ee-ab11-fcb3bc5cd112.jpg", "bboxes": [[0.420620253164557, 0.37367088607594934, 0.4674556962025316, 0.42177215189873424], [0.4598607594936708, 0.37240506329113926, 0.5028987341772151, 0.4230379746835443]], "class": 2}