{"image": "73fa9c71-759e-11ee-94a5-fcb3bc5cd112.jpg", "bboxes": [[0.28220253164556963, 0.39870886075949363, 0.33410126582278465, 0.4442784810126582]], "class": 1}