{"image": "73fa9c71-759e-11ee-94a5-fcb3bc5cd112.jpg", "bboxes": [[0.8782025316455696, 0.4487088607594937, 0.9301012658227846, 0.49427848101265814]], "class": 1}