{"image": "73fa9c71-759e-11ee-94a5-fcb3bc5cd112.jpg", "bboxes": [[0.6868987341772154, 0.5447215189873418, 0.7387974683544304, 0.5902911392405064]], "class": 1}