{"image": "73fa9c71-759e-11ee-94a5-fcb3bc5cd112.jpg", "bboxes": [[0.7648987341772153, 0.4707088607594936, 0.8167974683544305, 0.5162784810126582]], "class": 1}