{"image": "73fa9c71-759e-11ee-94a5-fcb3bc5cd112.jpg", "bboxes": [[0.09289873417721538, 0.5387215189873418, 0.14479746835443041, 0.5842911392405064]], "class": 1}