{"image": "74c79315-6b43-11ee-b3e9-fcb3bc5cd112.jpg", "bboxes": [[0.9733658536585365, 0.3300975609756098, 1.0, 0.4398536585365854], [0.7453170731707318, 0.32643902439024386, 0.8355609756097561, 0.4142439024390244], [0.5745853658536586, 0.38009756097560976, 0.6489756097560976, 0.4605853658536585], [0.37214634146341474, 0.22278048780487802, 0.48556097560975614, 0.32887804878048765], [0.09287804878048786, 0.2593658536585366, 0.1684878048780488, 0.35448780487804876]], "class": 5}