{"image": "74c79315-6b43-11ee-b3e9-fcb3bc5cd112.jpg", "bboxes": [[0.565560975609756, 0.3020975609756098, 0.6716585365853657, 0.42526829268292676], [0.4533658536585365, 0.3020975609756098, 0.5594634146341462, 0.4118536585365854], [0.22531707317073177, 0.29843902439024383, 0.31556097560975604, 0.3862439024390244], [0.05458536585365857, 0.35209756097560974, 0.1289756097560976, 0.4325853658536585]], "class": 4}