{"image": "74c79315-6b43-11ee-b3e9-fcb3bc5cd112.jpg", "bboxes": [[0.11234146341463425, 0.34009756097560984, 0.21843902439024399, 0.4632682926829268], [0.22453658536585386, 0.34009756097560984, 0.3306341463414635, 0.44985365853658543], [0.468439024390244, 0.33643902439024387, 0.5586829268292682, 0.42424390243902443], [0.6550243902439024, 0.39009756097560977, 0.7294146341463414, 0.4705853658536585], [0.8184390243902439, 0.23278048780487803, 0.9318536585365853, 0.33887804878048766]], "class": 5}