{"image": "74c79315-6b43-11ee-b3e9-fcb3bc5cd112.jpg", "bboxes": [[0.3223414634146343, 0.6007317073170731, 0.42843902439024395, 0.7239024390243902], [0.4345365853658538, 0.6141463414634146, 0.5406341463414635, 0.7239024390243902], [0.678439024390244, 0.6397560975609756, 0.7686829268292683, 0.7275609756097562], [0.8650243902439024, 0.5934146341463415, 0.9394146341463414, 0.6739024390243902]], "class": 4}