{"image": "74c79315-6b43-11ee-b3e9-fcb3bc5cd112.jpg", "bboxes": [[0.46234146341463433, 0.5547317073170732, 0.568439024390244, 0.6779024390243902], [0.5745365853658538, 0.5681463414634146, 0.6806341463414636, 0.6779024390243902], [0.818439024390244, 0.5937560975609756, 0.9086829268292682, 0.6815609756097561]], "class": 3}