{"image": "74c79315-6b43-11ee-b3e9-fcb3bc5cd112.jpg", "bboxes": [[0.15034146341463428, 0.5457317073170732, 0.2564390243902439, 0.6689024390243902], [0.2625365853658539, 0.5591463414634146, 0.3686341463414635, 0.6689024390243902], [0.5064390243902439, 0.5847560975609756, 0.5966829268292683, 0.6725609756097561], [0.6930243902439024, 0.5384146341463415, 0.7674146341463415, 0.6189024390243902], [0.8564390243902438, 0.6701219512195123, 0.9698536585365852, 0.776219512195122]], "class": 5}