{"image": "74c79315-6b43-11ee-b3e9-fcb3bc5cd112.jpg", "bboxes": [[0.7295609756097561, 0.5547317073170732, 0.8356585365853657, 0.6779024390243902], [0.6173658536585365, 0.5681463414634146, 0.7234634146341461, 0.6779024390243902], [0.3893170731707318, 0.5937560975609756, 0.479560975609756, 0.6815609756097561], [0.21858536585365856, 0.5474146341463415, 0.2929756097560976, 0.6279024390243902], [0.01614634146341473, 0.6791219512195124, 0.12956097560975616, 0.785219512195122]], "class": 5}