{"image": "74c79315-6b43-11ee-b3e9-fcb3bc5cd112.jpg", "bboxes": [[0.031341463414634285, 0.26809756097560977, 0.1374390243902439, 0.39126829268292684], [0.1435365853658539, 0.26809756097560977, 0.24963414634146353, 0.37785365853658537], [0.3874390243902439, 0.2644390243902438, 0.4776829268292683, 0.35224390243902437], [0.5740243902439024, 0.3180975609756098, 0.6484146341463415, 0.39858536585365845], [0.7374390243902438, 0.16078048780487797, 0.8508536585365852, 0.2668780487804877]], "class": 5}