{"image": "74c79315-6b43-11ee-b3e9-fcb3bc5cd112.jpg", "bboxes": [[0.007439024390243909, 0.30743902439024384, 0.09768292682926827, 0.3952439024390244], [0.1940243902439024, 0.36109756097560974, 0.2684146341463415, 0.4415853658536585], [0.3574390243902439, 0.203780487804878, 0.47085365853658523, 0.30987804878048764], [0.6745121951219513, 0.24036585365853658, 0.7501219512195121, 0.33548780487804875]], "class": 4}