{"image": "74c79315-6b43-11ee-b3e9-fcb3bc5cd112.jpg", "bboxes": [[0.9813658536585365, 0.33609756097560983, 1.0, 0.44585365853658543], [0.7533170731707317, 0.33243902439024386, 0.8435609756097561, 0.42024390243902443], [0.5825853658536586, 0.38609756097560977, 0.6569756097560976, 0.4665853658536585], [0.38014634146341475, 0.22878048780487803, 0.49356097560975615, 0.33487804878048766], [0.10087804878048785, 0.2653658536585366, 0.1764878048780488, 0.36048780487804877]], "class": 5}