{"image": "7547cd05-6b42-11ee-9e48-fcb3bc5cd112.jpg", "bboxes": [[0.8328292682926829, 0.4614634146341463, 0.9535609756097561, 0.6053658536585366], [0.9584390243902439, 0.4724390243902439, 1.0, 0.598048780487805]], "class": 2}