{"image": "7547cd05-6b42-11ee-9e48-fcb3bc5cd112.jpg", "bboxes": [[0.0, 0.40763414634146344, 0.03317073170731709, 0.5515365853658537]], "class": 1}