{"image": "7547cd05-6b42-11ee-9e48-fcb3bc5cd112.jpg", "bboxes": [[0.0, 0.4014634146341463, 0.11117073170731709, 0.5453658536585366]], "class": 1}