{"image": "7547cd05-6b42-11ee-9e48-fcb3bc5cd112.jpg", "bboxes": [[0.0, 0.43163414634146335, 0.01217073170731709, 0.5755365853658536]], "class": 1}