{"image": "7547cd05-6b42-11ee-9e48-fcb3bc5cd112.jpg", "bboxes": [[0.06843902439024394, 0.43146341463414634, 0.18917073170731707, 0.5753658536585365], [0.0, 0.4424390243902439, 0.06356097560975613, 0.5680487804878049]], "class": 2}