{"image": "7547cd05-6b42-11ee-9e48-fcb3bc5cd112.jpg", "bboxes": [[0.18743902439024393, 0.42763414634146346, 0.30817073170731707, 0.5715365853658536], [0.08134146341463419, 0.43495121951219506, 0.18256097560975612, 0.560560975609756]], "class": 2}