{"image": "7547cd05-6b42-11ee-9e48-fcb3bc5cd112.jpg", "bboxes": [[0.8218292682926829, 0.4034634146341463, 0.942560975609756, 0.5473658536585366], [0.9474390243902439, 0.4144390243902439, 1.0, 0.5400487804878049]], "class": 2}