{"image": "7547cd05-6b42-11ee-9e48-fcb3bc5cd112.jpg", "bboxes": [[0.09543902439024393, 0.4544634146341463, 0.2161707317073171, 0.5983658536585366], [0.0, 0.4654390243902439, 0.09056097560975612, 0.591048780487805]], "class": 2}