{"image": "767eff9e-759a-11ee-9588-fcb3bc5cd112.jpg", "bboxes": [[0.2914936708860758, 0.33018987341772155, 0.33073417721518983, 0.3770253164556962], [0.32440506329113916, 0.3289240506329114, 0.37756962025316454, 0.37575949367088607]], "class": 2}