{"image": "767eff9e-759a-11ee-9588-fcb3bc5cd112.jpg", "bboxes": [[0.5082658227848103, 0.6079746835443038, 0.5475063291139242, 0.6548101265822784], [0.46143037974683543, 0.609240506329114, 0.5145949367088608, 0.6560759493670886]], "class": 2}