{"image": "767eff9e-759a-11ee-9588-fcb3bc5cd112.jpg", "bboxes": [[0.6694936708860759, 0.3141898734177216, 0.7087341772151898, 0.3610253164556962], [0.7024050632911392, 0.3129240506329114, 0.7555696202531645, 0.35975949367088605]], "class": 2}