{"image": "767eff9e-759a-11ee-9588-fcb3bc5cd112.jpg", "bboxes": [[0.9134936708860758, 0.6359746835443039, 0.9527341772151898, 0.6828101265822784], [0.9464050632911392, 0.637240506329114, 0.9995696202531645, 0.6840759493670886]], "class": 2}