{"image": "767eff9e-759a-11ee-9588-fcb3bc5cd112.jpg", "bboxes": [[0.6364936708860758, 0.6019746835443038, 0.6757341772151898, 0.6488101265822784], [0.6694050632911392, 0.603240506329114, 0.7225696202531646, 0.6500759493670886]], "class": 2}