{"image": "767eff9e-759a-11ee-9588-fcb3bc5cd112.jpg", "bboxes": [[0.6372658227848103, 0.6119746835443038, 0.6765063291139242, 0.6588101265822784], [0.5904303797468354, 0.613240506329114, 0.6435949367088608, 0.6600759493670886]], "class": 2}