{"image": "767eff9e-759a-11ee-9588-fcb3bc5cd112.jpg", "bboxes": [[0.1772658227848102, 0.6209746835443037, 0.21650632911392415, 0.6678101265822785], [0.13043037974683547, 0.6222405063291139, 0.18359493670886082, 0.6690759493670886]], "class": 2}