{"image": "767eff9e-759a-11ee-9588-fcb3bc5cd112.jpg", "bboxes": [[0.7122658227848102, 0.6229746835443037, 0.7515063291139241, 0.6698101265822785], [0.6654303797468355, 0.6242405063291139, 0.7185949367088608, 0.6710759493670886]], "class": 2}