{"image": "767eff9e-759a-11ee-9588-fcb3bc5cd112.jpg", "bboxes": [[0.45249367088607584, 0.6089746835443037, 0.49173417721518975, 0.6558101265822784], [0.4854050632911392, 0.6102405063291139, 0.5385696202531646, 0.6570759493670886]], "class": 2}