{"image": "767eff9e-759a-11ee-9588-fcb3bc5cd112.jpg", "bboxes": [[0.7884936708860759, 0.6499746835443038, 0.8277341772151898, 0.6968101265822784], [0.8214050632911392, 0.651240506329114, 0.8745696202531645, 0.6980759493670886]], "class": 2}