{"image": "767eff9e-759a-11ee-9588-fcb3bc5cd112.jpg", "bboxes": [[0.6402658227848103, 0.3031898734177216, 0.6795063291139242, 0.35002531645569623], [0.5934303797468354, 0.3019240506329114, 0.6465949367088608, 0.34875949367088604]], "class": 2}