{"image": "767eff9e-759a-11ee-9588-fcb3bc5cd112.jpg", "bboxes": [[0.4964936708860759, 0.33118987341772155, 0.5357341772151898, 0.3780253164556962], [0.5294050632911391, 0.3299240506329114, 0.5825696202531645, 0.37675949367088607]], "class": 2}