{"image": "767eff9e-759a-11ee-9588-fcb3bc5cd112.jpg", "bboxes": [[0.01826582278481021, 0.29518987341772157, 0.05750632911392415, 0.3420253164556962], [0.0, 0.29392405063291144, 0.024594936708860815, 0.34075949367088604]], "class": 2}