{"image": "767eff9e-759a-11ee-9588-fcb3bc5cd112.jpg", "bboxes": [[0.6072658227848102, 0.6499746835443038, 0.6465063291139241, 0.6968101265822784], [0.5604303797468354, 0.651240506329114, 0.6135949367088608, 0.6980759493670886]], "class": 2}