{"image": "767eff9e-759a-11ee-9588-fcb3bc5cd112.jpg", "bboxes": [[0.6242658227848102, 0.35518987341772157, 0.6635063291139242, 0.4020253164556962], [0.5774303797468354, 0.35392405063291144, 0.6305949367088608, 0.40075949367088604]], "class": 2}