{"image": "767eff9e-759a-11ee-9588-fcb3bc5cd112.jpg", "bboxes": [[0.6584936708860758, 0.33018987341772155, 0.6977341772151897, 0.3770253164556962], [0.6914050632911393, 0.3289240506329114, 0.7445696202531645, 0.37575949367088607]], "class": 2}