{"image": "767eff9e-759a-11ee-9588-fcb3bc5cd112.jpg", "bboxes": [[0.7354936708860759, 0.28718987341772156, 0.7747341772151898, 0.3340253164556962], [0.7684050632911392, 0.28592405063291143, 0.8215696202531646, 0.3327594936708861]], "class": 2}