{"image": "767eff9e-759a-11ee-9588-fcb3bc5cd112.jpg", "bboxes": [[0.9234936708860758, 0.6499746835443038, 0.9627341772151898, 0.6968101265822784], [0.9564050632911392, 0.651240506329114, 1.0, 0.6980759493670886]], "class": 2}