{"image": "784f5cd8-6b43-11ee-86ea-fcb3bc5cd112.jpg", "bboxes": [[0.7988536585365853, 0.5976585365853659, 0.9025121951219512, 0.6793658536585365], [0.7147073170731706, 0.6000975609756098, 0.8073902439024389, 0.6805853658536586], [0.5525121951219512, 0.5854634146341464, 0.633, 0.6647317073170732], [0.40495121951219515, 0.6391219512195122, 0.47080487804878046, 0.6903414634146342], [0.2976341463414634, 0.6744878048780487, 0.37202439024390255, 0.7318048780487805], [0.234219512195122, 0.515951219512195, 0.3232439024390244, 0.5976585365853659], [0.13665853658536595, 0.5086341463414634, 0.22934146341463418, 0.5915609756097562], [0.06836585365853659, 0.5769268292682928, 0.15617073170731716, 0.6574146341463415]], "class": 8}