{"image": "784f5cd8-6b43-11ee-86ea-fcb3bc5cd112.jpg", "bboxes": [[0.9537073170731706, 0.3054146341463414, 1.0, 0.3859024390243902], [0.7915121951219513, 0.32126829268292684, 0.872, 0.4005365853658536], [0.6439512195121951, 0.29565853658536584, 0.7098048780487805, 0.3468780487804878], [0.5366341463414634, 0.2541951219512195, 0.6110243902439025, 0.3115121951219512], [0.473219512195122, 0.3883414634146341, 0.5622439024390244, 0.47004878048780496], [0.3756585365853659, 0.39443902439024386, 0.4683414634146342, 0.4773658536585366], [0.3073658536585366, 0.3285853658536585, 0.39517073170731715, 0.4090731707317073]], "class": 7}