{"image": "784f5cd8-6b43-11ee-86ea-fcb3bc5cd112.jpg", "bboxes": [[0.9587073170731706, 0.29941463414634145, 1.0, 0.3799024390243902], [0.7965121951219513, 0.31526829268292683, 0.877, 0.3945365853658536], [0.6489512195121951, 0.28965853658536583, 0.7148048780487805, 0.3408780487804878], [0.5416341463414635, 0.2481951219512195, 0.6160243902439025, 0.3055121951219512], [0.478219512195122, 0.3823414634146341, 0.5672439024390244, 0.46404878048780496], [0.3806585365853659, 0.38843902439024386, 0.4733414634146342, 0.4713658536585366], [0.3123658536585366, 0.3225853658536585, 0.40017073170731715, 0.4030731707317073]], "class": 7}