{"image": "784f5cd8-6b43-11ee-86ea-fcb3bc5cd112.jpg", "bboxes": [[0.036195121951219544, 0.6541219512195122, 0.10204878048780486, 0.7053414634146342], [0.13497560975609746, 0.6894878048780488, 0.20936585365853655, 0.7468048780487805], [0.18375609756097555, 0.530951219512195, 0.27278048780487807, 0.6126585365853658], [0.2776585365853659, 0.5236341463414633, 0.37034146341463403, 0.6065609756097561], [0.3508292682926829, 0.5919268292682927, 0.43863414634146336, 0.6724146341463415]], "class": 5}