{"image": "784f5cd8-6b43-11ee-86ea-fcb3bc5cd112.jpg", "bboxes": [[0.0, 0.3236341463414634, 0.09714634146341472, 0.4053414634146341], [0.08860975609756105, 0.3224146341463414, 0.18129268292682943, 0.4029024390243902], [0.263, 0.3382682926829268, 0.34348780487804875, 0.41753658536585364], [0.42519512195121956, 0.3126585365853658, 0.49104878048780487, 0.3638780487804878], [0.5239756097560975, 0.27119512195121953, 0.5983658536585366, 0.32851219512195123], [0.5727560975609756, 0.4053414634146341, 0.6617804878048781, 0.4870487804878049], [0.6666585365853659, 0.4114390243902438, 0.759341463414634, 0.4943658536585366], [0.7398292682926828, 0.3455853658536585, 0.8276341463414634, 0.4260731707317073]], "class": 8}