{"image": "784f5cd8-6b43-11ee-86ea-fcb3bc5cd112.jpg", "bboxes": [[0.49585365853658525, 0.5816585365853659, 0.5995121951219512, 0.6633658536585366], [0.41170731707317054, 0.5840975609756098, 0.5043902439024389, 0.6645853658536586], [0.24951219512195122, 0.5694634146341464, 0.33, 0.6487317073170732], [0.10195121951219517, 0.6231219512195122, 0.16780487804878044, 0.6743414634146342], [0.0, 0.6584878048780488, 0.06902439024390253, 0.7158048780487805], [0.0, 0.499951219512195, 0.020243902439024394, 0.5816585365853659]], "class": 6}