{"image": "784f5cd8-6b43-11ee-86ea-fcb3bc5cd112.jpg", "bboxes": [[0.44648780487804884, 0.3546341463414634, 0.5501463414634147, 0.43634146341463415], [0.5416097560975611, 0.35341463414634144, 0.6342926829268294, 0.43390243902439024], [0.716, 0.3692682926829268, 0.7964878048780488, 0.4485365853658536], [0.8781951219512195, 0.3436585365853658, 0.9440487804878048, 0.3948780487804878], [0.9769756097560974, 0.3021951219512195, 1.0, 0.3595121951219512]], "class": 5}