{"image": "784f5cd8-6b43-11ee-86ea-fcb3bc5cd112.jpg", "bboxes": [[0.0, 0.3272682926829268, 0.07248780487804884, 0.40653658536585363], [0.15419512195121954, 0.30165853658536584, 0.22004878048780485, 0.3528780487804878], [0.25297560975609745, 0.2601951219512195, 0.32736585365853654, 0.3175121951219512], [0.30175609756097566, 0.3943414634146341, 0.39078048780487806, 0.47604878048780497], [0.39565853658536587, 0.40043902439024387, 0.488341463414634, 0.48336585365853657], [0.4688292682926829, 0.3345853658536585, 0.5566341463414635, 0.4150731707317073]], "class": 6}