{"image": "784f5cd8-6b43-11ee-86ea-fcb3bc5cd112.jpg", "bboxes": [[0.0, 0.6266585365853659, 0.022146341463414765, 0.7083658536585367], [0.013609756097561099, 0.6290975609756098, 0.10629268292682947, 0.7095853658536586], [0.18799999999999994, 0.6144634146341463, 0.2684878048780488, 0.6937317073170732], [0.3501951219512196, 0.6681219512195122, 0.4160487804878048, 0.7193414634146342], [0.4489756097560975, 0.7034878048780489, 0.5233658536585366, 0.7608048780487805], [0.4977560975609756, 0.544951219512195, 0.586780487804878, 0.6266585365853659], [0.5916585365853658, 0.5376341463414633, 0.6843414634146341, 0.6205609756097561], [0.6648292682926829, 0.6059268292682927, 0.7526341463414634, 0.6864146341463415]], "class": 8}