{"image": "784f5cd8-6b43-11ee-86ea-fcb3bc5cd112.jpg", "bboxes": [[0.8555121951219512, 0.5764634146341463, 0.936, 0.6557317073170732], [0.7079512195121952, 0.6301219512195122, 0.7738048780487804, 0.6813414634146342], [0.6006341463414634, 0.6654878048780488, 0.6750243902439025, 0.7228048780487806], [0.537219512195122, 0.506951219512195, 0.6262439024390244, 0.5886585365853658], [0.4396585365853659, 0.4996341463414634, 0.5323414634146342, 0.5825609756097562], [0.3713658536585366, 0.5679268292682926, 0.45917073170731715, 0.6484146341463415]], "class": 6}