{"image": "78dbdb2e-759a-11ee-9f23-fcb3bc5cd112.jpg", "bboxes": [[0.3883417721518988, 0.38707594936708856, 0.5022658227848104, 0.50226582278481], [0.2896075949367089, 0.4123924050632911, 0.3997341772151899, 0.49973417721518987], [0.0718860759493673, 0.47948101265822785, 0.14530379746835456, 0.5453037974683544]], "class": 3}