{"image": "78dbdb2e-759a-11ee-9f23-fcb3bc5cd112.jpg", "bboxes": [[0.38773417721518966, 0.5347341772151899, 0.5016582278481012, 0.6499240506329114], [0.4902658227848101, 0.53726582278481, 0.6003924050632912, 0.6246075949367089], [0.7446962025316455, 0.49169620253164553, 0.8181139240506328, 0.5575189873417721]], "class": 3}