{"image": "78dbdb2e-759a-11ee-9f23-fcb3bc5cd112.jpg", "bboxes": [[0.4573417721518988, 0.34907594936708863, 0.5712658227848103, 0.4642658227848101], [0.3586075949367089, 0.3743924050632911, 0.4687341772151899, 0.46173417721518994], [0.1408860759493673, 0.4414810126582279, 0.21430379746835457, 0.5073037974683545]], "class": 3}