{"image": "78dbdb2e-759a-11ee-9f23-fcb3bc5cd112.jpg", "bboxes": [[0.048696202531645416, 0.44748101265822793, 0.1221139240506327, 0.5133037974683545], [0.4980632911392405, 0.279126582278481, 0.6043924050632912, 0.38165822784810133]], "class": 2}