{"image": "78dbdb2e-759a-11ee-9f23-fcb3bc5cd112.jpg", "bboxes": [[0.8743417721518988, 0.4837341772151899, 0.9882658227848103, 0.5989240506329114], [0.7756075949367089, 0.4862658227848101, 0.8857341772151899, 0.5736075949367089], [0.5578860759493673, 0.44069620253164554, 0.6313037974683545, 0.5065189873417721], [0.07560759493670889, 0.5723417721518986, 0.1819367088607595, 0.674873417721519]], "class": 4}