{"image": "78dbdb2e-759a-11ee-9f23-fcb3bc5cd112.jpg", "bboxes": [[0.5017341772151896, 0.40107594936708857, 0.6156582278481012, 0.51626582278481], [0.6042658227848101, 0.4263924050632911, 0.714392405063291, 0.5137341772151899], [0.8586962025316455, 0.49348101265822786, 0.9321139240506326, 0.5593037974683545]], "class": 3}