{"image": "7b480cd7-759a-11ee-8d03-fcb3bc5cd112.jpg", "bboxes": [[0.07384810126582264, 0.845493670886076, 0.21815189873417717, 0.9986582278481014], [0.21055696202531637, 0.8492911392405063, 0.3396708860759493, 0.9746075949367089]], "class": 2}