{"image": "7b480cd7-759a-11ee-8d03-fcb3bc5cd112.jpg", "bboxes": [[0.5538354430379747, 0.0, 0.8053041626095421, 0.09534177215189876], [0.13484810126582283, 0.0, 0.2791518987341774, 0.14850632911392403], [0.013329113924050716, 0.019392405063291096, 0.14244303797468366, 0.14470886075949374]], "class": 3}