{"image": "7b480cd7-759a-11ee-8d03-fcb3bc5cd112.jpg", "bboxes": [[0.0, 0.891493670886076, 0.03215189873417712, 1.0], [0.02455696202531632, 0.8952911392405063, 0.15367088607594925, 1.0]], "class": 2}