{"image": "7b480cd7-759a-11ee-8d03-fcb3bc5cd112.jpg", "bboxes": [[0.6248354430379748, 0.0010000000000000009, 0.8763041626095421, 0.1273417721518988], [0.20584810126582284, 0.02734177215189859, 0.3501518987341774, 0.18050632911392406], [0.08432911392405072, 0.051392405063291124, 0.21344303797468364, 0.17670886075949377]], "class": 3}