{"image": "7b480cd7-759a-11ee-8d03-fcb3bc5cd112.jpg", "bboxes": [[0.9668481012658229, 0.0, 1.0, 0.14550632911392403], [0.8453291139240507, 0.016392405063291093, 0.9744430379746837, 0.14170886075949374]], "class": 2}