{"image": "7b480cd7-759a-11ee-8d03-fcb3bc5cd112.jpg", "bboxes": [[0.5968354430379748, 0.9426582278481012, 0.8483041626095421, 1.0], [0.17784810126582284, 0.889493670886076, 0.3221518987341774, 1.0], [0.05632911392405072, 0.8932911392405063, 0.18544303797468364, 1.0]], "class": 3}