{"image": "7b480cd7-759a-11ee-8d03-fcb3bc5cd112.jpg", "bboxes": [[0.23784810126582256, 0.872493670886076, 0.3821518987341772, 1.0], [0.3745569620253163, 0.8762911392405063, 0.5036708860759493, 1.0]], "class": 2}