{"image": "7b480cd7-759a-11ee-8d03-fcb3bc5cd112.jpg", "bboxes": [[0.9408481012658229, 0.005341772151898572, 1.0, 0.15850632911392404], [0.8193291139240507, 0.029392405063291105, 0.9484430379746837, 0.15470886075949375]], "class": 2}