{"image": "7b480cd7-759a-11ee-8d03-fcb3bc5cd112.jpg", "bboxes": [[0.0, 0.015392405063291092, 0.0846708860759493, 0.14070886075949374]], "class": 1}