{"image": "7b480cd7-759a-11ee-8d03-fcb3bc5cd112.jpg", "bboxes": [[0.0, 0.9106582278481012, 0.0861645569620253, 1.0], [0.36084810126582256, 0.857493670886076, 0.5051518987341772, 1.0], [0.4975569620253164, 0.8612911392405063, 0.6266708860759493, 0.9866075949367089]], "class": 3}