{"image": "7b480cd7-759a-11ee-8d03-fcb3bc5cd112.jpg", "bboxes": [[0.0, 0.868493670886076, 0.1241518987341772, 1.0], [0.1165569620253164, 0.8722911392405063, 0.24567088607594934, 0.9976075949367089]], "class": 2}