{"image": "7b480cd7-759a-11ee-8d03-fcb3bc5cd112.jpg", "bboxes": [[0.0, 0.9116582278481012, 0.1061645569620252, 1.0], [0.3808481012658226, 0.858493670886076, 0.5251518987341772, 1.0], [0.5175569620253164, 0.8622911392405063, 0.6466708860759494, 0.9876075949367089]], "class": 3}