{"image": "7b480cd7-759a-11ee-8d03-fcb3bc5cd112.jpg", "bboxes": [[0.042848101265822613, 0.897493670886076, 0.18715189873417715, 1.0], [0.17955696202531635, 0.9012911392405063, 0.3086708860759493, 1.0]], "class": 2}