{"image": "7b480cd7-759a-11ee-8d03-fcb3bc5cd112.jpg", "bboxes": [[0.8028354430379747, 0.0, 1.0, 0.08734177215189876], [0.38384810126582286, 0.0, 0.5281518987341773, 0.14050632911392402], [0.2623291139240507, 0.011392405063291089, 0.39144303797468366, 0.13670886075949373]], "class": 3}