{"image": "7bf615cb-6b43-11ee-bcc3-fcb3bc5cd112.jpg", "bboxes": [[0.9413658536585365, 0.4278644986449863, 1.0, 0.5338048780487805], [0.4303902439024389, 0.5313658536585366, 0.4986829268292681, 0.5996585365853659], [0.3620975609756097, 0.5350243902439025, 0.43160975609756086, 0.5984390243902439], [0.16819512195121933, 0.5789268292682928, 0.24868292682926812, 0.6435609756097561], [0.11941463414634154, 0.5752682926829269, 0.18404878048780485, 0.6301463414634147], [0.0, 0.6081951219512196, 0.042585365853658574, 0.6594146341463415]], "class": 6}