{"image": "7bf615cb-6b43-11ee-bcc3-fcb3bc5cd112.jpg", "bboxes": [[0.9581951219512194, 0.6199268292682927, 1.0, 0.6845609756097562], [0.9094146341463415, 0.6162682926829268, 0.9740487804878049, 0.6711463414634147], [0.7642926829268294, 0.6491951219512195, 0.8325853658536586, 0.7004146341463415], [0.5947804878048781, 0.663829268292683, 0.6399024390243904, 0.7028536585365854], [0.5362439024390244, 0.6662682926829269, 0.5874634146341464, 0.7040731707317074], [0.4374634146341464, 0.6491951219512195, 0.4862439024390245, 0.689439024390244], [0.4020975609756098, 0.6491951219512195, 0.4362439024390245, 0.6809024390243903]], "class": 7}