{"image": "7bf615cb-6b43-11ee-bcc3-fcb3bc5cd112.jpg", "bboxes": [[0.6163902439024389, 0.35934146341463413, 0.6846829268292681, 0.42763414634146335], [0.5480975609756097, 0.3605609756097561, 0.6176097560975609, 0.42397560975609755], [0.3541951219512193, 0.3154390243902439, 0.4346829268292681, 0.3800731707317073], [0.30541463414634157, 0.3288536585365853, 0.3700487804878048, 0.3837317073170731], [0.16029268292682936, 0.2995853658536585, 0.22858536585365857, 0.3508048780487804], [0.0, 0.2971463414634146, 0.03590243902439033, 0.336170731707317]], "class": 6}