{"image": "7bf615cb-6b43-11ee-bcc3-fcb3bc5cd112.jpg", "bboxes": [[0.4403170731707319, 0.4053414634146341, 0.5086097560975611, 0.47363414634146334], [0.5073902439024391, 0.4065609756097561, 0.5769024390243903, 0.46997560975609753], [0.6903170731707319, 0.3614390243902439, 0.7708048780487806, 0.4260731707317073], [0.7549512195121951, 0.3748536585365853, 0.8195853658536585, 0.4297317073170731], [0.8964146341463415, 0.3455853658536585, 0.9647073170731707, 0.39680487804878045]], "class": 5}