{"image": "7bf615cb-6b43-11ee-bcc3-fcb3bc5cd112.jpg", "bboxes": [[0.3473170731707319, 0.5383658536585367, 0.4156097560975611, 0.6066585365853658], [0.41439024390243917, 0.5420243902439025, 0.48390243902439034, 0.6054390243902439], [0.5973170731707318, 0.5859268292682926, 0.6778048780487806, 0.6505609756097561], [0.6619512195121952, 0.5822682926829268, 0.7265853658536585, 0.6371463414634146], [0.8034146341463414, 0.6151951219512195, 0.8717073170731706, 0.6664146341463415], [0.9960975609756096, 0.629829268292683, 1.0, 0.6688536585365854]], "class": 6}