{"image": "7bf615cb-6b43-11ee-bcc3-fcb3bc5cd112.jpg", "bboxes": [[0.9493658536585364, 0.4368644986449862, 1.0, 0.5428048780487804], [0.4383902439024389, 0.5403658536585367, 0.5066829268292681, 0.6086585365853658], [0.37009756097560964, 0.5440243902439025, 0.43960975609756087, 0.6074390243902439], [0.17619512195121934, 0.5879268292682926, 0.25668292682926813, 0.6525609756097561], [0.12741463414634155, 0.5842682926829268, 0.19204878048780483, 0.6391463414634146], [0.0, 0.6171951219512195, 0.050585365853658575, 0.6684146341463415]], "class": 6}