{"image": "7bf615cb-6b43-11ee-bcc3-fcb3bc5cd112.jpg", "bboxes": [[0.9241951219512193, 0.3694390243902439, 1.0, 0.4340731707317073], [0.8754146341463416, 0.3828536585365853, 0.9400487804878048, 0.4377317073170731], [0.7302926829268294, 0.3535853658536585, 0.7985853658536586, 0.40480487804878046], [0.5607804878048781, 0.3511463414634146, 0.6059024390243903, 0.390170731707317], [0.5022439024390244, 0.34992682926829266, 0.5534634146341464, 0.3877317073170731], [0.40346341463414637, 0.3645609756097561, 0.4522439024390245, 0.40480487804878046], [0.3680975609756098, 0.3730975609756097, 0.4022439024390245, 0.40480487804878046]], "class": 7}