{"image": "7bf615cb-6b43-11ee-bcc3-fcb3bc5cd112.jpg", "bboxes": [[0.0, 0.4058644986449863, 0.057634146341463466, 0.5118048780487805], [0.5003170731707318, 0.5093658536585366, 0.5686097560975611, 0.5776585365853659], [0.5673902439024392, 0.5130243902439025, 0.6369024390243903, 0.576439024390244], [0.7503170731707318, 0.5569268292682927, 0.8308048780487807, 0.6215609756097561], [0.8149512195121952, 0.5532682926829269, 0.8795853658536584, 0.6081463414634147], [0.9564146341463414, 0.5861951219512196, 1.0, 0.6374146341463415]], "class": 6}