{"image": "7bf615cb-6b43-11ee-bcc3-fcb3bc5cd112.jpg", "bboxes": [[0.7653902439024389, 0.4143414634146341, 0.8336829268292681, 0.48263414634146334], [0.6970975609756097, 0.4155609756097561, 0.7666097560975609, 0.47897560975609754], [0.5031951219512193, 0.3704390243902439, 0.5836829268292681, 0.4350731707317073], [0.45441463414634153, 0.3838536585365853, 0.5190487804878048, 0.4387317073170731], [0.3092926829268293, 0.3545853658536585, 0.3775853658536586, 0.40580487804878046], [0.13978048780487815, 0.3521463414634146, 0.18490243902439032, 0.391170731707317], [0.08124390243902439, 0.35092682926829266, 0.13246341463414638, 0.3887317073170731], [0.0, 0.3655609756097561, 0.031243902439024508, 0.40580487804878046]], "class": 8}