{"image": "7bf615cb-6b43-11ee-bcc3-fcb3bc5cd112.jpg", "bboxes": [[0.8633902439024389, 0.5153658536585366, 0.9316829268292681, 0.5836585365853659], [0.7950975609756097, 0.5190243902439025, 0.8646097560975609, 0.582439024390244], [0.6011951219512194, 0.5629268292682927, 0.6816829268292681, 0.6275609756097561], [0.5524146341463415, 0.5592682926829269, 0.6170487804878049, 0.6141463414634147], [0.40729268292682935, 0.5921951219512196, 0.47558536585365857, 0.6434146341463415], [0.23778048780487812, 0.606829268292683, 0.28290243902439033, 0.6458536585365854], [0.17924390243902438, 0.6092682926829269, 0.23046341463414638, 0.6470731707317073], [0.08046341463414637, 0.5921951219512196, 0.1292439024390245, 0.6324390243902439], [0.04509756097560978, 0.5921951219512196, 0.07924390243902452, 0.6239024390243904]], "class": 9}