{"image": "7d5ee743-759c-11ee-ba2e-fcb3bc5cd112.jpg", "bboxes": [[0.7440126582278481, 0.6965316455696202, 0.8224936708860758, 0.773746835443038], [0.8123670886075949, 0.7015949367088608, 0.8756582278481012, 0.7826075949367088], [0.2857848101265822, 0.5421012658227847, 0.3326202531645568, 0.5914683544303797], [0.3288227848101265, 0.5458987341772151, 0.37059493670886057, 0.585139240506329], [0.03894936708860741, 0.5079240506329116, 0.07186075949367066, 0.5484303797468355], [0.0, 0.5003291139240506, 0.03135443037974661, 0.534506329113924]], "class": 6}