{"image": "7d5ee743-759c-11ee-ba2e-fcb3bc5cd112.jpg", "bboxes": [[0.09944303797468346, 0.5305189873417722, 0.1437468354430378, 0.5836835443037974], [0.14121518987341752, 0.5279873417721519, 0.18805063291139235, 0.5811518987341772], [0.11083544303797455, 0.6659620253164557, 0.18805063291139235, 0.7545696202531645], [0.18172151898734157, 0.6634303797468355, 0.27412658227848075, 0.7558354430379747], [0.5867848101265822, 0.5571012658227847, 0.6336202531645567, 0.6064683544303797], [0.6298227848101264, 0.5608987341772151, 0.6715949367088606, 0.600139240506329], [0.33994936708860746, 0.5229240506329116, 0.3728607594936707, 0.5634303797468354], [0.29437974683544277, 0.5153291139240506, 0.33235443037974666, 0.549506329113924]], "class": 8}