{"image": "7d5ee743-759c-11ee-ba2e-fcb3bc5cd112.jpg", "bboxes": [[0.8182531645569623, 0.41331645569620257, 0.8625569620253166, 0.46648101265822783], [0.7739493670886077, 0.41584810126582283, 0.8207848101265824, 0.4690126582278481], [0.7739493670886077, 0.24243037974683546, 0.8511645569620254, 0.33103797468354434], [0.6878734177215192, 0.24116455696202532, 0.7802784810126584, 0.3335696202531645], [0.32837974683544324, 0.3905316455696203, 0.3752151898734178, 0.43989873417721526], [0.2904050632911394, 0.39686075949367094, 0.33217721518987353, 0.43610126582278486], [0.5891392405063293, 0.4335696202531646, 0.6220506329113925, 0.4740759493670885], [0.6296455696202533, 0.44749367088607594, 0.6676202531645572, 0.48167088607594943]], "class": 8}