{"image": "7d5ee743-759c-11ee-ba2e-fcb3bc5cd112.jpg", "bboxes": [[0.018506329113924153, 0.259253164556962, 0.09698734177215192, 0.3364683544303798], [0.0, 0.2503924050632911, 0.02863291139240516, 0.3314050632911393], [0.9982531645569622, 0.4643164556962025, 1.0, 0.5174810126582279], [0.9539493670886077, 0.4668481012658229, 1.0, 0.5200126582278481], [0.9539493670886077, 0.2934303797468355, 1.0, 0.3820379746835444], [0.8678734177215193, 0.29216455696202537, 0.9602784810126584, 0.38456962025316455], [0.5083797468354433, 0.4415316455696203, 0.5552151898734178, 0.4908987341772153], [0.4704050632911394, 0.4478607594936709, 0.5121772151898736, 0.4871012658227849], [0.7691392405063293, 0.4845696202531645, 0.8020506329113926, 0.5250759493670885], [0.8096455696202534, 0.498493670886076, 0.8476202531645572, 0.5326708860759495]], "class": 10}