{"image": "7d5ee743-759c-11ee-ba2e-fcb3bc5cd112.jpg", "bboxes": [[0.3380126582278481, 0.18025316455696205, 0.4164936708860758, 0.25746835443037985], [0.40636708860759485, 0.17139240506329112, 0.4696582278481012, 0.2524050632911393]], "class": 2}