{"image": "7d5ee743-759c-11ee-ba2e-fcb3bc5cd112.jpg", "bboxes": [[0.733012658227848, 0.22425316455696198, 0.8114936708860758, 0.3014683544303798], [0.8013670886075949, 0.21539240506329116, 0.8646582278481012, 0.29640506329113925], [0.2747848101265822, 0.4065316455696203, 0.3216202531645568, 0.45589873417721527], [0.3178227848101265, 0.41286075949367096, 0.35959493670886056, 0.45210126582278487], [0.027949367088607513, 0.4495696202531645, 0.060860759493670646, 0.4900759493670884], [0.0, 0.46349367088607596, 0.020354430379746602, 0.49767088607594945]], "class": 6}