{"image": "7d5ee743-759c-11ee-ba2e-fcb3bc5cd112.jpg", "bboxes": [[0.5145063291139241, 0.22825316455696198, 0.592987341772152, 0.3054683544303798], [0.4613417721518988, 0.21939240506329116, 0.5246329113924052, 0.30040506329113925], [0.9664050632911394, 0.41686075949367096, 1.0, 0.4561012658227849]], "class": 3}