{"image": "7d5ee743-759c-11ee-ba2e-fcb3bc5cd112.jpg", "bboxes": [[0.6295063291139241, 0.6915316455696202, 0.707987341772152, 0.768746835443038], [0.5763417721518987, 0.6965949367088607, 0.6396329113924052, 0.777607594936709]], "class": 2}