{"image": "7d5ee743-759c-11ee-ba2e-fcb3bc5cd112.jpg", "bboxes": [[0.04350632911392415, 0.6925316455696202, 0.12198734177215192, 0.769746835443038], [0.0, 0.6975949367088607, 0.05363291139240516, 0.778607594936709], [0.9789493670886077, 0.5089873417721519, 1.0, 0.5621518987341771], [0.9789493670886077, 0.6469620253164556, 1.0, 0.7355696202531645], [0.8928734177215192, 0.6444303797468355, 0.9852784810126584, 0.7368354430379747], [0.5333797468354432, 0.5381012658227847, 0.5802151898734178, 0.5874683544303797], [0.4954050632911394, 0.5418987341772151, 0.5371772151898736, 0.581139240506329], [0.7941392405063293, 0.5039240506329116, 0.8270506329113926, 0.5444303797468355], [0.8346455696202534, 0.4963291139240506, 0.8726202531645572, 0.530506329113924]], "class": 9}