{"image": "7d5ee743-759c-11ee-ba2e-fcb3bc5cd112.jpg", "bboxes": [[0.8250126582278481, 0.234253164556962, 0.9034936708860759, 0.3114683544303798], [0.8933670886075948, 0.22539240506329106, 0.9566582278481012, 0.30640506329113926], [0.0, 0.26716455696202535, 0.05412658227848077, 0.3595696202531645], [0.36678481012658226, 0.4165316455696203, 0.41362025316455675, 0.4658987341772153], [0.40982278481012646, 0.42286075949367086, 0.45159493670886064, 0.4621012658227849], [0.11994936708860748, 0.4595696202531645, 0.15286075949367073, 0.5000759493670885], [0.0743797468354428, 0.47349367088607597, 0.11235443037974668, 0.5076708860759493]], "class": 7}