{"image": "7d5ee743-759c-11ee-ba2e-fcb3bc5cd112.jpg", "bboxes": [[0.8322531645569623, 0.4213164556962026, 0.8765569620253166, 0.47448101265822784], [0.7879493670886076, 0.42384810126582284, 0.8347848101265825, 0.4770126582278481], [0.7879493670886076, 0.25043037974683546, 0.8651645569620254, 0.33903797468354435], [0.7018734177215192, 0.24916455696202533, 0.7942784810126584, 0.3415696202531645], [0.34237974683544325, 0.3985316455696203, 0.3892151898734178, 0.44789873417721526], [0.3044050632911394, 0.40486075949367095, 0.34617721518987354, 0.44410126582278486], [0.6031392405063293, 0.4415696202531646, 0.6360506329113925, 0.4820759493670884], [0.6436455696202533, 0.45549367088607595, 0.6816202531645572, 0.48967088607594944]], "class": 8}