{"image": "7d5ee743-759c-11ee-ba2e-fcb3bc5cd112.jpg", "bboxes": [[0.08750632911392416, 0.21525316455696197, 0.1659873417721519, 0.2924683544303798], [0.03434177215189879, 0.20639240506329115, 0.09763291139240517, 0.28740506329113935], [0.9368734177215192, 0.24816455696202533, 1.0, 0.3405696202531645], [0.5773797468354432, 0.3975316455696203, 0.6242151898734177, 0.44689873417721526], [0.5394050632911395, 0.40386075949367095, 0.5811772151898735, 0.44310126582278486], [0.8381392405063293, 0.4405696202531646, 0.8710506329113925, 0.4810759493670884], [0.8786455696202533, 0.45449367088607595, 0.9166202531645572, 0.48867088607594944]], "class": 7}