{"image": "7d5ee743-759c-11ee-ba2e-fcb3bc5cd112.jpg", "bboxes": [[0.17501265822784806, 0.21025316455696197, 0.2534936708860759, 0.28746835443037977], [0.24336708860759482, 0.20139240506329115, 0.30665822784810115, 0.28240506329113935]], "class": 2}