{"image": "7db1acf0-759a-11ee-9d22-fcb3bc5cd112.jpg", "bboxes": [[0.22089873417721526, 0.7726582278481012, 0.3930506329113924, 0.9283544303797469], [0.04115189873417728, 0.76, 0.22722784810126587, 0.9334177215189873]], "class": 2}