{"image": "7db1acf0-759a-11ee-9d22-fcb3bc5cd112.jpg", "bboxes": [[0.45089873417721527, 0.8116582278481012, 0.6230506329113924, 0.9673544303797469], [0.2711518987341773, 0.799, 0.4572278481012659, 0.9724177215189873]], "class": 2}