{"image": "7db1acf0-759a-11ee-9d22-fcb3bc5cd112.jpg", "bboxes": [[0.4949493670886076, 0.7756582278481012, 0.6671012658227847, 0.9313544303797469], [0.6607721518987342, 0.763, 0.8468481012658227, 0.9364177215189873]], "class": 2}