{"image": "7db1acf0-759a-11ee-9d22-fcb3bc5cd112.jpg", "bboxes": [[0.0, 0.7976582278481013, 0.15905063291139243, 0.9533544303797469]], "class": 1}