{"image": "7db1acf0-759a-11ee-9d22-fcb3bc5cd112.jpg", "bboxes": [[0.2868987341772153, 0.06564556962025314, 0.4590506329113924, 0.22134177215189876], [0.10715189873417728, 0.06058227848101272, 0.29322784810126584, 0.23399999999999999]], "class": 2}