{"image": "7db1acf0-759a-11ee-9d22-fcb3bc5cd112.jpg", "bboxes": [[0.32089873417721526, 0.7756582278481012, 0.49305063291139245, 0.9313544303797469], [0.14115189873417727, 0.763, 0.3272278481012659, 0.9364177215189873]], "class": 2}