{"image": "7db1acf0-759a-11ee-9d22-fcb3bc5cd112.jpg", "bboxes": [[0.34294936708860757, 0.010645569620253093, 0.5151012658227847, 0.16634177215189883], [0.5087721518987341, 0.005582278481012781, 0.6948481012658227, 0.17900000000000005]], "class": 2}