{"image": "7db1acf0-759a-11ee-9d22-fcb3bc5cd112.jpg", "bboxes": [[0.0, 0.8456582278481012, 0.06505063291139243, 1.0]], "class": 1}