{"image": "7db1acf0-759a-11ee-9d22-fcb3bc5cd112.jpg", "bboxes": [[0.13589873417721526, 0.05064556962025313, 0.30805063291139245, 0.20634177215189875], [0.0, 0.045582278481012706, 0.14222784810126587, 0.21899999999999997]], "class": 2}