{"image": "7db1acf0-759a-11ee-9d22-fcb3bc5cd112.jpg", "bboxes": [[0.3919493670886076, 0.009645569620253092, 0.5641012658227847, 0.16534177215189882], [0.5577721518987342, 0.00458227848101278, 0.7438481012658227, 0.17800000000000005]], "class": 2}