{"image": "7db1acf0-759a-11ee-9d22-fcb3bc5cd112.jpg", "bboxes": [[0.28294936708860763, 0.8366582278481012, 0.45510126582278476, 0.9923544303797469], [0.4487721518987341, 0.824, 0.6348481012658227, 0.9974177215189872]], "class": 2}