{"image": "7db1acf0-759a-11ee-9d22-fcb3bc5cd112.jpg", "bboxes": [[0.006898734177215261, 0.7966582278481013, 0.17905063291139242, 0.9523544303797469], [0.0, 0.784, 0.013227848101265862, 0.9574177215189873]], "class": 2}