{"image": "7db1acf0-759a-11ee-9d22-fcb3bc5cd112.jpg", "bboxes": [[0.9759493670886076, 0.7996582278481013, 1.0, 0.9553544303797469]], "class": 1}