{"image": "7f8c45b7-6b43-11ee-b6f7-fcb3bc5cd112.jpg", "bboxes": [[0.6670487804878051, 0.557, 0.7280243902439023, 0.6118780487804878], [0.7255853658536584, 0.557, 0.786560975609756, 0.605780487804878], [0.9182682926829269, 0.5618780487804879, 0.9829024390243902, 0.605780487804878], [0.9829024390243902, 0.5484634146341464, 1.0, 0.5996829268292683], [0.8914390243902438, 0.5826097560975609, 0.936560975609756, 0.6167560975609756]], "class": 5}