{"image": "7f8c45b7-6b43-11ee-b6f7-fcb3bc5cd112.jpg", "bboxes": [[0.1569756097560977, 0.4261219512195122, 0.21795121951219493, 0.4809999999999999], [0.09843902439024396, 0.43221951219512195, 0.15941463414634155, 0.4809999999999999]], "class": 2}