{"image": "7f8c45b7-6b43-11ee-b6f7-fcb3bc5cd112.jpg", "bboxes": [[0.8909756097560977, 0.5170000000000001, 0.951951219512195, 0.5718780487804878], [0.832439024390244, 0.5170000000000001, 0.8934146341463416, 0.565780487804878], [0.6360975609756098, 0.5218780487804879, 0.7007317073170732, 0.565780487804878], [0.5775609756097562, 0.5084634146341463, 0.6360975609756098, 0.5596829268292682], [0.682439024390244, 0.542609756097561, 0.7275609756097562, 0.5767560975609756], [0.2909756097560976, 0.44260975609756104, 0.3397560975609756, 0.4950487804878049], [0.23609756097560977, 0.441390243902439, 0.2885365853658537, 0.4974878048780489]], "class": 7}