{"image": "7f8c45b7-6b43-11ee-b6f7-fcb3bc5cd112.jpg", "bboxes": [[0.8489756097560976, 0.5800000000000001, 0.9099512195121949, 0.6348780487804878], [0.7904390243902439, 0.5800000000000001, 0.8514146341463416, 0.628780487804878], [0.5940975609756097, 0.5848780487804879, 0.6587317073170732, 0.628780487804878], [0.5355609756097561, 0.5714634146341464, 0.5940975609756097, 0.6226829268292683], [0.6404390243902439, 0.6056097560975611, 0.6855609756097562, 0.6397560975609756], [0.2489756097560976, 0.505609756097561, 0.2977560975609756, 0.5580487804878048], [0.1940975609756098, 0.504390243902439, 0.24653658536585368, 0.5604878048780488]], "class": 7}