{"image": "7f8c45b7-6b43-11ee-b6f7-fcb3bc5cd112.jpg", "bboxes": [[0.2699756097560977, 0.553, 0.3309512195121949, 0.6078780487804878], [0.21143902439024395, 0.553, 0.27241463414634154, 0.601780487804878], [0.015097560975609782, 0.5578780487804879, 0.07973170731707319, 0.601780487804878], [0.0, 0.5444634146341464, 0.015097560975609782, 0.5956829268292683], [0.06143902439024396, 0.5786097560975609, 0.10656097560975615, 0.6127560975609756]], "class": 5}