{"image": "7f8c45b7-6b43-11ee-b6f7-fcb3bc5cd112.jpg", "bboxes": [[0.3419756097560977, 0.3671219512195122, 0.4029512195121949, 0.42199999999999993], [0.28343902439024393, 0.37321951219512195, 0.34441463414634155, 0.42199999999999993], [0.08709756097560978, 0.37321951219512195, 0.1517317073170732, 0.4171219512195121], [0.028560975609756154, 0.3793170731707317, 0.08709756097560978, 0.43053658536585365], [0.13343902439024397, 0.3622439024390244, 0.17856097560975615, 0.396390243902439]], "class": 5}