{"image": "7f8c45b7-6b43-11ee-b6f7-fcb3bc5cd112.jpg", "bboxes": [[0.7709756097560977, 0.514, 0.831951219512195, 0.5688780487804879], [0.712439024390244, 0.514, 0.7734146341463416, 0.5627804878048781], [0.5160975609756098, 0.5188780487804878, 0.5807317073170732, 0.5627804878048781], [0.45756097560975617, 0.5054634146341463, 0.5160975609756098, 0.5566829268292683], [0.562439024390244, 0.539609756097561, 0.6075609756097562, 0.5737560975609757], [0.17097560975609757, 0.43960975609756103, 0.2197560975609756, 0.49204878048780487], [0.11609756097560978, 0.43839024390243897, 0.16853658536585367, 0.4944878048780489]], "class": 7}