{"image": "7f8c45b7-6b43-11ee-b6f7-fcb3bc5cd112.jpg", "bboxes": [[0.9699756097560976, 0.5780000000000001, 1.0, 0.6328780487804878], [0.9114390243902439, 0.5780000000000001, 0.9724146341463415, 0.626780487804878], [0.7150975609756098, 0.5828780487804879, 0.7797317073170732, 0.626780487804878], [0.6565609756097561, 0.5694634146341464, 0.7150975609756098, 0.6206829268292683], [0.7614390243902439, 0.6036097560975611, 0.8065609756097561, 0.6377560975609756], [0.36997560975609756, 0.503609756097561, 0.4187560975609756, 0.5560487804878048], [0.31509756097560976, 0.502390243902439, 0.3675365853658537, 0.5584878048780488]], "class": 7}