{"image": "7f8c45b7-6b43-11ee-b6f7-fcb3bc5cd112.jpg", "bboxes": [[0.3549756097560977, 0.54, 0.41595121951219494, 0.5948780487804878], [0.29643902439024394, 0.54, 0.35741463414634156, 0.5887804878048781], [0.10009756097560978, 0.5448780487804878, 0.16473170731707318, 0.5887804878048781], [0.041560975609756155, 0.5314634146341464, 0.10009756097560978, 0.5826829268292684], [0.14643902439024395, 0.565609756097561, 0.19156097560975616, 0.5997560975609756]], "class": 5}