{"image": "7f8c45b7-6b43-11ee-b6f7-fcb3bc5cd112.jpg", "bboxes": [[0.618048780487805, 0.4091219512195122, 0.6790243902439024, 0.46399999999999997], [0.6765853658536585, 0.41521951219512193, 0.7375609756097561, 0.46399999999999997], [0.8692682926829268, 0.41521951219512193, 0.9339024390243902, 0.45912195121951216], [0.9339024390243902, 0.4213170731707317, 0.9924390243902439, 0.47253658536585363], [0.8424390243902439, 0.4042439024390244, 0.887560975609756, 0.438390243902439]], "class": 5}