{"image": "801b8890-759a-11ee-adc0-fcb3bc5cd112.jpg", "bboxes": [[0.2635189873417722, 0.6151645569620252, 0.38756962025316455, 0.7809873417721519]], "class": 1}