{"image": "801b8890-759a-11ee-adc0-fcb3bc5cd112.jpg", "bboxes": [[0.9134303797468355, 0.6871645569620253, 1.0, 0.852987341772152]], "class": 1}