{"image": "801b8890-759a-11ee-adc0-fcb3bc5cd112.jpg", "bboxes": [[0.5585189873417722, 0.6841645569620253, 0.6825696202531646, 0.849987341772152]], "class": 1}