{"image": "801b8890-759a-11ee-adc0-fcb3bc5cd112.jpg", "bboxes": [[0.18851898734177222, 0.6131645569620252, 0.31256962025316454, 0.7789873417721519]], "class": 1}