{"image": "801b8890-759a-11ee-adc0-fcb3bc5cd112.jpg", "bboxes": [[0.10243037974683544, 0.14501265822784803, 0.22648101265822773, 0.3108354430379747]], "class": 1}