{"image": "801b8890-759a-11ee-adc0-fcb3bc5cd112.jpg", "bboxes": [[0.5445189873417722, 0.20101265822784808, 0.6685696202531646, 0.3668354430379748]], "class": 1}