{"image": "801b8890-759a-11ee-adc0-fcb3bc5cd112.jpg", "bboxes": [[0.15551898734177222, 0.16801265822784806, 0.27956962025316456, 0.33383544303797474]], "class": 1}