{"image": "801b8890-759a-11ee-adc0-fcb3bc5cd112.jpg", "bboxes": [[0.7925189873417723, 0.6731645569620253, 0.9165696202531646, 0.838987341772152]], "class": 1}