{"image": "801b8890-759a-11ee-adc0-fcb3bc5cd112.jpg", "bboxes": [[0.6884303797468354, 0.2050126582278481, 0.8124810126582278, 0.3708354430379748]], "class": 1}