{"image": "801b8890-759a-11ee-adc0-fcb3bc5cd112.jpg", "bboxes": [[0.12643037974683546, 0.6721645569620253, 0.25048101265822775, 0.837987341772152]], "class": 1}