{"image": "801b8890-759a-11ee-adc0-fcb3bc5cd112.jpg", "bboxes": [[0.17151898734177223, 0.6811645569620253, 0.2955696202531645, 0.846987341772152]], "class": 1}