{"image": "801b8890-759a-11ee-adc0-fcb3bc5cd112.jpg", "bboxes": [[0.6395189873417723, 0.14301265822784803, 0.7635696202531645, 0.3088354430379747]], "class": 1}