{"image": "8074a2ef-6b42-11ee-8f2f-fcb3bc5cd112.jpg", "bboxes": [[0.6509756097560977, 0.4878536585365855, 0.788780487804878, 0.6341951219512195]], "class": 1}