{"image": "8074a2ef-6b42-11ee-8f2f-fcb3bc5cd112.jpg", "bboxes": [[0.34321951219512203, 0.5218536585365855, 0.4810243902439023, 0.6681951219512196]], "class": 1}