{"image": "8074a2ef-6b42-11ee-8f2f-fcb3bc5cd112.jpg", "bboxes": [[0.4249756097560977, 0.3678048780487805, 0.562780487804878, 0.5141463414634144]], "class": 1}