{"image": "8074a2ef-6b42-11ee-8f2f-fcb3bc5cd112.jpg", "bboxes": [[0.8279756097560977, 0.32080487804878044, 0.965780487804878, 0.4671463414634145]], "class": 1}