{"image": "8074a2ef-6b42-11ee-8f2f-fcb3bc5cd112.jpg", "bboxes": [[0.6549756097560977, 0.5458536585365855, 0.792780487804878, 0.6921951219512196]], "class": 1}