{"image": "8074a2ef-6b42-11ee-8f2f-fcb3bc5cd112.jpg", "bboxes": [[0.11521951219512194, 0.5468536585365855, 0.25302439024390233, 0.6931951219512196]], "class": 1}