{"image": "8074a2ef-6b42-11ee-8f2f-fcb3bc5cd112.jpg", "bboxes": [[0.328219512195122, 0.5298536585365855, 0.4660243902439023, 0.6761951219512196]], "class": 1}