{"image": "8074a2ef-6b42-11ee-8f2f-fcb3bc5cd112.jpg", "bboxes": [[0.3429756097560977, 0.5078536585365855, 0.48078048780487803, 0.6541951219512195]], "class": 1}