{"image": "8074a2ef-6b42-11ee-8f2f-fcb3bc5cd112.jpg", "bboxes": [[0.5029756097560977, 0.3728048780487805, 0.6407804878048781, 0.5191463414634145]], "class": 1}