{"image": "8074a2ef-6b42-11ee-8f2f-fcb3bc5cd112.jpg", "bboxes": [[0.5902195121951219, 0.34780487804878046, 0.7280243902439023, 0.4941463414634145]], "class": 1}