{"image": "80971ce1-759c-11ee-acc6-fcb3bc5cd112.jpg", "bboxes": [[0.9530253164556964, 0.35037974683544304, 1.0, 0.409873417721519], [0.8922658227848104, 0.3516455696202532, 0.9428987341772154, 0.4060759493670886], [0.5922658227848102, 0.4339240506329113, 0.6530253164556964, 0.489620253164557], [0.5378354430379747, 0.43265822784810126, 0.601126582278481, 0.49848101265822786]], "class": 4}