{"image": "80971ce1-759c-11ee-acc6-fcb3bc5cd112.jpg", "bboxes": [[0.22997468354430362, 0.560379746835443, 0.2907341772151898, 0.6160759493670886], [0.28187341772151897, 0.5515189873417721, 0.3451645569620252, 0.6173417721518988]], "class": 2}