{"image": "80971ce1-759c-11ee-acc6-fcb3bc5cd112.jpg", "bboxes": [[0.134253164556962, 0.5406455696202531, 0.22159493670886055, 0.609], [0.4899493670886075, 0.33937974683544303, 0.5519746835443036, 0.39887341772151896], [0.5621012658227846, 0.34064556962025316, 0.6127341772151897, 0.39507594936708856], [0.8519746835443036, 0.42292405063291133, 0.9127341772151898, 0.478620253164557], [0.903873417721519, 0.42165822784810125, 0.9671645569620253, 0.4874810126582279]], "class": 5}