{"image": "80971ce1-759c-11ee-acc6-fcb3bc5cd112.jpg", "bboxes": [[0.7430253164556964, 0.30437974683544305, 0.8050506329113926, 0.363873417721519], [0.6822658227848103, 0.3056455696202532, 0.7328987341772154, 0.3600759493670886], [0.3822658227848102, 0.3879240506329113, 0.44302531645569637, 0.44362025316455694], [0.32783544303797474, 0.3866582278481013, 0.391126582278481, 0.4524810126582279]], "class": 4}