{"image": "80971ce1-759c-11ee-acc6-fcb3bc5cd112.jpg", "bboxes": [[0.21294936708860746, 0.644126582278481, 0.27497468354430366, 0.703620253164557], [0.2851012658227846, 0.6479240506329114, 0.3357341772151897, 0.7023544303797469], [0.5749746835443036, 0.564379746835443, 0.6357341772151898, 0.6200759493670887], [0.6268734177215189, 0.5555189873417721, 0.6901645569620252, 0.6213417721518988]], "class": 4}