{"image": "80971ce1-759c-11ee-acc6-fcb3bc5cd112.jpg", "bboxes": [[0.12697468354430363, 0.568379746835443, 0.1877341772151898, 0.6240759493670887], [0.178873417721519, 0.5595189873417721, 0.2421645569620252, 0.6253417721518988]], "class": 2}