{"image": "80971ce1-759c-11ee-acc6-fcb3bc5cd112.jpg", "bboxes": [[0.1639493670886074, 0.584126582278481, 0.2259746835443036, 0.643620253164557], [0.23610126582278468, 0.5879240506329114, 0.2867341772151897, 0.6423544303797468], [0.5259746835443035, 0.504379746835443, 0.5867341772151897, 0.5600759493670887], [0.577873417721519, 0.49551898734177213, 0.6411645569620252, 0.5613417721518987]], "class": 4}