{"image": "823f011b-759c-11ee-8689-fcb3bc5cd112.jpg", "bboxes": [[0.9415443037974685, 0.6199240506329113, 0.9858481012658228, 0.6654936708860759], [0.8896455696202533, 0.6148607594936709, 0.9428101265822786, 0.6654936708860759], [0.7757215189873419, 0.6604303797468354, 0.8162278481012659, 0.6984050632911392], [0.7402784810126584, 0.666759493670886, 0.7795189873417724, 0.6996708860759494], [0.6200253164556964, 0.6616962025316455, 0.6516708860759495, 0.7009367088607594], [0.5959746835443038, 0.6616962025316455, 0.6187594936708863, 0.6996708860759494], [0.24279166666666674, 0.6877708333333333, 0.26675, 0.7169375], [0.223, 0.6867291666666666, 0.24279166666666674, 0.7179791666666666], [0.4605, 0.7075625, 0.4855, 0.7377708333333333], [0.4365416666666667, 0.7096458333333333, 0.46258333333333324, 0.7419375]], "class": 10}