{"image": "823f011b-759c-11ee-8689-fcb3bc5cd112.jpg", "bboxes": [[0.9177215189873418, 0.33059493670886075, 0.9582278481012658, 0.36856962025316453], [0.8822784810126584, 0.3293291139240506, 0.9215189873417724, 0.3622405063291139], [0.7620253164556964, 0.3280632911392405, 0.7936708860759495, 0.36730379746835445], [0.7379746835443038, 0.3293291139240506, 0.7607594936708862, 0.36730379746835445], [0.38479166666666675, 0.3120625, 0.40875, 0.3412291666666667], [0.365, 0.31102083333333336, 0.38479166666666675, 0.3422708333333333], [0.6025, 0.2912291666666667, 0.6275, 0.3214375], [0.5785416666666667, 0.2870625, 0.6045833333333333, 0.3193541666666667]], "class": 8}