{"image": "823f011b-759c-11ee-8689-fcb3bc5cd112.jpg", "bboxes": [[0.7417916666666667, 0.3040625, 0.76575, 0.3332291666666667], [0.722, 0.30302083333333335, 0.7417916666666667, 0.3342708333333333], [0.9595, 0.2832291666666667, 0.9845, 0.3134375], [0.9355416666666667, 0.2790625, 0.9615833333333332, 0.31135416666666677]], "class": 4}