{"image": "823f011b-759c-11ee-8689-fcb3bc5cd112.jpg", "bboxes": [[0.7955443037974685, 0.6319240506329113, 0.8398481012658229, 0.6774936708860759], [0.7436455696202533, 0.6268607594936709, 0.7968101265822786, 0.6774936708860759], [0.6297215189873419, 0.6724303797468354, 0.6702278481012659, 0.7104050632911392], [0.5942784810126585, 0.6787594936708861, 0.6335189873417724, 0.7116708860759494], [0.4740253164556964, 0.6736962025316455, 0.5056708860759496, 0.7129367088607594], [0.44997468354430387, 0.6736962025316455, 0.47275949367088627, 0.7116708860759494], [0.09679166666666675, 0.6997708333333333, 0.12075, 0.7289375], [0.077, 0.6987291666666666, 0.09679166666666675, 0.7299791666666666], [0.3145, 0.7195625, 0.3395, 0.7497708333333333], [0.29054166666666675, 0.7216458333333333, 0.31658333333333327, 0.7539375]], "class": 10}