{"image": "823f011b-759c-11ee-8689-fcb3bc5cd112.jpg", "bboxes": [[0.9247215189873418, 0.6264303797468355, 0.9652278481012658, 0.6644050632911392], [0.8892784810126584, 0.632759493670886, 0.9285189873417723, 0.6656708860759494], [0.7690253164556964, 0.6276962025316455, 0.8006708860759495, 0.6669367088607595], [0.7449746835443039, 0.6276962025316455, 0.7677594936708863, 0.6656708860759494], [0.39179166666666676, 0.6537708333333333, 0.41575, 0.6829375], [0.372, 0.6527291666666667, 0.39179166666666676, 0.6839791666666666], [0.6095, 0.6735625000000001, 0.6345, 0.7037708333333332], [0.5855416666666667, 0.6756458333333333, 0.6115833333333333, 0.7079375]], "class": 8}