{"image": "823f011b-759c-11ee-8689-fcb3bc5cd112.jpg", "bboxes": [[0.0, 0.5888607594936709, 0.020354430379746602, 0.6394936708860759], [0.09377215189873411, 0.6344303797468355, 0.13427848101265816, 0.6724050632911392], [0.13048101265822765, 0.640759493670886, 0.16972151898734156, 0.6736708860759494], [0.25832911392405045, 0.6356962025316455, 0.28997468354430367, 0.6749367088607595], [0.2912405063291137, 0.6356962025316455, 0.3140253164556962, 0.6736708860759494], [0.64325, 0.6617708333333333, 0.6672083333333332, 0.6909375], [0.6672083333333332, 0.6607291666666667, 0.687, 0.6919791666666666], [0.4245, 0.6815625000000001, 0.4495, 0.7117708333333332], [0.4474166666666668, 0.6836458333333333, 0.4734583333333332, 0.7159375]], "class": 9}