{"image": "823f011b-759c-11ee-8689-fcb3bc5cd112.jpg", "bboxes": [[0.9516455696202534, 0.30950632911392406, 1.0, 0.36013924050632906], [0.8377215189873418, 0.27659493670886076, 0.8782278481012659, 0.31456962025316454], [0.8022784810126584, 0.27532911392405063, 0.8415189873417723, 0.30824050632911393], [0.6820253164556964, 0.2740632911392405, 0.7136708860759495, 0.31330379746835446], [0.6579746835443039, 0.27532911392405063, 0.6807594936708863, 0.31330379746835446], [0.30479166666666674, 0.2580625, 0.32875, 0.2872291666666667], [0.285, 0.25702083333333337, 0.30479166666666674, 0.2882708333333333], [0.5225, 0.23722916666666669, 0.5475, 0.2674375], [0.4985416666666667, 0.2330625, 0.5245833333333333, 0.2653541666666667]], "class": 9}