{"image": "823f011b-759c-11ee-8689-fcb3bc5cd112.jpg", "bboxes": [[0.017151898734177218, 0.34050632911392403, 0.06145569620253155, 0.38607594936708856], [0.06018987341772142, 0.34050632911392403, 0.11335443037974668, 0.3911392405063291], [0.18677215189873408, 0.30759493670886073, 0.22727848101265813, 0.34556962025316457], [0.22348101265822762, 0.3063291139240506, 0.26272151898734164, 0.33924050632911396], [0.35132911392405053, 0.3050632911392405, 0.38297468354430364, 0.34430379746835443], [0.38424050632911366, 0.3063291139240506, 0.4070253164556962, 0.34430379746835443], [0.7362500000000001, 0.2890625, 0.7602083333333333, 0.3182291666666667], [0.7602083333333333, 0.2880208333333334, 0.78, 0.31927083333333334], [0.5175000000000001, 0.2682291666666667, 0.5425, 0.2984375], [0.5404166666666668, 0.2640625, 0.5664583333333333, 0.29635416666666675]], "class": 10}