{"image": "823f011b-759c-11ee-8689-fcb3bc5cd112.jpg", "bboxes": [[0.9570253164556963, 0.6806962025316455, 0.9886708860759496, 0.7199367088607596], [0.9329746835443038, 0.6806962025316455, 0.9557594936708863, 0.7186708860759494], [0.5797916666666667, 0.7067708333333333, 0.60375, 0.7359375], [0.56, 0.7057291666666667, 0.5797916666666667, 0.7369791666666666], [0.7975, 0.7265625, 0.8225, 0.7567708333333333], [0.7735416666666668, 0.7286458333333332, 0.7995833333333333, 0.7609375]], "class": 6}