{"image": "823f011b-759c-11ee-8689-fcb3bc5cd112.jpg", "bboxes": [[0.7785443037974685, 0.30850632911392406, 0.8228481012658229, 0.3540759493670886], [0.7266455696202534, 0.30850632911392406, 0.7798101265822786, 0.35913924050632906], [0.6127215189873418, 0.27559493670886076, 0.6532278481012659, 0.31356962025316454], [0.5772784810126584, 0.2743291139240506, 0.6165189873417724, 0.3072405063291139], [0.4570253164556964, 0.2730632911392405, 0.4886708860759495, 0.31230379746835446], [0.43297468354430385, 0.2743291139240506, 0.4557594936708863, 0.31230379746835446], [0.07979166666666675, 0.2570625, 0.10375, 0.2862291666666667], [0.06, 0.25602083333333336, 0.07979166666666675, 0.2872708333333333], [0.2975, 0.23622916666666668, 0.3225, 0.2664375], [0.27354166666666674, 0.2320625, 0.29958333333333326, 0.2643541666666667]], "class": 10}