{"image": "823f011b-759c-11ee-8689-fcb3bc5cd112.jpg", "bboxes": [[0.7807916666666668, 0.7217708333333333, 0.80475, 0.7509375], [0.761, 0.7207291666666666, 0.7807916666666668, 0.7519791666666666], [0.9985, 0.7415625, 1.0, 0.7717708333333333], [0.9745416666666668, 0.7436458333333333, 1.0, 0.7759375]], "class": 4}