{"image": "823f011b-759c-11ee-8689-fcb3bc5cd112.jpg", "bboxes": [[0.28625, 0.6787708333333333, 0.3102083333333333, 0.7079375], [0.3102083333333333, 0.6777291666666667, 0.32999999999999996, 0.7089791666666666], [0.0675, 0.6985625, 0.09250000000000003, 0.7287708333333334], [0.0904166666666667, 0.7006458333333332, 0.11645833333333322, 0.7329375]], "class": 4}