{"image": "823f011b-759c-11ee-8689-fcb3bc5cd112.jpg", "bboxes": [[0.7247916666666667, 0.2600625, 0.74875, 0.2892291666666667], [0.705, 0.25902083333333337, 0.7247916666666667, 0.2902708333333333], [0.9425, 0.2392291666666667, 0.9675, 0.2694375], [0.9185416666666667, 0.2350625, 0.9445833333333332, 0.2673541666666667]], "class": 4}