{"image": "828c8da1-759a-11ee-9efe-fcb3bc5cd112.jpg", "bboxes": [[0.36878481012658226, 0.1884683544303798, 0.4991645569620252, 0.3289746835443038], [0.48903797468354426, 0.180873417721519, 0.616886075949367, 0.31884810126582286], [0.17511392405063275, 0.4834050632911393, 0.2358734177215187, 0.5593544303797469], [0.23207594936708842, 0.5023924050632911, 0.30675949367088584, 0.5656835443037975]], "class": 4}