{"image": "828c8da1-759a-11ee-9efe-fcb3bc5cd112.jpg", "bboxes": [[0.4367848101265822, 0.18046835443037978, 0.5671645569620252, 0.3209746835443038], [0.5570379746835442, 0.17287341772151898, 0.6848860759493669, 0.31084810126582285], [0.2431139240506327, 0.4754050632911393, 0.30387341772151877, 0.5513544303797469], [0.3000759493670885, 0.4943924050632911, 0.3747594936708858, 0.5576835443037975]], "class": 4}