{"image": "828c8da1-759a-11ee-9efe-fcb3bc5cd112.jpg", "bboxes": [[0.5048354430379748, 0.22546835443037982, 0.6352151898734177, 0.36597468354430385], [0.38711392405063305, 0.21787341772151902, 0.5149620253164557, 0.3558481012658228], [0.7681265822784812, 0.5204050632911392, 0.8288860759493673, 0.5963544303797468], [0.6972405063291142, 0.5393924050632911, 0.7719240506329116, 0.6026835443037974]], "class": 4}