{"image": "828c8da1-759a-11ee-9efe-fcb3bc5cd112.jpg", "bboxes": [[0.0, 0.6511518987341771, 0.07888607594936692, 0.789126582278481]], "class": 1}