{"image": "828c8da1-759a-11ee-9efe-fcb3bc5cd112.jpg", "bboxes": [[0.07478481012658222, 0.6370253164556962, 0.2051645569620253, 0.7775316455696202], [0.19503797468354422, 0.6471518987341771, 0.3228860759493669, 0.785126582278481], [0.0, 0.4003164556962025, 0.012759493670885802, 0.4636075949367089]], "class": 3}