{"image": "828c8da1-759a-11ee-9efe-fcb3bc5cd112.jpg", "bboxes": [[0.9261139240506331, 0.189873417721519, 1.0, 0.32784810126582287]], "class": 1}