{"image": "828c8da1-759a-11ee-9efe-fcb3bc5cd112.jpg", "bboxes": [[0.7638354430379748, 0.6780253164556962, 0.8942151898734177, 0.8185316455696202], [0.6461139240506331, 0.6881518987341771, 0.7739620253164557, 0.826126582278481], [0.9562405063291142, 0.44131645569620254, 1.0, 0.5046075949367089]], "class": 3}