{"image": "8332f35c-6b43-11ee-9cf1-fcb3bc5cd112.jpg", "bboxes": [[0.9548780487804878, 0.10853658536585364, 1.0, 0.30731707317073165]], "class": 1}