{"image": "8332f35c-6b43-11ee-9cf1-fcb3bc5cd112.jpg", "bboxes": [[0.4858780487804878, 0.10253658536585364, 0.6688048780487804, 0.30131707317073164], [0.6602682926829269, 0.09765853658536583, 0.8578292682926829, 0.3000975609756098]], "class": 2}