{"image": "8332f35c-6b43-11ee-9cf1-fcb3bc5cd112.jpg", "bboxes": [[0.2428780487804878, 0.13253658536585367, 0.4258048780487804, 0.33131707317073167], [0.41726829268292687, 0.12765853658536586, 0.6148292682926828, 0.3300975609756098]], "class": 2}