{"image": "8332f35c-6b43-11ee-9cf1-fcb3bc5cd112.jpg", "bboxes": [[0.6078780487804878, 0.6626829268292683, 0.7908048780487804, 0.8614634146341463], [0.7822682926829267, 0.6639024390243902, 0.9798292682926828, 0.8663414634146341]], "class": 2}