{"image": "8332f35c-6b43-11ee-9cf1-fcb3bc5cd112.jpg", "bboxes": [[0.45587804878048777, 0.12253658536585366, 0.6388048780487805, 0.32131707317073166], [0.6302682926829268, 0.11765853658536585, 0.8278292682926829, 0.3200975609756098]], "class": 2}