{"image": "8332f35c-6b43-11ee-9cf1-fcb3bc5cd112.jpg", "bboxes": [[0.09887804878048778, 0.6916829268292684, 0.2818048780487804, 0.8904634146341464], [0.27326829268292685, 0.6929024390243902, 0.4708292682926829, 0.8953414634146342]], "class": 2}