{"image": "8332f35c-6b43-11ee-9cf1-fcb3bc5cd112.jpg", "bboxes": [[0.28819512195121955, 0.7286829268292684, 0.4711219512195122, 0.9274634146341464], [0.09917073170731715, 0.7299024390243902, 0.2967317073170732, 0.9323414634146342]], "class": 2}