{"image": "8332f35c-6b43-11ee-9cf1-fcb3bc5cd112.jpg", "bboxes": [[0.6228780487804878, 0.6656829268292683, 0.8058048780487804, 0.8644634146341463], [0.7972682926829269, 0.6669024390243902, 0.9948292682926828, 0.8693414634146341]], "class": 2}