{"image": "8332f35c-6b43-11ee-9cf1-fcb3bc5cd112.jpg", "bboxes": [[0.01619512195121956, 0.7156829268292684, 0.1991219512195122, 0.9144634146341464], [0.0, 0.7169024390243902, 0.024731707317073186, 0.9193414634146342]], "class": 2}