{"image": "8332f35c-6b43-11ee-9cf1-fcb3bc5cd112.jpg", "bboxes": [[0.46087804878048777, 0.13053658536585366, 0.6438048780487804, 0.32931707317073167], [0.6352682926829268, 0.12565853658536585, 0.8328292682926829, 0.3280975609756098]], "class": 2}