{"image": "8332f35c-6b43-11ee-9cf1-fcb3bc5cd112.jpg", "bboxes": [[0.31287804878048775, 0.08453658536585362, 0.4958048780487805, 0.2833170731707316], [0.4872682926829268, 0.07965853658536581, 0.6848292682926829, 0.2820975609756098]], "class": 2}