{"image": "8332f35c-6b43-11ee-9cf1-fcb3bc5cd112.jpg", "bboxes": [[0.044195121951219565, 0.13553658536585367, 0.2271219512195122, 0.33431707317073167], [0.0, 0.13065853658536586, 0.05273170731707319, 0.33309756097560983]], "class": 2}