{"image": "8332f35c-6b43-11ee-9cf1-fcb3bc5cd112.jpg", "bboxes": [[0.08987804878048777, 0.6906829268292684, 0.2728048780487804, 0.8894634146341464], [0.26426829268292684, 0.6919024390243902, 0.4618292682926829, 0.8943414634146342]], "class": 2}