{"image": "8332f35c-6b43-11ee-9cf1-fcb3bc5cd112.jpg", "bboxes": [[0.37619512195121957, 0.6526829268292683, 0.5591219512195122, 0.8514634146341463], [0.18717073170731716, 0.6539024390243903, 0.3847317073170732, 0.8563414634146341]], "class": 2}