{"image": "8332f35c-6b43-11ee-9cf1-fcb3bc5cd112.jpg", "bboxes": [[0.5688780487804879, 0.13853658536585367, 0.7518048780487805, 0.3373170731707317], [0.7432682926829268, 0.13365853658536586, 0.9408292682926829, 0.33609756097560983]], "class": 2}