{"image": "8332f35c-6b43-11ee-9cf1-fcb3bc5cd112.jpg", "bboxes": [[0.42187804878048785, 0.13553658536585367, 0.6048048780487805, 0.33431707317073167], [0.5962682926829268, 0.13065853658536586, 0.7938292682926829, 0.33309756097560983]], "class": 2}