{"image": "83d415cf-759c-11ee-a0e2-fcb3bc5cd112.jpg", "bboxes": [[0.29022784810126584, 0.6237341772151899, 0.3307341772151899, 0.6693037974683544], [0.24718987341772153, 0.6186708860759493, 0.29655696202531645, 0.6693037974683544], [0.9876962025316457, 0.3262658227848101, 1.0, 0.43765822784810127], [0.850987341772152, 0.3186708860759494, 0.9763037974683546, 0.43259493670886084], [0.9750379746835445, 0.6237341772151899, 1.0, 0.6756329113924051], [0.6965569620253166, 0.6591772151898734, 0.7383291139240508, 0.7072784810126582], [0.6674430379746836, 0.665506329113924, 0.6990886075949367, 0.7085443037974684], [0.4104810126582281, 0.6591772151898734, 0.45478481012658245, 0.7110759493670886], [0.3687088607594936, 0.6566455696202531, 0.4142784810126584, 0.7110759493670886], [0.03579746835443041, 0.654113924050633, 0.07124050632911394, 0.6920886075949368], [0.0016202531645569706, 0.6465189873417722, 0.039594936708860815, 0.6882911392405063], [0.6256708860759496, 0.7389240506329114, 0.6598481012658228, 0.7794303797468355]], "class": 12}