{"image": "83d415cf-759c-11ee-a0e2-fcb3bc5cd112.jpg", "bboxes": [[0.8482658227848101, 0.33269620253164556, 0.8887721518987342, 0.3782658227848101], [0.8824430379746835, 0.33269620253164556, 0.9318101265822785, 0.3833291139240506], [0.07105063291139235, 0.5643417721518987, 0.19130379746835435, 0.6757341772151899], [0.20269620253164544, 0.5694050632911392, 0.3280126582278481, 0.6833291139240506], [0.0925696202531644, 0.3238354430379746, 0.15712658227848075, 0.38459493670886075], [0.14446835443037953, 0.32636708860759495, 0.20396202531645558, 0.3782658227848101], [0.4406708860759493, 0.2947215189873418, 0.48244303797468346, 0.34282278481012657], [0.4799113924050632, 0.29345569620253165, 0.5115569620253164, 0.33649367088607596], [0.7242151898734175, 0.29092405063291144, 0.7685189873417719, 0.34282278481012657], [0.7647215189873415, 0.29092405063291144, 0.8102911392405063, 0.34535443037974684], [0.5191518987341772, 0.22256962025316454, 0.5533291139240505, 0.26307594936708856]], "class": 11}