{"image": "83d415cf-759c-11ee-a0e2-fcb3bc5cd112.jpg", "bboxes": [[0.20322784810126587, 0.5957341772151898, 0.2437341772151899, 0.6413037974683544], [0.1601898734177215, 0.5906708860759494, 0.20955696202531646, 0.6413037974683544], [0.9006962025316456, 0.29826582278481006, 1.0, 0.40965822784810135], [0.7639873417721519, 0.2906708860759494, 0.8893037974683545, 0.4045949367088608], [0.9348734177215192, 0.5894050632911392, 0.9994303797468356, 0.6501645569620254], [0.8880379746835445, 0.5957341772151898, 0.9475316455696204, 0.6476329113924051], [0.6095569620253166, 0.6311772151898735, 0.6513291139240507, 0.6792784810126582], [0.5804430379746837, 0.637506329113924, 0.6120886075949368, 0.6805443037974683], [0.3234810126582281, 0.6311772151898735, 0.36778481012658243, 0.6830759493670886], [0.28170886075949364, 0.6286455696202532, 0.3272784810126584, 0.6830759493670886], [0.5386708860759495, 0.7109240506329114, 0.5728481012658229, 0.7514303797468355]], "class": 11}