{"image": "83d415cf-759c-11ee-a0e2-fcb3bc5cd112.jpg", "bboxes": [[0.4912658227848101, 0.62073417721519, 0.5317721518987342, 0.6663037974683544], [0.5254430379746835, 0.6156708860759494, 0.5748101265822785, 0.6663037974683544], [0.0836708860759493, 0.6561772151898735, 0.12544303797468337, 0.7042784810126582], [0.12291139240506321, 0.662506329113924, 0.15455696202531632, 0.7055443037974684], [0.3672151898734175, 0.6561772151898735, 0.41151898734177184, 0.7080759493670885], [0.40772151898734155, 0.6536455696202532, 0.45329113924050635, 0.7080759493670885], [0.7507594936708861, 0.651113924050633, 0.7862025316455696, 0.6890886075949367], [0.7824050632911392, 0.6435189873417722, 0.820379746835443, 0.6852911392405063], [0.16215189873417712, 0.7359240506329114, 0.1963291139240505, 0.7764303797468355], [0.8710126582278481, 0.7068101265822784, 0.9051898734177215, 0.7384556962025316], [0.9431645569620253, 0.7093417721518988, 0.9672151898734177, 0.7397215189873418]], "class": 11}