{"image": "83d415cf-759c-11ee-a0e2-fcb3bc5cd112.jpg", "bboxes": [[0.64526582278481, 0.32969620253164555, 0.6857721518987341, 0.3752658227848101], [0.6794430379746835, 0.32969620253164555, 0.7288101265822785, 0.3803291139240506], [0.0, 0.5664050632911392, 0.12501265822784813, 0.6803291139240506], [0.0, 0.32336708860759494, 0.0009620253164555059, 0.3752658227848101], [0.23767088607594933, 0.2917215189873418, 0.2794430379746834, 0.33982278481012657], [0.27691139240506324, 0.29045569620253164, 0.30855696202531635, 0.33349367088607595], [0.5212151898734176, 0.28792405063291143, 0.5655189873417719, 0.33982278481012657], [0.5617215189873416, 0.28792405063291143, 0.6072911392405064, 0.34235443037974683], [0.904759493670886, 0.3069113924050632, 0.9402025316455696, 0.34488607594936704], [0.9364050632911392, 0.31070886075949367, 0.974379746835443, 0.35248101265822784], [0.31615189873417715, 0.21956962025316454, 0.35032911392405053, 0.2600759493670886]], "class": 11}