{"image": "83d415cf-759c-11ee-a0e2-fcb3bc5cd112.jpg", "bboxes": [[0.2112658227848101, 0.33069620253164556, 0.25177215189873414, 0.3762658227848101], [0.2454430379746836, 0.33069620253164556, 0.29481012658227845, 0.3813291139240506], [0.08721518987341759, 0.28892405063291143, 0.13151898734177192, 0.34082278481012657], [0.12772151898734163, 0.28892405063291143, 0.17329113924050632, 0.34335443037974683], [0.4707594936708861, 0.3079113924050632, 0.5062025316455696, 0.34588607594936704], [0.5024050632911392, 0.31170886075949367, 0.540379746835443, 0.35348101265822784], [0.5910126582278481, 0.2585443037974684, 0.6251898734177215, 0.29018987341772157], [0.6631645569620253, 0.2572784810126582, 0.6872151898734177, 0.28765822784810124]], "class": 8}