{"image": "83d415cf-759c-11ee-a0e2-fcb3bc5cd112.jpg", "bboxes": [[0.6962658227848101, 0.5597341772151899, 0.7367721518987341, 0.6053037974683544], [0.7304430379746836, 0.5546708860759494, 0.7798101265822786, 0.6053037974683544], [0.0, 0.26226582278481014, 0.03930379746835433, 0.3736582278481013], [0.05069620253164542, 0.25467088607594934, 0.17601265822784806, 0.3685949367088608], [0.0, 0.5534050632911393, 0.005126582278480729, 0.6141645569620253], [0.0, 0.5597341772151899, 0.05196202531645555, 0.611632911392405], [0.28867088607594926, 0.5951772151898734, 0.33044303797468344, 0.6432784810126582], [0.3279113924050632, 0.601506329113924, 0.3595569620253164, 0.6445443037974683], [0.5722151898734176, 0.5951772151898734, 0.6165189873417719, 0.6470759493670886], [0.6127215189873416, 0.5926455696202532, 0.6582911392405064, 0.6470759493670886], [0.9557594936708861, 0.590113924050633, 0.9912025316455696, 0.6280886075949368], [0.9874050632911392, 0.5825189873417722, 1.0, 0.6242911392405064], [0.3671518987341772, 0.6749240506329115, 0.40132911392405046, 0.7154303797468354]], "class": 13}