{"image": "83d415cf-759c-11ee-a0e2-fcb3bc5cd112.jpg", "bboxes": [[0.7952278481012659, 0.61873417721519, 0.8357341772151899, 0.6643037974683544], [0.7521898734177215, 0.6136708860759494, 0.8015569620253165, 0.6643037974683544], [0.9154810126582281, 0.6541772151898735, 0.9597848101265825, 0.7060759493670885], [0.8737088607594936, 0.6516455696202532, 0.9192784810126584, 0.7060759493670885], [0.5407974683544304, 0.649113924050633, 0.5762405063291139, 0.6870886075949367], [0.5066202531645569, 0.6415189873417722, 0.5445949367088608, 0.6832911392405063], [0.4218101265822785, 0.7048101265822784, 0.45598734177215194, 0.7364556962025316], [0.3597848101265823, 0.7073417721518988, 0.38383544303797473, 0.7377215189873418]], "class": 8}