{"image": "83d415cf-759c-11ee-a0e2-fcb3bc5cd112.jpg", "bboxes": [[0.17222784810126587, 0.33169620253164556, 0.2127341772151899, 0.3772658227848101], [0.1291898734177215, 0.33169620253164556, 0.17855696202531646, 0.3823291139240506], [0.8696962025316457, 0.5633417721518987, 0.9899493670886077, 0.6747341772151899], [0.732987341772152, 0.5684050632911392, 0.8583037974683546, 0.6823291139240506], [0.9038734177215192, 0.3228354430379746, 0.9684303797468355, 0.38359493670886075], [0.8570379746835445, 0.32536708860759495, 0.9165316455696204, 0.3772658227848101], [0.5785569620253166, 0.2937215189873418, 0.6203291139240508, 0.34182278481012657], [0.5494430379746836, 0.29245569620253165, 0.5810886075949367, 0.33549367088607596], [0.2924810126582281, 0.28992405063291143, 0.33678481012658246, 0.34182278481012657], [0.2507088607594936, 0.28992405063291143, 0.2962784810126584, 0.34435443037974683], [0.5076708860759495, 0.22156962025316454, 0.5418481012658228, 0.26207594936708856]], "class": 11}