{"image": "83d415cf-759c-11ee-a0e2-fcb3bc5cd112.jpg", "bboxes": [[0.4682278481012659, 0.32769620253164555, 0.5087341772151899, 0.3732658227848101], [0.4251898734177215, 0.32769620253164555, 0.47455696202531644, 0.3783291139240506], [0.8745569620253166, 0.2897215189873418, 0.9163291139240507, 0.33782278481012656], [0.8454430379746837, 0.28845569620253164, 0.8770886075949368, 0.33149367088607595], [0.5884810126582282, 0.28592405063291143, 0.6327848101265825, 0.33782278481012656], [0.5467088607594937, 0.28592405063291143, 0.5922784810126585, 0.34035443037974683], [0.21379746835443042, 0.3049113924050632, 0.24924050632911393, 0.34288607594936704], [0.17962025316455696, 0.30870886075949366, 0.21759493670886082, 0.35048101265822784], [0.8036708860759495, 0.21756962025316454, 0.8378481012658229, 0.2580759493670886], [0.09481012658227848, 0.2555443037974684, 0.12898734177215193, 0.28718987341772156], [0.032784810126582326, 0.2542784810126582, 0.056835443037974755, 0.28465822784810124]], "class": 11}