{"image": "83d415cf-759c-11ee-a0e2-fcb3bc5cd112.jpg", "bboxes": [[0.18326582278481007, 0.59273417721519, 0.22377215189873412, 0.6383037974683545], [0.21744303797468356, 0.5876708860759494, 0.26681012658227854, 0.6383037974683545], [0.05921518987341756, 0.6281772151898735, 0.1035189873417719, 0.6800759493670886], [0.0997215189873416, 0.6256455696202532, 0.1452911392405064, 0.6800759493670886], [0.4427594936708861, 0.6231139240506329, 0.4782025316455696, 0.6610886075949367], [0.4744050632911392, 0.6155189873417721, 0.512379746835443, 0.6572911392405063], [0.5630126582278481, 0.6788101265822784, 0.5971898734177215, 0.7104556962025317], [0.6351645569620252, 0.6813417721518987, 0.6592151898734177, 0.7117215189873418]], "class": 8}