{"image": "83d415cf-759c-11ee-a0e2-fcb3bc5cd112.jpg", "bboxes": [[0.0, 0.5977341772151898, 0.026734177215189902, 0.6433037974683544], [0.6836962025316456, 0.30026582278481007, 0.8039493670886076, 0.41165822784810135], [0.5469873417721519, 0.2926708860759494, 0.6723037974683546, 0.4065949367088608], [0.7178734177215192, 0.5914050632911392, 0.7824303797468356, 0.6521645569620254], [0.6710379746835444, 0.5977341772151898, 0.7305316455696205, 0.6496329113924051], [0.3925569620253166, 0.6331772151898734, 0.4343291139240507, 0.6812784810126582], [0.36344303797468364, 0.639506329113924, 0.3950886075949368, 0.6825443037974683], [0.10648101265822811, 0.6331772151898734, 0.15078481012658243, 0.6850759493670886], [0.06470886075949363, 0.6306455696202532, 0.1102784810126584, 0.6850759493670886], [0.3216708860759495, 0.7129240506329114, 0.35584810126582284, 0.7534303797468355]], "class": 10}