{"image": "83d415cf-759c-11ee-a0e2-fcb3bc5cd112.jpg", "bboxes": [[0.14422784810126588, 0.5597341772151899, 0.1847341772151899, 0.6053037974683544], [0.10118987341772151, 0.5546708860759494, 0.15055696202531646, 0.6053037974683544], [0.8416962025316457, 0.26226582278481014, 0.9619493670886077, 0.3736582278481013], [0.7049873417721519, 0.25467088607594934, 0.8303037974683546, 0.3685949367088608], [0.8758734177215192, 0.5534050632911393, 0.9404303797468355, 0.6141645569620253], [0.8290379746835445, 0.5597341772151899, 0.8885316455696204, 0.611632911392405], [0.5505569620253166, 0.5951772151898734, 0.5923291139240507, 0.6432784810126582], [0.5214430379746836, 0.601506329113924, 0.5530886075949367, 0.6445443037974683], [0.2644810126582281, 0.5951772151898734, 0.30878481012658243, 0.6470759493670886], [0.22270886075949364, 0.5926455696202532, 0.2682784810126584, 0.6470759493670886], [0.4796708860759495, 0.6749240506329115, 0.5138481012658228, 0.7154303797468354]], "class": 11}