{"image": "83d415cf-759c-11ee-a0e2-fcb3bc5cd112.jpg", "bboxes": [[0.13822784810126587, 0.31569620253164554, 0.17873417721518992, 0.3612658227848101], [0.09518987341772152, 0.31569620253164554, 0.14455696202531645, 0.3663291139240506], [0.8356962025316457, 0.5473417721518987, 0.9559493670886077, 0.6587341772151899], [0.6989873417721519, 0.5524050632911391, 0.8243037974683546, 0.6663291139240506], [0.8698734177215193, 0.30683544303797466, 0.9344303797468355, 0.36759493670886073], [0.8230379746835444, 0.30936708860759493, 0.8825316455696204, 0.3612658227848101], [0.5445569620253166, 0.27772151898734176, 0.5863291139240507, 0.32582278481012655], [0.5154430379746836, 0.2764556962025317, 0.5470886075949368, 0.31949367088607594], [0.2584810126582281, 0.2739240506329114, 0.3027848101265824, 0.32582278481012655], [0.21670886075949364, 0.2739240506329114, 0.2622784810126584, 0.3283544303797468], [0.47367088607594954, 0.20556962025316455, 0.5078481012658228, 0.24607594936708857]], "class": 11}