{"image": "85361037-759e-11ee-9865-fcb3bc5cd112.jpg", "bboxes": [[0.8279113924050635, 0.3378987341772152, 0.8633544303797469, 0.3746075949367088], [0.7924683544303797, 0.33536708860759495, 0.8329746835443038, 0.375873417721519], [0.7038607594936709, 0.41258227848101264, 0.7532278481012659, 0.4606835443037975], [0.664620253164557, 0.4087848101265823, 0.7114556962025317, 0.4606835443037975], [0.9848734177215193, 0.2923291139240506, 1.0, 0.3227088607594937], [0.9557594936708863, 0.286, 0.9874050632911394, 0.32524050632911394], [0.6076582278481013, 0.33283544303797463, 0.6367721518987343, 0.3720759493670886], [0.5861392405063292, 0.33156962025316455, 0.6114556962025317, 0.36701265822784807], [0.484873417721519, 0.33536708860759495, 0.5203164556962026, 0.36827848101265825], [0.4557594936708862, 0.33663291139240503, 0.4886708860759494, 0.36827848101265825], [0.7418354430379747, 0.29992405063291144, 0.7709493670886077, 0.32524050632911394], [0.5190506329113924, 0.29992405063291144, 0.544367088607595, 0.3227088607594937], [0.5570253164556963, 0.29486075949367085, 0.5823417721518988, 0.32144303797468354]], "class": 13}