{"image": "85361037-759e-11ee-9865-fcb3bc5cd112.jpg", "bboxes": [[0.9854810126582279, 0.0027215189873417422, 1.0, 0.18373417721518992], [0.9740886075949368, 0.6128481012658228, 1.0, 0.645759493670886], [0.9449746835443038, 0.6090506329113925, 0.9816835443037976, 0.644493670886076], [0.6399113924050635, 0.5963924050632912, 0.6753544303797469, 0.6331012658227848], [0.6044683544303797, 0.595126582278481, 0.6449746835443039, 0.6356329113924051], [0.5158607594936709, 0.5103164556962025, 0.5652278481012659, 0.5584177215189874], [0.476620253164557, 0.5103164556962025, 0.5234556962025317, 0.5622151898734178], [0.7968734177215192, 0.6482911392405063, 0.8209240506329115, 0.6786708860759494], [0.7677594936708863, 0.645759493670886, 0.7994050632911394, 0.685], [0.8943417721518988, 0.6508227848101266, 0.9209240506329115, 0.6824683544303798], [0.4196582278481013, 0.5989240506329114, 0.44877215189873426, 0.6381645569620253], [0.3981392405063292, 0.603987341772152, 0.4234556962025317, 0.6394303797468355], [0.296873417721519, 0.6027215189873418, 0.33231645569620255, 0.6356329113924051], [0.2677594936708862, 0.6027215189873418, 0.3006708860759494, 0.6343670886075949], [0.5538354430379746, 0.645759493670886, 0.5829493670886077, 0.6710759493670886], [0.3310506329113924, 0.6482911392405063, 0.356367088607595, 0.6710759493670886], [0.36902531645569625, 0.6495569620253165, 0.3943417721518988, 0.6761392405063291]], "class": 17}