{"image": "85361037-759e-11ee-9865-fcb3bc5cd112.jpg", "bboxes": [[0.0, 0.8402658227848101, 0.006518987341772142, 1.0], [0.0, 0.37824050632911393, 0.01791139240506323, 0.41115189873417723], [0.010316455696202431, 0.379506329113924, 0.04702531645569619, 0.4149493670886076], [0.31664556962025314, 0.3908987341772152, 0.35208860759493654, 0.42760759493670886], [0.3470253164556961, 0.38836708860759495, 0.3875316455696203, 0.428873417721519], [0.4267721518987342, 0.46558227848101263, 0.47613924050632905, 0.5136835443037975], [0.46854430379746825, 0.4617848101265823, 0.5153797468354431, 0.5136835443037975], [0.17107594936708848, 0.3453291139240506, 0.1951265822784808, 0.37570886075949367], [0.19259493670886063, 0.339, 0.22424050632911374, 0.37824050632911393], [0.0710759493670885, 0.34153164556962023, 0.09765822784810119, 0.37317721518987346], [0.5432278481012658, 0.3858354430379746, 0.5723417721518986, 0.4250759493670886], [0.5685443037974682, 0.38456962025316455, 0.5938607594936708, 0.42001265822784806], [0.6596835443037975, 0.38836708860759495, 0.695126582278481, 0.42127848101265825], [0.6913291139240506, 0.389632911392405, 0.7242405063291139, 0.42127848101265825], [0.4090506329113923, 0.35292405063291143, 0.4381645569620254, 0.37824050632911393], [0.6356329113924051, 0.35292405063291143, 0.6609493670886075, 0.37570886075949367], [0.5976582278481012, 0.34786075949367085, 0.6229746835443037, 0.37444303797468353]], "class": 17}