{"image": "85361037-759e-11ee-9865-fcb3bc5cd112.jpg", "bboxes": [[0.0, 0.6353924050632911, 0.026088607594936586, 0.6721012658227847], [0.021025316455696164, 0.634126582278481, 0.06153164556962032, 0.674632911392405], [0.10077215189873412, 0.5493164556962025, 0.1501392405063291, 0.5974177215189873], [0.1425443037974683, 0.5493164556962025, 0.189379746835443, 0.6012151898734177], [0.21722784810126572, 0.6379240506329114, 0.24634177215189867, 0.6771645569620254], [0.24254430379746827, 0.6429873417721519, 0.26786075949367083, 0.6784303797468354], [0.33368354430379743, 0.6417215189873418, 0.36912658227848105, 0.674632911392405], [0.36532911392405065, 0.6417215189873418, 0.3982405063291138, 0.673367088607595], [0.08305063291139236, 0.6847594936708861, 0.11216455696202532, 0.7100759493670885], [0.309632911392405, 0.6872911392405063, 0.33494936708860756, 0.7100759493670885], [0.27165822784810123, 0.6885569620253165, 0.2969746835443037, 0.7151392405063292]], "class": 11}