{"image": "85361037-759e-11ee-9865-fcb3bc5cd112.jpg", "bboxes": [[0.2616455696202531, 0.6113924050632912, 0.2970886075949365, 0.6481012658227848], [0.2920253164556962, 0.6101265822784809, 0.33253164556962034, 0.650632911392405], [0.37177215189873414, 0.5253164556962024, 0.4211392405063291, 0.5734177215189874], [0.4135443037974683, 0.5253164556962024, 0.460379746835443, 0.5772151898734177], [0.11607594936708843, 0.6632911392405063, 0.14012658227848074, 0.6936708860759494], [0.13759493670886058, 0.660759493670886, 0.1692405063291137, 0.7], [0.01607594936708845, 0.6658227848101266, 0.04265822784810125, 0.6974683544303797], [0.48822784810126574, 0.6139240506329114, 0.5173417721518987, 0.6531645569620254], [0.5135443037974683, 0.6189873417721519, 0.5388607594936707, 0.6544303797468354], [0.6046835443037974, 0.6177215189873417, 0.640126582278481, 0.650632911392405], [0.6363291139240506, 0.6177215189873417, 0.6692405063291138, 0.649367088607595], [0.35405063291139227, 0.660759493670886, 0.38316455696202534, 0.6860759493670886], [0.580632911392405, 0.6632911392405063, 0.6059493670886076, 0.6860759493670886], [0.5426582278481011, 0.6645569620253164, 0.5679746835443038, 0.6911392405063291]], "class": 14}