{"image": "85361037-759e-11ee-9865-fcb3bc5cd112.jpg", "bboxes": [[0.0, 0.7942658227848101, 0.006518987341772142, 0.9752784810126582], [0.0, 0.33224050632911395, 0.01791139240506323, 0.36515189873417725], [0.010316455696202431, 0.333506329113924, 0.04702531645569619, 0.3689493670886076], [0.31664556962025314, 0.3448987341772152, 0.35208860759493654, 0.3816075949367088], [0.3470253164556961, 0.34236708860759496, 0.3875316455696203, 0.382873417721519], [0.4267721518987342, 0.41958227848101265, 0.47613924050632905, 0.4676835443037975], [0.46854430379746825, 0.41578481012658225, 0.5153797468354431, 0.4676835443037975], [0.17107594936708848, 0.2993291139240506, 0.1951265822784808, 0.3297088607594937], [0.19259493670886063, 0.293, 0.22424050632911374, 0.33224050632911395], [0.0710759493670885, 0.29553164556962025, 0.09765822784810119, 0.3271772151898734], [0.5432278481012658, 0.33983544303797464, 0.5723417721518986, 0.3790759493670886], [0.5685443037974682, 0.33856962025316456, 0.5938607594936708, 0.37401265822784807], [0.6596835443037975, 0.34236708860759496, 0.695126582278481, 0.37527848101265826], [0.6913291139240506, 0.34363291139240504, 0.7242405063291139, 0.37527848101265826], [0.4090506329113923, 0.3069240506329114, 0.4381645569620254, 0.33224050632911395], [0.6356329113924051, 0.3069240506329114, 0.6609493670886075, 0.3297088607594937], [0.5976582278481012, 0.30186075949367086, 0.6229746835443037, 0.32844303797468355]], "class": 17}