{"image": "85361037-759e-11ee-9865-fcb3bc5cd112.jpg", "bboxes": [[0.0, 0.053721518987341677, 0.010518987341772146, 0.23473417721518985], [0.0, 0.6638481012658228, 0.021911392405063235, 0.6967594936708861], [0.014316455696202435, 0.6600506329113924, 0.05102531645569619, 0.6954936708860759], [0.32064556962025315, 0.6473924050632911, 0.35608860759493655, 0.6841012658227847], [0.3510253164556961, 0.646126582278481, 0.3915316455696203, 0.686632911392405], [0.4307721518987342, 0.5613164556962025, 0.48013924050632906, 0.6094177215189873], [0.47254430379746826, 0.5613164556962025, 0.5193797468354431, 0.6132151898734177], [0.17507594936708848, 0.6992911392405063, 0.1991265822784808, 0.7296708860759493], [0.19659493670886063, 0.6967594936708861, 0.22824050632911375, 0.736], [0.0750759493670885, 0.7018227848101266, 0.10165822784810119, 0.7334683544303797], [0.5472278481012658, 0.6499240506329114, 0.5763417721518986, 0.6891645569620253], [0.5725443037974682, 0.6549873417721519, 0.5978607594936708, 0.6904303797468354], [0.6636835443037975, 0.6537215189873418, 0.699126582278481, 0.686632911392405], [0.6953291139240506, 0.6537215189873418, 0.7282405063291137, 0.6853670886075949], [0.4130506329113923, 0.6967594936708861, 0.4421645569620254, 0.7220759493670885], [0.6396329113924051, 0.6992911392405063, 0.6649493670886075, 0.7220759493670885], [0.6016582278481012, 0.7005569620253165, 0.6269746835443037, 0.7271392405063292]], "class": 17}