{"image": "85361037-759e-11ee-9865-fcb3bc5cd112.jpg", "bboxes": [[0.9849746835443038, 0.5840506329113924, 1.0, 0.619493670886076], [0.6799113924050635, 0.5713924050632911, 0.7153544303797469, 0.6081012658227848], [0.6444683544303796, 0.570126582278481, 0.6849746835443038, 0.610632911392405], [0.5558607594936709, 0.4853164556962025, 0.6052278481012658, 0.5334177215189874], [0.516620253164557, 0.4853164556962025, 0.5634556962025318, 0.5372151898734177], [0.8368734177215192, 0.6232911392405063, 0.8609240506329116, 0.6536708860759495], [0.8077594936708863, 0.620759493670886, 0.8394050632911394, 0.6599999999999999], [0.9343417721518988, 0.6258227848101265, 0.9609240506329115, 0.6574683544303798], [0.45965822784810134, 0.5739240506329114, 0.48877215189873424, 0.6131645569620254], [0.4381392405063292, 0.5789873417721519, 0.46345569620253174, 0.6144303797468355], [0.33687341772151896, 0.5777215189873417, 0.37231645569620253, 0.610632911392405], [0.3077594936708862, 0.5777215189873417, 0.3406708860759494, 0.609367088607595], [0.5938354430379746, 0.620759493670886, 0.6229493670886077, 0.6460759493670886], [0.37105063291139245, 0.6232911392405063, 0.39636708860759495, 0.6460759493670886], [0.4090253164556963, 0.6245569620253164, 0.4343417721518988, 0.6511392405063292]], "class": 15}