{"image": "85361037-759e-11ee-9865-fcb3bc5cd112.jpg", "bboxes": [[0.011962025316455516, 0.0, 0.14107594936708845, 0.16160759493670884], [0.1309493670886075, 0.0, 0.27651898734177216, 0.1717341772151899], [0.0, 0.5603417721518987, 0.014493670886075782, 0.6097088607594937], [0.015759493670886027, 0.5514810126582279, 0.07145569620253145, 0.603379746835443], [0.21449367088607574, 0.6236329113924051, 0.2474050632911392, 0.6527468354430379], [0.24993670886075936, 0.6008481012658228, 0.28791139240506325, 0.6337594936708861], [0.28031645569620245, 0.5970506329113925, 0.3170253164556962, 0.632493670886076], [0.586645569620253, 0.5843924050632912, 0.6220886075949366, 0.6211012658227848], [0.6170253164556961, 0.583126582278481, 0.6575316455696203, 0.6236329113924051], [0.6967721518987342, 0.49831645569620253, 0.7461392405063291, 0.5464177215189874], [0.7385443037974683, 0.49831645569620253, 0.7853797468354431, 0.5502151898734178], [0.4410759493670885, 0.6362911392405063, 0.4651265822784808, 0.6666708860759494], [0.46259493670886054, 0.6337594936708861, 0.49424050632911376, 0.673], [0.3410759493670885, 0.6388227848101266, 0.3676582278481012, 0.6704683544303798], [0.8132278481012658, 0.5869240506329114, 0.8423417721518986, 0.6261645569620253], [0.8385443037974682, 0.591987341772152, 0.8638607594936708, 0.6274303797468355], [0.9296835443037975, 0.5907215189873418, 0.965126582278481, 0.6236329113924051], [0.9613291139240506, 0.5907215189873418, 0.9942405063291139, 0.6223670886075949], [0.6790506329113923, 0.6337594936708861, 0.7081645569620254, 0.6590759493670886], [0.9056329113924051, 0.6362911392405063, 0.9309493670886075, 0.6590759493670886], [0.8676582278481012, 0.6375569620253165, 0.8929746835443038, 0.6641392405063291]], "class": 21}