{"image": "85361037-759e-11ee-9865-fcb3bc5cd112.jpg", "bboxes": [[0.9639113924050634, 0.3388987341772152, 0.9993544303797469, 0.3756075949367088], [0.9284683544303797, 0.33636708860759496, 0.9689746835443038, 0.376873417721519], [0.8398607594936709, 0.41358227848101264, 0.8892278481012659, 0.4616835443037975], [0.800620253164557, 0.4097848101265823, 0.8474556962025317, 0.4616835443037975], [0.7436582278481013, 0.33383544303797463, 0.7727721518987343, 0.3730759493670886], [0.7221392405063292, 0.33256962025316456, 0.7474556962025317, 0.36801265822784807], [0.6208734177215189, 0.33636708860759496, 0.6563164556962026, 0.36927848101265826], [0.5917594936708862, 0.33763291139240503, 0.6246708860759494, 0.36927848101265826], [0.8778354430379747, 0.30092405063291144, 0.9069493670886077, 0.32624050632911394], [0.6550506329113924, 0.30092405063291144, 0.680367088607595, 0.3237088607594937], [0.6930253164556963, 0.29586075949367086, 0.7183417721518988, 0.32244303797468354]], "class": 11}