{"image": "85361037-759e-11ee-9865-fcb3bc5cd112.jpg", "bboxes": [[0.6919240506329115, 0.02625316455696214, 0.8210379746835444, 0.19460759493670887], [0.5564810126582279, 0.02372151898734176, 0.7020506329113926, 0.20473417721518994], [0.8185063291139243, 0.5933417721518988, 0.8704050632911394, 0.6427088607594937], [0.7615443037974685, 0.5844810126582278, 0.8172405063291139, 0.6363797468354431], [0.9172405063291139, 0.5996708860759494, 0.967873417721519, 0.6528354430379747], [0.5855949367088609, 0.656632911392405, 0.6185063291139242, 0.685746835443038], [0.5450886075949368, 0.6338481012658228, 0.5830632911392406, 0.666759493670886], [0.5159746835443039, 0.6300506329113924, 0.5526835443037976, 0.6654936708860759], [0.21091139240506346, 0.6173924050632912, 0.24635443037974689, 0.6541012658227847], [0.1754683544303797, 0.6161265822784809, 0.21597468354430385, 0.656632911392405], [0.0868607594936709, 0.5313164556962024, 0.13622784810126587, 0.5794177215189874], [0.047620253164556973, 0.5313164556962024, 0.09445569620253172, 0.5832151898734177], [0.3678734177215192, 0.6692911392405063, 0.3919240506329115, 0.6996708860759494], [0.3387594936708863, 0.666759493670886, 0.3704050632911394, 0.706], [0.4653417721518988, 0.6718227848101266, 0.49192405063291156, 0.7034683544303797], [0.0, 0.6199240506329113, 0.019772151898734252, 0.6591645569620254], [0.12483544303797464, 0.666759493670886, 0.15394936708860768, 0.6920759493670886]], "class": 17}