{"image": "855681b6-759c-11ee-9565-fcb3bc5cd112.jpg", "bboxes": [[0.04130379746835433, 0.2575443037974684, 0.09067088607594931, 0.31070886075949367], [0.24383544303797466, 0.274, 0.29320253164556964, 0.3360253164556962], [0.2881392405063291, 0.27146835443037975, 0.34763291139240504, 0.3322278481012658], [0.4387721518987341, 0.26767088607594935, 0.4818101265822784, 0.3208354430379746], [0.47927848101265813, 0.263873417721519, 0.5248481012658226, 0.3258987341772152], [0.7337088607594935, 0.2626075949367088, 0.7818101265822783, 0.3208354430379746], [0.5539620253164557, 0.24108860759493672, 0.5995316455696202, 0.30058227848101265], [0.7780126582278479, 0.2600759493670886, 0.8299113924050632, 0.3157721518987342]], "class": 8}