{"image": "855681b6-759c-11ee-9565-fcb3bc5cd112.jpg", "bboxes": [[0.6917215189873418, 0.5485189873417722, 0.7702025316455697, 0.6320632911392405], [0.6119746835443038, 0.5434556962025316, 0.6866582278481015, 0.6320632911392405], [0.3107088607594937, 0.4839620253164557, 0.41197468354430383, 0.5814303797468354], [0.1765316455696203, 0.48143037974683545, 0.28412658227848125, 0.596620253164557], [0.8170379746835444, 0.7016835443037974, 0.8664050632911394, 0.7599113924050633], [0.8929873417721519, 0.7320632911392405, 0.9296962025316456, 0.7801645569620252], [0.7448860759493673, 0.6928227848101265, 0.8056455696202534, 0.7523164556962025], [0.08032911392405072, 0.6902911392405063, 0.12969620253164565, 0.7434556962025316]], "class": 8}