{"image": "855681b6-759c-11ee-9565-fcb3bc5cd112.jpg", "bboxes": [[0.6847215189873418, 0.3829367088607595, 0.7632025316455697, 0.4664810126582279], [0.6049746835443038, 0.3829367088607595, 0.6796582278481015, 0.47154430379746837], [0.30370886075949377, 0.43356962025316453, 0.4049746835443038, 0.5310379746835442], [0.1695316455696203, 0.41837974683544304, 0.27712658227848125, 0.5335696202531646], [0.8100379746835444, 0.25508860759493673, 0.8594050632911394, 0.31331645569620253], [0.8859873417721519, 0.2348354430379747, 0.9226962025316456, 0.2829367088607595], [0.7378860759493673, 0.2626835443037975, 0.7986455696202533, 0.3221772151898734], [0.07332911392405071, 0.2715443037974684, 0.12269620253164566, 0.3247088607594937]], "class": 8}