{"image": "855681b6-759c-11ee-9565-fcb3bc5cd112.jpg", "bboxes": [[0.16579746835443032, 0.4199367088607595, 0.24427848101265814, 0.5034810126582279], [0.24934177215189857, 0.4199367088607595, 0.3240253164556962, 0.5085443037974684], [0.5240253164556962, 0.47056962025316457, 0.6252911392405063, 0.5680379746835442], [0.6518734177215187, 0.455379746835443, 0.7594683544303797, 0.5705696202531645], [0.06959493670886063, 0.2920886075949367, 0.1189620253164555, 0.3503164556962025], [0.0063037974683543, 0.2718354430379747, 0.043012658227848055, 0.3199367088607595], [0.1303544303797467, 0.29968354430379746, 0.19111392405063266, 0.35917721518987344], [0.8063037974683543, 0.3085443037974684, 0.8556708860759493, 0.3617088607594937]], "class": 8}