{"image": "855681b6-759c-11ee-9565-fcb3bc5cd112.jpg", "bboxes": [[0.0, 0.42196202531645577, 0.0382911392405062, 0.5194303797468355], [0.06487341772151878, 0.4194303797468355, 0.17246835443037967, 0.534620253164557], [0.21930379746835438, 0.6282911392405064, 0.26867088607594924, 0.6814556962025315], [0.4218354430379746, 0.6029746835443037, 0.4712025316455696, 0.665], [0.46613924050632904, 0.6067721518987341, 0.525632911392405, 0.6675316455696203], [0.6167721518987341, 0.6181645569620253, 0.6598101265822784, 0.6713291139240507], [0.6572784810126582, 0.6131012658227848, 0.7028481012658226, 0.675126582278481], [0.9117088607594935, 0.6181645569620253, 0.9598101265822784, 0.6763924050632912], [0.7319620253164556, 0.6384177215189873, 0.7775316455696202, 0.6979113924050633], [0.956012658227848, 0.6232278481012659, 1.0, 0.6789240506329114]], "class": 10}