{"image": "855681b6-759c-11ee-9565-fcb3bc5cd112.jpg", "bboxes": [[0.0030253164556961476, 0.4389620253164558, 0.10429113924050626, 0.5364303797468355], [0.13087341772151873, 0.4364303797468354, 0.23846835443037973, 0.551620253164557], [0.2853037974683543, 0.6452911392405063, 0.3346708860759493, 0.6984556962025317], [0.48783544303797466, 0.6199746835443039, 0.5372025316455695, 0.6819999999999999], [0.5321392405063291, 0.6237721518987343, 0.591632911392405, 0.6845316455696202], [0.6827721518987342, 0.6351645569620253, 0.7258101265822784, 0.6883291139240506], [0.7232784810126582, 0.6301012658227848, 0.7688481012658227, 0.692126582278481], [0.9777088607594935, 0.6351645569620253, 1.0, 0.6933924050632911], [0.7979620253164557, 0.6554177215189874, 0.8435316455696202, 0.7149113924050633]], "class": 9}