{"image": "855681b6-759c-11ee-9565-fcb3bc5cd112.jpg", "bboxes": [[0.30879746835443034, 0.4019367088607595, 0.38727848101265816, 0.4854810126582279], [0.3923417721518986, 0.4019367088607595, 0.4670253164556961, 0.4905443037974684], [0.6670253164556962, 0.45256962025316455, 0.7682911392405063, 0.5500379746835442], [0.7948734177215188, 0.437379746835443, 0.9024683544303796, 0.5525696202531646], [0.21259493670886054, 0.2740886075949367, 0.2619620253164555, 0.33231645569620255], [0.14930379746835432, 0.2538354430379747, 0.18601265822784807, 0.3019367088607595], [0.2733544303797466, 0.2816835443037975, 0.33411392405063267, 0.34117721518987343], [0.9493037974683544, 0.2905443037974684, 0.9986708860759493, 0.3437088607594937], [0.0, 0.366493670886076, 0.05436708860759476, 0.45404430379746824]], "class": 9}