{"image": "855681b6-759c-11ee-9565-fcb3bc5cd112.jpg", "bboxes": [[0.7117215189873418, 0.5555189873417721, 0.7902025316455698, 0.6390632911392404], [0.6319746835443039, 0.5504556962025315, 0.7066582278481014, 0.6390632911392404], [0.33070886075949374, 0.4909620253164557, 0.43197468354430385, 0.5884303797468354], [0.1965316455696203, 0.48843037974683545, 0.3041265822784812, 0.6036202531645569], [0.8370379746835445, 0.7086835443037975, 0.8864050632911394, 0.7669113924050632], [0.9129873417721519, 0.7390632911392405, 0.9496962025316457, 0.7871645569620254], [0.7648860759493673, 0.6998227848101266, 0.8256455696202534, 0.7593164556962025], [0.10032911392405072, 0.6972911392405063, 0.14969620253164567, 0.7504556962025316]], "class": 8}