{"image": "855681b6-759c-11ee-9565-fcb3bc5cd112.jpg", "bboxes": [[0.09579746835443026, 0.3579367088607595, 0.1742784810126582, 0.44148101265822787], [0.17934177215189862, 0.3579367088607595, 0.25402531645569615, 0.4465443037974684], [0.4540253164556961, 0.40856962025316457, 0.5552911392405062, 0.5060379746835443], [0.5818734177215188, 0.393379746835443, 0.6894683544303797, 0.5085696202531645], [0.0, 0.2300886075949367, 0.04896202531645555, 0.2883164556962025], [0.06035443037974664, 0.23768354430379748, 0.1211139240506327, 0.29717721518987344], [0.7363037974683544, 0.2465443037974684, 0.7856708860759493, 0.2997088607594937], [0.9388354430379746, 0.263, 0.9882025316455696, 0.3250253164556962], [0.9831392405063291, 0.26046835443037974, 1.0, 0.3212278481012658]], "class": 9}