{"image": "855681b6-759c-11ee-9565-fcb3bc5cd112.jpg", "bboxes": [[0.05202531645569619, 0.4939620253164557, 0.1532911392405063, 0.5914303797468354], [0.17987341772151877, 0.49143037974683546, 0.28746835443037966, 0.606620253164557], [0.33430379746835437, 0.7002911392405062, 0.38367088607594924, 0.7534556962025316], [0.5368354430379747, 0.6749746835443038, 0.5862025316455696, 0.737], [0.5811392405063291, 0.6787721518987342, 0.640632911392405, 0.7395316455696203], [0.7317721518987341, 0.6901645569620254, 0.7748101265822784, 0.7433291139240507], [0.7722784810126582, 0.6851012658227849, 0.8178481012658226, 0.7471265822784809], [0.8469620253164556, 0.7104177215189873, 0.8925316455696202, 0.7699113924050633]], "class": 8}