{"image": "855681b6-759c-11ee-9565-fcb3bc5cd112.jpg", "bboxes": [[0.0, 0.4279367088607595, 0.024025316455696166, 0.5165443037974684], [0.22402531645569612, 0.4785696202531645, 0.32529113924050623, 0.5760379746835442], [0.3518734177215188, 0.46337974683544303, 0.4594683544303797, 0.5785696202531645], [0.5063037974683544, 0.3165443037974684, 0.5556708860759493, 0.36970886075949366], [0.7088354430379746, 0.333, 0.7582025316455696, 0.3950253164556962], [0.7531392405063291, 0.33046835443037975, 0.812632911392405, 0.3912278481012658], [0.9037721518987342, 0.32667088607594935, 0.9468101265822784, 0.3798354430379746], [0.9442784810126582, 0.322873417721519, 0.9898481012658227, 0.3848987341772152]], "class": 8}