{"image": "855681b6-759c-11ee-9565-fcb3bc5cd112.jpg", "bboxes": [[0.023025316455696165, 0.47356962025316457, 0.12429113924050628, 0.5710379746835442], [0.15087341772151874, 0.458379746835443, 0.25846835443037974, 0.5735696202531645], [0.30530379746835434, 0.3115443037974684, 0.3546708860759493, 0.3647088607594937], [0.5078354430379746, 0.328, 0.5572025316455695, 0.3900253164556962], [0.552139240506329, 0.32546835443037975, 0.611632911392405, 0.3862278481012658], [0.7027721518987342, 0.32167088607594935, 0.7458101265822783, 0.37483544303797467], [0.7432784810126583, 0.317873417721519, 0.7888481012658226, 0.3798987341772152], [0.9977088607594935, 0.3166075949367088, 1.0, 0.37483544303797467], [0.8179620253164557, 0.2950886075949367, 0.8635316455696203, 0.3545822784810127]], "class": 9}