{"image": "855681b6-759c-11ee-9565-fcb3bc5cd112.jpg", "bboxes": [[0.9073291139240507, 0.6852911392405063, 0.9566962025316457, 0.7384556962025316], [0.7047974683544304, 0.6599746835443038, 0.7541645569620253, 0.722], [0.650367088607595, 0.6637721518987342, 0.7098607594936709, 0.7245316455696202], [0.5161898734177216, 0.6751645569620254, 0.5592278481012659, 0.7283291139240506], [0.47315189873417735, 0.6701012658227847, 0.5187215189873419, 0.732126582278481], [0.2161898734177216, 0.6751645569620254, 0.26429113924050646, 0.7333924050632912], [0.3984683544303798, 0.6954177215189874, 0.44403797468354433, 0.7549113924050632], [0.1680886075949368, 0.6802278481012658, 0.219987341772152, 0.7359240506329114]], "class": 8}