{"image": "855681b6-759c-11ee-9565-fcb3bc5cd112.jpg", "bboxes": [[0.019797468354430303, 0.525518987341772, 0.09827848101265813, 0.6090632911392405], [0.10334177215189855, 0.5204556962025316, 0.1780253164556962, 0.6090632911392405], [0.37802531645569615, 0.4609620253164558, 0.47929113924050626, 0.5584303797468355], [0.5058734177215187, 0.4584303797468354, 0.6134683544303796, 0.5736202531645569], [0.0, 0.6698227848101266, 0.04511392405063275, 0.7293164556962025], [0.6603037974683543, 0.6672911392405063, 0.7096708860759493, 0.7204556962025317], [0.8628354430379747, 0.6419746835443038, 0.9122025316455696, 0.704], [0.9071392405063291, 0.6457721518987343, 0.966632911392405, 0.7065316455696202]], "class": 8}