{"image": "862757c5-6b42-11ee-91dd-fcb3bc5cd112.jpg", "bboxes": [[0.8363170731707317, 0.3550731707317073, 0.8863170731707316, 0.41604878048780486], [0.7875365853658536, 0.3684878048780487, 0.8363170731707317, 0.4209268292682926]], "class": 2}