{"image": "862757c5-6b42-11ee-91dd-fcb3bc5cd112.jpg", "bboxes": [[0.5976829268292684, 0.6299512195121952, 0.6476829268292683, 0.6909268292682926], [0.6476829268292683, 0.6250731707317074, 0.6964634146341464, 0.6775121951219513]], "class": 2}