{"image": "862757c5-6b42-11ee-91dd-fcb3bc5cd112.jpg", "bboxes": [[0.30068292682926834, 0.3080731707317073, 0.3506829268292684, 0.3690487804878048], [0.3506829268292684, 0.32148780487804873, 0.39946341463414636, 0.3739268292682926]], "class": 2}