{"image": "862757c5-6b42-11ee-91dd-fcb3bc5cd112.jpg", "bboxes": [[0.21931707317073165, 0.2880731707317073, 0.26931707317073167, 0.34904878048780485], [0.17053658536585362, 0.3014878048780487, 0.21931707317073165, 0.3539268292682926]], "class": 2}