{"image": "862757c5-6b42-11ee-91dd-fcb3bc5cd112.jpg", "bboxes": [[0.34931707317073163, 0.3210731707317073, 0.3993170731707317, 0.38204878048780483], [0.30053658536585365, 0.33448780487804874, 0.34931707317073163, 0.38692682926829264]], "class": 2}