{"image": "862757c5-6b42-11ee-91dd-fcb3bc5cd112.jpg", "bboxes": [[0.35531707317073163, 0.3190731707317073, 0.4053170731707316, 0.3800487804878048], [0.3065365853658536, 0.33248780487804874, 0.35531707317073163, 0.38492682926829264]], "class": 2}