{"image": "862757c5-6b42-11ee-91dd-fcb3bc5cd112.jpg", "bboxes": [[0.8953170731707316, 0.6489512195121951, 0.9453170731707317, 0.7099268292682928], [0.8465365853658536, 0.6440731707317073, 0.8953170731707316, 0.6965121951219513]], "class": 2}