{"image": "862757c5-6b42-11ee-91dd-fcb3bc5cd112.jpg", "bboxes": [[0.6706829268292683, 0.3200731707317073, 0.7206829268292684, 0.38104878048780483], [0.7206829268292684, 0.33348780487804874, 0.7694634146341464, 0.38592682926829264]], "class": 2}