{"image": "862757c5-6b42-11ee-91dd-fcb3bc5cd112.jpg", "bboxes": [[0.9373170731707317, 0.5849512195121951, 0.9873170731707317, 0.6459268292682927], [0.8885365853658537, 0.5800731707317074, 0.9373170731707317, 0.6325121951219512]], "class": 2}