{"image": "862757c5-6b42-11ee-91dd-fcb3bc5cd112.jpg", "bboxes": [[0.7746829268292683, 0.3180731707317073, 0.8246829268292684, 0.3790487804878048], [0.8246829268292684, 0.33148780487804874, 0.8734634146341463, 0.38392682926829264]], "class": 2}