{"image": "866269f5-6b43-11ee-9d90-fcb3bc5cd112.jpg", "bboxes": [[0.20324390243902435, 0.37314634146341463, 0.28739024390243917, 0.4316829268292683], [0.25934146341463427, 0.37680487804878043, 0.3251951219512196, 0.43046341463414634], [0.8776341463414634, 0.44265853658536586, 0.9581219512195122, 0.537780487804878], [0.9569024390243902, 0.44875609756097556, 1.0, 0.5341219512195122]], "class": 4}