{"image": "866269f5-6b43-11ee-9d90-fcb3bc5cd112.jpg", "bboxes": [[0.4078780487804878, 0.424219512195122, 0.4883658536585366, 0.519341463414634], [0.3212926829268293, 0.42787804878048785, 0.4090975609756098, 0.5132439024390245]], "class": 2}