{"image": "866269f5-6b43-11ee-9d90-fcb3bc5cd112.jpg", "bboxes": [[0.8636097560975609, 0.3621463414634146, 0.9477560975609756, 0.4206829268292683], [0.8258048780487804, 0.3658048780487804, 0.8916585365853658, 0.4194634146341463], [0.1928780487804878, 0.4316585365853659, 0.2733658536585366, 0.5267804878048781], [0.10629268292682928, 0.43775609756097555, 0.1940975609756098, 0.5231219512195122]], "class": 4}