{"image": "866269f5-6b43-11ee-9d90-fcb3bc5cd112.jpg", "bboxes": [[0.3678780487804878, 0.421219512195122, 0.4483658536585366, 0.5163414634146342], [0.2812926829268293, 0.42487804878048785, 0.3690975609756098, 0.5102439024390244]], "class": 2}