{"image": "866269f5-6b43-11ee-9d90-fcb3bc5cd112.jpg", "bboxes": [[0.12051219512195144, 0.4262439024390243, 0.21197560975609764, 0.48843902439024406], [0.19978048780487823, 0.43599999999999994, 0.2766097560975611, 0.5055121951219512], [0.4912439024390244, 0.37014634146341463, 0.5753902439024392, 0.4286829268292683], [0.5473414634146343, 0.37380487804878043, 0.6131951219512195, 0.42746341463414633]], "class": 4}