{"image": "866269f5-6b43-11ee-9d90-fcb3bc5cd112.jpg", "bboxes": [[0.017512195121951457, 0.4252439024390243, 0.10897560975609755, 0.48743902439024406], [0.09678048780487825, 0.43499999999999994, 0.17360975609756113, 0.5045121951219512], [0.3882439024390244, 0.36914634146341463, 0.4723902439024391, 0.4276829268292683], [0.4443414634146343, 0.37280487804878043, 0.5101951219512195, 0.42646341463414633]], "class": 4}