{"image": "866269f5-6b43-11ee-9d90-fcb3bc5cd112.jpg", "bboxes": [[0.8056097560975609, 0.5393170731707317, 0.8897560975609756, 0.5978536585365855], [0.7678048780487804, 0.5405365853658537, 0.8336585365853657, 0.5941951219512196], [0.1348780487804878, 0.433219512195122, 0.21536585365853658, 0.5283414634146342], [0.04829268292682928, 0.43687804878048775, 0.1360975609756098, 0.5222439024390244]], "class": 4}