{"image": "866269f5-6b43-11ee-9d90-fcb3bc5cd112.jpg", "bboxes": [[0.7900243902439024, 0.46556097560975596, 0.8814878048780486, 0.5277560975609756], [0.7253902439024389, 0.44848780487804885, 0.8022195121951218, 0.518], [0.42660975609756085, 0.5253170731707317, 0.5107560975609756, 0.5838536585365854], [0.38880487804878044, 0.5265365853658537, 0.4546585365853657, 0.5801951219512196]], "class": 4}