{"image": "869f4239-759e-11ee-ae94-fcb3bc5cd112.jpg", "bboxes": [[0.9752025316455697, 0.46697468354430377, 1.0, 0.5733037974683545], [0.8865949367088608, 0.47456962025316457, 1.0, 0.588493670886076], [0.3726708860759494, 0.47963291139240505, 0.4638101265822785, 0.5644430379746835], [0.3081139240506329, 0.4859620253164557, 0.39165822784810134, 0.5707721518987341], [0.1840632911392406, 0.46064556962025316, 0.24988607594936724, 0.5264683544303796], [0.13089873417721526, 0.4619113924050633, 0.1929240506329114, 0.529], [0.5296329113924052, 0.3771012658227848, 0.6017848101265824, 0.45305063291139236], [0.479, 0.38469620253164555, 0.5435569620253164, 0.459379746835443], [0.25748101265822787, 0.37963291139240507, 0.31444303797468365, 0.4429240506329113], [0.7941898734177216, 0.31127848101265826, 0.8486202531645572, 0.3543164556962025]], "class": 10}