{"image": "869f4239-759e-11ee-ae94-fcb3bc5cd112.jpg", "bboxes": [[0.9802025316455697, 0.44769620253164555, 1.0, 0.5540253164556962], [0.8915949367088608, 0.43250632911392406, 1.0, 0.5464303797468355], [0.3776708860759494, 0.4565569620253165, 0.4688101265822785, 0.541367088607595], [0.31311392405063293, 0.4502278481012658, 0.39665822784810134, 0.5350379746835443], [0.1890632911392406, 0.49453164556962026, 0.25488607594936724, 0.5603544303797467], [0.13589873417721526, 0.492, 0.1979240506329114, 0.5590886075949367], [0.5346329113924052, 0.5679493670886075, 0.6067848101265824, 0.6438987341772152], [0.484, 0.561620253164557, 0.5485569620253165, 0.6363037974683545], [0.2624810126582279, 0.5780759493670886, 0.31944303797468365, 0.641367088607595], [0.7991898734177216, 0.6666835443037975, 0.8536202531645573, 0.7097215189873418]], "class": 10}