{"image": "869f4239-759e-11ee-ae94-fcb3bc5cd112.jpg", "bboxes": [[0.2250126582278481, 0.46669620253164557, 0.34779746835443026, 0.5730253164556962], [0.31994936708860744, 0.4515063291139241, 0.43640506329113915, 0.5654303797468354], [0.8591898734177215, 0.4755569620253165, 0.9503291139240506, 0.5603670886075949], [0.9313417721518987, 0.46922784810126583, 1.0, 0.5540379746835442], [0.7212151898734176, 0.5869493670886077, 0.7933670886075949, 0.6628987341772152], [0.7794430379746835, 0.580620253164557, 0.844, 0.6553037974683544], [0.4743797468354428, 0.6856835443037974, 0.5288101265822784, 0.7287215189873417], [0.16551898734177217, 0.7034050632911393, 0.22627848101265813, 0.7527721518987343], [0.13387341772151873, 0.7122658227848102, 0.18070886075949355, 0.7578354430379747], [0.04906329113924035, 0.7249240506329114, 0.10729113924050626, 0.771759493670886], [0.0, 0.7641645569620252, 0.050329113924050484, 0.8160632911392405]], "class": 11}