{"image": "869f4239-759e-11ee-ae94-fcb3bc5cd112.jpg", "bboxes": [[0.4622025316455697, 0.4159746835443038, 0.584987341772152, 0.5223037974683544], [0.3735949367088608, 0.4235696202531645, 0.49005063291139256, 0.5374936708860759], [0.016632911392405164, 0.3261012658227848, 0.08878481012658233, 0.40205063291139237], [0.0, 0.33369620253164556, 0.030556962025316464, 0.40837974683544304], [0.2811898734177216, 0.2602784810126582, 0.3356202531645572, 0.3033164556962025], [0.5837215189873418, 0.23622784810126582, 0.6444810126582279, 0.28559493670886077], [0.6292911392405065, 0.2311645569620253, 0.6761265822784812, 0.27673417721518984], [0.7027088607594938, 0.21724050632911393, 0.7609367088607596, 0.26407594936708856], [0.7596708860759495, 0.1729367088607595, 0.8204303797468355, 0.2248354430379747]], "class": 9}