{"image": "869f4239-759e-11ee-ae94-fcb3bc5cd112.jpg", "bboxes": [[0.4112025316455697, 0.4329746835443038, 0.5339873417721519, 0.5393037974683544], [0.3225949367088608, 0.44056962025316454, 0.4390506329113925, 0.5544936708860759], [0.0, 0.3431012658227848, 0.03778481012658233, 0.4190506329113924], [0.23018987341772162, 0.27727848101265823, 0.2846202531645572, 0.32031645569620254], [0.5327215189873418, 0.2532278481012658, 0.5934810126582278, 0.3025949367088608], [0.5782911392405065, 0.2481645569620253, 0.6251265822784813, 0.29373417721518985], [0.6517088607594937, 0.23424050632911395, 0.7099367088607597, 0.2810759493670886], [0.7086708860759495, 0.18993670886075953, 0.7694303797468356, 0.2418354430379747]], "class": 8}