{"image": "869f4239-759e-11ee-ae94-fcb3bc5cd112.jpg", "bboxes": [[0.13401265822784802, 0.4769746835443038, 0.2567974683544303, 0.5833037974683545], [0.22894936708860747, 0.4845696202531645, 0.3454050632911392, 0.598493670886076], [0.7681898734177215, 0.48963291139240506, 0.8593291139240506, 0.5744430379746835], [0.8403417721518986, 0.4959620253164557, 0.9238860759493671, 0.5807721518987341], [0.9821139240506328, 0.47064556962025317, 1.0, 0.5364683544303797], [0.6302151898734176, 0.3871012658227848, 0.7023670886075948, 0.46305063291139237], [0.6884430379746835, 0.39469620253164556, 0.753, 0.46937974683544303], [0.9175569620253163, 0.389632911392405, 0.9745189873417721, 0.4529240506329113], [0.38337974683544285, 0.3212784810126582, 0.43781012658227836, 0.3643164556962025], [0.07451898734177209, 0.2972278481012658, 0.13527848101265816, 0.34659493670886077], [0.04287341772151876, 0.2921645569620253, 0.08970886075949347, 0.33773417721518983], [0.0, 0.27824050632911396, 0.01629113924050629, 0.32507594936708856]], "class": 12}