{"image": "869f4239-759e-11ee-ae94-fcb3bc5cd112.jpg", "bboxes": [[0.7132025316455697, 0.4169746835443038, 0.835987341772152, 0.5233037974683544], [0.6245949367088608, 0.4245696202531645, 0.7410506329113925, 0.5384936708860759], [0.1106708860759494, 0.42963291139240506, 0.20181012658227848, 0.5144430379746835], [0.04611392405063293, 0.4359620253164557, 0.12965822784810133, 0.5207721518987342], [0.26763291139240514, 0.3271012658227848, 0.33978481012658235, 0.40305063291139237], [0.217, 0.33469620253164556, 0.2815569620253165, 0.40937974683544304], [0.0, 0.329632911392405, 0.05244303797468365, 0.3929240506329113], [0.5321898734177216, 0.2612784810126582, 0.5866202531645572, 0.3043164556962025], [0.8347215189873418, 0.2372278481012658, 0.8954810126582279, 0.28659493670886077], [0.8802911392405065, 0.23216455696202531, 0.9271265822784812, 0.27773417721518984], [0.9537088607594938, 0.21824050632911393, 1.0, 0.26507594936708856]], "class": 11}