{"image": "869f4239-759e-11ee-ae94-fcb3bc5cd112.jpg", "bboxes": [[0.01601265822784803, 0.46969620253164557, 0.1387974683544303, 0.5760253164556962], [0.11094936708860748, 0.4545063291139241, 0.2274050632911392, 0.5684303797468355], [0.6501898734177215, 0.4785569620253165, 0.7413291139240505, 0.563367088607595], [0.7223417721518987, 0.47222784810126583, 0.8058860759493671, 0.5570379746835443], [0.8641139240506328, 0.5165316455696203, 0.9299367088607594, 0.5823544303797468], [0.9210759493670886, 0.514, 0.9831012658227848, 0.5810886075949367], [0.5122151898734177, 0.5899493670886076, 0.5843670886075949, 0.6658987341772151], [0.5704430379746835, 0.5836202531645569, 0.635, 0.6583037974683544], [0.7995569620253163, 0.6000759493670886, 0.8565189873417721, 0.663367088607595], [0.26537974683544285, 0.6886835443037975, 0.31981012658227836, 0.7317215189873418], [0.0, 0.7064050632911392, 0.017278481012658164, 0.7557721518987341]], "class": 11}