{"image": "86f43b34-759c-11ee-aacc-fcb3bc5cd112.jpg", "bboxes": [[0.5514430379746836, 0.0, 0.758706520582917, 0.09839240506329117]], "class": 1}