{"image": "86f43b34-759c-11ee-aacc-fcb3bc5cd112.jpg", "bboxes": [[0.9954430379746837, 0.0, 1.0, 0.1423924050632912]], "class": 1}