{"image": "86f43b34-759c-11ee-aacc-fcb3bc5cd112.jpg", "bboxes": [[0.24929347941708302, 0.0, 0.45655696202531637, 0.10539240506329117]], "class": 1}