{"image": "86f43b34-759c-11ee-aacc-fcb3bc5cd112.jpg", "bboxes": [[0.0, 0.0, 0.09955696202531639, 0.11239240506329118]], "class": 1}