{"image": "876bef12-759a-11ee-9ee0-fcb3bc5cd112.jpg", "bboxes": [[0.0, 0.661113924050633, 0.09846835443037981, 0.8269367088607595], [0.0997341772151899, 0.3079493670886076, 0.1769493670886077, 0.40415189873417723], [0.027582278481012735, 0.30668354430379746, 0.10226582278481021, 0.40415189873417723]], "class": 3}