{"image": "876bef12-759a-11ee-9ee0-fcb3bc5cd112.jpg", "bboxes": [[0.6626329113924052, 0.18206329113924047, 0.8094683544303798, 0.34788607594936705], [0.5157974683544304, 0.2023164556962026, 0.6676962025316456, 0.346620253164557], [0.8107341772151899, 0.6048481012658228, 0.8879493670886077, 0.7010506329113924], [0.7385822784810128, 0.6048481012658228, 0.8132658227848102, 0.7023164556962025]], "class": 4}