{"image": "876bef12-759a-11ee-9ee0-fcb3bc5cd112.jpg", "bboxes": [[0.24353164556962015, 0.18906329113924047, 0.39036708860759484, 0.35488607594936705], [0.3853037974683543, 0.2093164556962026, 0.5372025316455695, 0.3536202531645569], [0.16505063291139233, 0.6118481012658228, 0.24226582278481013, 0.7080506329113925], [0.23973417721518975, 0.6118481012658228, 0.3144177215189873, 0.7093164556962025]], "class": 4}