{"image": "876bef12-759a-11ee-9ee0-fcb3bc5cd112.jpg", "bboxes": [[0.5295316455696202, 0.24206329113924052, 0.6763670886075948, 0.4078860759493671], [0.6713037974683543, 0.26231645569620266, 0.8232025316455696, 0.40662025316455697], [0.45105063291139236, 0.6648481012658227, 0.52826582278481, 0.7610506329113924], [0.5257341772151898, 0.6648481012658227, 0.6004177215189872, 0.7623164556962025]], "class": 4}