{"image": "876bef12-759a-11ee-9ee0-fcb3bc5cd112.jpg", "bboxes": [[0.05863291139240516, 0.6301139240506329, 0.2054683544303798, 0.7959367088607595], [0.0, 0.6313797468354431, 0.06369620253164567, 0.7756835443037974], [0.2067341772151899, 0.27694936708860757, 0.2839493670886077, 0.3731518987341772], [0.13458227848101273, 0.2756835443037975, 0.2092658227848102, 0.3731518987341772]], "class": 4}