{"image": "876bef12-759a-11ee-9ee0-fcb3bc5cd112.jpg", "bboxes": [[0.41563291139240516, 0.6041139240506329, 0.5624683544303798, 0.7699367088607595], [0.2687974683544304, 0.605379746835443, 0.4206962025316457, 0.7496835443037974], [0.5637341772151899, 0.2509493670886076, 0.6409493670886077, 0.34715189873417723], [0.4915822784810127, 0.24968354430379747, 0.5662658227848102, 0.34715189873417723]], "class": 4}