{"image": "876bef12-759a-11ee-9ee0-fcb3bc5cd112.jpg", "bboxes": [[0.0026329113924051625, 0.668113924050633, 0.1494683544303798, 0.8339367088607595], [0.0, 0.669379746835443, 0.007696202531645668, 0.8136835443037974], [0.1507341772151899, 0.31494936708860755, 0.2279493670886077, 0.41115189873417723], [0.07858227848101274, 0.31368354430379747, 0.1532658227848102, 0.41115189873417723]], "class": 4}