{"image": "876bef12-759a-11ee-9ee0-fcb3bc5cd112.jpg", "bboxes": [[0.19653164556962022, 0.645113924050633, 0.3433670886075948, 0.8109367088607595], [0.3383037974683544, 0.6463797468354431, 0.4902025316455696, 0.7906835443037974], [0.11805063291139228, 0.2919493670886076, 0.19526582278481008, 0.3881518987341772], [0.19273417721518982, 0.2906835443037975, 0.26741772151898724, 0.3881518987341772]], "class": 4}