{"image": "876bef12-759a-11ee-9ee0-fcb3bc5cd112.jpg", "bboxes": [[0.7405316455696203, 0.17706329113924046, 0.8873670886075948, 0.34288607594936704], [0.8823037974683543, 0.1973164556962026, 1.0, 0.341620253164557], [0.6620506329113923, 0.5998481012658228, 0.7392658227848101, 0.6960506329113925], [0.7367341772151899, 0.5998481012658228, 0.8114177215189873, 0.6973164556962026]], "class": 4}