{"image": "876bef12-759a-11ee-9ee0-fcb3bc5cd112.jpg", "bboxes": [[0.0, 0.6071139240506329, 0.1304683544303798, 0.7729367088607595], [0.1317341772151899, 0.25394936708860755, 0.20894936708860767, 0.35015189873417724], [0.05958227848101274, 0.25268354430379747, 0.13426582278481022, 0.35015189873417724]], "class": 3}