{"image": "876bef12-759a-11ee-9ee0-fcb3bc5cd112.jpg", "bboxes": [[0.6216329113924052, 0.6341139240506329, 0.7684683544303798, 0.7999367088607595], [0.47479746835443043, 0.6353797468354431, 0.6266962025316457, 0.7796835443037974], [0.7697341772151899, 0.28094936708860757, 0.8469493670886077, 0.3771518987341772], [0.6975822784810127, 0.2796835443037975, 0.7722658227848103, 0.3771518987341772]], "class": 4}