{"image": "876bef12-759a-11ee-9ee0-fcb3bc5cd112.jpg", "bboxes": [[0.5435316455696202, 0.23806329113924052, 0.6903670886075948, 0.4038860759493671], [0.6853037974683543, 0.25831645569620265, 0.8372025316455696, 0.40262025316455696], [0.46505063291139226, 0.6608481012658227, 0.5422658227848101, 0.7570506329113924], [0.5397341772151898, 0.6608481012658227, 0.6144177215189872, 0.7583164556962025]], "class": 4}