{"image": "876bef12-759a-11ee-9ee0-fcb3bc5cd112.jpg", "bboxes": [[0.7295316455696201, 0.6031139240506329, 0.8763670886075948, 0.7689367088607595], [0.8713037974683544, 0.604379746835443, 1.0, 0.7486835443037974], [0.6510506329113923, 0.24994936708860757, 0.7282658227848101, 0.34615189873417723], [0.7257341772151897, 0.24868354430379747, 0.8004177215189873, 0.34615189873417723]], "class": 4}