{"image": "876bef12-759a-11ee-9ee0-fcb3bc5cd112.jpg", "bboxes": [[0.7245316455696202, 0.656113924050633, 0.8713670886075948, 0.8219367088607595], [0.8663037974683543, 0.657379746835443, 1.0, 0.8016835443037974], [0.6460506329113923, 0.3029493670886076, 0.7232658227848101, 0.3991518987341772], [0.7207341772151898, 0.30168354430379746, 0.7954177215189873, 0.3991518987341772]], "class": 4}