{"image": "876bef12-759a-11ee-9ee0-fcb3bc5cd112.jpg", "bboxes": [[0.19663291139240516, 0.24106329113924052, 0.3434683544303798, 0.4068860759493671], [0.049797468354430406, 0.26131645569620265, 0.20169620253164566, 0.40562025316455697], [0.3447341772151899, 0.6638481012658228, 0.4219493670886077, 0.7600506329113924], [0.27258227848101274, 0.6638481012658228, 0.3472658227848102, 0.7613164556962025]], "class": 4}