{"image": "87754b9d-6b46-11ee-a1dc-fcb3bc5cd112.jpg", "bboxes": [[0.29443902439024394, 0.4378536585365854, 0.3871219512195123, 0.5073658536585366], [0.3676097560975611, 0.420780487804878, 0.4517560975609758, 0.5000487804878049]], "class": 2}