{"image": "87754b9d-6b46-11ee-a1dc-fcb3bc5cd112.jpg", "bboxes": [[0.026439024390243926, 0.47385365853658534, 0.1191219512195123, 0.5433658536585366], [0.09960975609756106, 0.456780487804878, 0.18375609756097588, 0.5360487804878049]], "class": 2}