{"image": "87754b9d-6b46-11ee-a1dc-fcb3bc5cd112.jpg", "bboxes": [[0.8568780487804877, 0.44363414634146336, 0.949560975609756, 0.5131463414634146], [0.7922439024390242, 0.4509512195121952, 0.8763902439024389, 0.530219512195122]], "class": 2}