{"image": "87754b9d-6b46-11ee-a1dc-fcb3bc5cd112.jpg", "bboxes": [[0.8388780487804877, 0.45385365853658544, 0.931560975609756, 0.5233658536585366], [0.7742439024390242, 0.436780487804878, 0.8583902439024389, 0.5160487804878049]], "class": 2}