{"image": "87754b9d-6b46-11ee-a1dc-fcb3bc5cd112.jpg", "bboxes": [[0.0, 0.47363414634146334, 0.08212195121951227, 0.5431463414634146], [0.06260975609756114, 0.48095121951219516, 0.14675609756097585, 0.560219512195122]], "class": 2}