{"image": "87754b9d-6b46-11ee-a1dc-fcb3bc5cd112.jpg", "bboxes": [[0.9448780487804876, 0.49263414634146335, 1.0, 0.5621463414634146], [0.8802439024390242, 0.4999512195121952, 0.9643902439024389, 0.579219512195122]], "class": 2}