{"image": "87754b9d-6b46-11ee-a1dc-fcb3bc5cd112.jpg", "bboxes": [[0.0, 0.42863414634146335, 0.055121951219512355, 0.49814634146341463], [0.03560975609756112, 0.4359512195121952, 0.11975609756097583, 0.515219512195122]], "class": 2}