{"image": "8882d9c3-759d-11ee-b278-fcb3bc5cd112.jpg", "bboxes": [[0.22691139240506344, 0.578620253164557, 0.2712151898734178, 0.6267215189873417], [0.19020253164556972, 0.5773544303797469, 0.23324050632911417, 0.6279873417721519], [0.2572911392405065, 0.5279873417721519, 0.2927341772151899, 0.559632911392405], [0.15855696202531658, 0.5279873417721519, 0.1800759493670887, 0.5545696202531646], [0.13577215189873437, 0.5279873417721519, 0.16235443037974687, 0.5558354430379746], [0.11678481012658244, 0.498873417721519, 0.13197468354430383, 0.5216582278481012], [0.1015949367088607, 0.5001392405063291, 0.12058227848101273, 0.5279873417721519], [0.023622641509433946, 0.5066415094339622, 0.038716981132075376, 0.5273962264150942], [0.008528301886792405, 0.5104150943396225, 0.025509433962264096, 0.5273962264150942]], "class": 9}