{"image": "8882d9c3-759d-11ee-b278-fcb3bc5cd112.jpg", "bboxes": [[0.6497848101265822, 0.34227848101265834, 0.6940886075949366, 0.3903797468354431], [0.6877594936708858, 0.3410126582278481, 0.7307974683544303, 0.3916455696202531], [0.6282658227848101, 0.40936708860759496, 0.6637088607594935, 0.4410126582278481], [0.7409240506329113, 0.4144303797468355, 0.7624430379746834, 0.4410126582278481], [0.7586455696202531, 0.41316455696202536, 0.7852278481012657, 0.4410126582278481], [0.7890253164556962, 0.44734177215189874, 0.8042151898734176, 0.47012658227848103], [0.8004177215189873, 0.4410126582278481, 0.8194050632911393, 0.4688607594936709], [0.8822830188679246, 0.44160377358490577, 0.897377358490566, 0.4623584905660377], [0.8954905660377359, 0.44160377358490577, 0.9124716981132076, 0.45858490566037746], [0.9671886792452831, 0.43500000000000016, 0.9851132075471698, 0.45669811320754716]], "class": 10}