{"image": "8882d9c3-759d-11ee-b278-fcb3bc5cd112.jpg", "bboxes": [[0.0, 0.5319873417721519, 0.0022278481012656393, 0.5598354430379746], [0.00602531645569615, 0.502873417721519, 0.021215189873417528, 0.5256582278481012], [0.01741772151898724, 0.5041392405063291, 0.03640506329113935, 0.5319873417721519], [0.09928301886792468, 0.5106415094339622, 0.11437735849056607, 0.5313962264150942], [0.11249056603773588, 0.5144150943396225, 0.12947169811320758, 0.5313962264150942], [0.18418867924528304, 0.5163018867924528, 0.20211320754716988, 0.5379999999999999]], "class": 6}