{"image": "8882d9c3-759d-11ee-b278-fcb3bc5cd112.jpg", "bboxes": [[0.6937848101265822, 0.540620253164557, 0.7380886075949366, 0.5887215189873417], [0.7317594936708858, 0.5393544303797468, 0.7747974683544303, 0.589987341772152], [0.6722658227848102, 0.4899873417721519, 0.7077088607594935, 0.5216329113924051], [0.7849240506329113, 0.4899873417721519, 0.8064430379746834, 0.5165696202531646], [0.8026455696202531, 0.4899873417721519, 0.8292278481012656, 0.5178354430379747], [0.8330253164556962, 0.46087341772151896, 0.8482151898734176, 0.4836582278481012], [0.8444177215189872, 0.4621392405063291, 0.8634050632911393, 0.4899873417721519], [0.9262830188679246, 0.46864150943396227, 0.941377358490566, 0.4893962264150942], [0.939490566037736, 0.47241509433962253, 0.9564716981132075, 0.4893962264150942]], "class": 9}