{"image": "8882d9c3-759d-11ee-b278-fcb3bc5cd112.jpg", "bboxes": [[0.9569113924050634, 0.598620253164557, 1.0, 0.6467215189873418], [0.9202025316455698, 0.5973544303797469, 0.9632405063291142, 0.6479873417721519], [0.9872911392405065, 0.5479873417721519, 1.0, 0.579632911392405], [0.8885569620253165, 0.5479873417721519, 0.9100759493670887, 0.5745696202531645], [0.8657721518987344, 0.5479873417721519, 0.8923544303797468, 0.5758354430379746], [0.8467848101265825, 0.518873417721519, 0.8619746835443038, 0.5416582278481012], [0.8315949367088608, 0.5201392405063291, 0.8505822784810128, 0.5479873417721519], [0.7536226415094339, 0.5266415094339623, 0.7687169811320754, 0.5473962264150942], [0.7385283018867924, 0.5304150943396225, 0.7555094339622641, 0.5473962264150942], [0.6658867924528301, 0.5323018867924528, 0.683811320754717, 0.5539999999999999]], "class": 10}