{"image": "8882d9c3-759d-11ee-b278-fcb3bc5cd112.jpg", "bboxes": [[0.3589113924050635, 0.35927848101265825, 0.4032151898734178, 0.407379746835443], [0.3222025316455697, 0.3580126582278481, 0.36524050632911415, 0.4086455696202531], [0.38929113924050646, 0.426367088607595, 0.4247341772151899, 0.4580126582278481], [0.29055696202531656, 0.4314303797468354, 0.3120759493670887, 0.4580126582278481], [0.2677721518987344, 0.4301645569620254, 0.29435443037974685, 0.4580126582278481], [0.24878481012658243, 0.46434177215189876, 0.26397468354430387, 0.48712658227848105], [0.2335949367088607, 0.4580126582278481, 0.2525822784810127, 0.4858607594936709], [0.15562264150943395, 0.4586037735849058, 0.17071698113207537, 0.47935849056603774], [0.1405283018867924, 0.4586037735849058, 0.1575094339622641, 0.4755849056603775], [0.06788679245283015, 0.45200000000000007, 0.08581132075471691, 0.4736981132075472]], "class": 10}