{"image": "8882d9c3-759d-11ee-b278-fcb3bc5cd112.jpg", "bboxes": [[0.6477848101265822, 0.34827848101265824, 0.6920886075949366, 0.3963797468354431], [0.6857594936708858, 0.3470126582278481, 0.7287974683544303, 0.3976455696202531], [0.6262658227848101, 0.41536708860759497, 0.6617088607594935, 0.4470126582278481], [0.7389240506329113, 0.4204303797468355, 0.7604430379746834, 0.4470126582278481], [0.7566455696202531, 0.41916455696202537, 0.7832278481012657, 0.4470126582278481], [0.7870253164556962, 0.45334177215189875, 0.8022151898734176, 0.47612658227848104], [0.7984177215189873, 0.4470126582278481, 0.8174050632911393, 0.4748607594936709], [0.8802830188679246, 0.4476037735849058, 0.8953773584905661, 0.46835849056603773], [0.8934905660377359, 0.4476037735849058, 0.9104716981132076, 0.46458490566037747], [0.9651886792452831, 0.44100000000000006, 0.9831132075471698, 0.46269811320754717]], "class": 10}