{"image": "8882d9c3-759d-11ee-b278-fcb3bc5cd112.jpg", "bboxes": [[0.6147848101265823, 0.543620253164557, 0.6590886075949365, 0.5917215189873417], [0.6527594936708858, 0.5423544303797468, 0.6957974683544303, 0.592987341772152], [0.5932658227848101, 0.4929873417721519, 0.6287088607594935, 0.5246329113924051], [0.7059240506329113, 0.4929873417721519, 0.7274430379746835, 0.5195696202531646], [0.7236455696202531, 0.4929873417721519, 0.7502278481012656, 0.5208354430379747], [0.7540253164556961, 0.46387341772151897, 0.7692151898734175, 0.4866582278481012], [0.7654177215189872, 0.4651392405063291, 0.7844050632911392, 0.4929873417721519], [0.8472830188679246, 0.47164150943396227, 0.8623773584905661, 0.49239622641509423], [0.8604905660377359, 0.47541509433962253, 0.8774716981132076, 0.49239622641509423], [0.932188679245283, 0.47730188679245283, 0.9501132075471699, 0.4989999999999999]], "class": 10}