{"image": "888d56f5-759c-11ee-80d8-fcb3bc5cd112.jpg", "bboxes": [[0.0, 0.40635443037974683, 0.0933164556962024, 0.5354683544303798], [0.0, 0.427873417721519, 0.0021772151898733494, 0.5417974683544304], [0.918632911392405, 0.5392658227848102, 0.9882531645569619, 0.6417974683544303], [0.9743291139240505, 0.5493924050632911, 1.0, 0.6519240506329114]], "class": 4}