{"image": "888d56f5-759c-11ee-80d8-fcb3bc5cd112.jpg", "bboxes": [[0.9666835443037975, 0.4795316455696202, 1.0, 0.6086455696202532], [0.07174683544303809, 0.37320253164556966, 0.14136708860759495, 0.4757341772151899], [0.0, 0.3630759493670886, 0.08567088607594951, 0.4656075949367089]], "class": 3}