{"image": "888d56f5-759c-11ee-80d8-fcb3bc5cd112.jpg", "bboxes": [[0.3186708860759493, 0.3863544303797469, 0.4503164556962024, 0.5154683544303797], [0.2604430379746834, 0.40787341772151897, 0.35917721518987333, 0.5217974683544304]], "class": 2}