{"image": "888d56f5-759c-11ee-80d8-fcb3bc5cd112.jpg", "bboxes": [[0.1797468354430381, 0.37120253164556966, 0.24936708860759496, 0.4737341772151899], [0.0936708860759495, 0.3610759493670886, 0.1936708860759495, 0.4636075949367089]], "class": 2}