{"image": "888d56f5-759c-11ee-80d8-fcb3bc5cd112.jpg", "bboxes": [[0.3756835443037976, 0.3603544303797469, 0.5073291139240507, 0.48946835443037984], [0.4668227848101267, 0.38187341772151895, 0.5655569620253166, 0.4957974683544304]], "class": 2}