{"image": "888d56f5-759c-11ee-80d8-fcb3bc5cd112.jpg", "bboxes": [[0.8276835443037975, 0.3423544303797469, 0.9593291139240507, 0.4714683544303798], [0.9188227848101267, 0.36387341772151904, 1.0, 0.4777974683544304], [0.0, 0.4752658227848101, 0.002367088607594951, 0.5777974683544304]], "class": 3}