{"image": "888d56f5-759c-11ee-80d8-fcb3bc5cd112.jpg", "bboxes": [[0.18367088607594928, 0.4975316455696202, 0.31531645569620237, 0.6266455696202531], [0.12544303797468337, 0.4912025316455696, 0.22417721518987332, 0.605126582278481]], "class": 2}