{"image": "888d56f5-759c-11ee-80d8-fcb3bc5cd112.jpg", "bboxes": [[0.7866835443037976, 0.4965316455696202, 0.9183291139240507, 0.6256455696202531], [0.8778227848101267, 0.4902025316455696, 0.9765569620253166, 0.604126582278481]], "class": 2}