{"image": "898ca153-6b43-11ee-b2ec-fcb3bc5cd112.jpg", "bboxes": [[0.408219512195122, 0.5935121951219513, 0.46797560975609753, 0.6618048780487805], [0.4691951219512196, 0.5886341463414635, 0.5265121951219511, 0.6691219512195121], [0.5777317073170731, 0.6849756097560975, 0.6301707317073171, 0.7435121951219512], [0.6301707317073171, 0.6837560975609756, 0.6972439024390245, 0.7325365853658536], [0.7326097560975608, 0.697170731707317, 0.7911463414634146, 0.7569268292682927], [0.7850487804878048, 0.6996097560975609, 0.8460243902439024, 0.7532682926829268], [0.8960243902439025, 0.5605853658536586, 0.9630975609756096, 0.6374146341463415], [0.9789512195121951, 0.5752195121951219, 1.0, 0.6349756097560976], [0.9862682926829268, 0.6630243902439025, 1.0, 0.7264390243902439]], "class": 9}