{"image": "898ca153-6b43-11ee-b2ec-fcb3bc5cd112.jpg", "bboxes": [[0.9940243902439024, 0.3861951219512195, 1.0, 0.45448780487804874], [0.9354878048780488, 0.3788780487804878, 0.9928048780487805, 0.45936585365853655], [0.8318292682926829, 0.3044878048780488, 0.8842682926829268, 0.36302439024390243], [0.7647560975609756, 0.31546341463414634, 0.8318292682926829, 0.3642439024390244], [0.6708536585365854, 0.2910731707317073, 0.7293902439024391, 0.3508292682926829], [0.6159756097560976, 0.29473170731707315, 0.6769512195121952, 0.348390243902439], [0.49890243902439035, 0.4105853658536585, 0.5659756097560976, 0.4874146341463415], [0.42329268292682937, 0.4130243902439024, 0.483048780487805, 0.4727804878048781], [0.4208536585365854, 0.3215609756097561, 0.4757317073170732, 0.3849756097560975], [0.3501219512195123, 0.33375609756097563, 0.4110975609756098, 0.3959512195121951]], "class": 10}