{"image": "898ca153-6b43-11ee-b2ec-fcb3bc5cd112.jpg", "bboxes": [[0.0, 0.5516341463414635, 0.028512195121951245, 0.6321219512195122], [0.07973170731707324, 0.6479756097560976, 0.1321707317073172, 0.7065121951219512], [0.1321707317073172, 0.6467560975609756, 0.19924390243902435, 0.6955365853658537], [0.23460975609756085, 0.6601707317073171, 0.29314634146341456, 0.7199268292682928], [0.2870487804878048, 0.662609756097561, 0.3480243902439024, 0.7162682926829269], [0.39802439024390246, 0.5235853658536584, 0.4650975609756096, 0.6004146341463414], [0.4809512195121951, 0.5382195121951219, 0.5407073170731707, 0.5979756097560975], [0.4882682926829268, 0.6260243902439024, 0.5431463414634146, 0.689439024390244], [0.5529024390243902, 0.6150487804878049, 0.6138780487804877, 0.6772439024390244]], "class": 9}