{"image": "898ca153-6b43-11ee-b2ec-fcb3bc5cd112.jpg", "bboxes": [[0.26621951219512197, 0.5545121951219513, 0.32597560975609763, 0.6228048780487805], [0.3271951219512196, 0.5496341463414635, 0.38451219512195123, 0.6301219512195122], [0.4357317073170732, 0.6459756097560976, 0.4881707317073172, 0.7045121951219513], [0.4881707317073172, 0.6447560975609756, 0.5552439024390243, 0.6935365853658537], [0.590609756097561, 0.6581707317073171, 0.6491463414634147, 0.7179268292682928], [0.6430487804878049, 0.660609756097561, 0.7040243902439024, 0.7142682926829269], [0.7540243902439024, 0.5215853658536584, 0.8210975609756097, 0.5984146341463414], [0.8369512195121951, 0.5362195121951219, 0.8967073170731706, 0.5959756097560975], [0.8442682926829268, 0.6240243902439024, 0.8991463414634147, 0.687439024390244], [0.9089024390243903, 0.6130487804878049, 0.9698780487804877, 0.6752439024390244]], "class": 10}