{"image": "898ca153-6b43-11ee-b2ec-fcb3bc5cd112.jpg", "bboxes": [[0.9557560975609756, 0.2904634146341463, 1.0, 0.3392439024390244], [0.8618536585365854, 0.26607317073170733, 0.9203902439024392, 0.32582926829268294], [0.8069756097560976, 0.26973170731707313, 0.8679512195121951, 0.32339024390243903], [0.6899024390243903, 0.3855853658536585, 0.7569756097560976, 0.4624146341463415], [0.6142926829268294, 0.3880243902439024, 0.6740487804878049, 0.44778048780487806], [0.6118536585365854, 0.2965609756097561, 0.6667317073170732, 0.35997560975609755], [0.5411219512195123, 0.3087560975609756, 0.6020975609756097, 0.3709512195121951]], "class": 7}