{"image": "898ca153-6b43-11ee-b2ec-fcb3bc5cd112.jpg", "bboxes": [[0.4650243902439024, 0.5385121951219513, 0.5247804878048781, 0.6068048780487805], [0.4064878048780488, 0.5336341463414634, 0.46380487804878046, 0.6141219512195122], [0.30282926829268286, 0.6299756097560976, 0.3552682926829268, 0.6885121951219513], [0.2357560975609756, 0.6287560975609756, 0.30282926829268286, 0.6775365853658537], [0.14185365853658538, 0.6421707317073171, 0.20039024390243912, 0.7019268292682928], [0.08697560975609758, 0.644609756097561, 0.14795121951219517, 0.6982682926829269], [0.0, 0.5055853658536585, 0.03697560975609758, 0.5824146341463414]], "class": 7}