{"image": "898ca153-6b43-11ee-b2ec-fcb3bc5cd112.jpg", "bboxes": [[0.35521951219512193, 0.3611951219512195, 0.4149756097560976, 0.4294878048780487], [0.41619512195121955, 0.3538780487804878, 0.4735121951219512, 0.4343658536585365], [0.5247317073170732, 0.2794878048780488, 0.5771707317073171, 0.3380243902439024], [0.5771707317073171, 0.2904634146341463, 0.6442439024390244, 0.3392439024390244], [0.6796097560975609, 0.26607317073170733, 0.7381463414634146, 0.32582926829268294], [0.7320487804878049, 0.26973170731707313, 0.7930243902439025, 0.32339024390243903], [0.8430243902439024, 0.3855853658536585, 0.9100975609756097, 0.4624146341463415], [0.9259512195121951, 0.3880243902439024, 0.9857073170731706, 0.44778048780487806], [0.9332682926829268, 0.2965609756097561, 0.9881463414634146, 0.35997560975609755], [0.9979024390243902, 0.3087560975609756, 1.0, 0.3709512195121951]], "class": 10}