{"image": "898ca153-6b43-11ee-b2ec-fcb3bc5cd112.jpg", "bboxes": [[0.333219512195122, 0.5465121951219513, 0.3929756097560976, 0.6148048780487805], [0.39419512195121953, 0.5416341463414635, 0.4515121951219512, 0.6221219512195122], [0.5027317073170732, 0.6379756097560976, 0.5551707317073171, 0.6965121951219513], [0.5551707317073171, 0.6367560975609756, 0.6222439024390244, 0.6855365853658537], [0.6576097560975609, 0.6501707317073171, 0.7161463414634146, 0.7099268292682928], [0.7100487804878048, 0.652609756097561, 0.7710243902439025, 0.7062682926829269], [0.8210243902439024, 0.5135853658536584, 0.8880975609756097, 0.5904146341463414], [0.903951219512195, 0.5282195121951219, 0.9637073170731707, 0.5879756097560975], [0.9112682926829268, 0.6160243902439024, 0.9661463414634146, 0.679439024390244], [0.9759024390243902, 0.6050487804878049, 1.0, 0.6672439024390244]], "class": 10}