{"image": "898ca153-6b43-11ee-b2ec-fcb3bc5cd112.jpg", "bboxes": [[0.9420243902439024, 0.3511951219512195, 1.0, 0.4194878048780487], [0.8834878048780488, 0.3438780487804878, 0.9408048780487804, 0.4243658536585365], [0.7798292682926828, 0.2694878048780488, 0.8322682926829268, 0.3280243902439024], [0.7127560975609756, 0.2804634146341463, 0.7798292682926828, 0.3292439024390244], [0.6188536585365854, 0.2560731707317073, 0.6773902439024391, 0.31582926829268293], [0.5639756097560976, 0.2597317073170731, 0.6249512195121951, 0.313390243902439], [0.4469024390243903, 0.37558536585365854, 0.5139756097560976, 0.4524146341463415], [0.3712926829268293, 0.37802439024390244, 0.43104878048780493, 0.4377804878048781], [0.36885365853658536, 0.2865609756097561, 0.4237317073170732, 0.34997560975609754], [0.2981219512195123, 0.2987560975609756, 0.3590975609756098, 0.3609512195121951]], "class": 10}