{"image": "898ca153-6b43-11ee-b2ec-fcb3bc5cd112.jpg", "bboxes": [[0.7220243902439024, 0.3871951219512195, 0.781780487804878, 0.45548780487804874], [0.6634878048780488, 0.3798780487804878, 0.7208048780487805, 0.46036585365853655], [0.5598292682926829, 0.3054878048780488, 0.6122682926829268, 0.36402439024390243], [0.4927560975609756, 0.31646341463414634, 0.5598292682926829, 0.3652439024390244], [0.3988536585365854, 0.2920731707317073, 0.4573902439024391, 0.3518292682926829], [0.3439756097560976, 0.29573170731707316, 0.40495121951219515, 0.349390243902439], [0.22690243902439033, 0.4115853658536585, 0.2939756097560976, 0.4884146341463415], [0.15129268292682935, 0.4140243902439024, 0.21104878048780495, 0.4737804878048781], [0.1488536585365854, 0.3225609756097561, 0.20373170731707319, 0.3859756097560975], [0.0781219512195123, 0.33475609756097563, 0.13909756097560977, 0.3969512195121951]], "class": 10}