{"image": "898ca153-6b43-11ee-b2ec-fcb3bc5cd112.jpg", "bboxes": [[0.7750243902439025, 0.5955121951219513, 0.834780487804878, 0.6638048780487805], [0.7164878048780488, 0.5906341463414635, 0.7738048780487804, 0.6711219512195121], [0.6128292682926828, 0.6869756097560975, 0.6652682926829269, 0.7455121951219512], [0.5457560975609757, 0.6857560975609756, 0.6128292682926828, 0.7345365853658536], [0.4518536585365854, 0.699170731707317, 0.5103902439024391, 0.7589268292682927], [0.3969756097560976, 0.7016097560975609, 0.45795121951219514, 0.7552682926829268], [0.2799024390243903, 0.5625853658536586, 0.3469756097560976, 0.6394146341463415], [0.20429268292682934, 0.5772195121951219, 0.26404878048780495, 0.6369756097560976], [0.20185365853658538, 0.6650243902439025, 0.2567317073170732, 0.7284390243902439], [0.1311219512195123, 0.6540487804878049, 0.1920975609756098, 0.7162439024390244]], "class": 10}