{"image": "89cede43-759a-11ee-bdd0-fcb3bc5cd112.jpg", "bboxes": [[0.7046835443037975, 0.6110126582278482, 0.8274683544303798, 0.7565822784810127], [0.5983544303797469, 0.6186075949367089, 0.7110126582278483, 0.7515189873417721], [0.5135443037974684, 0.4489873417721519, 0.5730379746835443, 0.511012658227848], [0.4641772151898734, 0.4565822784810126, 0.5224050632911393, 0.5135443037974684]], "class": 4}