{"image": "89cede43-759a-11ee-bdd0-fcb3bc5cd112.jpg", "bboxes": [[0.4545316455696202, 0.27941772151898736, 0.5773164556962025, 0.4249873417721518], [0.5709873417721517, 0.2844810126582279, 0.6836455696202531, 0.4173924050632911], [0.7089620253164557, 0.5249873417721519, 0.7684556962025316, 0.5870126582278481], [0.7595949367088607, 0.5224556962025316, 0.8178227848101266, 0.5794177215189874]], "class": 4}