{"image": "89cede43-759a-11ee-bdd0-fcb3bc5cd112.jpg", "bboxes": [[0.5705316455696202, 0.25041772151898734, 0.6933164556962024, 0.3959873417721518], [0.6869873417721517, 0.25548101265822787, 0.7996455696202531, 0.3883924050632911], [0.8249620253164557, 0.49598734177215187, 0.8844556962025316, 0.5580126582278482], [0.8755949367088607, 0.4934556962025316, 0.9338227848101266, 0.5504177215189874]], "class": 4}