{"image": "89cede43-759a-11ee-bdd0-fcb3bc5cd112.jpg", "bboxes": [[0.8546835443037976, 0.5570126582278482, 0.9774683544303798, 0.7025822784810126], [0.7483544303797469, 0.5646075949367089, 0.8610126582278483, 0.6975189873417721], [0.6635443037974684, 0.3949873417721519, 0.7230379746835444, 0.4570126582278481], [0.6141772151898734, 0.40258227848101263, 0.6724050632911392, 0.4595443037974684]], "class": 4}