{"image": "89cede43-759a-11ee-bdd0-fcb3bc5cd112.jpg", "bboxes": [[0.8546835443037976, 0.24641772151898733, 0.9774683544303798, 0.3919873417721518], [0.7483544303797469, 0.25148101265822786, 0.8610126582278483, 0.3843924050632911], [0.6635443037974684, 0.491987341772152, 0.7230379746835444, 0.5540126582278482], [0.6141772151898734, 0.4894556962025316, 0.6724050632911392, 0.5464177215189874]], "class": 4}