{"image": "89f57632-759d-11ee-9ce4-fcb3bc5cd112.jpg", "bboxes": [[0.6925833333333334, 0.5869375, 0.72175, 0.6233958333333334], [0.6655, 0.5900624999999999, 0.6957083333333335, 0.6275625], [0.6300833333333334, 0.6306875000000001, 0.653, 0.6577708333333333]], "class": 3}