{"image": "89f57632-759d-11ee-9ce4-fcb3bc5cd112.jpg", "bboxes": [[0.5855833333333335, 0.42060416666666667, 0.61475, 0.4570625], [0.5585, 0.4164375, 0.5887083333333335, 0.4539375], [0.5230833333333335, 0.3862291666666667, 0.546, 0.4133125]], "class": 3}