{"image": "89f57632-759d-11ee-9ce4-fcb3bc5cd112.jpg", "bboxes": [[0.8525833333333335, 0.5769375, 0.88175, 0.6133958333333334], [0.8255, 0.5800624999999999, 0.8557083333333335, 0.6175625], [0.7900833333333335, 0.6206875000000001, 0.813, 0.6477708333333333]], "class": 3}