{"image": "89f57632-759d-11ee-9ce4-fcb3bc5cd112.jpg", "bboxes": [[0.7765833333333335, 0.5289375000000001, 0.80575, 0.5653958333333333], [0.7495, 0.5320625, 0.7797083333333334, 0.5695625], [0.7140833333333335, 0.5726875, 0.737, 0.5997708333333334]], "class": 3}