{"image": "89f57632-759d-11ee-9ce4-fcb3bc5cd112.jpg", "bboxes": [[0.6615833333333335, 0.5389375000000001, 0.69075, 0.5753958333333333], [0.6345, 0.5420625, 0.6647083333333335, 0.5795625], [0.5990833333333335, 0.5826875, 0.622, 0.6097708333333334]], "class": 3}