{"image": "89f57632-759d-11ee-9ce4-fcb3bc5cd112.jpg", "bboxes": [[0.6255833333333335, 0.5869375, 0.65475, 0.6233958333333334], [0.5985, 0.5900624999999999, 0.6287083333333335, 0.6275625], [0.5630833333333335, 0.6306875000000001, 0.586, 0.6577708333333333]], "class": 3}