{"image": "89f57632-759d-11ee-9ce4-fcb3bc5cd112.jpg", "bboxes": [[0.32725000000000004, 0.4266041666666667, 0.3564166666666665, 0.4630625], [0.35329166666666656, 0.4224375, 0.38349999999999995, 0.4599375], [0.396, 0.3922291666666667, 0.4189166666666665, 0.4193125]], "class": 3}