{"image": "89f57632-759d-11ee-9ce4-fcb3bc5cd112.jpg", "bboxes": [[0.09724999999999995, 0.5589375, 0.1264166666666665, 0.5953958333333333], [0.12329166666666647, 0.5620625, 0.15349999999999997, 0.5995625], [0.16600000000000004, 0.6026875, 0.1889166666666665, 0.6297708333333334]], "class": 3}