{"image": "89f57632-759d-11ee-9ce4-fcb3bc5cd112.jpg", "bboxes": [[0.9990833333333334, 0.36522916666666666, 1.0, 0.3923125]], "class": 1}