{"image": "89f57632-759d-11ee-9ce4-fcb3bc5cd112.jpg", "bboxes": [[0.9095833333333335, 0.3686041666666667, 0.93875, 0.4050625], [0.8825, 0.3644375, 0.9127083333333335, 0.4019375], [0.8470833333333335, 0.3342291666666667, 0.87, 0.3613125]], "class": 3}