{"image": "89f57632-759d-11ee-9ce4-fcb3bc5cd112.jpg", "bboxes": [[0.53225, 0.3946041666666667, 0.5614166666666665, 0.4310625], [0.5582916666666665, 0.3904375, 0.5885, 0.4279375], [0.601, 0.3602291666666667, 0.6239166666666665, 0.3873125]], "class": 3}