{"image": "89f57632-759d-11ee-9ce4-fcb3bc5cd112.jpg", "bboxes": [[0.9135833333333335, 0.5769375, 0.94275, 0.6133958333333334], [0.8865, 0.5800624999999999, 0.9167083333333335, 0.6175625], [0.8510833333333335, 0.6206875000000001, 0.874, 0.6477708333333333]], "class": 3}