{"image": "8a24bf23-759c-11ee-8877-fcb3bc5cd112.jpg", "bboxes": [[0.9395063291139243, 0.4344936708860759, 1.0, 0.5041139240506329], [0.7990000000000003, 0.4281645569620253, 0.8635569620253166, 0.5028481012658227], [0.7369746835443038, 0.4281645569620253, 0.8103924050632914, 0.4977848101265822], [0.5179873417721521, 0.3509493670886076, 0.5546962025316456, 0.3965189873417721], [0.4952025316455697, 0.354746835443038, 0.5243164556962027, 0.3914556962025316], [0.6116582278481014, 0.3268987341772152, 0.6483670886075952, 0.3610759493670886], [0.7382405063291142, 0.2939873417721519, 0.7724177215189875, 0.32056962025316454], [0.2673544303797469, 0.2927215189873418, 0.2939367088607595, 0.31930379746835447], [0.24330379746835445, 0.29145569620253164, 0.26862025316455695, 0.31550632911392407], [0.10997560975609746, 0.2886585365853659, 0.12948780487804867, 0.3073577235772358], [0.06200813008130069, 0.2585772357723577, 0.07908130081300806, 0.2740243902439024], [0.021357723577235675, 0.2683333333333333, 0.032739837398373876, 0.2854065040650407], [0.17095121951219505, 0.2626422764227642, 0.19046341463414626, 0.2829674796747968], [0.45631707317073167, 0.2667073170731707, 0.4733902439024389, 0.2854065040650407], [0.5556666666666665, 0.2553030303030303, 0.573090909090909, 0.2765151515151515]], "class": 15}