{"image": "8a24bf23-759c-11ee-8877-fcb3bc5cd112.jpg", "bboxes": [[0.8760000000000002, 0.4601518987341773, 0.9405569620253166, 0.5348354430379747], [0.8139746835443038, 0.4652151898734178, 0.8873924050632913, 0.5348354430379747], [0.5949873417721522, 0.5664810126582278, 0.6316962025316457, 0.6120506329113924], [0.5722025316455697, 0.5715443037974683, 0.6013164556962026, 0.608253164556962], [0.6886582278481014, 0.6019240506329114, 0.7253670886075951, 0.6361012658227848], [0.8152405063291142, 0.6424303797468355, 0.8494177215189875, 0.6690126582278481], [0.3443544303797469, 0.6436962025316455, 0.37093670886075947, 0.6702784810126583], [0.32030379746835447, 0.6474936708860759, 0.34562025316455697, 0.6715443037974683], [0.18697560975609748, 0.6556422764227643, 0.2064878048780487, 0.6743414634146341], [0.1390081300813007, 0.6889756097560975, 0.15608130081300806, 0.7044227642276423], [0.047951219512195054, 0.6881626016260163, 0.06339837398373982, 0.7044227642276423], [0.03575609756097549, 0.6840975609756097, 0.050390243902438896, 0.7044227642276423], [0.09835772357723567, 0.6775934959349593, 0.10973983739837388, 0.6946666666666668], [0.24795121951219506, 0.6800325203252032, 0.26746341463414625, 0.7003577235772358], [0.5333170731707316, 0.6775934959349593, 0.5503902439024388, 0.6962926829268292], [0.6326666666666665, 0.6864848484848485, 0.650090909090909, 0.7076969696969697]], "class": 16}