{"image": "8a24bf23-759c-11ee-8877-fcb3bc5cd112.jpg", "bboxes": [[0.06844303797468343, 0.43715189873417726, 0.13299999999999979, 0.5118354430379747], [0.1216075949367087, 0.4422151898734178, 0.1950253164556962, 0.5118354430379747], [0.3773037974683543, 0.5434810126582279, 0.41401265822784783, 0.5890506329113925], [0.4076835443037974, 0.5485443037974684, 0.43679746835443034, 0.5852531645569621], [0.2836329113924049, 0.5789240506329114, 0.3203417721518985, 0.6131012658227848], [0.15958227848101247, 0.6194303797468355, 0.19375949367088585, 0.646012658227848], [0.6380632911392405, 0.6206962025316456, 0.6646455696202531, 0.6472784810126582], [0.663379746835443, 0.624493670886076, 0.6886962025316455, 0.6485443037974683], [0.8025121951219514, 0.6326422764227642, 0.8220243902439025, 0.6513414634146342], [0.8529186991869919, 0.6659756097560976, 0.8699918699186993, 0.6814227642276423], [0.9456016260162602, 0.6651626016260163, 0.961048780487805, 0.6814227642276423], [0.958609756097561, 0.6610975609756098, 0.9732439024390245, 0.6814227642276423], [0.8992601626016261, 0.6545934959349593, 0.9106422764227643, 0.6716666666666666], [0.7415365853658538, 0.6570325203252032, 0.761048780487805, 0.6773577235772358], [0.45860975609756105, 0.6545934959349593, 0.4756829268292684, 0.6732926829268293], [0.35890909090909096, 0.6634848484848486, 0.3763333333333335, 0.6846969696969697]], "class": 16}