{"image": "8a24bf23-759c-11ee-8877-fcb3bc5cd112.jpg", "bboxes": [[0.053443037974683416, 0.4201645569620253, 0.11799999999999977, 0.49484810126582274], [0.10660759493670868, 0.4201645569620253, 0.1800253164556962, 0.4897848101265822], [0.3623037974683543, 0.34294936708860757, 0.3990126582278478, 0.3885189873417721], [0.39268354430379737, 0.34674683544303797, 0.4217974683544303, 0.3834556962025316], [0.26863291139240486, 0.3188987341772152, 0.3053417721518986, 0.3530759493670886], [0.14458227848101246, 0.2859873417721519, 0.17875949367088584, 0.31256962025316454], [0.6230632911392405, 0.28472151898734177, 0.6496455696202531, 0.31130379746835446], [0.6483797468354431, 0.2834556962025317, 0.6736962025316455, 0.30750632911392406], [0.9980813008130082, 0.2619593495934959, 1.0, 0.2798455284552846], [0.7875121951219513, 0.2806585365853659, 0.8070243902439025, 0.2993577235772358], [0.8379186991869919, 0.2505772357723577, 0.8549918699186994, 0.2660243902439024], [0.9306016260162602, 0.2505772357723577, 0.9460487804878049, 0.26683739837398374], [0.9436097560975611, 0.2505772357723577, 0.9582439024390245, 0.27090243902439026], [0.8842601626016261, 0.2603333333333333, 0.8956422764227643, 0.2774065040650407], [0.7265365853658537, 0.2546422764227642, 0.7460487804878049, 0.2749674796747968], [0.44360975609756115, 0.25870731707317074, 0.46068292682926837, 0.2774065040650407], [0.34390909090909094, 0.2473030303030303, 0.3613333333333335, 0.2685151515151515]], "class": 17}