{"image": "8a24bf23-759c-11ee-8877-fcb3bc5cd112.jpg", "bboxes": [[0.8445063291139243, 0.4344936708860759, 0.9153924050632913, 0.5041139240506329], [0.9103291139240507, 0.4344936708860759, 0.9571645569620255, 0.4990506329113924], [0.7040000000000002, 0.4281645569620253, 0.7685569620253165, 0.5028481012658227], [0.6419746835443039, 0.4281645569620253, 0.7153924050632914, 0.4977848101265822], [0.42298734177215214, 0.3509493670886076, 0.45969620253164567, 0.3965189873417721], [0.4002025316455697, 0.354746835443038, 0.42931645569620264, 0.3914556962025316], [0.5166582278481014, 0.3268987341772152, 0.5533670886075952, 0.3610759493670886], [0.6432405063291141, 0.2939873417721519, 0.6774177215189875, 0.32056962025316454], [0.17235443037974688, 0.2927215189873418, 0.19893670886075948, 0.31930379746835447], [0.14830379746835445, 0.29145569620253164, 0.17362025316455698, 0.31550632911392407], [0.01497560975609747, 0.2886585365853659, 0.03448780487804868, 0.3073577235772358], [0.07595121951219505, 0.2626422764227642, 0.09546341463414626, 0.2829674796747968], [0.36131707317073164, 0.2667073170731707, 0.3783902439024389, 0.2854065040650407], [0.4606666666666665, 0.2553030303030303, 0.478090909090909, 0.2765151515151515]], "class": 14}