{"image": "8a24bf23-759c-11ee-8877-fcb3bc5cd112.jpg", "bboxes": [[0.2496075949367087, 0.4814936708860759, 0.3204936708860757, 0.551113924050633], [0.20783544303797452, 0.4814936708860759, 0.25467088607594923, 0.5460506329113924], [0.3964430379746834, 0.4751645569620253, 0.46099999999999974, 0.5498481012658227], [0.44960759493670865, 0.4751645569620253, 0.5230253164556962, 0.5447848101265822], [0.7053037974683543, 0.39794936708860756, 0.7420126582278479, 0.44351898734177214], [0.7356835443037973, 0.40174683544303796, 0.7647974683544303, 0.4384556962025316], [0.6116329113924048, 0.3738987341772152, 0.6483417721518986, 0.4080759493670886], [0.48758227848101254, 0.3409873417721519, 0.5217594936708858, 0.36756962025316453], [0.9660632911392405, 0.33972151898734176, 0.9926455696202531, 0.36630379746835445], [0.991379746835443, 0.3384556962025317, 1.0, 0.36250632911392405], [0.7866097560975611, 0.31370731707317073, 0.8036829268292683, 0.3324065040650407], [0.6869090909090909, 0.3023030303030303, 0.7043333333333335, 0.3235151515151515]], "class": 12}