{"image": "8a24bf23-759c-11ee-8877-fcb3bc5cd112.jpg", "bboxes": [[0.8670000000000002, 0.4851645569620253, 0.9315569620253166, 0.5598481012658227], [0.8049746835443038, 0.4851645569620253, 0.8783924050632913, 0.5547848101265822], [0.5859873417721522, 0.4079493670886076, 0.6226962025316457, 0.4535189873417721], [0.5632025316455697, 0.411746835443038, 0.5923164556962026, 0.4484556962025316], [0.6796582278481015, 0.3838987341772152, 0.7163670886075951, 0.4180759493670886], [0.8062405063291141, 0.3509873417721519, 0.8404177215189875, 0.37756962025316454], [0.3353544303797469, 0.3497215189873418, 0.3619367088607595, 0.37630379746835446], [0.31130379746835446, 0.3484556962025317, 0.33662025316455696, 0.37250632911392406], [0.17797560975609747, 0.3456585365853659, 0.19748780487804868, 0.3643577235772358], [0.1300081300813007, 0.3155772357723577, 0.14708130081300805, 0.3310243902439024], [0.03895121951219505, 0.3155772357723577, 0.05439837398373982, 0.33183739837398374], [0.02675609756097549, 0.3155772357723577, 0.041390243902438895, 0.33590243902439026], [0.08935772357723568, 0.3253333333333333, 0.10073983739837387, 0.3424065040650407], [0.23895121951219506, 0.3196422764227642, 0.25846341463414624, 0.3399674796747968], [0.5243170731707316, 0.3237073170731707, 0.541390243902439, 0.3424065040650407], [0.6236666666666665, 0.3123030303030303, 0.641090909090909, 0.3335151515151515]], "class": 16}