{"image": "8a24bf23-759c-11ee-8877-fcb3bc5cd112.jpg", "bboxes": [[0.04860759493670863, 0.49388607594936706, 0.11949367088607576, 0.5635063291139242], [0.0068354430379745645, 0.4989493670886076, 0.053670886075949276, 0.5635063291139242], [0.19544303797468343, 0.4951518987341773, 0.2599999999999998, 0.5698354430379746], [0.2486075949367087, 0.5002151898734177, 0.3220253164556962, 0.5698354430379746], [0.5043037974683544, 0.601481012658228, 0.5410126582278478, 0.6470506329113924], [0.5346835443037974, 0.6065443037974684, 0.5637974683544302, 0.643253164556962], [0.4106329113924049, 0.6369240506329115, 0.4473417721518985, 0.6711012658227848], [0.2865822784810125, 0.6774303797468355, 0.32075949367088585, 0.7040126582278481], [0.7650632911392405, 0.6786962025316455, 0.7916455696202531, 0.7052784810126582], [0.790379746835443, 0.682493670886076, 0.8156962025316455, 0.7065443037974684], [0.9295121951219514, 0.6906422764227642, 0.9490243902439025, 0.7093414634146341], [0.9799186991869919, 0.7239756097560976, 0.9969918699186993, 0.7394227642276423], [0.8685365853658538, 0.7150325203252033, 0.888048780487805, 0.7353577235772357], [0.585609756097561, 0.7125934959349594, 0.6026829268292684, 0.7312926829268294], [0.48590909090909096, 0.7214848484848485, 0.5033333333333334, 0.7426969696969696]], "class": 15}