{"image": "8a24bf23-759c-11ee-8877-fcb3bc5cd112.jpg", "bboxes": [[0.8145063291139243, 0.4464936708860759, 0.8853924050632913, 0.5161139240506329], [0.8803291139240507, 0.4464936708860759, 0.9271645569620255, 0.5110506329113924], [0.6740000000000003, 0.4401645569620253, 0.7385569620253166, 0.5148481012658227], [0.6119746835443038, 0.4401645569620253, 0.6853924050632914, 0.5097848101265822], [0.39298734177215217, 0.3629493670886076, 0.42969620253164564, 0.4085189873417721], [0.3702025316455697, 0.366746835443038, 0.39931645569620267, 0.40345569620253163], [0.4866582278481014, 0.3388987341772152, 0.5233670886075952, 0.3730759493670886], [0.6132405063291142, 0.3059873417721519, 0.6474177215189875, 0.33256962025316456], [0.14235443037974688, 0.3047215189873418, 0.16893670886075948, 0.3313037974683544], [0.11830379746835444, 0.30345569620253166, 0.14362025316455698, 0.327506329113924], [0.0, 0.3006585365853659, 0.004487804878048678, 0.3193577235772358], [0.04595121951219505, 0.27464227642276423, 0.06546341463414626, 0.29496747967479675], [0.33131707317073167, 0.2787073170731707, 0.3483902439024389, 0.29740650406504066], [0.43066666666666653, 0.2673030303030303, 0.448090909090909, 0.2885151515151515]], "class": 14}