{"image": "8aaa3edc-6b46-11ee-84da-fcb3bc5cd112.jpg", "bboxes": [[0.7672926829268293, 0.4347804878048781, 0.8233902439024389, 0.4799024390243902], [0.8050975609756097, 0.42502439024390243, 0.8550975609756096, 0.4750243902439024]], "class": 2}