{"image": "8aaa3edc-6b46-11ee-84da-fcb3bc5cd112.jpg", "bboxes": [[0.6442926829268292, 0.45478048780487806, 0.7003902439024389, 0.49990243902439024], [0.6820975609756097, 0.4450243902439024, 0.7320975609756096, 0.49502439024390243]], "class": 2}