{"image": "8aaa3edc-6b46-11ee-84da-fcb3bc5cd112.jpg", "bboxes": [[0.5652926829268292, 0.5420975609756098, 0.6213902439024389, 0.5872195121951219], [0.6030975609756096, 0.5469756097560976, 0.6530975609756097, 0.5969756097560976], [0.9738292682926829, 0.5274634146341463, 1.0, 0.5762439024390245]], "class": 3}