{"image": "8aaa3edc-6b46-11ee-84da-fcb3bc5cd112.jpg", "bboxes": [[0.8822926829268293, 0.48009756097560974, 0.9383902439024389, 0.525219512195122], [0.9200975609756097, 0.48497560975609755, 0.9700975609756096, 0.5349756097560976]], "class": 2}