{"image": "8aaa3edc-6b46-11ee-84da-fcb3bc5cd112.jpg", "bboxes": [[0.3836097560975611, 0.4137804878048781, 0.4397073170731708, 0.4589024390243902], [0.35190243902439033, 0.4040243902439024, 0.4019024390243904, 0.4540243902439024], [0.0, 0.42475609756097554, 0.0311707317073171, 0.47353658536585375]], "class": 3}