{"image": "8aaa3edc-6b46-11ee-84da-fcb3bc5cd112.jpg", "bboxes": [[0.2766097560975611, 0.5380975609756098, 0.3327073170731708, 0.5832195121951219], [0.24490243902439035, 0.5429756097560976, 0.2949024390243903, 0.5929756097560976]], "class": 2}