{"image": "8aaa3edc-6b46-11ee-84da-fcb3bc5cd112.jpg", "bboxes": [[0.5952926829268292, 0.48009756097560974, 0.6513902439024389, 0.525219512195122], [0.6330975609756097, 0.48497560975609755, 0.6830975609756097, 0.5349756097560976]], "class": 2}