{"image": "8aaa3edc-6b46-11ee-84da-fcb3bc5cd112.jpg", "bboxes": [[0.3092926829268292, 0.44878048780487806, 0.3653902439024389, 0.49390243902439024], [0.3470975609756097, 0.43902439024390244, 0.39709756097560966, 0.48902439024390243], [0.7178292682926829, 0.4597560975609756, 0.7702682926829268, 0.5085365853658538], [0.7592926829268293, 0.44999999999999996, 0.8178292682926829, 0.4951219512195122]], "class": 4}