{"image": "8bc5ccf7-759c-11ee-a6bc-fcb3bc5cd112.jpg", "bboxes": [[0.9925443037974685, 0.5974556962025315, 1.0, 0.6847974683544304], [0.7971132075471697, 0.4088301886792452, 0.8263584905660377, 0.43901886792452827], [0.7725849056603773, 0.4088301886792452, 0.8018301886792453, 0.44467924528301883], [0.5980566037735849, 0.42203773584905657, 0.6235283018867924, 0.45128301886792443], [0.569754716981132, 0.42015094339622633, 0.5999433962264151, 0.4522264150943396], [0.4706981132075472, 0.3975094339622641, 0.49616981132075466, 0.42203773584905657], [0.45088679245283014, 0.3975094339622641, 0.4744716981132075, 0.42486792452830185]], "class": 7}