{"image": "8bc5ccf7-759c-11ee-a6bc-fcb3bc5cd112.jpg", "bboxes": [[0.8350126582278483, 0.6465189873417722, 0.9185569620253166, 0.735126582278481], [0.7375443037974685, 0.6414556962025315, 0.8312151898734178, 0.7287974683544304], [0.8024905660377358, 0.44999999999999996, 0.834566037735849, 0.4839622641509434], [0.7741886792452829, 0.450943396226415, 0.8053207547169812, 0.4867924528301886], [0.5421132075471697, 0.45283018867924524, 0.5713584905660377, 0.48301886792452825], [0.5175849056603773, 0.45283018867924524, 0.5468301886792453, 0.4886792452830188], [0.34305660377358493, 0.46603773584905656, 0.3685283018867924, 0.4952830188679245], [0.314754716981132, 0.46415094339622637, 0.34494339622641507, 0.49622641509433957], [0.21569811320754717, 0.4415094339622641, 0.24116981132075466, 0.46603773584905656], [0.19588679245283014, 0.4415094339622641, 0.2194716981132075, 0.46886792452830184]], "class": 10}