{"image": "8bc5ccf7-759c-11ee-a6bc-fcb3bc5cd112.jpg", "bboxes": [[0.3720126582278483, 0.27587341772151897, 0.4555569620253166, 0.36448101265822785], [0.2745443037974685, 0.28220253164556963, 0.3682151898734178, 0.3695443037974685], [0.3394905660377358, 0.5270377358490566, 0.371566037735849, 0.561], [0.3111886792452829, 0.5242075471698113, 0.34232075471698115, 0.560056603773585], [0.07911320754716973, 0.5279811320754717, 0.10835849056603775, 0.5581698113207547], [0.05458490566037733, 0.5223207547169813, 0.08383018867924523, 0.5581698113207547]], "class": 6}