{"image": "8bc5ccf7-759c-11ee-a6bc-fcb3bc5cd112.jpg", "bboxes": [[0.0, 0.5924556962025315, 0.033455696202531526, 0.6797974683544304], [0.1996415094339623, 0.40383018867924525, 0.22888679245283028, 0.43401886792452826], [0.22416981132075475, 0.40383018867924525, 0.2534150943396226, 0.4396792452830188], [0.4024716981132076, 0.41703773584905657, 0.4279433962264151, 0.44628301886792443], [0.4260566037735849, 0.4151509433962264, 0.456245283018868, 0.4472264150943396], [0.5298301886792454, 0.3925094339622641, 0.5553018867924528, 0.41703773584905657], [0.5515283018867925, 0.3925094339622641, 0.5751132075471699, 0.41986792452830185]], "class": 7}