{"image": "8bc5ccf7-759c-11ee-a6bc-fcb3bc5cd112.jpg", "bboxes": [[0.44344303797468343, 0.5945189873417721, 0.5269873417721517, 0.683126582278481], [0.5307848101265822, 0.5894556962025315, 0.6244556962025315, 0.6767974683544304], [0.527433962264151, 0.39799999999999996, 0.5595094339622642, 0.4319622641509434], [0.5566792452830189, 0.398943396226415, 0.5878113207547171, 0.43479245283018864], [0.7906415094339623, 0.40083018867924525, 0.8198867924528302, 0.43101886792452826], [0.8151698113207548, 0.40083018867924525, 0.8444150943396227, 0.4366792452830188], [0.9934716981132076, 0.41403773584905657, 1.0, 0.4432830188679244]], "class": 7}