{"image": "8bc5ccf7-759c-11ee-a6bc-fcb3bc5cd112.jpg", "bboxes": [[0.9490126582278483, 0.6335189873417721, 1.0, 0.722126582278481], [0.8515443037974685, 0.6284556962025315, 0.9452151898734178, 0.7157974683544304], [0.9164905660377358, 0.43699999999999994, 0.948566037735849, 0.4709622641509434], [0.8881886792452829, 0.43794339622641504, 0.9193207547169812, 0.4737924528301886], [0.6561132075471697, 0.4398301886792452, 0.6853584905660377, 0.47001886792452824], [0.6315849056603773, 0.4398301886792452, 0.6608301886792453, 0.4756792452830188], [0.4570566037735849, 0.45303773584905654, 0.4825283018867924, 0.48228301886792446], [0.428754716981132, 0.45115094339622636, 0.45894339622641506, 0.4832264150943396], [0.32969811320754716, 0.4285094339622641, 0.35516981132075465, 0.45303773584905654], [0.30988679245283013, 0.4285094339622641, 0.3334716981132075, 0.4558679245283018]], "class": 10}