{"image": "8bc5ccf7-759c-11ee-a6bc-fcb3bc5cd112.jpg", "bboxes": [[0.4274430379746834, 0.6115189873417721, 0.5109873417721518, 0.700126582278481], [0.5147848101265822, 0.6064556962025315, 0.6084556962025315, 0.6937974683544305], [0.511433962264151, 0.4149999999999999, 0.5435094339622641, 0.44896226415094337], [0.5406792452830189, 0.415943396226415, 0.5718113207547171, 0.4517924528301886], [0.7746415094339623, 0.4178301886792452, 0.8038867924528302, 0.4480188679245283], [0.7991698113207548, 0.4178301886792452, 0.8284150943396227, 0.45367924528301884], [0.9774716981132076, 0.4310377358490566, 1.0, 0.46028301886792444]], "class": 7}