{"image": "8bc5ccf7-759c-11ee-a6bc-fcb3bc5cd112.jpg", "bboxes": [[0.021443037974683388, 0.6275189873417721, 0.10498734177215174, 0.716126582278481], [0.10878481012658225, 0.6224556962025315, 0.20245569620253145, 0.7097974683544304], [0.10543396226415103, 0.43099999999999994, 0.13750943396226423, 0.4649622641509434], [0.1346792452830189, 0.43194339622641503, 0.16581132075471716, 0.4677924528301886], [0.36864150943396223, 0.4338301886792452, 0.3978867924528303, 0.46401886792452823], [0.3931698113207548, 0.4338301886792452, 0.42241509433962265, 0.4696792452830188], [0.5714716981132075, 0.44703773584905654, 0.596943396226415, 0.47628301886792446], [0.5950566037735849, 0.44515094339622635, 0.625245283018868, 0.4772264150943396], [0.6988301886792454, 0.4225094339622641, 0.7243018867924529, 0.44703773584905654], [0.7205283018867925, 0.4225094339622641, 0.7441132075471699, 0.4498679245283018]], "class": 10}