{"image": "8bc5ccf7-759c-11ee-a6bc-fcb3bc5cd112.jpg", "bboxes": [[0.0736415094339623, 0.5689811320754717, 0.10288679245283028, 0.5991698113207548], [0.09816981132075475, 0.5633207547169812, 0.12741509433962261, 0.5991698113207548], [0.2764716981132076, 0.5567169811320756, 0.3019433962264151, 0.5859622641509434], [0.3000566037735849, 0.5557735849056604, 0.330245283018868, 0.5878490566037736], [0.40383018867924536, 0.5859622641509434, 0.42930188679245285, 0.6104905660377359], [0.42552830188679247, 0.5831320754716982, 0.4491132075471699, 0.6104905660377359]], "class": 6}