{"image": "8bc5ccf7-759c-11ee-a6bc-fcb3bc5cd112.jpg", "bboxes": [[0.0, 0.2582025316455696, 0.01645569620253151, 0.3455443037974685], [0.1826415094339623, 0.5039811320754717, 0.21188679245283026, 0.5341698113207547], [0.20716981132075474, 0.49832075471698123, 0.2364150943396227, 0.5341698113207547], [0.3854716981132076, 0.4917169811320755, 0.41094339622641507, 0.5209622641509435], [0.4090566037735849, 0.49077358490566036, 0.439245283018868, 0.5228490566037736], [0.5128301886792453, 0.5209622641509435, 0.5383018867924528, 0.5454905660377358], [0.5345283018867926, 0.5181320754716982, 0.5581132075471699, 0.5454905660377358]], "class": 7}