{"image": "8bc5ccf7-759c-11ee-a6bc-fcb3bc5cd112.jpg", "bboxes": [[0.0, 0.6414556962025315, 0.030455696202531524, 0.7287974683544304], [0.1966415094339623, 0.45283018867924524, 0.22588679245283028, 0.48301886792452825], [0.22116981132075475, 0.45283018867924524, 0.2504150943396227, 0.4886792452830188], [0.3994716981132076, 0.46603773584905656, 0.4249433962264151, 0.4952830188679245], [0.4230566037735849, 0.46415094339622637, 0.453245283018868, 0.49622641509433957], [0.5268301886792454, 0.4415094339622641, 0.5523018867924528, 0.46603773584905656], [0.5485283018867926, 0.4415094339622641, 0.5721132075471699, 0.46886792452830184]], "class": 7}