{"image": "8bc5ccf7-759c-11ee-a6bc-fcb3bc5cd112.jpg", "bboxes": [[0.10644303797468346, 0.24987341772151894, 0.1899873417721517, 0.33848101265822783], [0.19378481012658222, 0.2562025316455696, 0.28745569620253153, 0.3435443037974685], [0.190433962264151, 0.5010377358490566, 0.2225094339622642, 0.535], [0.21967924528301885, 0.4982075471698114, 0.2508113207547171, 0.534056603773585], [0.4536415094339623, 0.5019811320754717, 0.4828867924528303, 0.5321698113207547], [0.47816981132075476, 0.4963207547169812, 0.5074150943396227, 0.5321698113207547], [0.6564716981132076, 0.4897169811320755, 0.6819433962264151, 0.5189622641509435], [0.6800566037735849, 0.48877358490566036, 0.710245283018868, 0.5208490566037737], [0.7838301886792454, 0.5189622641509435, 0.8093018867924529, 0.5434905660377358], [0.8055283018867925, 0.5161320754716981, 0.8291132075471699, 0.5434905660377358]], "class": 10}