{"image": "8bc5ccf7-759c-11ee-a6bc-fcb3bc5cd112.jpg", "bboxes": [[0.5530126582278483, 0.25987341772151895, 0.6365569620253165, 0.34848101265822784], [0.4555443037974685, 0.2662025316455696, 0.5492151898734178, 0.3535443037974685], [0.5204905660377358, 0.5110377358490565, 0.552566037735849, 0.545], [0.49218867924528287, 0.5082075471698113, 0.5233207547169811, 0.544056603773585], [0.2601132075471697, 0.5119811320754717, 0.28935849056603774, 0.5421698113207547], [0.23558490566037732, 0.5063207547169812, 0.26483018867924524, 0.5421698113207547], [0.061056603773584926, 0.4997169811320755, 0.0865283018867924, 0.5289622641509435], [0.03275471698113199, 0.49877358490566037, 0.06294339622641508, 0.5308490566037736]], "class": 8}