{"image": "8bc5ccf7-759c-11ee-a6bc-fcb3bc5cd112.jpg", "bboxes": [[0.6540126582278483, 0.27187341772151896, 0.7375569620253166, 0.36048101265822785], [0.5565443037974686, 0.27820253164556963, 0.6502151898734178, 0.3655443037974685], [0.6214905660377358, 0.5230377358490566, 0.653566037735849, 0.557], [0.5931886792452828, 0.5202075471698113, 0.6243207547169811, 0.556056603773585], [0.36111320754716975, 0.5239811320754717, 0.3903584905660377, 0.5541698113207547], [0.33658490566037735, 0.5183207547169812, 0.3658301886792452, 0.5541698113207547], [0.1620566037735849, 0.5117169811320755, 0.1875283018867924, 0.5409622641509435], [0.133754716981132, 0.5107735849056605, 0.16394339622641507, 0.5428490566037736], [0.034698113207547183, 0.5409622641509435, 0.06016981132075466, 0.5654905660377358], [0.01488679245283015, 0.5381320754716982, 0.038471698113207484, 0.5654905660377358]], "class": 10}