{"image": "8c4727ec-759a-11ee-b847-fcb3bc5cd112.jpg", "bboxes": [[0.4340886075949365, 0.19313924050632914, 0.5657341772151898, 0.35643037974683545], [0.5606708860759493, 0.2032658227848101, 0.6961139240506329, 0.35263291139240505], [0.5201645569620253, 0.4551645569620254, 0.5834556962025317, 0.522253164556962]], "class": 3}