{"image": "8c4727ec-759a-11ee-b847-fcb3bc5cd112.jpg", "bboxes": [[0.21726582278481021, 0.6435696202531646, 0.34891139240506347, 0.8068607594936709], [0.08688607594936718, 0.647367088607595, 0.22232911392405072, 0.7967341772151899], [0.19954430379746838, 0.477746835443038, 0.2628354430379746, 0.5448354430379746]], "class": 3}