{"image": "8c4727ec-759a-11ee-b847-fcb3bc5cd112.jpg", "bboxes": [[0.10226582278481021, 0.17913924050632912, 0.23391139240506345, 0.34243037974683543], [0.0, 0.18926582278481008, 0.10732911392405071, 0.33863291139240503], [0.08454430379746838, 0.4411645569620254, 0.14783544303797463, 0.508253164556962]], "class": 3}