{"image": "8c4727ec-759a-11ee-b847-fcb3bc5cd112.jpg", "bboxes": [[0.037088607594936596, 0.21313924050632904, 0.1687341772151898, 0.37643037974683546], [0.16367088607594926, 0.2232658227848101, 0.29911392405063286, 0.37263291139240506], [0.12316455696202533, 0.4751645569620253, 0.18645569620253166, 0.542253164556962]], "class": 3}