{"image": "8c4727ec-759a-11ee-b847-fcb3bc5cd112.jpg", "bboxes": [[0.42526582278481023, 0.6085696202531645, 0.5569113924050635, 0.771860759493671], [0.29488607594936717, 0.6123670886075949, 0.4303291139240507, 0.7617341772151899], [0.40754430379746837, 0.442746835443038, 0.47083544303797464, 0.5098354430379747]], "class": 3}