{"image": "8c4727ec-759a-11ee-b847-fcb3bc5cd112.jpg", "bboxes": [[0.3120886075949365, 0.6625696202531646, 0.4437341772151898, 0.8258607594936709], [0.4386708860759493, 0.666367088607595, 0.5741139240506328, 0.8157341772151899], [0.39816455696202535, 0.496746835443038, 0.4614556962025316, 0.5638354430379746]], "class": 3}