{"image": "8c4727ec-759a-11ee-b847-fcb3bc5cd112.jpg", "bboxes": [[0.26008860759493657, 0.6455696202531646, 0.39173417721518977, 0.8088607594936709], [0.38667088607594924, 0.649367088607595, 0.5221139240506328, 0.7987341772151899], [0.3461645569620253, 0.479746835443038, 0.40945569620253164, 0.5468354430379746]], "class": 3}