{"image": "8c4727ec-759a-11ee-b847-fcb3bc5cd112.jpg", "bboxes": [[0.1940886075949365, 0.6375696202531645, 0.3257341772151898, 0.8008607594936709], [0.3206708860759493, 0.641367088607595, 0.4561139240506328, 0.7907341772151899], [0.28016455696202536, 0.47174683544303797, 0.3434556962025316, 0.5388354430379746]], "class": 3}