{"image": "8c4727ec-759a-11ee-b847-fcb3bc5cd112.jpg", "bboxes": [[0.22408860759493654, 0.6535696202531646, 0.35573417721518974, 0.8168607594936709], [0.3506708860759493, 0.657367088607595, 0.4861139240506328, 0.8067341772151899], [0.3101645569620254, 0.487746835443038, 0.3734556962025316, 0.5548354430379746]], "class": 3}