{"image": "8c4727ec-759a-11ee-b847-fcb3bc5cd112.jpg", "bboxes": [[0.20808860759493653, 0.21513924050632904, 0.33973417721518984, 0.37843037974683547], [0.3346708860759493, 0.2252658227848101, 0.4701139240506328, 0.37463291139240507], [0.29416455696202537, 0.4771645569620253, 0.3574556962025316, 0.544253164556962]], "class": 3}