{"image": "8d5227c1-759d-11ee-8164-fcb3bc5cd112.jpg", "bboxes": [[0.3835569620253166, 0.25617721518987346, 0.5519113924050635, 0.432126582278481], [0.22026582278481033, 0.25111392405063293, 0.4291265822784812, 0.43086075949367086]], "class": 2}