{"image": "8d5227c1-759d-11ee-8164-fcb3bc5cd112.jpg", "bboxes": [[0.6205569620253166, 0.24017721518987345, 0.7889113924050635, 0.416126582278481], [0.4572658227848103, 0.23511392405063292, 0.6661265822784812, 0.41486075949367096], [0.0, 0.5477721518987342, 0.06486075949367091, 0.6768860759493671]], "class": 3}