{"image": "8d5227c1-759d-11ee-8164-fcb3bc5cd112.jpg", "bboxes": [[0.12908860759493657, 0.573873417721519, 0.2974430379746834, 0.7498227848101265], [0.2518734177215187, 0.5751392405063291, 0.4607341772151897, 0.7548860759493671], [0.853139240506329, 0.31311392405063293, 0.9670632911392405, 0.4422278481012658], [0.9493417721518986, 0.31058227848101266, 1.0, 0.4270379746835443]], "class": 4}