{"image": "8d5227c1-759d-11ee-8164-fcb3bc5cd112.jpg", "bboxes": [[0.0, 0.2741772151898735, 0.14144303797468338, 0.450126582278481], [0.0958734177215188, 0.26911392405063295, 0.3047341772151897, 0.4488607594936709], [0.697139240506329, 0.5817721518987342, 0.8110632911392405, 0.7108860759493671], [0.7933417721518987, 0.5969620253164557, 0.9249873417721518, 0.7134177215189873]], "class": 4}