{"image": "8d5227c1-759d-11ee-8164-fcb3bc5cd112.jpg", "bboxes": [[0.38008860759493657, 0.23717721518987345, 0.5484430379746834, 0.413126582278481], [0.5028734177215188, 0.2321139240506329, 0.7117341772151897, 0.41186075949367096]], "class": 2}