{"image": "8d5227c1-759d-11ee-8164-fcb3bc5cd112.jpg", "bboxes": [[0.0, 0.22317721518987343, 0.051443037974683414, 0.39912658227848097], [0.0058734177215187255, 0.2181139240506329, 0.21473417721518973, 0.39786075949367095], [0.6071392405063292, 0.5307721518987342, 0.7210632911392405, 0.659886075949367], [0.7033417721518986, 0.5459620253164557, 0.8349873417721518, 0.6624177215189873]], "class": 4}