{"image": "8d5227c1-759d-11ee-8164-fcb3bc5cd112.jpg", "bboxes": [[0.9935569620253166, 0.610873417721519, 1.0, 0.7868227848101266], [0.8302658227848103, 0.6121392405063291, 1.0, 0.7918860759493671], [0.3239367088607595, 0.3501139240506329, 0.4378607594936709, 0.4792278481012658], [0.2100126582278482, 0.3475822784810127, 0.3416582278481013, 0.4640379746835443]], "class": 4}