{"image": "8d5227c1-759d-11ee-8164-fcb3bc5cd112.jpg", "bboxes": [[0.8175569620253166, 0.588873417721519, 0.9859113924050634, 0.7648227848101266], [0.6542658227848104, 0.590139240506329, 0.8631265822784813, 0.7698860759493671], [0.1479367088607595, 0.32811392405063294, 0.26186075949367094, 0.4572278481012658], [0.03401265822784819, 0.3255822784810127, 0.16565822784810133, 0.4420379746835443]], "class": 4}