{"image": "8d5227c1-759d-11ee-8164-fcb3bc5cd112.jpg", "bboxes": [[0.016088607594936577, 0.25017721518987346, 0.18444303797468342, 0.426126582278481], [0.13887341772151873, 0.24511392405063293, 0.3477341772151896, 0.42486075949367086], [0.7401392405063291, 0.5577721518987342, 0.8540632911392405, 0.6868860759493671], [0.8363417721518986, 0.5729620253164557, 0.9679873417721518, 0.6894177215189874]], "class": 4}