{"image": "8d5227c1-759d-11ee-8164-fcb3bc5cd112.jpg", "bboxes": [[0.0, 0.582139240506329, 0.032734177215189675, 0.7618860759493671], [0.4251392405063291, 0.32011392405063294, 0.5390632911392406, 0.4492278481012658], [0.5213417721518987, 0.31758227848101267, 0.6529873417721518, 0.43403797468354427]], "class": 3}