{"image": "8d5227c1-759d-11ee-8164-fcb3bc5cd112.jpg", "bboxes": [[0.32613924050632914, 0.5307721518987342, 0.4400632911392405, 0.659886075949367], [0.4223417721518987, 0.5459620253164557, 0.5539873417721518, 0.6624177215189873]], "class": 2}