{"image": "8d5227c1-759d-11ee-8164-fcb3bc5cd112.jpg", "bboxes": [[0.9445569620253166, 0.602873417721519, 1.0, 0.7788227848101266], [0.7812658227848103, 0.6041392405063291, 0.9901265822784813, 0.7838860759493671], [0.2749367088607595, 0.34211392405063296, 0.38886075949367094, 0.47122784810126583], [0.1610126582278482, 0.3395822784810127, 0.2926582278481013, 0.4560379746835443]], "class": 4}