{"image": "8d5227c1-759d-11ee-8164-fcb3bc5cd112.jpg", "bboxes": [[0.9865569620253166, 0.23517721518987345, 1.0, 0.411126582278481], [0.8232658227848103, 0.2301139240506329, 1.0, 0.40986075949367096], [0.3169367088607595, 0.5427721518987342, 0.4308607594936709, 0.671886075949367], [0.2030126582278482, 0.5579620253164557, 0.33465822784810134, 0.6744177215189873]], "class": 4}