{"image": "8d6fe3dc-759c-11ee-8740-fcb3bc5cd112.jpg", "bboxes": [[0.01100000000000001, 0.2948958333333333, 0.03600000000000003, 0.32510416666666664], [0.03079166666666655, 0.2969791666666667, 0.058916666666666506, 0.33239583333333333], [0.13287499999999997, 0.3417708333333333, 0.16516666666666646, 0.3834375], [0.16100000000000003, 0.3417708333333333, 0.19641666666666646, 0.3834375]], "class": 4}