{"image": "8d6fe3dc-759c-11ee-8740-fcb3bc5cd112.jpg", "bboxes": [[0.0010000000000000009, 0.2818958333333333, 0.026000000000000023, 0.3121041666666666], [0.02079166666666654, 0.28397916666666667, 0.0489166666666665, 0.3193958333333333], [0.12287499999999996, 0.3287708333333333, 0.15516666666666656, 0.3704375], [0.15100000000000002, 0.3287708333333333, 0.18641666666666656, 0.3704375]], "class": 4}