{"image": "8d6fe3dc-759c-11ee-8740-fcb3bc5cd112.jpg", "bboxes": [[0.953, 0.6738958333333334, 0.978, 0.7041041666666668], [0.9300833333333335, 0.6666041666666667, 0.9582083333333334, 0.7020208333333333], [0.8238333333333335, 0.6155625, 0.856125, 0.6572291666666668], [0.7925833333333335, 0.6155625, 0.828, 0.6572291666666668]], "class": 4}