{"image": "8d6fe3dc-759c-11ee-8740-fcb3bc5cd112.jpg", "bboxes": [[0.273, 0.26289583333333333, 0.29800000000000004, 0.2931041666666666], [0.29279166666666656, 0.2649791666666667, 0.3209166666666665, 0.3003958333333333], [0.394875, 0.30977083333333333, 0.4271666666666665, 0.3514375], [0.42300000000000004, 0.30977083333333333, 0.4584166666666665, 0.3514375]], "class": 4}