{"image": "8d6fe3dc-759c-11ee-8740-fcb3bc5cd112.jpg", "bboxes": [[0.897, 0.7038958333333334, 0.922, 0.7341041666666667], [0.8740833333333334, 0.6966041666666667, 0.9022083333333335, 0.7320208333333333], [0.7678333333333335, 0.6455625, 0.800125, 0.6872291666666667], [0.7365833333333335, 0.6455625, 0.772, 0.6872291666666667]], "class": 4}