{"image": "8d6fe3dc-759c-11ee-8740-fcb3bc5cd112.jpg", "bboxes": [[0.17700000000000005, 0.2608958333333333, 0.20199999999999996, 0.2911041666666666], [0.19679166666666648, 0.2629791666666667, 0.22491666666666654, 0.2983958333333333], [0.298875, 0.3077708333333333, 0.3311666666666665, 0.3494375], [0.32699999999999996, 0.3077708333333333, 0.3624166666666665, 0.3494375]], "class": 4}