{"image": "8d6fe3dc-759c-11ee-8740-fcb3bc5cd112.jpg", "bboxes": [[0.684, 0.7348958333333333, 0.709, 0.7651041666666667], [0.6610833333333335, 0.7276041666666666, 0.6892083333333335, 0.7630208333333333], [0.5548333333333335, 0.6765625, 0.587125, 0.7182291666666667], [0.5235833333333335, 0.6765625, 0.559, 0.7182291666666667]], "class": 4}