{"image": "8d6fe3dc-759c-11ee-8740-fcb3bc5cd112.jpg", "bboxes": [[0.775, 0.27289583333333334, 0.8, 0.3031041666666666], [0.7520833333333334, 0.27497916666666666, 0.7802083333333335, 0.3103958333333333], [0.6458333333333335, 0.31977083333333334, 0.678125, 0.3614375], [0.6145833333333335, 0.31977083333333334, 0.65, 0.3614375]], "class": 4}