{"image": "8d6fe3dc-759c-11ee-8740-fcb3bc5cd112.jpg", "bboxes": [[0.9278333333333335, 0.6425624999999999, 0.960125, 0.6842291666666667], [0.8965833333333335, 0.6425624999999999, 0.932, 0.6842291666666667]], "class": 2}