{"image": "8d6fe3dc-759c-11ee-8740-fcb3bc5cd112.jpg", "bboxes": [[0.827, 0.26289583333333333, 0.852, 0.2931041666666666], [0.8040833333333335, 0.2649791666666667, 0.8322083333333334, 0.3003958333333333], [0.6978333333333335, 0.30977083333333333, 0.730125, 0.3514375], [0.6665833333333335, 0.30977083333333333, 0.702, 0.3514375]], "class": 4}