{"image": "8d6fe3dc-759c-11ee-8740-fcb3bc5cd112.jpg", "bboxes": [[0.0, 0.6655625000000001, 0.027416666666666534, 0.7072291666666667]], "class": 1}