{"image": "8d6fe3dc-759c-11ee-8740-fcb3bc5cd112.jpg", "bboxes": [[0.9950833333333334, 0.2419791666666667, 1.0, 0.27739583333333334], [0.8888333333333335, 0.2867708333333333, 0.921125, 0.3284375], [0.8575833333333335, 0.2867708333333333, 0.893, 0.3284375]], "class": 3}