{"image": "8e25f4f3-6b46-11ee-9f0e-fcb3bc5cd112.jpg", "bboxes": [[0.025780487804878134, 0.411560975609756, 0.07456097560975627, 0.4664390243902439], [0.2916341463414633, 0.5786341463414635, 0.3172439024390244, 0.6018048780487805], [0.2721219512195121, 0.5749756097560976, 0.29407317073170725, 0.6018048780487805]], "class": 3}