{"image": "8e25f4f3-6b46-11ee-9f0e-fcb3bc5cd112.jpg", "bboxes": [[0.7584390243902437, 0.47456097560975613, 0.8072195121951219, 0.5294390243902439], [0.8974634146341463, 0.4087073170731707, 0.9267317073170731, 0.4562682926829268], [0.9267317073170731, 0.40992682926829266, 0.9620975609756097, 0.45139024390243904], [0.5157560975609756, 0.3391951219512195, 0.5413658536585367, 0.3623658536585365], [0.5389268292682927, 0.3391951219512195, 0.5608780487804879, 0.36602439024390243]], "class": 5}