{"image": "8e25f4f3-6b46-11ee-9f0e-fcb3bc5cd112.jpg", "bboxes": [[0.6024390243902438, 0.5115609756097561, 0.6512195121951219, 0.566439024390244], [0.7414634146341463, 0.44570731707317074, 0.7707317073170731, 0.4932682926829268], [0.7707317073170731, 0.44692682926829264, 0.8060975609756097, 0.488390243902439], [0.3597560975609756, 0.3761951219512195, 0.3853658536585367, 0.39936585365853655], [0.3829268292682928, 0.3761951219512195, 0.40487804878048794, 0.4030243902439024]], "class": 5}