{"image": "8e25f4f3-6b46-11ee-9f0e-fcb3bc5cd112.jpg", "bboxes": [[0.05643902439024373, 0.47656097560975613, 0.10521951219512182, 0.5314390243902439], [0.1954634146341463, 0.4107073170731707, 0.22473170731707304, 0.4582682926829268], [0.22473170731707304, 0.41192682926829266, 0.26009756097560965, 0.453390243902439]], "class": 3}