{"image": "8e25f4f3-6b46-11ee-9f0e-fcb3bc5cd112.jpg", "bboxes": [[0.35278048780487814, 0.42156097560975603, 0.4015609756097563, 0.4764390243902439], [0.23326829268292693, 0.49473170731707317, 0.2625365853658537, 0.5422926829268293], [0.19790243902439034, 0.499609756097561, 0.23326829268292693, 0.5410731707317074], [0.6186341463414633, 0.5886341463414635, 0.6442439024390244, 0.6118048780487805], [0.5991219512195121, 0.5849756097560976, 0.6210731707317072, 0.6118048780487805]], "class": 5}