{"image": "8e25f4f3-6b46-11ee-9f0e-fcb3bc5cd112.jpg", "bboxes": [[0.22843902439024377, 0.43256097560975604, 0.27721951219512186, 0.4874390243902439], [0.3674634146341462, 0.5057317073170732, 0.3967317073170731, 0.5532926829268292], [0.3967317073170731, 0.510609756097561, 0.4320975609756097, 0.5520731707317074], [0.0, 0.5996341463414634, 0.011365853658536706, 0.6228048780487805], [0.008926829268292802, 0.5959756097560975, 0.030878048780487943, 0.6228048780487805]], "class": 5}