{"image": "8e25f4f3-6b46-11ee-9f0e-fcb3bc5cd112.jpg", "bboxes": [[0.34178048780487813, 0.5355609756097561, 0.3905609756097563, 0.590439024390244], [0.22226829268292692, 0.4697073170731707, 0.2515365853658537, 0.5172682926829268], [0.18690243902439033, 0.47092682926829266, 0.22226829268292692, 0.512390243902439], [0.6076341463414633, 0.4001951219512195, 0.6332439024390244, 0.4233658536585365], [0.588121951219512, 0.4001951219512195, 0.6100731707317073, 0.42702439024390243]], "class": 5}