{"image": "8e25f4f3-6b46-11ee-9f0e-fcb3bc5cd112.jpg", "bboxes": [[0.9374390243902437, 0.414560975609756, 0.9862195121951218, 0.4694390243902439], [0.6947560975609757, 0.5816341463414635, 0.7203658536585367, 0.6048048780487805], [0.7179268292682928, 0.5779756097560975, 0.7398780487804879, 0.6048048780487805]], "class": 3}