{"image": "8e25f4f3-6b46-11ee-9f0e-fcb3bc5cd112.jpg", "bboxes": [[0.3367804878048781, 0.45756097560975617, 0.3855609756097563, 0.5124390243902439], [0.21726829268292694, 0.3917073170731707, 0.24653658536585374, 0.43926829268292683], [0.18190243902439032, 0.39292682926829264, 0.21726829268292694, 0.434390243902439], [0.6026341463414633, 0.3221951219512195, 0.6282439024390244, 0.34536585365853656], [0.583121951219512, 0.3221951219512195, 0.6050731707317073, 0.3490243902439024]], "class": 5}