{"image": "8e25f4f3-6b46-11ee-9f0e-fcb3bc5cd112.jpg", "bboxes": [[0.8034390243902437, 0.5005609756097562, 0.8522195121951219, 0.555439024390244], [0.9424634146341463, 0.43470731707317073, 0.971731707317073, 0.4822682926829268], [0.971731707317073, 0.4359268292682926, 1.0, 0.477390243902439], [0.5607560975609756, 0.3651951219512195, 0.5863658536585368, 0.38836585365853654], [0.5839268292682928, 0.3651951219512195, 0.6058780487804879, 0.3920243902439024]], "class": 5}