{"image": "8e25f4f3-6b46-11ee-9f0e-fcb3bc5cd112.jpg", "bboxes": [[0.42678048780487815, 0.5355609756097561, 0.47556097560975624, 0.590439024390244], [0.30726829268292694, 0.4697073170731707, 0.33653658536585374, 0.5172682926829268], [0.2719024390243903, 0.47092682926829266, 0.30726829268292694, 0.512390243902439], [0.6926341463414633, 0.4001951219512195, 0.7182439024390244, 0.4233658536585365], [0.6731219512195121, 0.4001951219512195, 0.6950731707317073, 0.42702439024390243]], "class": 5}