{"image": "8e984227-759a-11ee-89df-fcb3bc5cd112.jpg", "bboxes": [[0.0, 0.545253164556962, 0.06636708860759477, 0.6338607594936709], [0.05877215189873408, 0.5566455696202531, 0.1372531645569618, 0.6465189873417722], [0.3195316455696202, 0.3857594936708861, 0.3726962025316456, 0.455379746835443], [0.3688987341772152, 0.3857594936708861, 0.4347215189873417, 0.4541139240506329]], "class": 4}