{"image": "8e984227-759a-11ee-89df-fcb3bc5cd112.jpg", "bboxes": [[0.7364177215189873, 0.35813924050632906, 0.8123670886075947, 0.44674683544303795], [0.8047721518987341, 0.34548101265822784, 0.8832531645569618, 0.43535443037974686]], "class": 2}