{"image": "8e984227-759a-11ee-89df-fcb3bc5cd112.jpg", "bboxes": [[0.059417721518987276, 0.531253164556962, 0.13536708860759472, 0.6198607594936709], [0.12777215189873414, 0.5426455696202531, 0.20625316455696174, 0.6325189873417721], [0.38853164556962017, 0.37175949367088607, 0.44169620253164554, 0.441379746835443], [0.43789873417721514, 0.37175949367088607, 0.5037215189873416, 0.4401139240506329]], "class": 4}