{"image": "8e984227-759a-11ee-89df-fcb3bc5cd112.jpg", "bboxes": [[0.4494177215189873, 0.4131392405063291, 0.5253670886075947, 0.501746835443038], [0.5177721518987342, 0.4004810126582279, 0.5962531645569618, 0.4903544303797469], [0.7785316455696202, 0.5916202531645569, 0.8316962025316456, 0.661240506329114], [0.8278987341772152, 0.5928860759493672, 0.8937215189873418, 0.661240506329114]], "class": 4}