{"image": "8e984227-759a-11ee-89df-fcb3bc5cd112.jpg", "bboxes": [[0.6174177215189873, 0.36213924050632906, 0.6933670886075947, 0.45074683544303795], [0.6857721518987341, 0.34948101265822784, 0.7642531645569618, 0.43935443037974686], [0.9465316455696202, 0.540620253164557, 0.9996962025316456, 0.6102405063291139], [0.9958987341772152, 0.5418860759493671, 1.0, 0.6102405063291139]], "class": 4}