{"image": "8e984227-759a-11ee-89df-fcb3bc5cd112.jpg", "bboxes": [[0.3846329113924053, 0.507253164556962, 0.46058227848101274, 0.5958607594936709], [0.3137468354430382, 0.5186455696202531, 0.3922278481012659, 0.6085189873417721], [0.07830379746835445, 0.34775949367088604, 0.1314683544303798, 0.41737974683544304], [0.01627848101265829, 0.34775949367088604, 0.08210126582278485, 0.41611392405063286]], "class": 4}