{"image": "8e984227-759a-11ee-89df-fcb3bc5cd112.jpg", "bboxes": [[0.9867468354430382, 0.5706455696202531, 1.0, 0.6605189873417722], [0.7513037974683544, 0.39975949367088603, 0.8044683544303798, 0.46937974683544303], [0.6892784810126583, 0.39975949367088603, 0.7551012658227848, 0.4681139240506329]], "class": 3}