{"image": "8e984227-759a-11ee-89df-fcb3bc5cd112.jpg", "bboxes": [[0.8286329113924052, 0.3841392405063291, 0.9045822784810127, 0.47274683544303797], [0.7577468354430382, 0.37148101265822786, 0.8362278481012658, 0.4613544303797469], [0.5223037974683544, 0.562620253164557, 0.5754683544303798, 0.6322405063291139], [0.4602784810126583, 0.5638860759493671, 0.5261012658227848, 0.6322405063291139]], "class": 4}