{"image": "8e984227-759a-11ee-89df-fcb3bc5cd112.jpg", "bboxes": [[0.5864177215189872, 0.533253164556962, 0.6623670886075947, 0.6218607594936709], [0.6547721518987342, 0.5446455696202531, 0.7332531645569618, 0.6345189873417721], [0.9155316455696202, 0.37375949367088607, 0.9686962025316456, 0.443379746835443], [0.9648987341772152, 0.37375949367088607, 1.0, 0.4421139240506329]], "class": 4}