{"image": "8f46b6b8-759c-11ee-bc51-fcb3bc5cd112.jpg", "bboxes": [[0.5119367088607596, 0.5573037974683545, 0.5524430379746836, 0.6066708860759494], [0.4802911392405065, 0.5611012658227847, 0.5157341772151901, 0.6054050632911392], [0.7764936708860762, 0.4699620253164557, 0.8018101265822786, 0.5003417721518987], [0.7600379746835445, 0.4724936708860759, 0.7828227848101267, 0.5016075949367089], [0.6032264150943395, 0.4615849056603773, 0.619264150943396, 0.48233962264150937], [0.5890754716981133, 0.4596981132075471, 0.6060566037735848, 0.48611320754716975], [0.44096226415094336, 0.4361132075471698, 0.4645471698113206, 0.458754716981132]], "class": 7}