{"image": "8f46b6b8-759c-11ee-bc51-fcb3bc5cd112.jpg", "bboxes": [[0.6125569620253164, 0.4463291139240506, 0.6530632911392404, 0.4956962025316456], [0.6492658227848098, 0.44759493670886086, 0.6847088607594936, 0.4918987341772153], [0.36318987341772135, 0.5526582278481014, 0.3885063291139238, 0.5830379746835443], [0.38217721518987335, 0.5513924050632911, 0.40496202531645553, 0.5805063291139241], [0.5457358490566039, 0.5706603773584906, 0.5617735849056605, 0.5914150943396228], [0.5589433962264152, 0.5668867924528302, 0.5759245283018868, 0.5933018867924529], [0.7004528301886794, 0.594245283018868, 0.7240377358490566, 0.6168867924528302]], "class": 7}