{"image": "8f46b6b8-759c-11ee-bc51-fcb3bc5cd112.jpg", "bboxes": [[0.0, 0.4323291139240506, 0.019063291139240435, 0.4816962025316456], [0.015265822784809924, 0.43359493670886085, 0.050708860759493546, 0.4778987341772153], [0.06645283018867942, 0.580245283018868, 0.09003773584905661, 0.6028867924528303]], "class": 3}