{"image": "8f46b6b8-759c-11ee-bc51-fcb3bc5cd112.jpg", "bboxes": [[0.0, 0.41659493670886083, 0.0017088607594935024, 0.4608987341772153], [0.01745283018867938, 0.563245283018868, 0.04103773584905657, 0.5858867924528302]], "class": 2}