{"image": "8f46b6b8-759c-11ee-bc51-fcb3bc5cd112.jpg", "bboxes": [[0.9789622641509433, 0.38711320754716977, 1.0, 0.409754716981132]], "class": 1}