{"image": "8f46b6b8-759c-11ee-bc51-fcb3bc5cd112.jpg", "bboxes": [[0.2119367088607596, 0.5113037974683544, 0.25244303797468365, 0.5606708860759494], [0.1802911392405065, 0.5151012658227847, 0.21573417721519014, 0.5594050632911391], [0.4764936708860762, 0.4239620253164557, 0.5018101265822786, 0.4543417721518987], [0.46003797468354446, 0.4264936708860759, 0.4828227848101267, 0.4556075949367089], [0.30322641509433945, 0.41558490566037726, 0.3192641509433961, 0.4363396226415094], [0.2890754716981132, 0.4136981132075471, 0.3060566037735848, 0.44011320754716976], [0.14096226415094337, 0.39011320754716977, 0.1645471698113206, 0.412754716981132]], "class": 7}