{"image": "8f46b6b8-759c-11ee-bc51-fcb3bc5cd112.jpg", "bboxes": [[0.3715569620253164, 0.39732911392405057, 0.41206329113924034, 0.44669620253164555], [0.40826582278480983, 0.3985949367088608, 0.44370886075949356, 0.44289873417721526], [0.12218987341772136, 0.5036582278481013, 0.1475063291139238, 0.5340379746835443], [0.14117721518987336, 0.5023924050632911, 0.16396202531645554, 0.5315063291139241], [0.3047358490566039, 0.5216603773584907, 0.32077358490566055, 0.5424150943396226], [0.3179433962264152, 0.5178867924528303, 0.3349245283018868, 0.544301886792453], [0.45945283018867944, 0.545245283018868, 0.4830377358490566, 0.5678867924528301]], "class": 7}