{"image": "8f46b6b8-759c-11ee-bc51-fcb3bc5cd112.jpg", "bboxes": [[0.9859367088607596, 0.4433291139240506, 1.0, 0.4926962025316456], [0.9542911392405065, 0.44459493670886086, 0.9897341772151901, 0.4888987341772153], [0.9149622641509434, 0.591245283018868, 0.9385471698113206, 0.6138867924528302]], "class": 3}