{"image": "910d57b4-759a-11ee-b35b-fcb3bc5cd112.jpg", "bboxes": [[0.22475949367088618, 0.615746835443038, 0.274126582278481, 0.6841012658227847], [0.1715949367088608, 0.6081518987341772, 0.2348860759493672, 0.6739746835443038], [0.3779240506329114, 0.7334683544303797, 0.42222784810126585, 0.7790379746835443]], "class": 3}