{"image": "910d57b4-759a-11ee-b35b-fcb3bc5cd112.jpg", "bboxes": [[0.41275949367088616, 0.3578987341772152, 0.462126582278481, 0.426253164556962], [0.35959493670886084, 0.3680253164556962, 0.42288607594936717, 0.43384810126582285], [0.5659240506329114, 0.2629620253164557, 0.6102278481012658, 0.30853164556962026]], "class": 3}