{"image": "910d57b4-759a-11ee-b35b-fcb3bc5cd112.jpg", "bboxes": [[0.9027721518987342, 0.2469620253164557, 0.9470759493670886, 0.29253164556962025]], "class": 1}