{"image": "910d57b4-759a-11ee-b35b-fcb3bc5cd112.jpg", "bboxes": [[0.2577594936708862, 0.544746835443038, 0.307126582278481, 0.6131012658227848], [0.2045949367088608, 0.5371518987341772, 0.2678860759493672, 0.6029746835443037], [0.41092405063291143, 0.6624683544303798, 0.4552278481012659, 0.7080379746835443]], "class": 3}