{"image": "910d57b4-759a-11ee-b35b-fcb3bc5cd112.jpg", "bboxes": [[0.6008734177215189, 0.5707468354430381, 0.6502405063291139, 0.6391012658227848], [0.6401139240506328, 0.5631518987341771, 0.7034050632911392, 0.6289746835443037], [0.4527721518987341, 0.6884683544303798, 0.49707594936708854, 0.7340379746835444]], "class": 3}