{"image": "910d57b4-759a-11ee-b35b-fcb3bc5cd112.jpg", "bboxes": [[0.2537594936708862, 0.3318987341772152, 0.303126582278481, 0.400253164556962], [0.2005949367088608, 0.3420253164556962, 0.2638860759493672, 0.4078481012658228], [0.4069240506329114, 0.23696202531645572, 0.45122784810126587, 0.28253164556962024]], "class": 3}