{"image": "910d57b4-759a-11ee-b35b-fcb3bc5cd112.jpg", "bboxes": [[0.734873417721519, 0.3348987341772152, 0.7842405063291138, 0.40325316455696203], [0.7741139240506328, 0.34502531645569623, 0.8374050632911392, 0.41084810126582283], [0.5867721518987341, 0.23996202531645572, 0.6310759493670886, 0.28553164556962024]], "class": 3}