{"image": "910d57b4-759a-11ee-b35b-fcb3bc5cd112.jpg", "bboxes": [[0.10375949367088617, 0.3878987341772152, 0.153126582278481, 0.456253164556962], [0.05059493670886082, 0.3980253164556962, 0.11388607594936719, 0.4638481012658228], [0.2569240506329114, 0.2929620253164557, 0.30122784810126585, 0.33853164556962023]], "class": 3}