{"image": "910d57b4-759a-11ee-b35b-fcb3bc5cd112.jpg", "bboxes": [[0.703873417721519, 0.5417468354430379, 0.7532405063291139, 0.6101012658227848], [0.7431139240506328, 0.5341518987341771, 0.8064050632911391, 0.5999746835443038], [0.5557721518987342, 0.6594683544303798, 0.6000759493670886, 0.7050379746835442]], "class": 3}