{"image": "910d57b4-759a-11ee-b35b-fcb3bc5cd112.jpg", "bboxes": [[0.04692405063291142, 0.6984683544303798, 0.09122784810126586, 0.7440379746835443]], "class": 1}