{"image": "91254e43-759c-11ee-88ee-fcb3bc5cd112.jpg", "bboxes": [[0.43079746835443034, 0.5059367088607595, 0.46244303797468356, 0.5515063291139242], [0.4599113924050632, 0.5084683544303799, 0.4953544303797468, 0.5502405063291139], [0.5067468354430379, 0.5932784810126582, 0.5345949367088607, 0.6223924050632912], [0.52826582278481, 0.5958101265822785, 0.5535822784810125, 0.6185949367088608], [0.6004177215189872, 0.5844177215189874, 0.6282658227848099, 0.6122658227848101], [0.07130379746835436, 0.5818860759493671, 0.10168354430379745, 0.6122658227848101]], "class": 6}