{"image": "91254e43-759c-11ee-88ee-fcb3bc5cd112.jpg", "bboxes": [[0.4605569620253165, 0.47193670886075945, 0.4922025316455697, 0.5175063291139241], [0.42764556962025324, 0.4744683544303798, 0.46308860759493675, 0.516240506329114], [0.3884050632911393, 0.5592784810126583, 0.41625316455696215, 0.5883924050632912], [0.36941772151898744, 0.5618101265822785, 0.3947341772151899, 0.5845949367088608], [0.29473417721519, 0.5504177215189874, 0.32258227848101273, 0.5782658227848101], [0.8213164556962025, 0.5478860759493671, 0.8516962025316457, 0.5782658227848101], [0.9251139240506332, 0.5200379746835443, 0.9567594936708863, 0.5554810126582279]], "class": 7}