{"image": "91254e43-759c-11ee-88ee-fcb3bc5cd112.jpg", "bboxes": [[0.16455696202531647, 0.4444936708860759, 0.1962025316455697, 0.4900632911392405], [0.13164556962025323, 0.4457594936708861, 0.16708860759493677, 0.4875316455696202], [0.0924050632911393, 0.3736075949367088, 0.12025316455696214, 0.40272151898734176], [0.07341772151898743, 0.37740506329113926, 0.0987341772151899, 0.4001898734177215], [0.0, 0.3837341772151898, 0.026582278481012737, 0.41158227848101264], [0.5253164556962026, 0.3837341772151898, 0.5556962025316456, 0.41411392405063285], [0.6291139240506332, 0.4065189873417721, 0.6607594936708863, 0.44196202531645573], [0.9101265822784812, 0.485, 0.9620253164556963, 0.5470253164556962], [0.9556962025316457, 0.4887974683544304, 1.0, 0.5634810126582279], [0.9417721518987343, 0.38879746835443035, 0.9632911392405065, 0.41537974683544304]], "class": 10}