{"image": "91254e43-759c-11ee-88ee-fcb3bc5cd112.jpg", "bboxes": [[0.6953037974683544, 0.43373417721518986, 0.7256835443037974, 0.4641139240506329], [0.5902405063291137, 0.4565189873417721, 0.6218860759493668, 0.4919620253164557], [0.28897468354430367, 0.535, 0.3408734177215188, 0.5970253164556961], [0.23707594936708842, 0.5387974683544304, 0.29530379746835433, 0.6134810126582279], [0.09403797468354425, 0.5020886075949367, 0.13201265822784802, 0.5489240506329115], [0.06745569620253145, 0.5046202531645569, 0.10163291139240505, 0.5527215189873418], [0.28770886075949353, 0.43879746835443034, 0.3092278481012657, 0.46537974683544303], [0.18644303797468342, 0.43879746835443034, 0.21429113924050625, 0.4704430379746835]], "class": 8}