{"image": "91254e43-759c-11ee-88ee-fcb3bc5cd112.jpg", "bboxes": [[0.4035569620253165, 0.4574936708860759, 0.4352025316455697, 0.5030632911392405], [0.37064556962025325, 0.45875949367088603, 0.40608860759493676, 0.5005316455696202], [0.3314050632911393, 0.3866075949367088, 0.35925316455696216, 0.4157215189873418], [0.31241772151898745, 0.3904050632911392, 0.3377341772151899, 0.4131898734177215], [0.23773417721519002, 0.39673417721518983, 0.26558227848101273, 0.4245822784810126], [0.7643164556962025, 0.39673417721518983, 0.7946962025316456, 0.42711392405063286], [0.8681139240506331, 0.4195189873417721, 0.8997594936708863, 0.4549620253164557]], "class": 7}