{"image": "91254e43-759c-11ee-88ee-fcb3bc5cd112.jpg", "bboxes": [[0.4045569620253165, 0.43049367088607593, 0.4362025316455697, 0.4760632911392405], [0.37164556962025325, 0.43175949367088606, 0.40708860759493676, 0.4735316455696202], [0.3324050632911393, 0.35960759493670885, 0.36025316455696216, 0.38872151898734175], [0.31341772151898745, 0.36340506329113925, 0.3387341772151899, 0.38618987341772154], [0.23873417721519002, 0.36973417721518986, 0.26658227848101274, 0.39758227848101263], [0.7653164556962025, 0.36973417721518986, 0.7956962025316456, 0.4001139240506329], [0.8691139240506331, 0.3925189873417721, 0.9007594936708863, 0.4279620253164557]], "class": 7}