{"image": "91254e43-759c-11ee-88ee-fcb3bc5cd112.jpg", "bboxes": [[0.4117974683544303, 0.5179367088607595, 0.44344303797468354, 0.5635063291139242], [0.4409113924050633, 0.5204683544303799, 0.4763544303797468, 0.5622405063291139], [0.4877468354430379, 0.6052784810126582, 0.5155949367088607, 0.6343924050632912], [0.5092658227848101, 0.6078101265822785, 0.5345822784810126, 0.6305949367088608], [0.5814177215189873, 0.5964177215189874, 0.60926582278481, 0.6242658227848101], [0.05230379746835434, 0.5938860759493672, 0.08268354430379743, 0.6242658227848101]], "class": 6}