{"image": "91254e43-759c-11ee-88ee-fcb3bc5cd112.jpg", "bboxes": [[0.8303037974683544, 0.36973417721518986, 0.8606835443037975, 0.4001139240506329], [0.7252405063291136, 0.3925189873417721, 0.7568860759493669, 0.4279620253164557], [0.42397468354430357, 0.471, 0.4758734177215188, 0.5330253164556962], [0.37207594936708843, 0.47479746835443043, 0.43030379746835434, 0.5494810126582279], [0.22903797468354425, 0.4380886075949367, 0.26701265822784803, 0.48492405063291155], [0.20245569620253145, 0.440620253164557, 0.23663291139240505, 0.48872151898734184], [0.42270886075949354, 0.37479746835443034, 0.4442278481012656, 0.40137974683544303], [0.32144303797468343, 0.37479746835443034, 0.34929113924050625, 0.4064430379746835]], "class": 8}