{"image": "93738102-6b43-11ee-9059-fcb3bc5cd112.jpg", "bboxes": [[0.2987317073170732, 0.5282926829268293, 0.42556097560975603, 0.661219512195122], [0.1828780487804877, 0.535609756097561, 0.3011707317073169, 0.6673170731707316], [0.45239024390243887, 0.6465853658536586, 0.5414146341463413, 0.7392682926829268], [0.0, 0.6563414634146342, 0.048731707317073186, 0.7526829268292683]], "class": 4}