{"image": "93738102-6b43-11ee-9059-fcb3bc5cd112.jpg", "bboxes": [[0.485439024390244, 0.5702926829268293, 0.6122682926829268, 0.7032195121951219], [0.6098292682926831, 0.577609756097561, 0.7281219512195123, 0.7093170731707317], [0.36958536585365864, 0.6885853658536586, 0.45860975609756105, 0.7812682926829269], [0.8622682926829268, 0.6983414634146341, 0.9476341463414634, 0.7946829268292683], [0.9500731707317073, 0.7068780487804878, 1.0, 0.7946829268292683]], "class": 5}