{"image": "93738102-6b43-11ee-9059-fcb3bc5cd112.jpg", "bboxes": [[0.9928780487804877, 0.5726097560975609, 1.0, 0.7043170731707318], [0.7733658536585366, 0.6933414634146342, 0.8587317073170732, 0.7896829268292683], [0.6916585365853659, 0.7018780487804879, 0.7709268292682927, 0.7896829268292683], [0.5294634146341464, 0.7640731707317073, 0.5770243902439025, 0.821390243902439], [0.5831219512195123, 0.7616341463414634, 0.639219512195122, 0.8250487804878048]], "class": 5}