{"image": "93738102-6b43-11ee-9059-fcb3bc5cd112.jpg", "bboxes": [[0.560439024390244, 0.5682926829268293, 0.6872682926829268, 0.7012195121951219], [0.6848292682926831, 0.575609756097561, 0.8031219512195122, 0.7073170731707317], [0.4445853658536587, 0.6865853658536586, 0.5336097560975611, 0.7792682926829269], [0.9372682926829268, 0.6963414634146341, 1.0, 0.7926829268292683]], "class": 4}