{"image": "93738102-6b43-11ee-9059-fcb3bc5cd112.jpg", "bboxes": [[0.554439024390244, 0.5422926829268293, 0.6812682926829268, 0.675219512195122], [0.6788292682926831, 0.549609756097561, 0.7971219512195123, 0.6813170731707316], [0.4385853658536587, 0.6605853658536586, 0.5276097560975611, 0.7532682926829268], [0.9312682926829268, 0.6703414634146342, 1.0, 0.7666829268292683]], "class": 4}