{"image": "93738102-6b43-11ee-9059-fcb3bc5cd112.jpg", "bboxes": [[0.0, 0.262780487804878, 0.018268292682926845, 0.3957073170731707], [0.015829268292683052, 0.2566829268292683, 0.13412195121951231, 0.38839024390243904], [0.26826829268292685, 0.1713170731707317, 0.3536341463414634, 0.2676585365853658], [0.3560731707317073, 0.1713170731707317, 0.4353414634146341, 0.2591219512195122], [0.5499756097560975, 0.13960975609756096, 0.5975365853658536, 0.1969268292682927], [0.48778048780487804, 0.1359512195121951, 0.5438780487804877, 0.1993658536585366]], "class": 6}