{"image": "93738102-6b43-11ee-9059-fcb3bc5cd112.jpg", "bboxes": [[0.0014390243902439037, 0.330780487804878, 0.12826829268292683, 0.4637073170731707], [0.12582926829268304, 0.3246829268292683, 0.2441219512195123, 0.456390243902439], [0.37826829268292683, 0.2393170731707317, 0.4636341463414634, 0.3356585365853658], [0.4660731707317073, 0.2393170731707317, 0.5453414634146341, 0.3271219512195122], [0.6599756097560975, 0.20760975609756097, 0.7075365853658536, 0.2649268292682927], [0.597780487804878, 0.2039512195121951, 0.6538780487804876, 0.2673658536585366]], "class": 6}