{"image": "93738102-6b43-11ee-9059-fcb3bc5cd112.jpg", "bboxes": [[0.0, 0.5592926829268292, 0.0022682926829268313, 0.692219512195122], [0.0, 0.5666097560975609, 0.1181219512195123, 0.6983170731707318], [0.25226829268292683, 0.6873414634146342, 0.3376341463414634, 0.7836829268292683], [0.3400731707317073, 0.6958780487804879, 0.4193414634146341, 0.7836829268292683], [0.5339756097560975, 0.7580731707317073, 0.5815365853658536, 0.815390243902439], [0.471780487804878, 0.7556341463414634, 0.5278780487804877, 0.8190487804878048]], "class": 6}