{"image": "93738102-6b43-11ee-9059-fcb3bc5cd112.jpg", "bboxes": [[0.0952682926829268, 0.6733414634146342, 0.18063414634146335, 0.7696829268292683], [0.18307317073170726, 0.6818780487804879, 0.26234146341463405, 0.7696829268292683], [0.37697560975609745, 0.7440731707317073, 0.4245365853658536, 0.8013902439024391], [0.314780487804878, 0.7416341463414634, 0.3708780487804877, 0.8050487804878049]], "class": 4}