{"image": "93738102-6b43-11ee-9059-fcb3bc5cd112.jpg", "bboxes": [[0.367439024390244, 0.5792926829268292, 0.4942682926829268, 0.712219512195122], [0.49182926829268303, 0.5866097560975609, 0.6101219512195123, 0.7183170731707317], [0.25158536585365865, 0.6975853658536586, 0.34060975609756106, 0.7902682926829268], [0.7442682926829268, 0.7073414634146342, 0.8296341463414634, 0.8036829268292682], [0.8320731707317073, 0.7158780487804878, 0.9113414634146341, 0.8036829268292682], [0.963780487804878, 0.7756341463414634, 1.0, 0.8390487804878048]], "class": 6}