{"image": "93738102-6b43-11ee-9059-fcb3bc5cd112.jpg", "bboxes": [[0.5204390243902439, 0.30178048780487804, 0.6472682926829267, 0.43470731707317073], [0.644829268292683, 0.2956829268292683, 0.7631219512195123, 0.427390243902439], [0.4045853658536587, 0.22373170731707318, 0.4936097560975611, 0.3164146341463414], [0.8972682926829268, 0.2103170731707317, 0.9826341463414634, 0.30665853658536585], [0.9850731707317073, 0.2103170731707317, 1.0, 0.2981219512195122]], "class": 5}