{"image": "93738102-6b43-11ee-9059-fcb3bc5cd112.jpg", "bboxes": [[0.465439024390244, 0.321780487804878, 0.5922682926829268, 0.4547073170731707], [0.5898292682926831, 0.3156829268292683, 0.7081219512195123, 0.44739024390243903], [0.34958536585365874, 0.2437317073170732, 0.43860975609756114, 0.33641463414634143], [0.8422682926829268, 0.2303170731707317, 0.9276341463414635, 0.3266585365853658], [0.9300731707317073, 0.2303170731707317, 1.0, 0.3181219512195122]], "class": 5}