{"image": "93738102-6b43-11ee-9059-fcb3bc5cd112.jpg", "bboxes": [[0.9757317073170731, 0.5712926829268292, 1.0, 0.704219512195122], [0.8598780487804877, 0.5786097560975609, 0.9781707317073169, 0.7103170731707318], [0.6403658536585366, 0.6993414634146342, 0.7257317073170731, 0.7956829268292683], [0.5586585365853659, 0.7078780487804879, 0.6379268292682927, 0.7956829268292683], [0.39646341463414636, 0.7700731707317073, 0.44402439024390256, 0.827390243902439], [0.4501219512195123, 0.7676341463414634, 0.506219512195122, 0.8310487804878048]], "class": 6}