{"image": "94556777-759d-11ee-afc4-fcb3bc5cd112.jpg", "bboxes": [[0.9646037735849057, 0.49515094339622645, 0.9863018867924527, 0.5243962264150943], [0.9410188679245282, 0.500811320754717, 0.9627169811320755, 0.530056603773585], [0.9183773584905659, 0.501754716981132, 0.9363018867924527, 0.5319433962264152], [0.9004528301886792, 0.5045849056603775, 0.9202641509433963, 0.5281698113207548]], "class": 4}