{"image": "94556777-759d-11ee-afc4-fcb3bc5cd112.jpg", "bboxes": [[0.979377358490566, 0.4450566037735848, 0.9973018867924527, 0.47524528301886787], [0.9614528301886792, 0.44883018867924523, 0.9812641509433964, 0.47241509433962253]], "class": 2}