{"image": "94556777-759d-11ee-afc4-fcb3bc5cd112.jpg", "bboxes": [[0.9608867924528302, 0.49243396226415087, 0.9816415094339622, 0.5226226415094339], [0.9373018867924527, 0.4914905660377358, 0.9637169811320755, 0.5226226415094339], [0.8656037735849056, 0.48960377358490564, 0.8873018867924527, 0.5188490566037736], [0.8420188679245282, 0.4839433962264151, 0.8637169811320755, 0.513188679245283], [0.8193773584905659, 0.48205660377358484, 0.8373018867924527, 0.5122452830188678], [0.8014528301886792, 0.4858301886792452, 0.8212641509433963, 0.5094150943396225]], "class": 6}