{"image": "94556777-759d-11ee-afc4-fcb3bc5cd112.jpg", "bboxes": [[0.7178867924528302, 0.48343396226415086, 0.7386415094339622, 0.5136226415094339], [0.6943018867924527, 0.48249056603773577, 0.7207169811320755, 0.5136226415094339], [0.6226037735849056, 0.48060377358490564, 0.6443018867924527, 0.5098490566037736], [0.5990188679245282, 0.47494339622641507, 0.6207169811320755, 0.504188679245283], [0.5763773584905659, 0.4730566037735848, 0.5943018867924527, 0.5032452830188678], [0.5584528301886792, 0.4768301886792452, 0.5782641509433963, 0.5004150943396225]], "class": 6}