{"image": "94556777-759d-11ee-afc4-fcb3bc5cd112.jpg", "bboxes": [[0.32588679245283014, 0.4524339622641509, 0.34664150943396227, 0.48262264150943396], [0.3023018867924527, 0.4514905660377358, 0.3287169811320755, 0.48262264150943396], [0.23060377358490564, 0.44960377358490566, 0.2523018867924527, 0.4788490566037735], [0.2070188679245282, 0.4439433962264151, 0.22871698113207548, 0.47318867924528296], [0.18437735849056594, 0.4420566037735848, 0.2023018867924527, 0.47224528301886787], [0.16645283018867918, 0.44583018867924523, 0.18626415094339632, 0.46941509433962253]], "class": 6}