{"image": "94556777-759d-11ee-afc4-fcb3bc5cd112.jpg", "bboxes": [[0.14835849056603778, 0.5173773584905661, 0.16911320754716985, 0.5475660377358491], [0.16628301886792451, 0.5173773584905661, 0.19269811320754726, 0.5485094339622643], [0.2426981132075473, 0.5211509433962265, 0.2643962264150944, 0.5503962264150943], [0.2662830188679245, 0.526811320754717, 0.2879811320754718, 0.5560566037735849], [0.29269811320754724, 0.5277547169811321, 0.3106226415094341, 0.5579433962264152], [0.3087358490566037, 0.5305849056603775, 0.3285471698113208, 0.5541698113207547]], "class": 6}