{"image": "94556777-759d-11ee-afc4-fcb3bc5cd112.jpg", "bboxes": [[0.26188679245283014, 0.524377358490566, 0.28264150943396227, 0.5545660377358491], [0.2383018867924527, 0.524377358490566, 0.2647169811320755, 0.5555094339622642], [0.16660377358490563, 0.5281509433962265, 0.18830188679245272, 0.5573962264150943], [0.1430188679245282, 0.533811320754717, 0.1647169811320755, 0.5630566037735849], [0.12037735849056594, 0.5347547169811321, 0.1383018867924527, 0.5649433962264152], [0.10245283018867918, 0.5375849056603774, 0.12226415094339632, 0.5611698113207548]], "class": 6}