{"image": "94556777-759d-11ee-afc4-fcb3bc5cd112.jpg", "bboxes": [[0.7398867924528302, 0.47243396226415085, 0.7606415094339622, 0.5026226415094339], [0.7163018867924527, 0.4714905660377358, 0.7427169811320755, 0.5026226415094339], [0.6446037735849056, 0.4696037735849056, 0.6663018867924527, 0.49884905660377354], [0.6210188679245282, 0.46394339622641506, 0.6427169811320755, 0.493188679245283], [0.598377358490566, 0.4620566037735848, 0.6163018867924527, 0.4922452830188679], [0.5804528301886792, 0.46583018867924525, 0.6002641509433964, 0.48941509433962255]], "class": 6}