{"image": "94556777-759d-11ee-afc4-fcb3bc5cd112.jpg", "bboxes": [[0.0, 0.47043396226415085, 0.00811320754716982, 0.5006226415094339], [0.005283018867924483, 0.4694905660377358, 0.03169811320754734, 0.5006226415094339], [0.08169811320754727, 0.4676037735849056, 0.10339622641509438, 0.49684905660377354], [0.10528301886792446, 0.46194339622641506, 0.1269811320754718, 0.491188679245283], [0.13169811320754732, 0.4600566037735848, 0.14962264150943405, 0.4902452830188679], [0.14773584905660364, 0.46383018867924525, 0.16754716981132078, 0.48741509433962255]], "class": 6}