{"image": "94556777-759d-11ee-afc4-fcb3bc5cd112.jpg", "bboxes": [[0.7498867924528302, 0.5114339622641508, 0.7706415094339623, 0.541622641509434], [0.7263018867924527, 0.5104905660377358, 0.7527169811320755, 0.541622641509434], [0.6546037735849056, 0.5086037735849056, 0.6763018867924527, 0.5378490566037736], [0.6310188679245282, 0.502943396226415, 0.6527169811320754, 0.532188679245283], [0.608377358490566, 0.5010566037735849, 0.6263018867924527, 0.5312452830188679], [0.5904528301886792, 0.5048301886792452, 0.6102641509433964, 0.5284150943396225]], "class": 6}