{"image": "955b3466-759c-11ee-aa04-fcb3bc5cd112.jpg", "bboxes": [[0.1309620253164555, 0.37053164556962026, 0.18412658227848078, 0.43635443037974686], [0.30311392405063275, 0.4161012658227848, 0.36513924050632907, 0.4844556962025316], [0.35627848101265813, 0.4198987341772152, 0.4145063291139238, 0.48192405063291155], [0.6069113924050632, 0.378126582278481, 0.6562784810126582, 0.4300253164556962], [0.6537468354430378, 0.3793924050632911, 0.6980506329113922, 0.4312911392405063], [0.8891898734177215, 0.38318987341772154, 0.9550126582278481, 0.4591392405063291], [0.9486835443037975, 0.3945822784810126, 1.0, 0.457873417721519], [0.7221012658227846, 0.2996455696202532, 0.7714683544303798, 0.35913924050632906], [0.5664050632911393, 0.3211645569620253, 0.5980506329113924, 0.368], [0.5955189873417721, 0.3198987341772152, 0.6347594936708858, 0.37559493670886074], [0.4474177215189873, 0.2933164556962025, 0.48539240506329107, 0.32369620253164555], [0.5018481012658227, 0.3097721518987342, 0.5410886075949366, 0.357873417721519]], "class": 12}