{"image": "955b3466-759c-11ee-aa04-fcb3bc5cd112.jpg", "bboxes": [[0.0, 0.4905443037974684, 0.0031392405063290774, 0.5588987341772151], [0.0, 0.49307594936708843, 0.05250632911392383, 0.5551012658227847], [0.2449113924050632, 0.5449746835443038, 0.2942784810126582, 0.5968734177215189], [0.2917468354430377, 0.5437088607594938, 0.33605063291139237, 0.5956075949367089], [0.5271898734177215, 0.5158607594936709, 0.5930126582278481, 0.5918101265822785], [0.5866835443037974, 0.517126582278481, 0.6411139240506328, 0.5804177215189874], [0.3601012658227847, 0.6158607594936709, 0.40946835443037966, 0.6753544303797467], [0.20440506329113917, 0.607, 0.23605063291139228, 0.6538354430379747], [0.23351898734177212, 0.5994050632911392, 0.2727594936708858, 0.6551012658227848], [0.0854177215189873, 0.6513037974683544, 0.12339240506329108, 0.6816835443037974], [0.1398481012658226, 0.617126582278481, 0.1790886075949365, 0.6652278481012658], [0.6588354430379746, 0.5614303797468354, 0.7069367088607594, 0.617126582278481]], "class": 12}