{"image": "955b3466-759c-11ee-aa04-fcb3bc5cd112.jpg", "bboxes": [[0.0, 0.5456455696202531, 0.01612658227848074, 0.6114683544303797], [0.13511392405063272, 0.4975443037974684, 0.19713924050632914, 0.5658987341772153], [0.1882784810126582, 0.5000759493670885, 0.24650632911392378, 0.5621012658227849], [0.43891139240506327, 0.5519746835443038, 0.48827848101265814, 0.603873417721519], [0.48574683544303776, 0.5507088607594937, 0.5300506329113923, 0.6026075949367089], [0.7211898734177216, 0.522860759493671, 0.787012658227848, 0.5988101265822785], [0.7806835443037975, 0.5241265822784811, 0.8351139240506328, 0.5874177215189873], [0.5541012658227846, 0.6228607594936709, 0.6034683544303797, 0.6823544303797469], [0.3984050632911392, 0.614, 0.43005063291139234, 0.6608354430379747], [0.42751898734177207, 0.6064050632911393, 0.46675949367088587, 0.6621012658227847], [0.27941772151898725, 0.6583037974683544, 0.31739240506329114, 0.6886835443037975], [0.33384810126582265, 0.624126582278481, 0.37308860759493656, 0.6722278481012658], [0.8528354430379746, 0.5684303797468355, 0.9009367088607595, 0.624126582278481]], "class": 13}