{"image": "955b3466-759c-11ee-aa04-fcb3bc5cd112.jpg", "bboxes": [[0.1641898734177215, 0.38118987341772154, 0.2300126582278481, 0.4571392405063291], [0.22368354430379744, 0.3925822784810126, 0.27811392405063284, 0.455873417721519], [0.0, 0.2976455696202532, 0.046468354430379666, 0.3571392405063291], [0.2958354430379746, 0.355873417721519, 0.34393670886075944, 0.41156962025316457]], "class": 4}