{"image": "955b3466-759c-11ee-aa04-fcb3bc5cd112.jpg", "bboxes": [[0.8977215189873419, 0.417126582278481, 0.9470886075949367, 0.46902531645569623], [0.8559493670886077, 0.4183924050632911, 0.9002531645569622, 0.4702911392405063], [0.598987341772152, 0.4221898734177215, 0.6648101265822784, 0.4981392405063291], [0.5508860759493672, 0.4335822784810126, 0.6053164556962025, 0.496873417721519], [0.7825316455696203, 0.33864556962025316, 0.8318987341772154, 0.3981392405063291], [0.9559493670886077, 0.3601645569620253, 0.9875949367088608, 0.407], [0.9192405063291141, 0.3588987341772152, 0.9584810126582279, 0.4145949367088608], [0.4850632911392405, 0.396873417721519, 0.5331645569620254, 0.45256962025316455]], "class": 8}