{"image": "955b3466-759c-11ee-aa04-fcb3bc5cd112.jpg", "bboxes": [[0.7738734177215192, 0.5296455696202531, 0.8270379746835445, 0.5954683544303798], [0.5928607594936709, 0.4815443037974684, 0.6548860759493673, 0.5498987341772152], [0.5434936708860761, 0.4840759493670884, 0.6017215189873418, 0.5461012658227848], [0.30172151898734184, 0.5359746835443038, 0.35108860759493676, 0.587873417721519], [0.25994936708860766, 0.5347088607594936, 0.3042531645569623, 0.5866075949367089], [0.002987341772151922, 0.5068607594936709, 0.06881012658227849, 0.5828101265822785], [0.0, 0.5081265822784811, 0.009316455696202524, 0.5714177215189874], [0.18653164556962032, 0.6068607594936709, 0.23589873417721538, 0.6663544303797468], [0.3599493670886077, 0.598, 0.3915949367088608, 0.6448354430379747], [0.32324050632911416, 0.5904050632911393, 0.3624810126582279, 0.6461012658227848], [0.4726075949367089, 0.6423037974683544, 0.5105822784810128, 0.6726835443037975], [0.4169113924050635, 0.6081265822784809, 0.4561518987341774, 0.6562278481012658]], "class": 12}