{"image": "955b3466-759c-11ee-aa04-fcb3bc5cd112.jpg", "bboxes": [[0.01591139240506323, 0.5149746835443039, 0.06527848101265821, 0.566873417721519], [0.06274683544303772, 0.5137088607594937, 0.10705063291139227, 0.5656075949367089], [0.2981898734177215, 0.4858607594936709, 0.3640126582278481, 0.5618101265822785], [0.35768354430379745, 0.48712658227848105, 0.41211392405063285, 0.5504177215189874], [0.13110126582278459, 0.5858607594936709, 0.18046835443037967, 0.6453544303797468], [0.0, 0.577, 0.007050632911392296, 0.6238354430379747], [0.0045189873417721405, 0.5694050632911393, 0.04375949367088583, 0.6251012658227848], [0.4298354430379746, 0.5314303797468354, 0.47793670886075945, 0.587126582278481]], "class": 8}