{"image": "955b3466-759c-11ee-aa04-fcb3bc5cd112.jpg", "bboxes": [[0.8838734177215192, 0.42853164556962026, 0.9370379746835444, 0.49435443037974686], [0.7028607594936709, 0.4741012658227848, 0.7648860759493673, 0.5424556962025316], [0.6534936708860762, 0.4778987341772152, 0.7117215189873418, 0.5399240506329115], [0.41172151898734183, 0.436126582278481, 0.46108860759493675, 0.4880253164556962], [0.3699493670886077, 0.43739240506329113, 0.41425316455696226, 0.4892911392405063], [0.11298734177215192, 0.44118987341772153, 0.1788101265822785, 0.5171392405063291], [0.06488607594936718, 0.4525822784810126, 0.11931645569620253, 0.515873417721519], [0.2965316455696203, 0.3576455696202532, 0.3458987341772154, 0.4171392405063291], [0.4699493670886077, 0.3791645569620253, 0.5015949367088608, 0.426], [0.43324050632911415, 0.3778987341772152, 0.4724810126582279, 0.43359493670886073], [0.5826075949367089, 0.3513164556962025, 0.6205822784810128, 0.38169620253164555], [0.5269113924050635, 0.3677721518987342, 0.5661518987341774, 0.415873417721519], [0.0, 0.415873417721519, 0.04716455696202536, 0.47156962025316457]], "class": 13}