{"image": "955b3466-759c-11ee-aa04-fcb3bc5cd112.jpg", "bboxes": [[0.7938734177215192, 0.5116455696202531, 0.8470379746835445, 0.5774683544303798], [0.6128607594936709, 0.46354430379746836, 0.6748860759493673, 0.5318987341772152], [0.5634936708860762, 0.4660759493670885, 0.6217215189873418, 0.5281012658227848], [0.3217215189873418, 0.5179746835443038, 0.3710886075949368, 0.569873417721519], [0.2799493670886077, 0.5167088607594936, 0.32425316455696224, 0.5686075949367089], [0.02298734177215192, 0.4888607594936709, 0.08881012658227848, 0.5648101265822785], [0.0, 0.49012658227848105, 0.029316455696202524, 0.5534177215189874], [0.2065316455696203, 0.5888607594936709, 0.25589873417721537, 0.6483544303797468], [0.3799493670886077, 0.5800000000000001, 0.4115949367088608, 0.6268354430379747], [0.3432405063291142, 0.5724050632911393, 0.38248101265822787, 0.6281012658227848], [0.4926075949367089, 0.6243037974683545, 0.5305822784810127, 0.6546835443037975], [0.43691139240506344, 0.590126582278481, 0.4761518987341774, 0.6382278481012658]], "class": 12}