{"image": "955b3466-759c-11ee-aa04-fcb3bc5cd112.jpg", "bboxes": [[0.8728607594936709, 0.4795443037974684, 0.9348860759493673, 0.5478987341772152], [0.8234936708860762, 0.4820759493670884, 0.8817215189873419, 0.5441012658227848], [0.5817215189873418, 0.5339746835443038, 0.6310886075949368, 0.585873417721519], [0.5399493670886076, 0.5327088607594936, 0.5842531645569623, 0.5846075949367089], [0.2829873417721519, 0.5048607594936709, 0.3488101265822785, 0.5808101265822785], [0.2348860759493672, 0.5061265822784811, 0.2893164556962025, 0.5694177215189874], [0.4665316455696203, 0.6048607594936709, 0.5158987341772153, 0.6643544303797468], [0.6399493670886077, 0.596, 0.6715949367088608, 0.6428354430379747], [0.6032405063291142, 0.5884050632911393, 0.6424810126582279, 0.6441012658227848], [0.7526075949367089, 0.6403037974683544, 0.7905822784810127, 0.6706835443037975], [0.6969113924050635, 0.6061265822784809, 0.7361518987341774, 0.6542278481012658], [0.1690632911392405, 0.5504303797468355, 0.21716455696202536, 0.6061265822784809]], "class": 12}