{"image": "955b3466-759c-11ee-aa04-fcb3bc5cd112.jpg", "bboxes": [[0.9208734177215192, 0.43853164556962027, 0.9740379746835445, 0.5043544303797469], [0.7398607594936709, 0.4841012658227848, 0.8018860759493673, 0.5524556962025317], [0.6904936708860762, 0.4878987341772152, 0.7487215189873418, 0.5499240506329115], [0.4487215189873418, 0.446126582278481, 0.4980886075949368, 0.4980253164556962], [0.4069493670886077, 0.4473924050632911, 0.45125316455696224, 0.49929113924050633], [0.14998734177215192, 0.4511898734177215, 0.2158101265822785, 0.5271392405063291], [0.10188607594936719, 0.46258227848101263, 0.15631645569620253, 0.525873417721519], [0.3335316455696203, 0.3676455696202532, 0.38289873417721537, 0.42713924050632907], [0.5069493670886077, 0.3891645569620253, 0.5385949367088608, 0.436], [0.4702405063291142, 0.3878987341772152, 0.5094810126582279, 0.44359493670886074], [0.6196075949367089, 0.3613164556962025, 0.6575822784810127, 0.39169620253164555], [0.5639113924050635, 0.3777721518987342, 0.6031518987341774, 0.425873417721519], [0.036063291139240505, 0.425873417721519, 0.08416455696202536, 0.4815696202531645]], "class": 13}