{"image": "9629598c-759d-11ee-a22f-fcb3bc5cd112.jpg", "bboxes": [[0.0, 0.8436835443037974, 0.018632911392405083, 0.9335569620253166], [0.3566075949367087, 0.779126582278481, 0.4224303797468354, 0.8538101265822785], [0.41356962025316446, 0.7753291139240507, 0.4895189873417721, 0.8500126582278481], [0.2844556962025315, 0.7019113924050632, 0.3452151898734176, 0.7652025316455696], [0.4535130665577788, 0.9348227848101266, 0.5679999999999998, 1.0], [0.5629061380463338, 0.9424177215189873, 0.6717974683544303, 1.0], [0.6097721518987341, 0.6715316455696202, 0.6667341772151897, 0.7310253164556961]], "class": 7}