{"image": "9629598c-759d-11ee-a22f-fcb3bc5cd112.jpg", "bboxes": [[0.7125696202531646, 0.10018987341772156, 0.7783924050632913, 0.174873417721519], [0.6454810126582279, 0.10398734177215196, 0.7214303797468355, 0.17867088607594928], [0.7897848101265824, 0.18879746835443045, 0.8505443037974685, 0.2520886075949368], [0.5670000000000003, 0.0, 0.6814869334422212, 0.019177215189873476], [0.4632025316455697, 0.0, 0.5720938619536662, 0.011582278481012787], [0.4682658227848103, 0.22297468354430383, 0.5252278481012659, 0.28246835443037976], [0.010037974683544348, 0.17740506329113925, 0.07459493670886082, 0.2482911392405064]], "class": 7}