{"image": "9629598c-759d-11ee-a22f-fcb3bc5cd112.jpg", "bboxes": [[0.953367088607595, 0.027443037974683393, 1.0, 0.11731645569620253], [0.5495696202531647, 0.10718987341772146, 0.6153924050632913, 0.181873417721519], [0.4824810126582279, 0.11098734177215197, 0.5584303797468355, 0.18567088607594928], [0.6267848101265825, 0.19579746835443046, 0.6875443037974684, 0.2590886075949368], [0.40400000000000025, 0.0, 0.5184869334422213, 0.02617721518987348], [0.3002025316455697, 0.0, 0.4090938619536662, 0.018582278481012682], [0.30526582278481035, 0.22997468354430384, 0.36222784810126585, 0.28946835443037977]], "class": 7}