{"image": "9629598c-759d-11ee-a22f-fcb3bc5cd112.jpg", "bboxes": [[0.1356075949367087, 0.09618987341772156, 0.2014303797468353, 0.17087341772151898], [0.19256962025316438, 0.09998734177215196, 0.26851898734177215, 0.17467088607594927], [0.06345569620253155, 0.18479746835443045, 0.12421518987341751, 0.24808860759493678], [0.2325130665577787, 0.0, 0.34699999999999975, 0.015177215189873472], [0.34190613804633385, 0.0, 0.45079746835443024, 0.007582278481012783], [0.38877215189873415, 0.21897468354430383, 0.4457341772151897, 0.27846835443037976], [0.8394050632911392, 0.17340506329113925, 0.9039620253164556, 0.24429113924050638], [0.9178860759493671, 0.28606329113924045, 0.9697848101265822, 0.3544177215189874], [0.9837088607594936, 0.3037848101265823, 1.0, 0.35568354430379745]], "class": 9}