{"image": "9629598c-759d-11ee-a22f-fcb3bc5cd112.jpg", "bboxes": [[0.8683670886075949, 0.9146835443037975, 0.9696329113924053, 1.0], [0.4645696202531647, 0.850126582278481, 0.5303924050632913, 0.9248101265822785], [0.3974810126582279, 0.8463291139240507, 0.47343037974683555, 0.9210126582278481], [0.5417848101265824, 0.7729113924050632, 0.6025443037974685, 0.8362025316455696], [0.22026582278481033, 0.7425316455696201, 0.2772278481012659, 0.8020253164556962]], "class": 5}