{"image": "9629598c-759d-11ee-a22f-fcb3bc5cd112.jpg", "bboxes": [[0.8885696202531647, 0.10618987341772157, 0.9543924050632914, 0.180873417721519], [0.8214810126582279, 0.10998734177215197, 0.8974303797468356, 0.18467088607594928], [0.9657848101265825, 0.19479746835443046, 1.0, 0.2580886075949368], [0.7430000000000002, 0.0, 0.8574869334422213, 0.02517721518987348], [0.6392025316455697, 0.0, 0.7480938619536662, 0.01758227848101268], [0.6442658227848104, 0.22897468354430384, 0.7012278481012658, 0.28846835443037977], [0.18603797468354435, 0.18340506329113926, 0.2505949367088608, 0.2542911392405064], [0.12021518987341778, 0.29606329113924046, 0.17211392405063294, 0.3644177215189873], [0.04806329113924062, 0.3137848101265823, 0.10629113924050637, 0.36568354430379746]], "class": 9}