{"image": "9629598c-759d-11ee-a22f-fcb3bc5cd112.jpg", "bboxes": [[0.22860759493670868, 0.09418987341772156, 0.2944303797468354, 0.16887341772151898], [0.28556962025316446, 0.09798734177215196, 0.3615189873417721, 0.17267088607594927], [0.15645569620253152, 0.18279746835443045, 0.2172151898734176, 0.24608860759493678], [0.3255130665577788, 0.0, 0.4399999999999997, 0.01317721518987347], [0.4349061380463338, 0.0, 0.5437974683544302, 0.005582278481012781], [0.4817721518987341, 0.21697468354430383, 0.5387341772151897, 0.27646835443037976], [0.9324050632911391, 0.17140506329113925, 0.9969620253164556, 0.24229113924050638]], "class": 7}