{"image": "9629598c-759d-11ee-a22f-fcb3bc5cd112.jpg", "bboxes": [[0.6785696202531647, 0.839126582278481, 0.7443924050632913, 0.9138101265822784], [0.6114810126582279, 0.8353291139240507, 0.6874303797468355, 0.910012658227848], [0.7557848101265825, 0.7619113924050632, 0.8165443037974685, 0.8252025316455696], [0.5330000000000003, 0.9948227848101265, 0.6474869334422212, 1.0], [0.43426582278481035, 0.7315316455696202, 0.49122784810126585, 0.7910253164556962], [0.0, 0.7657088607594936, 0.040594936708860815, 0.8365949367088606]], "class": 6}