{"image": "9629598c-759d-11ee-a22f-fcb3bc5cd112.jpg", "bboxes": [[0.894367088607595, 0.04344303797468341, 0.9956329113924053, 0.13331645569620254], [0.49056962025316464, 0.12318987341772147, 0.5563924050632914, 0.197873417721519], [0.4234810126582279, 0.12698734177215187, 0.4994303797468356, 0.2016708860759493], [0.5677848101265824, 0.21179746835443036, 0.6285443037974685, 0.2750886075949368], [0.34500000000000025, 0.0, 0.45948693344222125, 0.042177215189873385], [0.2412025316455697, 0.0, 0.3500938619536662, 0.034582278481012696], [0.24626582278481032, 0.24597468354430385, 0.30322784810126585, 0.3054683544303798]], "class": 7}