{"image": "9629598c-759d-11ee-a22f-fcb3bc5cd112.jpg", "bboxes": [[0.9634810126582278, 0.7993291139240507, 1.0, 0.8740126582278481], [0.8850000000000002, 0.9588227848101266, 0.9994869334422213, 1.0], [0.7812025316455697, 0.9664177215189873, 0.8900938619536662, 1.0], [0.7862658227848103, 0.6955316455696202, 0.8432278481012658, 0.7550253164556961], [0.32803797468354434, 0.7297088607594936, 0.3925949367088608, 0.8005949367088607], [0.2622151898734178, 0.6195822784810127, 0.31411392405063293, 0.6879367088607595], [0.19006329113924061, 0.6183164556962025, 0.24829113924050636, 0.6702151898734177]], "class": 7}