{"image": "96776f7d-6b42-11ee-812d-fcb3bc5cd112.jpg", "bboxes": [[0.6368292682926828, 0.6377804878048781, 0.7221951219512194, 0.7121707317073172], [0.5782926829268292, 0.6268048780487805, 0.6478048780487804, 0.6950975609756098], [0.43195121951219495, 0.7268048780487805, 0.4941463414634145, 0.7707073170731708], [0.3868292682926829, 0.7243658536585367, 0.43926829268292683, 0.7707073170731708]], "class": 4}