{"image": "96776f7d-6b42-11ee-812d-fcb3bc5cd112.jpg", "bboxes": [[0.0, 0.6928048780487805, 0.01104878048780511, 0.7367073170731708], [0.003731707317073174, 0.6903658536585366, 0.05617073170731712, 0.7367073170731708]], "class": 2}