{"image": "96776f7d-6b42-11ee-812d-fcb3bc5cd112.jpg", "bboxes": [[0.17880487804878065, 0.3418292682926829, 0.2641707317073172, 0.41621951219512193], [0.2531951219512195, 0.35890243902439023, 0.3227073170731708, 0.4271951219512195], [0.4068536585365855, 0.28329268292682924, 0.4690487804878051, 0.3271951219512195], [0.46173170731707314, 0.28329268292682924, 0.5141707317073172, 0.32963414634146343]], "class": 4}