{"image": "96776f7d-6b42-11ee-812d-fcb3bc5cd112.jpg", "bboxes": [[0.0, 0.6568048780487805, 0.004048780487805104, 0.7007073170731708], [0.0, 0.6543658536585366, 0.04917073170731712, 0.7007073170731708]], "class": 2}