{"image": "96776f7d-6b42-11ee-812d-fcb3bc5cd112.jpg", "bboxes": [[0.5568292682926829, 0.3428292682926829, 0.6421951219512193, 0.41721951219512193], [0.4982926829268292, 0.35990243902439023, 0.5678048780487804, 0.4281951219512195], [0.35195121951219493, 0.28429268292682924, 0.4141463414634145, 0.3281951219512195], [0.30682926829268287, 0.28429268292682924, 0.3592682926829268, 0.33063414634146343]], "class": 4}