{"image": "96776f7d-6b42-11ee-812d-fcb3bc5cd112.jpg", "bboxes": [[0.0, 0.5568048780487804, 0.04470731707317077, 0.6250975609756098], [0.12885365853658548, 0.6568048780487805, 0.19104878048780505, 0.7007073170731708], [0.18373170731707322, 0.6543658536585366, 0.23617073170731717, 0.7007073170731708]], "class": 3}