{"image": "96776f7d-6b42-11ee-812d-fcb3bc5cd112.jpg", "bboxes": [[0.9878292682926828, 0.26729268292682923, 1.0, 0.3136341463414634]], "class": 1}