{"image": "96776f7d-6b42-11ee-812d-fcb3bc5cd112.jpg", "bboxes": [[0.9572926829268292, 0.3469024390243902, 1.0, 0.4151951219512195], [0.810951219512195, 0.27129268292682923, 0.8731463414634145, 0.3151951219512195], [0.7658292682926828, 0.27129268292682923, 0.8182682926829268, 0.3176341463414634]], "class": 3}