{"image": "96776f7d-6b42-11ee-812d-fcb3bc5cd112.jpg", "bboxes": [[0.7378292682926828, 0.627780487804878, 0.8231951219512194, 0.7021707317073171], [0.6792926829268292, 0.6168048780487805, 0.7488048780487805, 0.6850975609756098], [0.5329512195121949, 0.7168048780487806, 0.5951463414634145, 0.7607073170731707], [0.48782926829268286, 0.7143658536585367, 0.5402682926829269, 0.7607073170731707]], "class": 4}