{"image": "96776f7d-6b42-11ee-812d-fcb3bc5cd112.jpg", "bboxes": [[0.8758292682926828, 0.603780487804878, 0.9611951219512194, 0.6781707317073171], [0.8172926829268292, 0.5928048780487805, 0.8868048780487804, 0.6610975609756098], [0.6709512195121949, 0.6928048780487805, 0.7331463414634145, 0.7367073170731708], [0.6258292682926828, 0.6903658536585366, 0.6782682926829268, 0.7367073170731708]], "class": 4}