{"image": "984522f9-759d-11ee-bc7c-fcb3bc5cd112.jpg", "bboxes": [[0.9228987341772154, 0.7181645569620252, 1.0, 0.8903164556962025], [0.5520126582278483, 0.6662658227848101, 0.6621392405063293, 0.7979113924050633], [0.4380886075949368, 0.665, 0.5583417721518988, 0.8004430379746835], [0.2545443037974684, 0.8206962025316455, 0.41150632911392415, 0.9991772151898736]], "class": 4}