{"image": "984522f9-759d-11ee-bc7c-fcb3bc5cd112.jpg", "bboxes": [[0.0, 0.7631645569620252, 0.04910126582278462, 0.9353164556962025], [0.30986075949367065, 0.7112658227848101, 0.4199873417721517, 0.8429113924050632], [0.41365822784810125, 0.71, 0.5339113924050632, 0.8454430379746836], [0.5604936708860758, 0.8656962025316456, 0.7174556962025316, 1.0]], "class": 4}