{"image": "984522f9-759d-11ee-bc7c-fcb3bc5cd112.jpg", "bboxes": [[0.7815316455696204, 0.08287341772151902, 0.9359620253164558, 0.2259113924050633], [0.6308987341772154, 0.06768354430379753, 0.7929240506329115, 0.23983544303797477], [0.2600126582278483, 0.16008860759493682, 0.3701392405063293, 0.2917341772151899], [0.14608860759493678, 0.15755696202531644, 0.2663417721518988, 0.29300000000000004], [0.0, 0.0, 0.11950632911392416, 0.13730379746835442]], "class": 5}