{"image": "984522f9-759d-11ee-bc7c-fcb3bc5cd112.jpg", "bboxes": [[0.06603797468354422, 0.7490886075949367, 0.2204683544303796, 0.892126582278481], [0.2090759493670885, 0.7351645569620252, 0.3711012658227846, 0.9073164556962026], [0.6318607594936707, 0.6832658227848101, 0.7419873417721516, 0.8149113924050633], [0.7356582278481012, 0.682, 0.8559113924050632, 0.8174430379746835], [0.8824936708860759, 0.8376962025316456, 1.0, 1.0]], "class": 5}