{"image": "984522f9-759d-11ee-bc7c-fcb3bc5cd112.jpg", "bboxes": [[0.0, 0.7430886075949367, 0.07846835443037958, 0.886126582278481], [0.0670759493670885, 0.7291645569620252, 0.22910126582278467, 0.9013164556962026], [0.4898607594936707, 0.6772658227848101, 0.5999873417721517, 0.8089113924050633], [0.5936582278481012, 0.676, 0.7139113924050633, 0.8114430379746835], [0.7404936708860759, 0.8316962025316456, 0.8974556962025316, 1.0]], "class": 5}