{"image": "984522f9-759d-11ee-bc7c-fcb3bc5cd112.jpg", "bboxes": [[0.11603797468354426, 0.8010886075949366, 0.27046835443037953, 0.944126582278481], [0.25907594936708844, 0.7871645569620253, 0.4211012658227846, 0.9593164556962025], [0.6818607594936708, 0.7352658227848101, 0.7919873417721517, 0.8669113924050632], [0.7856582278481012, 0.734, 0.9059113924050632, 0.8694430379746836], [0.9324936708860758, 0.8896962025316456, 1.0, 1.0]], "class": 5}