{"image": "984522f9-759d-11ee-bc7c-fcb3bc5cd112.jpg", "bboxes": [[0.9740126582278483, 0.7022658227848101, 1.0, 0.8339113924050632], [0.8600886075949368, 0.701, 0.9803417721518988, 0.8364430379746836], [0.6765443037974684, 0.8566962025316456, 0.8335063291139242, 1.0]], "class": 3}