{"image": "984522f9-759d-11ee-bc7c-fcb3bc5cd112.jpg", "bboxes": [[0.8075316455696204, 0.7560886075949367, 0.9619620253164558, 0.899126582278481], [0.6568987341772153, 0.7421645569620252, 0.8189240506329115, 0.9143164556962026], [0.2860126582278483, 0.6902658227848101, 0.3961392405063293, 0.8219113924050633], [0.17208860759493677, 0.689, 0.29234177215189877, 0.8244430379746835], [0.0, 0.8446962025316456, 0.14550632911392417, 1.0]], "class": 5}