{"image": "984522f9-759d-11ee-bc7c-fcb3bc5cd112.jpg", "bboxes": [[0.0, 0.7291645569620252, 0.029101265822784605, 0.9013164556962026], [0.28986075949367074, 0.6772658227848101, 0.39998734177215167, 0.8089113924050633], [0.3936582278481012, 0.676, 0.5139113924050632, 0.8114430379746835], [0.5404936708860759, 0.8316962025316456, 0.6974556962025316, 1.0]], "class": 4}