{"image": "984522f9-759d-11ee-bc7c-fcb3bc5cd112.jpg", "bboxes": [[0.0, 0.05187341772151899, 0.007468354430379631, 0.1949113924050634], [0.0, 0.0366835443037975, 0.1581012658227846, 0.20883544303797474], [0.41886075949367063, 0.1290886075949368, 0.5289873417721517, 0.2607341772151899], [0.5226582278481012, 0.1265569620253164, 0.6429113924050632, 0.262], [0.6694936708860759, 0.0, 0.8264556962025316, 0.1063037974683545]], "class": 5}