{"image": "984522f9-759d-11ee-bc7c-fcb3bc5cd112.jpg", "bboxes": [[0.9958987341772154, 0.7451645569620252, 1.0, 0.9173164556962026], [0.6250126582278484, 0.6932658227848101, 0.7351392405063293, 0.8249113924050632], [0.5110886075949368, 0.692, 0.6313417721518988, 0.8274430379746835], [0.3275443037974684, 0.8476962025316456, 0.48450632911392416, 1.0]], "class": 4}