{"image": "984522f9-759d-11ee-bc7c-fcb3bc5cd112.jpg", "bboxes": [[0.021860759493670723, 0.16608860759493682, 0.13198734177215166, 0.2977341772151899], [0.1256582278481012, 0.16355696202531644, 0.2459113924050632, 0.29900000000000004], [0.2724936708860759, 0.0, 0.42945569620253166, 0.14330379746835442]], "class": 3}