{"image": "984522f9-759d-11ee-bc7c-fcb3bc5cd112.jpg", "bboxes": [[0.9658987341772154, 0.7511645569620252, 1.0, 0.9233164556962026], [0.5950126582278483, 0.6992658227848101, 0.7051392405063294, 0.8309113924050632], [0.48108860759493677, 0.698, 0.6013417721518988, 0.8334430379746836], [0.2975443037974684, 0.8536962025316456, 0.45450632911392413, 1.0]], "class": 4}