{"image": "99d6c1fe-759c-11ee-ae6e-fcb3bc5cd112.jpg", "bboxes": [[0.5567500000000001, 0.8200625, 0.5775833333333333, 0.8471458333333334], [0.5713333333333332, 0.8169375, 0.597375, 0.8492291666666667], [0.25779166666666653, 0.8388125, 0.28174999999999994, 0.8627708333333334], [0.2775833333333333, 0.8325625, 0.30362500000000003, 0.8554791666666667], [0.06091666666666651, 0.8742291666666667, 0.07966666666666655, 0.8971458333333333], [0.07341666666666646, 0.8690208333333334, 0.09320833333333323, 0.8961041666666667]], "class": 6}