{"image": "99d6c1fe-759c-11ee-ae6e-fcb3bc5cd112.jpg", "bboxes": [[0.32441666666666674, 0.8210625, 0.34525, 0.8481458333333334], [0.304625, 0.8179375, 0.3306666666666667, 0.8502291666666667], [0.62025, 0.8398125, 0.6442083333333335, 0.8637708333333334], [0.598375, 0.8335625, 0.6244166666666667, 0.8564791666666667], [0.8223333333333335, 0.8752291666666667, 0.8410833333333335, 0.8981458333333333], [0.8087916666666668, 0.8700208333333334, 0.8285833333333334, 0.8971041666666667]], "class": 6}