{"image": "99d6c1fe-759c-11ee-ae6e-fcb3bc5cd112.jpg", "bboxes": [[0.17841666666666675, 0.8570625000000001, 0.19925, 0.8841458333333333], [0.158625, 0.8539375, 0.18466666666666673, 0.8862291666666666], [0.47425, 0.8758125, 0.4982083333333335, 0.8997708333333333], [0.452375, 0.8695625, 0.47841666666666677, 0.8924791666666667], [0.6763333333333335, 0.9112291666666666, 0.6950833333333335, 0.9341458333333333], [0.6627916666666668, 0.9060208333333334, 0.6825833333333334, 0.9331041666666666]], "class": 6}