{"image": "99d6c1fe-759c-11ee-ae6e-fcb3bc5cd112.jpg", "bboxes": [[0.44241666666666674, 0.10785416666666665, 0.46325, 0.13493749999999996], [0.422625, 0.10577083333333331, 0.44866666666666677, 0.13806250000000003], [0.73825, 0.09222916666666665, 0.7622083333333335, 0.1161875], [0.716375, 0.09952083333333331, 0.7424166666666667, 0.1224375], [0.9403333333333335, 0.05785416666666666, 0.9590833333333335, 0.08077083333333332], [0.9267916666666668, 0.058895833333333314, 0.9465833333333334, 0.08597916666666666]], "class": 6}