{"image": "99d6c1fe-759c-11ee-ae6e-fcb3bc5cd112.jpg", "bboxes": [[0.89375, 0.11285416666666666, 0.9145833333333333, 0.13993749999999996], [0.9083333333333332, 0.11077083333333332, 0.934375, 0.14306250000000004], [0.5947916666666665, 0.09722916666666666, 0.61875, 0.1211875], [0.6145833333333333, 0.10452083333333331, 0.640625, 0.1274375], [0.3979166666666665, 0.06285416666666666, 0.4166666666666665, 0.08577083333333331], [0.41041666666666654, 0.06389583333333332, 0.4302083333333333, 0.09097916666666665]], "class": 6}