{"image": "99d6c1fe-759c-11ee-ae6e-fcb3bc5cd112.jpg", "bboxes": [[0.26141666666666674, 0.8510625, 0.28225, 0.8781458333333334], [0.241625, 0.8479375, 0.2676666666666667, 0.8802291666666667], [0.55725, 0.8698125, 0.5812083333333334, 0.8937708333333334], [0.535375, 0.8635625, 0.5614166666666668, 0.8864791666666667], [0.7593333333333335, 0.9052291666666666, 0.7780833333333335, 0.9281458333333333], [0.7457916666666667, 0.9000208333333334, 0.7655833333333335, 0.9271041666666667]], "class": 6}