{"image": "99d6c1fe-759c-11ee-ae6e-fcb3bc5cd112.jpg", "bboxes": [[0.7664166666666667, 0.8330625, 0.78725, 0.8601458333333334], [0.746625, 0.8299375, 0.7726666666666667, 0.8622291666666667]], "class": 2}