{"image": "99d6c1fe-759c-11ee-ae6e-fcb3bc5cd112.jpg", "bboxes": [[0.63975, 0.8650625000000001, 0.6605833333333333, 0.8921458333333333], [0.6543333333333332, 0.8619375, 0.680375, 0.8942291666666666], [0.3407916666666665, 0.8838125, 0.36475, 0.9077708333333333], [0.36058333333333326, 0.8775625, 0.386625, 0.9004791666666667], [0.14391666666666647, 0.9192291666666667, 0.16266666666666652, 0.9421458333333333], [0.15641666666666654, 0.9140208333333333, 0.1762083333333333, 0.9411041666666666]], "class": 6}