{"image": "99d6c1fe-759c-11ee-ae6e-fcb3bc5cd112.jpg", "bboxes": [[0.48675, 0.8160625, 0.5075833333333333, 0.8431458333333334], [0.5013333333333332, 0.8129375, 0.5273749999999999, 0.8452291666666667], [0.18779166666666647, 0.8348125, 0.21175, 0.8587708333333334], [0.20758333333333323, 0.8285625, 0.23362499999999997, 0.8514791666666667], [0.0, 0.8702291666666667, 0.00966666666666649, 0.8931458333333333], [0.0034166666666665124, 0.8650208333333333, 0.023208333333333275, 0.8921041666666667]], "class": 6}