{"image": "9a3a9779-759d-11ee-9dfb-fcb3bc5cd112.jpg", "bboxes": [[0.1830759493670887, 0.4696075949367089, 0.23497468354430373, 0.5164430379746835], [0.13370886075949376, 0.47467088607594937, 0.1856075949367089, 0.5253037974683544], [0.05649367088607596, 0.4658101265822785, 0.11092405063291141, 0.5265696202531646], [0.0033291139240507165, 0.4620126582278481, 0.05396202531645577, 0.5189746835443038]], "class": 4}