{"image": "9a3a9779-759d-11ee-9dfb-fcb3bc5cd112.jpg", "bboxes": [[0.7150253164556963, 0.4575569620253165, 0.7669240506329114, 0.5043924050632911], [0.7643924050632911, 0.44869620253164555, 0.8162911392405062, 0.49932911392405055], [0.8390759493670885, 0.4474303797468354, 0.893506329113924, 0.5081898734177215], [0.8960379746835443, 0.4550253164556962, 0.9466708860759493, 0.5119873417721519]], "class": 4}