{"image": "9a3a9779-759d-11ee-9dfb-fcb3bc5cd112.jpg", "bboxes": [[0.4180253164556963, 0.42555696202531645, 0.4699240506329113, 0.47239240506329105], [0.46739240506329116, 0.4166962025316455, 0.5192911392405062, 0.46732911392405063], [0.5420759493670886, 0.4154303797468355, 0.5965063291139241, 0.47618987341772157], [0.5990379746835442, 0.4230253164556963, 0.6496708860759492, 0.47998734177215197], [0.706632911392405, 0.4534050632911393, 0.7547341772151898, 0.5040379746835443], [0.7458734177215189, 0.4546708860759494, 0.7889113924050632, 0.5091012658227848]], "class": 6}