{"image": "9a3a9779-759d-11ee-9dfb-fcb3bc5cd112.jpg", "bboxes": [[0.4440759493670887, 0.43355696202531646, 0.49597468354430374, 0.48039240506329106], [0.39470886075949374, 0.42469620253164553, 0.4466075949367089, 0.47532911392405064], [0.31749367088607594, 0.4234303797468355, 0.3719240506329114, 0.48418987341772146], [0.26432911392405073, 0.4310253164556963, 0.3149620253164558, 0.487987341772152], [0.15926582278481022, 0.4614050632911393, 0.20736708860759495, 0.5120379746835443], [0.12508860759493678, 0.4626708860759494, 0.168126582278481, 0.5171012658227848]], "class": 6}