{"image": "9a3a9779-759d-11ee-9dfb-fcb3bc5cd112.jpg", "bboxes": [[0.0940759493670887, 0.4756075949367089, 0.14597468354430373, 0.5224430379746835], [0.04470886075949375, 0.4806708860759494, 0.0966075949367089, 0.5313037974683544], [0.0, 0.4718101265822785, 0.021924050632911418, 0.5325696202531646]], "class": 3}