{"image": "9a3a9779-759d-11ee-9dfb-fcb3bc5cd112.jpg", "bboxes": [[0.2840759493670887, 0.43655696202531646, 0.3359746835443037, 0.48339240506329106], [0.23470886075949374, 0.42769620253164553, 0.2866075949367089, 0.47832911392405064], [0.15749367088607596, 0.4264303797468355, 0.21192405063291142, 0.48718987341772146], [0.10432911392405071, 0.4340253164556963, 0.15496202531645575, 0.490987341772152], [0.0, 0.4644050632911393, 0.04736708860759495, 0.5150379746835443], [0.0, 0.4656708860759494, 0.00812658227848101, 0.5201012658227848]], "class": 6}