{"image": "9a3a9779-759d-11ee-9dfb-fcb3bc5cd112.jpg", "bboxes": [[0.7710253164556963, 0.4975569620253165, 0.8229240506329113, 0.5443924050632911], [0.8203924050632911, 0.4886962025316456, 0.8722911392405063, 0.5393291139240506], [0.8950759493670886, 0.48743037974683545, 0.9495063291139241, 0.5481898734177215], [0.9520379746835442, 0.49502531645569625, 1.0, 0.5519873417721519]], "class": 4}