{"image": "9c4f1755-759d-11ee-aff7-fcb3bc5cd112.jpg", "bboxes": [[0.9061898734177216, 0.06543037974683541, 1.0, 0.20340506329113928], [0.39732911392405074, 0.22618987341772157, 0.5213797468354432, 0.3603670886075949], [0.2745443037974684, 0.24897468354430385, 0.4036582278481013, 0.3666962025316457], [0.0, 0.371759493670886, 0.055556962025316466, 0.46922784810126583], [0.6150506329113925, 0.500873417721519, 0.6922658227848103, 0.5717594936708861], [0.6960632911392406, 0.5021392405063291, 0.7618860759493673, 0.5679620253164557], [0.36948101265822786, 0.5451772151898735, 0.4340379746835443, 0.6122658227848101], [0.28467088607594937, 0.5388481012658228, 0.34163291139240515, 0.6034050632911392], [0.05935443037974687, 0.5350506329113924, 0.12137974683544314, 0.5983417721518988], [0.0, 0.5502405063291139, 0.058088607594936774, 0.6021392405063292], [0.9580886075949367, 0.6489746835443038, 1.0, 0.6882151898734177], [0.9466962025316457, 0.5160632911392404, 1.0, 0.5628987341772151], [0.42137974683544305, 0.6464430379746835, 0.47834177215189877, 0.6920126582278481]], "class": 13}