{"image": "9c4f1755-759d-11ee-aff7-fcb3bc5cd112.jpg", "bboxes": [[0.25862025316455683, 0.686632911392405, 0.38267088607594923, 0.8208101265822785], [0.3763417721518987, 0.6803037974683543, 0.5054556962025316, 0.7980253164556962], [0.7244430379746836, 0.5777721518987341, 0.810518987341772, 0.6752405063291139], [0.809253164556962, 0.5777721518987341, 0.8902658227848099, 0.6587848101265822], [0.08773417721518972, 0.47524050632911397, 0.1649493670886074, 0.546126582278481], [0.018113924050632724, 0.4790379746835443, 0.08393670886075943, 0.544860759493671], [0.3459620253164557, 0.43473417721518987, 0.41051898734177217, 0.5018227848101265], [0.4383670886075949, 0.44359493670886074, 0.49532911392405066, 0.5081518987341772], [0.6586202531645569, 0.4486582278481013, 0.7206455696202532, 0.5119493670886076], [0.7219113924050633, 0.4448607594936709, 0.7852025316455695, 0.49675949367088607], [0.30165822784810126, 0.3549873417721519, 0.3586202531645569, 0.4005569620253165]], "class": 11}