{"image": "9c4f1755-759d-11ee-aff7-fcb3bc5cd112.jpg", "bboxes": [[0.7943291139240507, 0.683632911392405, 0.9183797468354431, 0.8178101265822785], [0.6715443037974684, 0.6773037974683543, 0.8006582278481014, 0.7950253164556962], [0.366481012658228, 0.5747721518987341, 0.4525569620253165, 0.6722405063291139], [0.28673417721519, 0.5747721518987341, 0.3677468354430381, 0.6557848101265822], [0.7664810126582279, 0.43173417721518986, 0.8310379746835443, 0.49882278481012654], [0.6816708860759494, 0.44059493670886074, 0.7386329113924052, 0.5051518987341772], [0.4563544303797469, 0.4456582278481013, 0.5183797468354432, 0.5089493670886076], [0.3917974683544305, 0.4418607594936709, 0.4550886075949368, 0.49375949367088606], [0.818379746835443, 0.3519873417721519, 0.8753417721518988, 0.3975569620253165]], "class": 9}