{"image": "9c4f1755-759d-11ee-aff7-fcb3bc5cd112.jpg", "bboxes": [[0.8093291139240507, 0.6136329113924051, 0.9333797468354431, 0.7478101265822785], [0.6865443037974683, 0.6073037974683543, 0.8156582278481013, 0.7250253164556961], [0.381481012658228, 0.5047721518987341, 0.4675569620253165, 0.602240506329114], [0.30173417721519, 0.5047721518987341, 0.3827468354430381, 0.5857848101265822], [0.7814810126582279, 0.36173417721518986, 0.8460379746835444, 0.4288227848101266], [0.6966708860759494, 0.37059493670886073, 0.7536329113924052, 0.43515189873417714], [0.4713544303797469, 0.37565822784810127, 0.5333797468354431, 0.4389493670886076], [0.40679746835443054, 0.37186075949367087, 0.47008860759493676, 0.42375949367088606], [0.833379746835443, 0.2819873417721519, 0.8903417721518988, 0.3275569620253165]], "class": 9}