{"image": "9c4f1755-759d-11ee-aff7-fcb3bc5cd112.jpg", "bboxes": [[0.8860886075949368, 0.32939240506329115, 1.0, 0.4521772151898734], [0.7354556962025317, 0.40281012658227844, 0.8329240506329115, 0.4876202531645569], [0.5341898734177216, 0.07243037974683542, 0.6759620253164558, 0.21040506329113928], [0.025329113924050715, 0.23318987341772146, 0.14937974683544314, 0.3673670886075949], [0.0, 0.25597468354430386, 0.03165822784810132, 0.3736962025316457], [0.24305063291139253, 0.507873417721519, 0.3202658227848103, 0.5787594936708861], [0.3240632911392406, 0.5091392405063291, 0.3898860759493673, 0.5749620253164557], [0.0, 0.5521772151898734, 0.06203797468354435, 0.6192658227848101], [0.5860886075949368, 0.6559746835443038, 0.6379873417721519, 0.6952151898734178], [0.5746962025316457, 0.5230632911392405, 0.6316582278481014, 0.5698987341772153], [0.04937974683544303, 0.6534430379746836, 0.1063417721518988, 0.6990126582278481]], "class": 11}