{"image": "9c4f1755-759d-11ee-aff7-fcb3bc5cd112.jpg", "bboxes": [[0.0, 0.41581012658227845, 0.05254430379746833, 0.5006202531645569], [0.11203797468354426, 0.08543037974683543, 0.2538101265822784, 0.2234050632911393], [0.6386202531645568, 0.24618987341772147, 0.7626708860759492, 0.38036708860759494], [0.7563417721518987, 0.26897468354430387, 0.8854556962025316, 0.3866962025316457], [0.46773417721518973, 0.5208734177215191, 0.5449493670886074, 0.5917594936708861], [0.39811392405063273, 0.5221392405063291, 0.46393670886075933, 0.5879620253164557], [0.7259620253164556, 0.5651772151898735, 0.7905189873417722, 0.6322658227848101], [0.8183670886075949, 0.5588481012658228, 0.8753291139240507, 0.6234050632911392], [0.15001265822784804, 0.6689746835443038, 0.20191139240506317, 0.7082151898734177], [0.1563417721518986, 0.5360632911392404, 0.21330379746835437, 0.5828987341772152], [0.6816582278481012, 0.6664430379746835, 0.7386202531645569, 0.7120126582278481]], "class": 11}