{"image": "9c4f1755-759d-11ee-aff7-fcb3bc5cd112.jpg", "bboxes": [[0.8970886075949368, 0.5758227848101266, 1.0, 0.6986075949367089], [0.7464556962025317, 0.540379746835443, 0.8439240506329115, 0.6251898734177215], [0.5451898734177216, 0.8175949367088607, 0.6869620253164558, 0.9555696202531645], [0.036329113924050714, 0.6606329113924051, 0.16037974683544315, 0.7948101265822785], [0.0, 0.6543037974683543, 0.04265822784810132, 0.7720253164556962], [0.2540506329113925, 0.44924050632911394, 0.3312658227848103, 0.520126582278481], [0.3350632911392406, 0.4530379746835443, 0.4008860759493673, 0.5188607594936709], [0.008481012658227883, 0.40873417721518984, 0.07303797468354435, 0.4758227848101266], [0.5970886075949368, 0.3327848101265823, 0.6489873417721519, 0.3720253164556962], [0.5856962025316457, 0.4581012658227848, 0.6426582278481014, 0.5049367088607595], [0.06037974683544303, 0.32898734177215194, 0.1173417721518988, 0.37455696202531646]], "class": 11}