{"image": "9c4f1755-759d-11ee-aff7-fcb3bc5cd112.jpg", "bboxes": [[0.8850886075949368, 0.30939240506329113, 1.0, 0.4321772151898734], [0.7344556962025317, 0.38281012658227853, 0.8319240506329115, 0.467620253164557], [0.5331898734177216, 0.05243037974683551, 0.6749620253164558, 0.19040506329113926], [0.024329113924050717, 0.21318987341772155, 0.14837974683544314, 0.3473670886075949], [0.0, 0.23597468354430384, 0.030658227848101318, 0.3536962025316457], [0.24205063291139253, 0.48787341772151904, 0.3192658227848103, 0.5587594936708861], [0.3230632911392406, 0.48913924050632906, 0.3888860759493673, 0.5549620253164558], [0.0, 0.5321772151898734, 0.06103797468354435, 0.5992658227848102], [0.5850886075949367, 0.6359746835443039, 0.6369873417721519, 0.6752151898734178], [0.5736962025316457, 0.5030632911392405, 0.6306582278481014, 0.5498987341772152], [0.04837974683544303, 0.6334430379746836, 0.1053417721518988, 0.6790126582278481]], "class": 11}