{"image": "9c4f1755-759d-11ee-aff7-fcb3bc5cd112.jpg", "bboxes": [[0.29562025316455687, 0.6226329113924051, 0.41967088607594927, 0.7568101265822785], [0.4133417721518987, 0.6163037974683543, 0.5424556962025315, 0.7340253164556961], [0.7614430379746835, 0.5137721518987342, 0.847518987341772, 0.611240506329114], [0.8462531645569619, 0.5137721518987342, 0.92726582278481, 0.5947848101265822], [0.12473417721518965, 0.41124050632911396, 0.20194936708860745, 0.482126582278481], [0.05511392405063276, 0.4150379746835443, 0.12093670886075936, 0.4808607594936709], [0.3829620253164556, 0.37073417721518986, 0.4475189873417721, 0.43782278481012654], [0.4753670886075948, 0.37959493670886074, 0.5323291139240506, 0.44415189873417715], [0.6956202531645568, 0.3846582278481013, 0.7576455696202531, 0.44794936708860755], [0.7589113924050632, 0.3808607594936709, 0.8222025316455694, 0.43275949367088606], [0.3386582278481012, 0.2909873417721519, 0.39562025316455696, 0.3365569620253165]], "class": 11}