{"image": "9c4f1755-759d-11ee-aff7-fcb3bc5cd112.jpg", "bboxes": [[0.11962025316455682, 0.611632911392405, 0.24367088607594933, 0.7458101265822785], [0.23734177215189867, 0.6053037974683544, 0.3664556962025316, 0.7230253164556961], [0.5854430379746836, 0.5027721518987341, 0.671518987341772, 0.600240506329114], [0.6702531645569619, 0.5027721518987341, 0.75126582278481, 0.5837848101265822], [0.0, 0.40024050632911395, 0.02594936708860751, 0.47112658227848103], [0.2069620253164557, 0.35973417721518985, 0.27151898734177216, 0.4268227848101266], [0.29936708860759487, 0.36859493670886073, 0.35632911392405064, 0.43315189873417714], [0.5196202531645568, 0.37365822784810127, 0.5816455696202532, 0.4369493670886076], [0.5829113924050633, 0.36986075949367087, 0.6462025316455695, 0.42175949367088605], [0.16265822784810124, 0.2799873417721519, 0.21962025316455702, 0.3255569620253165]], "class": 10}