{"image": "9c4f1755-759d-11ee-aff7-fcb3bc5cd112.jpg", "bboxes": [[0.9180886075949368, 0.2863924050632911, 1.0, 0.4091772151898735], [0.7674556962025317, 0.3598101265822785, 0.8649240506329116, 0.444620253164557], [0.5661898734177216, 0.02943037974683549, 0.7079620253164558, 0.16740506329113924], [0.05732911392405072, 0.19018987341772153, 0.18137974683544314, 0.324367088607595], [0.0, 0.21297468354430382, 0.06365822784810132, 0.33069620253164567], [0.27505063291139253, 0.464873417721519, 0.35226582278481033, 0.535759493670886], [0.3560632911392406, 0.46613924050632904, 0.4218860759493673, 0.5319620253164556], [0.029481012658227883, 0.5091772151898735, 0.09403797468354434, 0.5762658227848101], [0.0, 0.5028481012658228, 0.0016329113924051625, 0.5674050632911393], [0.6180886075949368, 0.6129746835443037, 0.6699873417721519, 0.6522151898734178], [0.6066962025316457, 0.4800632911392405, 0.6636582278481015, 0.5268987341772152], [0.08137974683544302, 0.6104430379746835, 0.1383417721518988, 0.656012658227848]], "class": 12}