{"image": "9c4f1755-759d-11ee-aff7-fcb3bc5cd112.jpg", "bboxes": [[0.8461898734177217, 0.036430379746835495, 0.9879620253164557, 0.17440506329113925], [0.33732911392405074, 0.19718987341772154, 0.46137974683544314, 0.331367088607595], [0.2145443037974684, 0.21997468354430383, 0.3436582278481013, 0.3376962025316457], [0.5550506329113926, 0.47187341772151903, 0.6322658227848104, 0.542759493670886], [0.6360632911392406, 0.47313924050632905, 0.7018860759493672, 0.5389620253164558], [0.30948101265822786, 0.5161772151898734, 0.3740379746835443, 0.5832658227848102], [0.2246708860759494, 0.5098481012658228, 0.28163291139240515, 0.5744050632911393], [0.0, 0.5060506329113924, 0.061379746835443144, 0.5693417721518987], [0.8980886075949368, 0.6199746835443039, 0.9499873417721519, 0.6592151898734178], [0.8866962025316457, 0.4870632911392405, 0.9436582278481014, 0.5338987341772152], [0.36137974683544305, 0.6174430379746836, 0.41834177215189877, 0.663012658227848]], "class": 11}