{"image": "9c4f1755-759d-11ee-aff7-fcb3bc5cd112.jpg", "bboxes": [[0.0, 0.0404303797468355, 0.05081012658227835, 0.17840506329113925], [0.4356202531645569, 0.20118987341772154, 0.5596708860759493, 0.3353670886075949], [0.5533417721518987, 0.22397468354430383, 0.6824556962025317, 0.3416962025316457], [0.9014430379746835, 0.3467594936708861, 0.987518987341772, 0.4442278481012658], [0.9862531645569619, 0.36321518987341783, 1.0, 0.4442278481012658], [0.26473417721518966, 0.47587341772151903, 0.34194936708860746, 0.546759493670886], [0.19511392405063266, 0.47713924050632905, 0.26093670886075937, 0.5429620253164558], [0.5229620253164556, 0.5201772151898734, 0.5875189873417721, 0.5872658227848102], [0.6153670886075948, 0.5138481012658228, 0.6723291139240506, 0.5784050632911393], [0.8356202531645569, 0.5100506329113924, 0.8976455696202531, 0.5733417721518987], [0.8989113924050632, 0.5252405063291139, 0.9622025316455695, 0.5771392405063291], [0.0, 0.4910632911392405, 0.010303797468354303, 0.5378987341772152], [0.4786582278481012, 0.6214430379746836, 0.535620253164557, 0.667012658227848]], "class": 13}