{"image": "9c4f1755-759d-11ee-aff7-fcb3bc5cd112.jpg", "bboxes": [[0.3556202531645568, 0.6216329113924051, 0.4796708860759493, 0.7558101265822785], [0.47334177215189865, 0.6153037974683543, 0.6024556962025316, 0.7330253164556961], [0.8214430379746835, 0.5127721518987342, 0.9075189873417719, 0.610240506329114], [0.9062531645569619, 0.5127721518987342, 0.98726582278481, 0.5937848101265822], [0.1847341772151897, 0.41024050632911396, 0.2619493670886075, 0.481126582278481], [0.1151139240506327, 0.4140379746835443, 0.1809367088607594, 0.4798607594936709], [0.4429620253164557, 0.36973417721518986, 0.5075189873417721, 0.43682278481012654], [0.5353670886075949, 0.37859493670886074, 0.5923291139240505, 0.44315189873417715], [0.7556202531645568, 0.3836582278481013, 0.8176455696202531, 0.44694936708860755], [0.8189113924050633, 0.3798607594936709, 0.8822025316455695, 0.43175949367088606], [0.39865822784810123, 0.2899873417721519, 0.455620253164557, 0.3355569620253165]], "class": 11}