{"image": "9c4f1755-759d-11ee-aff7-fcb3bc5cd112.jpg", "bboxes": [[0.17662025316455687, 0.6186329113924051, 0.3006708860759493, 0.7528101265822785], [0.2943417721518987, 0.6123037974683543, 0.42345569620253165, 0.7300253164556961], [0.6424430379746835, 0.5097721518987341, 0.728518987341772, 0.607240506329114], [0.727253164556962, 0.5097721518987341, 0.80826582278481, 0.5907848101265822], [0.005734177215189651, 0.40724050632911396, 0.08294936708860745, 0.478126582278481], [0.0, 0.4110379746835443, 0.0019367088607593619, 0.4768607594936709], [0.26396202531645563, 0.36673417721518986, 0.3285189873417721, 0.43382278481012654], [0.3563670886075948, 0.37559493670886074, 0.4133291139240506, 0.44015189873417715], [0.5766202531645568, 0.38065822784810127, 0.6386455696202531, 0.44394936708860755], [0.6399113924050632, 0.37686075949367087, 0.7032025316455695, 0.42875949367088606], [0.21965822784810118, 0.2869873417721519, 0.27662025316455696, 0.3325569620253165]], "class": 11}