{"image": "9c4f1755-759d-11ee-aff7-fcb3bc5cd112.jpg", "bboxes": [[0.0, 0.30390713121945123, 0.006329113924050445, 0.41010126582278483], [0.007594936708860578, 0.2733924050632911, 0.13291139240506322, 0.3961772151898735], [0.1860759493670885, 0.3468101265822785, 0.2835443037974683, 0.431620253164557], [0.34303797468354424, 0.016430379746835477, 0.4848101265822784, 0.15440506329113934], [0.8696202531645568, 0.17718987341772152, 0.9936708860759493, 0.311367088607595], [0.9873417721518987, 0.1999746835443038, 1.0, 0.31769620253164566], [0.6987341772151896, 0.451873417721519, 0.7759493670886075, 0.522759493670886], [0.6291139240506327, 0.45313924050632903, 0.6949367088607594, 0.5189620253164557], [0.9569620253164557, 0.49617721518987346, 1.0, 0.5632658227848102], [0.38101265822784813, 0.5999746835443038, 0.43291139240506327, 0.6392151898734177], [0.3873417721518986, 0.4670632911392405, 0.44430379746835436, 0.5138987341772152], [0.9126582278481012, 0.5974430379746836, 0.969620253164557, 0.6430126582278481]], "class": 12}