{"image": "9c4f1755-759d-11ee-aff7-fcb3bc5cd112.jpg", "bboxes": [[0.14662025316455685, 0.19718987341772154, 0.27067088607594925, 0.331367088607595], [0.2643417721518987, 0.21997468354430383, 0.3934556962025316, 0.3376962025316457], [0.6124430379746835, 0.3427594936708861, 0.698518987341772, 0.4402278481012659], [0.697253164556962, 0.35921518987341783, 0.77826582278481, 0.4402278481012659], [0.0, 0.47187341772151903, 0.052949367088607424, 0.542759493670886], [0.2339620253164556, 0.5161772151898734, 0.29851898734177207, 0.5832658227848102], [0.3263670886075949, 0.5098481012658228, 0.38332911392405056, 0.5744050632911393], [0.5466202531645569, 0.5060506329113924, 0.6086455696202531, 0.5693417721518987], [0.6099113924050632, 0.5212405063291139, 0.6732025316455694, 0.5731392405063291], [0.18965822784810116, 0.6174430379746836, 0.24662025316455694, 0.663012658227848]], "class": 10}