{"image": "9c4f1755-759d-11ee-aff7-fcb3bc5cd112.jpg", "bboxes": [[0.6693291139240507, 0.6486329113924051, 0.7933797468354431, 0.7828101265822784], [0.5465443037974684, 0.6423037974683543, 0.6756582278481014, 0.7600253164556962], [0.241481012658228, 0.5397721518987342, 0.3275569620253165, 0.6372405063291139], [0.16173417721519, 0.5397721518987342, 0.2427468354430381, 0.6207848101265823], [0.8870506329113925, 0.43724050632911393, 0.9642658227848103, 0.5081265822784811], [0.9680632911392406, 0.4410379746835443, 1.0, 0.5068607594936709], [0.6414810126582279, 0.39673417721518983, 0.7060379746835443, 0.46382278481012656], [0.5566708860759494, 0.40559493670886076, 0.6136329113924052, 0.4701518987341772], [0.3313544303797469, 0.41065822784810124, 0.39337974683544313, 0.4739493670886076], [0.2667974683544305, 0.40686075949367084, 0.3300886075949368, 0.45875949367088603], [0.693379746835443, 0.31698734177215193, 0.7503417721518988, 0.36255696202531645]], "class": 11}