{"image": "9e2822ce-759c-11ee-bffd-fcb3bc5cd112.jpg", "bboxes": [[0.4848481012658227, 0.5861012658227849, 0.5316835443037975, 0.6316708860759495], [0.5228227848101266, 0.5835696202531646, 0.5645949367088607, 0.6316708860759495], [0.597506329113924, 0.6101518987341772, 0.6354810126582278, 0.6405316455696203], [0.9544683544303797, 0.6190126582278481, 0.9937088607594935, 0.6531898734177215], [0.14813924050632887, 0.5645822784810126, 0.19370886075949356, 0.6000253164556962], [0.18611392405063265, 0.558253164556962, 0.2380126582278479, 0.6025569620253164], [0.13168354430379736, 0.6253417721518988, 0.16965822784810125, 0.6557215189873418], [0.8835822784810126, 0.6190126582278481, 0.9152278481012658, 0.6506582278481012]], "class": 8}