{"image": "9e2822ce-759c-11ee-bffd-fcb3bc5cd112.jpg", "bboxes": [[0.0, 0.3833291139240506, 0.04015189873417728, 0.4288987341772152], [0.0, 0.3833291139240506, 0.0021772151898734366, 0.43143037974683546], [0.33129113924050646, 0.4149746835443038, 0.37686075949367115, 0.4504177215189874], [0.2869873417721521, 0.4124430379746835, 0.3388860759493673, 0.45674683544303796], [0.35534177215189877, 0.35927848101265825, 0.39331645569620266, 0.3896582278481013]], "class": 5}