{"image": "9e2822ce-759c-11ee-bffd-fcb3bc5cd112.jpg", "bboxes": [[0.6273164556962025, 0.4223291139240506, 0.6741518987341772, 0.4678987341772152], [0.5944050632911393, 0.4223291139240506, 0.6361772151898735, 0.47043037974683544], [0.5235189873417723, 0.41346835443037977, 0.5614936708860759, 0.44384810126582286], [0.16529113924050648, 0.4008101265822785, 0.2045316455696203, 0.43498734177215187], [0.9652911392405065, 0.4539746835443038, 1.0, 0.4894177215189874], [0.9209873417721521, 0.45144303797468355, 0.9728860759493673, 0.495746835443038], [0.9893417721518988, 0.3982784810126582, 1.0, 0.42865822784810126], [0.24377215189873425, 0.40334177215189876, 0.27541772151898736, 0.43498734177215187]], "class": 8}