{"image": "9e2822ce-759c-11ee-bffd-fcb3bc5cd112.jpg", "bboxes": [[0.44331645569620254, 0.5551012658227847, 0.4901518987341773, 0.6006708860759493], [0.4104050632911393, 0.5525696202531645, 0.4521772151898734, 0.6006708860759493], [0.3395189873417722, 0.5791518987341772, 0.37749367088607594, 0.6095316455696203], [0.0, 0.5880126582278482, 0.02053164556962031, 0.6221898734177216], [0.7812911392405065, 0.5335822784810127, 0.8268607594936711, 0.5690253164556962], [0.7369873417721522, 0.527253164556962, 0.7888860759493673, 0.5715569620253165], [0.8053417721518988, 0.5943417721518988, 0.8433164556962026, 0.6247215189873417], [0.05977215189873425, 0.5880126582278482, 0.09141772151898737, 0.6196582278481013]], "class": 8}