{"image": "9e2822ce-759c-11ee-bffd-fcb3bc5cd112.jpg", "bboxes": [[0.6688481012658227, 0.4363291139240506, 0.7156835443037974, 0.4818987341772152], [0.7068227848101265, 0.4363291139240506, 0.7485949367088607, 0.48443037974683545], [0.781506329113924, 0.4274683544303797, 0.8194810126582277, 0.4578481012658228], [0.3321392405063288, 0.46797468354430377, 0.3777088607594935, 0.5034177215189873], [0.3701139240506327, 0.46544303797468356, 0.42201265822784784, 0.509746835443038], [0.3156835443037974, 0.41227848101265824, 0.3536582278481012, 0.44265822784810127]], "class": 6}