{"image": "9e2822ce-759c-11ee-bffd-fcb3bc5cd112.jpg", "bboxes": [[0.5208481012658227, 0.4193291139240506, 0.5676835443037975, 0.4648987341772152], [0.5588227848101266, 0.4193291139240506, 0.6005949367088608, 0.46743037974683543], [0.633506329113924, 0.41046835443037977, 0.6714810126582278, 0.44084810126582286], [0.9904683544303797, 0.3978101265822785, 1.0, 0.43198734177215187], [0.1841392405063289, 0.4509746835443038, 0.22970886075949348, 0.4864177215189874], [0.22211392405063268, 0.44844303797468354, 0.2740126582278478, 0.492746835443038], [0.1676835443037974, 0.3952784810126582, 0.20565822784810117, 0.42565822784810126], [0.9195822784810126, 0.40034177215189876, 0.9512278481012657, 0.43198734177215187]], "class": 8}