{"image": "9e2822ce-759c-11ee-bffd-fcb3bc5cd112.jpg", "bboxes": [[0.5338481012658227, 0.5091012658227848, 0.5806835443037974, 0.5546708860759494], [0.5718227848101265, 0.5065696202531645, 0.6135949367088607, 0.5546708860759494], [0.646506329113924, 0.5331518987341772, 0.6844810126582277, 0.5635316455696202], [0.1971392405063288, 0.48758227848101265, 0.2427088607594935, 0.5230253164556962], [0.2351139240506327, 0.481253164556962, 0.28701265822784783, 0.5255569620253164], [0.1806835443037974, 0.5483417721518987, 0.21865822784810118, 0.5787215189873418], [0.9325822784810126, 0.5420126582278482, 0.9642278481012657, 0.5736582278481013]], "class": 7}