{"image": "9e2822ce-759c-11ee-bffd-fcb3bc5cd112.jpg", "bboxes": [[0.43584810126582274, 0.4403291139240506, 0.48268354430379745, 0.4858987341772152], [0.4738227848101265, 0.4403291139240506, 0.5155949367088607, 0.48843037974683545], [0.548506329113924, 0.43146835443037973, 0.5864810126582278, 0.4618481012658228], [0.9054683544303797, 0.4188101265822785, 0.9447088607594936, 0.4529873417721519], [0.09913924050632883, 0.4719746835443038, 0.14470886075949352, 0.5074177215189873], [0.13711392405063272, 0.4694430379746835, 0.18901265822784785, 0.513746835443038], [0.08268354430379732, 0.41627848101265824, 0.12065822784810121, 0.4466582278481013], [0.8345822784810126, 0.4213417721518987, 0.8662278481012657, 0.4529873417721519]], "class": 8}