{"image": "9e2822ce-759c-11ee-bffd-fcb3bc5cd112.jpg", "bboxes": [[0.24929113924050647, 0.5615822784810126, 0.29486075949367113, 0.5970253164556962], [0.20498734177215214, 0.555253164556962, 0.2568860759493673, 0.5995569620253165], [0.2733417721518988, 0.6223417721518987, 0.31131645569620264, 0.6527215189873418]], "class": 3}