{"image": "9e2822ce-759c-11ee-bffd-fcb3bc5cd112.jpg", "bboxes": [[0.6503164556962026, 0.3673291139240506, 0.6971518987341773, 0.4128987341772152], [0.6174050632911393, 0.3673291139240506, 0.6591772151898735, 0.41543037974683544], [0.5465189873417722, 0.3584683544303797, 0.584493670886076, 0.3888481012658228], [0.18829113924050647, 0.3458101265822785, 0.2275316455696203, 0.3799873417721519], [0.9882911392405065, 0.39897468354430377, 1.0, 0.4344177215189874], [0.9439873417721522, 0.39644303797468355, 0.9958860759493673, 0.440746835443038], [0.26677215189873427, 0.34834177215189877, 0.2984177215189874, 0.3799873417721519]], "class": 7}