{"image": "9e2822ce-759c-11ee-bffd-fcb3bc5cd112.jpg", "bboxes": [[0.43084810126582274, 0.3703291139240506, 0.47768354430379745, 0.4158987341772152], [0.4688227848101265, 0.3703291139240506, 0.5105949367088607, 0.41843037974683545], [0.543506329113924, 0.3614683544303797, 0.5814810126582277, 0.3918481012658228], [0.9004683544303796, 0.3488101265822785, 0.9397088607594936, 0.3829873417721519], [0.09413924050632883, 0.40197468354430377, 0.13970886075949351, 0.4374177215189874], [0.13211392405063271, 0.39944303797468356, 0.18401265822784785, 0.443746835443038], [0.07768354430379731, 0.34627848101265823, 0.1156582278481012, 0.37665822784810127], [0.8295822784810126, 0.3513417721518987, 0.8612278481012657, 0.3829873417721519]], "class": 8}