{"image": "9e2822ce-759c-11ee-bffd-fcb3bc5cd112.jpg", "bboxes": [[0.15731645569620253, 0.4033291139240506, 0.20415189873417727, 0.4488987341772152], [0.1244050632911393, 0.4033291139240506, 0.16617721518987344, 0.4514303797468355], [0.05351898734177223, 0.39446835443037975, 0.09149367088607596, 0.42484810126582284], [0.4952911392405065, 0.4349746835443038, 0.5408607594936712, 0.47041772151898736], [0.45098734177215216, 0.43244303797468353, 0.5028860759493673, 0.476746835443038], [0.5193417721518988, 0.3792784810126582, 0.5573164556962026, 0.40965822784810124]], "class": 6}