{"image": "9e2822ce-759c-11ee-bffd-fcb3bc5cd112.jpg", "bboxes": [[0.6701392405063289, 0.5545822784810126, 0.7157088607594935, 0.5900253164556962], [0.7081139240506327, 0.548253164556962, 0.7600126582278479, 0.5925569620253165], [0.6536835443037974, 0.6153417721518988, 0.6916582278481012, 0.6457215189873418]], "class": 3}