{"image": "9e2822ce-759c-11ee-bffd-fcb3bc5cd112.jpg", "bboxes": [[0.5873164556962025, 0.4423291139240506, 0.6341518987341773, 0.4878987341772152], [0.5544050632911393, 0.4423291139240506, 0.5961772151898734, 0.49043037974683545], [0.48351898734177223, 0.43346835443037973, 0.521493670886076, 0.4638481012658228], [0.12529113924050647, 0.4208101265822785, 0.1645316455696203, 0.4549873417721519], [0.9252911392405064, 0.4739746835443038, 0.9708607594936711, 0.5094177215189873], [0.8809873417721521, 0.4714430379746835, 0.9328860759493673, 0.515746835443038], [0.9493417721518987, 0.41827848101265824, 0.9873164556962026, 0.4486582278481013], [0.20377215189873424, 0.4233417721518987, 0.23541772151898738, 0.4549873417721519]], "class": 8}