{"image": "9e575fe4-6b42-11ee-ad8d-fcb3bc5cd112.jpg", "bboxes": [[0.8531219512195123, 0.34541463414634144, 0.904341463414634, 0.3905365853658536], [0.9006829268292682, 0.3490731707317073, 0.9421463414634146, 0.39419512195121953]], "class": 2}