{"image": "9e575fe4-6b42-11ee-ad8d-fcb3bc5cd112.jpg", "bboxes": [[0.546658536585366, 0.5964634146341463, 0.5978780487804877, 0.6415853658536586], [0.5088536585365854, 0.5928048780487805, 0.5503170731707318, 0.6379268292682927]], "class": 2}