{"image": "9e575fe4-6b42-11ee-ad8d-fcb3bc5cd112.jpg", "bboxes": [[0.29812195121951235, 0.34841463414634144, 0.3493414634146339, 0.3935365853658536], [0.34568292682926827, 0.3520731707317073, 0.38714634146341464, 0.39719512195121953]], "class": 2}