{"image": "9e575fe4-6b42-11ee-ad8d-fcb3bc5cd112.jpg", "bboxes": [[0.11012195121951229, 0.5514634146341464, 0.16134146341463396, 0.5965853658536586], [0.1576829268292682, 0.5478048780487805, 0.1991463414634146, 0.5929268292682928]], "class": 2}