{"image": "9e575fe4-6b42-11ee-ad8d-fcb3bc5cd112.jpg", "bboxes": [[0.681658536585366, 0.5884634146341463, 0.7328780487804877, 0.6335853658536585], [0.6438536585365854, 0.5848048780487805, 0.6853170731707318, 0.6299268292682927]], "class": 2}