{"image": "9e575fe4-6b42-11ee-ad8d-fcb3bc5cd112.jpg", "bboxes": [[0.49565853658536607, 0.36441463414634145, 0.5468780487804877, 0.40953658536585363], [0.4578536585365854, 0.3680731707317073, 0.49931707317073176, 0.4131951219512195]], "class": 2}