{"image": "9e575fe4-6b42-11ee-ad8d-fcb3bc5cd112.jpg", "bboxes": [[0.6586585365853661, 0.3684146341463414, 0.7098780487804877, 0.41353658536585364], [0.6208536585365854, 0.3720731707317073, 0.6623170731707317, 0.4171951219512195]], "class": 2}