{"image": "9e575fe4-6b42-11ee-ad8d-fcb3bc5cd112.jpg", "bboxes": [[0.8141219512195124, 0.6064634146341463, 0.8653414634146339, 0.6515853658536586], [0.8616829268292683, 0.6028048780487805, 0.9031463414634147, 0.6479268292682927]], "class": 2}