{"image": "9e575fe4-6b42-11ee-ad8d-fcb3bc5cd112.jpg", "bboxes": [[0.3766585365853661, 0.5694634146341464, 0.4278780487804877, 0.6145853658536586], [0.3388536585365854, 0.5658048780487805, 0.38031707317073177, 0.6109268292682927]], "class": 2}