{"image": "9e575fe4-6b42-11ee-ad8d-fcb3bc5cd112.jpg", "bboxes": [[0.8686585365853661, 0.3264146341463414, 0.9198780487804877, 0.3715365853658536], [0.8308536585365854, 0.33007317073170733, 0.8723170731707317, 0.3751951219512195]], "class": 2}