{"image": "9e575fe4-6b42-11ee-ad8d-fcb3bc5cd112.jpg", "bboxes": [[0.8041219512195124, 0.6084634146341463, 0.8553414634146339, 0.6535853658536586], [0.8516829268292683, 0.6048048780487805, 0.8931463414634147, 0.6499268292682927]], "class": 2}