{"image": "9e575fe4-6b42-11ee-ad8d-fcb3bc5cd112.jpg", "bboxes": [[0.13512195121951232, 0.5644634146341464, 0.18634146341463398, 0.6095853658536585], [0.18268292682926823, 0.5608048780487804, 0.2241463414634146, 0.6059268292682927]], "class": 2}