{"image": "9e575fe4-6b42-11ee-ad8d-fcb3bc5cd112.jpg", "bboxes": [[0.6891219512195124, 0.3324146341463414, 0.7403414634146339, 0.3775365853658536], [0.7366829268292683, 0.3360731707317073, 0.7781463414634147, 0.3811951219512195]], "class": 2}