{"image": "9e575fe4-6b42-11ee-ad8d-fcb3bc5cd112.jpg", "bboxes": [[0.41712195121951234, 0.35241463414634144, 0.4683414634146339, 0.3975365853658536], [0.46468292682926826, 0.3560731707317073, 0.5061463414634146, 0.4011951219512195]], "class": 2}