{"image": "9e575fe4-6b42-11ee-ad8d-fcb3bc5cd112.jpg", "bboxes": [[0.3521219512195123, 0.3784146341463414, 0.40334146341463395, 0.42353658536585365], [0.3996829268292682, 0.3820731707317073, 0.4411463414634146, 0.4271951219512195]], "class": 2}