{"image": "9e61c4f5-759d-11ee-90a5-fcb3bc5cd112.jpg", "bboxes": [[0.8539240506329114, 0.27467088607594936, 0.9197468354430383, 0.34682278481012657], [0.5336708860759494, 0.17846835443037978, 0.570379746835443, 0.21517721518987337], [0.4969620253164558, 0.1797341772151899, 0.5387341772151899, 0.2126455696202532], [0.2741772151898734, 0.2177088607594937, 0.3121518987341773, 0.2531518987341772], [0.24759493670886082, 0.2189746835443038, 0.2779746835443038, 0.25694936708860755], [0.3665822784810127, 0.12910126582278486, 0.38556962025316466, 0.15441772151898736], [0.3463291139240507, 0.13289873417721523, 0.36784810126582285, 0.15441772151898736], [0.29443037974683545, 0.1455569620253165, 0.32227848101265827, 0.17593670886075952]], "class": 8}