{"image": "9e61c4f5-759d-11ee-90a5-fcb3bc5cd112.jpg", "bboxes": [[0.0, 0.4406329113924051, 0.05359493670886062, 0.5178481012658228], [0.16625316455696182, 0.6241772151898735, 0.23207594936708853, 0.6963291139240506], [0.515620253164557, 0.7558227848101267, 0.5523291139240506, 0.7925316455696202], [0.5472658227848102, 0.7583544303797468, 0.5890379746835442, 0.7912658227848101], [0.7738481012658227, 0.7178481012658228, 0.8118227848101266, 0.7532911392405063], [0.8080253164556962, 0.7140506329113925, 0.8384050632911392, 0.7520253164556963], [0.7004303797468354, 0.8165822784810126, 0.7194177215189872, 0.8418987341772152], [0.7181518987341772, 0.8165822784810126, 0.7396708860759493, 0.8381012658227848], [0.7637215189873416, 0.7950632911392405, 0.7915696202531646, 0.8254430379746835]], "class": 9}