{"image": "9e61c4f5-759d-11ee-90a5-fcb3bc5cd112.jpg", "bboxes": [[0.34220253164556946, 0.45515189873417716, 0.45359493670886064, 0.5323670886075949], [0.5662531645569617, 0.27667088607594936, 0.6320759493670887, 0.3488227848101266], [0.915620253164557, 0.18046835443037978, 0.9523291139240506, 0.21717721518987337], [0.9472658227848101, 0.1817341772151899, 0.9890379746835443, 0.2146455696202532]], "class": 4}