{"image": "9e61c4f5-759d-11ee-90a5-fcb3bc5cd112.jpg", "bboxes": [[0.3724050632911394, 0.4266329113924051, 0.4837974683544305, 0.5038481012658229], [0.1939240506329114, 0.6101772151898734, 0.2597468354430382, 0.6823291139240506]], "class": 2}