{"image": "9e61c4f5-759d-11ee-90a5-fcb3bc5cd112.jpg", "bboxes": [[0.6936708860759494, 0.20746835443037978, 0.730379746835443, 0.24417721518987337], [0.6569620253164558, 0.20873417721518991, 0.6987341772151899, 0.2416455696202532], [0.43417721518987346, 0.2467088607594937, 0.47215189873417734, 0.28215189873417723], [0.4075949367088608, 0.2479746835443038, 0.43797468354430386, 0.2859493670886076], [0.5265822784810127, 0.15810126582278486, 0.5455696202531647, 0.18341772151898736], [0.5063291139240507, 0.16189873417721523, 0.5278481012658228, 0.18341772151898736], [0.4544303797468355, 0.1745569620253165, 0.4822784810126583, 0.20493670886075951]], "class": 7}