{"image": "9e61c4f5-759d-11ee-90a5-fcb3bc5cd112.jpg", "bboxes": [[0.4874050632911394, 0.49715189873417714, 0.5987974683544305, 0.5743670886075949], [0.3089240506329114, 0.31867088607594934, 0.3747468354430382, 0.39082278481012656], [0.0, 0.22246835443037977, 0.02537974683544303, 0.25917721518987336]], "class": 3}