{"image": "9e61c4f5-759d-11ee-90a5-fcb3bc5cd112.jpg", "bboxes": [[0.8284050632911394, 0.44963291139240513, 0.9397974683544306, 0.5268481012658228], [0.6499240506329114, 0.6331772151898734, 0.7157468354430382, 0.7053291139240507], [0.3296708860759494, 0.7648227848101266, 0.36637974683544305, 0.8015316455696202], [0.29296202531645577, 0.7673544303797468, 0.3347341772151899, 0.8002658227848101], [0.07017721518987344, 0.7268481012658228, 0.10815189873417734, 0.7622911392405063], [0.04359493670886081, 0.7230506329113924, 0.07397468354430384, 0.7610253164556962], [0.16258227848101273, 0.8255822784810126, 0.18156962025316467, 0.8508987341772152], [0.1423291139240507, 0.8255822784810126, 0.16384810126582283, 0.8471012658227848], [0.09043037974683546, 0.8040632911392405, 0.1182784810126583, 0.8344430379746834]], "class": 9}