{"image": "9e61c4f5-759d-11ee-90a5-fcb3bc5cd112.jpg", "bboxes": [[0.6394050632911394, 0.46215189873417717, 0.7507974683544305, 0.5393670886075949], [0.4609240506329114, 0.2836708860759493, 0.5267468354430382, 0.3558227848101266], [0.1406708860759494, 0.18746835443037976, 0.17737974683544303, 0.22417721518987338], [0.10396202531645576, 0.1887341772151899, 0.14573417721518991, 0.2216455696202532]], "class": 4}