{"image": "9e61c4f5-759d-11ee-90a5-fcb3bc5cd112.jpg", "bboxes": [[0.9014050632911395, 0.4346329113924051, 1.0, 0.5118481012658228], [0.7229240506329114, 0.6181772151898735, 0.7887468354430383, 0.6903291139240506], [0.4026708860759494, 0.7498227848101267, 0.439379746835443, 0.7865316455696202], [0.3659620253164558, 0.7523544303797468, 0.4077341772151899, 0.7852658227848102], [0.14317721518987345, 0.7118481012658228, 0.18115189873417734, 0.7472911392405064], [0.11659493670886081, 0.7080506329113925, 0.14697468354430385, 0.7460253164556963], [0.23558227848101274, 0.8105822784810126, 0.25456962025316465, 0.8358987341772152], [0.2153291139240507, 0.8105822784810126, 0.23684810126582284, 0.8321012658227848], [0.16343037974683547, 0.7890632911392405, 0.1912784810126583, 0.8194430379746835]], "class": 9}