{"image": "9e61c4f5-759d-11ee-90a5-fcb3bc5cd112.jpg", "bboxes": [[0.17320253164556942, 0.46515189873417717, 0.2845949367088606, 0.5423670886075949], [0.3972531645569618, 0.2866708860759493, 0.4630759493670886, 0.3588227848101266], [0.7466202531645569, 0.19046835443037977, 0.7833291139240506, 0.22717721518987338], [0.77826582278481, 0.1917341772151899, 0.8200379746835442, 0.22464556962025317], [0.9314303797468353, 0.14110126582278484, 0.9504177215189873, 0.16641772151898734], [0.9491518987341772, 0.14489873417721524, 0.9706708860759493, 0.16641772151898734], [0.9947215189873417, 0.15755696202531652, 1.0, 0.18793670886075953]], "class": 7}