{"image": "9e61c4f5-759d-11ee-90a5-fcb3bc5cd112.jpg", "bboxes": [[0.32220253164556945, 0.47663291139240516, 0.4335949367088606, 0.5538481012658228], [0.5462531645569617, 0.6601772151898735, 0.6120759493670886, 0.7323291139240506], [0.895620253164557, 0.7918227848101267, 0.9323291139240506, 0.8285316455696202], [0.9272658227848101, 0.7943544303797468, 0.9690379746835442, 0.8272658227848101]], "class": 4}