{"image": "9e61c4f5-759d-11ee-90a5-fcb3bc5cd112.jpg", "bboxes": [[0.9529240506329114, 0.6551772151898734, 1.0, 0.7273291139240506], [0.6326708860759493, 0.7868227848101266, 0.669379746835443, 0.8235316455696202], [0.5959620253164558, 0.7893544303797468, 0.6377341772151899, 0.8222658227848101], [0.37317721518987346, 0.7488481012658228, 0.41115189873417735, 0.7842911392405063], [0.3465949367088608, 0.7450506329113924, 0.37697468354430386, 0.7830253164556962], [0.46558227848101275, 0.8475822784810126, 0.48456962025316463, 0.8728987341772152], [0.4453291139240507, 0.8475822784810126, 0.4668481012658228, 0.8691012658227848], [0.3934303797468355, 0.8260632911392405, 0.4212784810126583, 0.8564430379746835]], "class": 8}