{"image": "9e61c4f5-759d-11ee-90a5-fcb3bc5cd112.jpg", "bboxes": [[0.9029240506329114, 0.6551772151898734, 0.9687468354430382, 0.7273291139240506], [0.5826708860759494, 0.7868227848101266, 0.6193797468354431, 0.8235316455696202], [0.5459620253164558, 0.7893544303797468, 0.58773417721519, 0.8222658227848101], [0.3231772151898734, 0.7488481012658228, 0.36115189873417736, 0.7842911392405063], [0.29659493670886083, 0.7450506329113924, 0.32697468354430387, 0.7830253164556962], [0.41558227848101276, 0.8475822784810126, 0.43456962025316465, 0.8728987341772152], [0.39532911392405073, 0.8475822784810126, 0.41684810126582283, 0.8691012658227848], [0.34343037974683543, 0.8260632911392405, 0.3712784810126583, 0.8564430379746835]], "class": 8}