{"image": "9e7cdc78-6b43-11ee-801d-fcb3bc5cd112.jpg", "bboxes": [[0.7062439024390244, 0.5367560975609755, 0.8050243902439025, 0.6379756097560976], [0.7830731707317073, 0.5550487804878048, 0.9160000000000001, 0.6599268292682927], [0.9257560975609757, 0.703829268292683, 1.0, 0.7928536585365854], [0.8367317073170731, 0.801390243902439, 0.8952682926829268, 0.8330975609756097], [0.6135609756097562, 0.7294390243902439, 0.6818536585365854, 0.778219512195122], [0.5489268292682927, 0.7172439024390245, 0.5964878048780488, 0.7818780487804878]], "class": 6}