{"image": "9e7cdc78-6b43-11ee-801d-fcb3bc5cd112.jpg", "bboxes": [[0.8329756097560974, 0.5277560975609756, 0.9317560975609755, 0.6289756097560976], [0.7219999999999999, 0.5460487804878048, 0.8549268292682927, 0.6509268292682927], [0.1963902439024391, 0.6704390243902438, 0.32199999999999995, 0.7631219512195122], [0.2951707317073171, 0.6472682926829268, 0.4305365853658538, 0.743609756097561], [0.5317560975609756, 0.7143414634146341, 0.6329756097560976, 0.8033658536585366], [0.6232195121951221, 0.694829268292683, 0.7122439024390244, 0.7838536585365854], [0.7427317073170732, 0.7923902439024391, 0.8012682926829269, 0.8240975609756098], [0.9561463414634146, 0.7204390243902439, 1.0, 0.769219512195122]], "class": 8}