{"image": "9e7cdc78-6b43-11ee-801d-fcb3bc5cd112.jpg", "bboxes": [[0.21297560975609742, 0.3500243902439024, 0.31175609756097555, 0.4512439024390244], [0.10199999999999987, 0.32807317073170733, 0.23492682926829267, 0.4329512195121952], [0.0, 0.17563414634146343, 0.012975609756097573, 0.2646585365853658], [0.003219512195121954, 0.1951463414634146, 0.09224390243902436, 0.28417073170731705], [0.12273170731707317, 0.15490243902439021, 0.18126829268292677, 0.186609756097561], [0.3361463414634146, 0.209780487804878, 0.4044390243902438, 0.2585609756097561], [0.42151219512195126, 0.2061219512195122, 0.4690731707317073, 0.27075609756097563]], "class": 7}