{"image": "9e7cdc78-6b43-11ee-801d-fcb3bc5cd112.jpg", "bboxes": [[0.47897560975609743, 0.4090243902439024, 0.5777560975609757, 0.5102439024390244], [0.3679999999999999, 0.38707317073170733, 0.5009268292682927, 0.49195121951219517], [0.0, 0.294390243902439, 0.07653658536585384, 0.39073170731707313], [0.17775609756097566, 0.23463414634146343, 0.2789756097560976, 0.3236585365853658], [0.26921951219512197, 0.25414634146341464, 0.3582439024390244, 0.34317073170731704], [0.3887317073170732, 0.2139024390243902, 0.4472682926829268, 0.245609756097561], [0.6021463414634146, 0.268780487804878, 0.6704390243902438, 0.3175609756097561], [0.6875121951219512, 0.2651219512195122, 0.7350731707317073, 0.3297560975609756]], "class": 8}