{"image": "9e7cdc78-6b43-11ee-801d-fcb3bc5cd112.jpg", "bboxes": [[0.3902439024390244, 0.5447560975609755, 0.48902439024390254, 0.6459756097560976], [0.46707317073170734, 0.5630487804878048, 0.6000000000000001, 0.6679268292682927], [0.8914634146341461, 0.6642682926829269, 1.0, 0.760609756097561], [0.6890243902439024, 0.7313414634146342, 0.7902439024390244, 0.8203658536585365], [0.6097560975609756, 0.711829268292683, 0.698780487804878, 0.8008536585365854], [0.5207317073170732, 0.809390243902439, 0.5792682926829268, 0.8410975609756097], [0.29756097560975614, 0.7374390243902439, 0.36585365853658536, 0.786219512195122], [0.23292682926829275, 0.7252439024390244, 0.2804878048780488, 0.7898780487804878]], "class": 8}