{"image": "9e7cdc78-6b43-11ee-801d-fcb3bc5cd112.jpg", "bboxes": [[0.7292439024390244, 0.4787560975609756, 0.8280243902439025, 0.5799756097560975], [0.8060731707317074, 0.4970487804878049, 0.9390000000000002, 0.6019268292682927], [0.9487560975609756, 0.645829268292683, 1.0, 0.7348536585365855], [0.8597317073170732, 0.743390243902439, 0.9182682926829269, 0.7750975609756098], [0.6365609756097561, 0.6714390243902439, 0.7048536585365854, 0.720219512195122], [0.5719268292682927, 0.6592439024390244, 0.6194878048780488, 0.7238780487804878]], "class": 6}