{"image": "9e7cdc78-6b43-11ee-801d-fcb3bc5cd112.jpg", "bboxes": [[0.2742439024390244, 0.3560243902439024, 0.37302439024390255, 0.4572439024390244], [0.35107317073170735, 0.3340731707317073, 0.4840000000000001, 0.4389512195121952], [0.884, 0.2218780487804878, 1.0, 0.3145609756097561], [0.7754634146341461, 0.24139024390243902, 0.9108292682926828, 0.33773170731707314], [0.5730243902439024, 0.18163414634146344, 0.6742439024390244, 0.2706585365853658], [0.4937560975609756, 0.20114634146341462, 0.582780487804878, 0.29017073170731705], [0.4047317073170732, 0.16090243902439022, 0.4632682926829268, 0.19260975609756098], [0.18156097560975615, 0.21578048780487802, 0.2498536585365854, 0.2645609756097561], [0.11692682926829275, 0.2121219512195122, 0.1644878048780488, 0.2767560975609756]], "class": 9}