{"image": "9e7cdc78-6b43-11ee-801d-fcb3bc5cd112.jpg", "bboxes": [[0.8429756097560974, 0.5417560975609756, 0.9417560975609756, 0.6429756097560976], [0.7319999999999999, 0.5600487804878048, 0.8649268292682927, 0.6649268292682927], [0.2063902439024391, 0.6844390243902438, 0.33199999999999996, 0.7771219512195122], [0.3051707317073171, 0.6612682926829269, 0.44053658536585383, 0.757609756097561], [0.5417560975609756, 0.7283414634146341, 0.6429756097560976, 0.8173658536585365], [0.633219512195122, 0.7088292682926829, 0.7222439024390244, 0.7978536585365854], [0.7527317073170732, 0.8063902439024391, 0.8112682926829268, 0.8380975609756098], [0.9661463414634146, 0.7344390243902439, 1.0, 0.783219512195122]], "class": 8}