{"image": "9e7cdc78-6b43-11ee-801d-fcb3bc5cd112.jpg", "bboxes": [[0.18124390243902438, 0.5297560975609756, 0.2800243902439025, 0.6309756097560976], [0.2580731707317074, 0.5480487804878048, 0.3910000000000001, 0.6529268292682927], [0.791, 0.6724390243902438, 0.9166097560975609, 0.7651219512195122], [0.6824634146341462, 0.6492682926829269, 0.8178292682926829, 0.745609756097561], [0.4800243902439024, 0.7163414634146341, 0.5812439024390244, 0.8053658536585366], [0.4007560975609756, 0.696829268292683, 0.48978048780487804, 0.7858536585365854], [0.31173170731707317, 0.7943902439024391, 0.3702682926829268, 0.8260975609756098], [0.08856097560975616, 0.7224390243902439, 0.1568536585365854, 0.771219512195122], [0.02392682926829275, 0.7102439024390244, 0.07148780487804879, 0.7748780487804878]], "class": 9}