{"image": "9e7cdc78-6b43-11ee-801d-fcb3bc5cd112.jpg", "bboxes": [[0.5772439024390243, 0.37102439024390244, 0.6760243902439025, 0.4722439024390244], [0.6540731707317073, 0.3490731707317073, 0.7870000000000001, 0.4539512195121952], [0.8760243902439024, 0.19663414634146342, 0.9772439024390244, 0.28565853658536583], [0.7967560975609757, 0.2161463414634146, 0.8857804878048781, 0.305170731707317], [0.7077317073170731, 0.1759024390243902, 0.7662682926829268, 0.207609756097561], [0.48456097560975614, 0.23078048780487803, 0.5528536585365854, 0.2795609756097561], [0.4199268292682927, 0.2271219512195122, 0.4674878048780488, 0.2917560975609756]], "class": 7}