{"image": "9e7cdc78-6b43-11ee-801d-fcb3bc5cd112.jpg", "bboxes": [[0.3272439024390244, 0.4050243902439024, 0.42602439024390254, 0.5062439024390244], [0.40407317073170734, 0.3830731707317073, 0.5370000000000001, 0.48795121951219517], [0.937, 0.2708780487804878, 1.0, 0.3635609756097561], [0.8284634146341462, 0.290390243902439, 0.9638292682926829, 0.3867317073170731], [0.6260243902439024, 0.23063414634146343, 0.7272439024390244, 0.3196585365853658], [0.5467560975609757, 0.25014634146341463, 0.6357804878048781, 0.33917073170731704], [0.4577317073170732, 0.2099024390243902, 0.5162682926829268, 0.241609756097561], [0.23456097560975617, 0.264780487804878, 0.3028536585365854, 0.3135609756097561], [0.16992682926829275, 0.2611219512195122, 0.21748780487804878, 0.3257560975609756]], "class": 9}