{"image": "9e7cdc78-6b43-11ee-801d-fcb3bc5cd112.jpg", "bboxes": [[0.8679756097560974, 0.4747560975609756, 0.9667560975609756, 0.5759756097560975], [0.7569999999999999, 0.49304878048780487, 0.8899268292682927, 0.5979268292682927], [0.23139024390243912, 0.6174390243902439, 0.357, 0.7101219512195123], [0.33017073170731714, 0.5942682926829268, 0.46553658536585385, 0.690609756097561], [0.5667560975609756, 0.6613414634146342, 0.6679756097560976, 0.7503658536585366], [0.658219512195122, 0.6418292682926829, 0.7472439024390244, 0.7308536585365855], [0.7777317073170732, 0.739390243902439, 0.8362682926829268, 0.7710975609756098], [0.9911463414634146, 0.6674390243902439, 1.0, 0.716219512195122]], "class": 8}