{"image": "9e7cdc78-6b43-11ee-801d-fcb3bc5cd112.jpg", "bboxes": [[0.9079999999999999, 0.5170487804878048, 1.0, 0.6219268292682927], [0.38239024390243914, 0.6414390243902439, 0.508, 0.7341219512195122], [0.48117073170731717, 0.6182682926829268, 0.6165365853658539, 0.714609756097561], [0.7177560975609756, 0.6853414634146342, 0.8189756097560976, 0.7743658536585365], [0.809219512195122, 0.665829268292683, 0.8982439024390244, 0.7548536585365854], [0.9287317073170732, 0.763390243902439, 0.9872682926829268, 0.7950975609756098]], "class": 6}