{"image": "9e7cdc78-6b43-11ee-801d-fcb3bc5cd112.jpg", "bboxes": [[0.0, 0.37802439024390244, 0.0010243902439025306, 0.47924390243902437], [0.0, 0.3560731707317073, 0.11200000000000011, 0.46095121951219514], [0.512, 0.2438780487804878, 0.6376097560975609, 0.3365609756097561], [0.40346341463414614, 0.26339024390243904, 0.5388292682926829, 0.35973170731707316], [0.20102439024390242, 0.20363414634146343, 0.3022439024390244, 0.29265853658536584], [0.1217560975609756, 0.2231463414634146, 0.21078048780487801, 0.312170731707317], [0.032731707317073186, 0.1829024390243902, 0.09126829268292681, 0.214609756097561]], "class": 7}