{"image": "a228023f-759c-11ee-84e7-fcb3bc5cd112.jpg", "bboxes": [[0.4248860759493673, 0.35507594936708853, 0.47678481012658247, 0.4196329113924052], [0.3780506329113925, 0.35887341772151904, 0.4299493670886077, 0.42849367088607593], [0.0, 0.4069746835443039, 0.04260759493670889, 0.44874683544303795], [0.47678481012658247, 0.508240506329114, 0.5046329113924053, 0.5360886075949367], [0.4502025316455697, 0.5069746835443039, 0.4793164556962026, 0.5411518987341772], [0.3704556962025317, 0.5335569620253164, 0.3957721518987344, 0.5601392405063291], [0.4261518987341774, 0.5525443037974684, 0.44640506329113944, 0.5715316455696202], [0.6717215189873418, 0.5436835443037975, 0.6945063291139243, 0.5664683544303797], [0.6540000000000002, 0.5462151898734178, 0.6729873417721519, 0.5677341772151899], [0.5565316455696204, 0.5424177215189874, 0.5755189873417723, 0.5614050632911393], [0.5388101265822786, 0.5373544303797468, 0.5603291139240507, 0.5601392405063291]], "class": 11}