{"image": "a228023f-759c-11ee-84e7-fcb3bc5cd112.jpg", "bboxes": [[0.3382151898734176, 0.5893670886075948, 0.3901139240506327, 0.6539240506329114], [0.3850506329113923, 0.5805063291139241, 0.43694936708860743, 0.650126582278481], [0.7723924050632911, 0.5602531645569621, 0.8394810126582277, 0.6020253164556961], [0.31036708860759477, 0.4729113924050633, 0.3382151898734176, 0.500759493670886], [0.3356835443037973, 0.4678481012658228, 0.3647974683544303, 0.5020253164556963], [0.4192278481012657, 0.4488607594936709, 0.44454430379746823, 0.4754430379746835], [0.36859493670886057, 0.43746835443037974, 0.3888481012658226, 0.4564556962025316], [0.12049367088607577, 0.44253164556962027, 0.14327848101265817, 0.4653164556962025], [0.14201265822784803, 0.4412658227848101, 0.1609999999999998, 0.4627848101265823], [0.23948101265822763, 0.44759493670886075, 0.25846835443037963, 0.46658227848101264], [0.25467088607594923, 0.4488607594936709, 0.2761898734177214, 0.47164556962025317]], "class": 11}