{"image": "a228023f-759c-11ee-84e7-fcb3bc5cd112.jpg", "bboxes": [[0.1633924050632911, 0.4689746835443038, 0.23048101265822774, 0.510746835443038]], "class": 1}