{"image": "a228023f-759c-11ee-84e7-fcb3bc5cd112.jpg", "bboxes": [[0.02421518987341753, 0.5773670886075949, 0.07611392405063266, 0.6419240506329115], [0.07105063291139235, 0.5685063291139241, 0.12294936708860749, 0.638126582278481], [0.45839240506329115, 0.548253164556962, 0.5254810126582278, 0.5900253164556961], [0.0, 0.4609113924050633, 0.02421518987341753, 0.48875949367088606], [0.021683544303797375, 0.4558481012658228, 0.05079746835443033, 0.4900253164556962], [0.10522784810126562, 0.43686075949367087, 0.1305443037974683, 0.46344303797468356], [0.05459493670886062, 0.4254683544303797, 0.07484810126582264, 0.4444556962025316]], "class": 7}