{"image": "a228023f-759c-11ee-84e7-fcb3bc5cd112.jpg", "bboxes": [[0.7318860759493673, 0.38607594936708856, 0.7837848101265824, 0.45063291139240513], [0.6850506329113926, 0.38987341772151896, 0.7369493670886077, 0.45949367088607596], [0.2825189873417722, 0.4379746835443038, 0.3496075949367089, 0.479746835443038], [0.7837848101265824, 0.5392405063291139, 0.8116329113924052, 0.5670886075949367], [0.7572025316455697, 0.5379746835443038, 0.7863164556962027, 0.5721518987341772], [0.6774556962025318, 0.5645569620253165, 0.7027721518987343, 0.5911392405063292], [0.7331518987341774, 0.5835443037974684, 0.7534050632911394, 0.6025316455696202], [0.9787215189873418, 0.5746835443037974, 1.0, 0.5974683544303798], [0.9610000000000002, 0.5772151898734177, 0.979987341772152, 0.59873417721519], [0.8635316455696205, 0.5734177215189874, 0.8825189873417724, 0.5924050632911393], [0.8458101265822786, 0.5683544303797468, 0.8673291139240508, 0.5911392405063292]], "class": 11}