{"image": "a228023f-759c-11ee-84e7-fcb3bc5cd112.jpg", "bboxes": [[0.6088860759493673, 0.39207594936708856, 0.6607848101265824, 0.45663291139240514], [0.5620506329113926, 0.39587341772151896, 0.6139493670886077, 0.46549367088607596], [0.15951898734177222, 0.4439746835443038, 0.2266075949367089, 0.485746835443038], [0.6607848101265824, 0.5452405063291139, 0.6886329113924052, 0.5730886075949367], [0.6342025316455697, 0.5439746835443038, 0.6633164556962027, 0.5781518987341772], [0.5544556962025318, 0.5705569620253165, 0.5797721518987343, 0.5971392405063292], [0.6101518987341774, 0.5895443037974684, 0.6304050632911394, 0.6085316455696202], [0.8557215189873418, 0.5806835443037974, 0.8785063291139242, 0.6034683544303798], [0.8380000000000002, 0.5832151898734177, 0.856987341772152, 0.60473417721519], [0.7405316455696205, 0.5794177215189874, 0.7595189873417724, 0.5984050632911393], [0.7228101265822786, 0.5743544303797468, 0.7443291139240508, 0.5971392405063292]], "class": 11}