{"image": "a228023f-759c-11ee-84e7-fcb3bc5cd112.jpg", "bboxes": [[0.9048860759493673, 0.38507594936708855, 0.9567848101265825, 0.44963291139240513], [0.8580506329113925, 0.38887341772151895, 0.9099493670886077, 0.45849367088607595], [0.4555189873417722, 0.4369746835443038, 0.5226075949367089, 0.478746835443038], [0.9567848101265825, 0.538240506329114, 0.9846329113924053, 0.5660886075949367], [0.9302025316455697, 0.5369746835443038, 0.9593164556962026, 0.5711518987341772], [0.8504556962025317, 0.5635569620253165, 0.8757721518987344, 0.5901392405063292], [0.9061518987341773, 0.5825443037974685, 0.9264050632911394, 0.6015316455696202]], "class": 7}