{"image": "a228023f-759c-11ee-84e7-fcb3bc5cd112.jpg", "bboxes": [[0.6705189873417722, 0.47397468354430383, 0.7376075949367089, 0.5157468354430379]], "class": 1}