{"image": "a228023f-759c-11ee-84e7-fcb3bc5cd112.jpg", "bboxes": [[0.4478860759493673, 0.5233670886075948, 0.49978481012658243, 0.5879240506329114], [0.40105063291139254, 0.514506329113924, 0.45294936708860767, 0.584126582278481], [0.0, 0.494253164556962, 0.0656075949367089, 0.5360253164556962], [0.49978481012658243, 0.4069113924050633, 0.5276329113924053, 0.43475949367088607], [0.4732025316455697, 0.4018481012658228, 0.5023164556962026, 0.4360253164556962], [0.39345569620253174, 0.3828607594936709, 0.41877215189873435, 0.4094430379746835], [0.4491518987341774, 0.37146835443037973, 0.4694050632911394, 0.3904556962025316], [0.6947215189873418, 0.37653164556962027, 0.7175063291139243, 0.3993164556962025], [0.6770000000000003, 0.3752658227848101, 0.6959873417721519, 0.3967848101265823], [0.5795316455696204, 0.38159493670886074, 0.5985189873417723, 0.40058227848101263], [0.5618101265822786, 0.3828607594936709, 0.5833291139240507, 0.40564556962025317]], "class": 11}