{"image": "a2c70a11-759d-11ee-bfe6-fcb3bc5cd112.jpg", "bboxes": [[0.0, 0.5885189873417721, 0.1487468354430382, 0.7290253164556961]], "class": 1}