{"image": "a2c70a11-759d-11ee-bfe6-fcb3bc5cd112.jpg", "bboxes": [[0.5663924050632912, 0.6565189873417722, 0.7347468354430382, 0.7970253164556962], [0.4562658227848102, 0.6793037974683543, 0.5803164556962025, 0.845126582278481], [0.0524683544303798, 0.46664556962025316, 0.17651898734177224, 0.6185443037974684], [0.0, 0.46537974683544303, 0.049936708860759606, 0.6198101265822785], [0.465126582278481, 0.3868987341772152, 0.544873417721519, 0.4679113924050633], [0.3815822784810127, 0.3919620253164557, 0.4663924050632912, 0.47677215189873423]], "class": 6}