{"image": "a2c70a11-759d-11ee-bfe6-fcb3bc5cd112.jpg", "bboxes": [[0.5462531645569617, 0.6225189873417721, 0.7146075949367088, 0.7630253164556962], [0.7006835443037975, 0.6453037974683543, 0.8247341772151898, 0.811126582278481], [0.736126582278481, 0.3528987341772152, 0.815873417721519, 0.43391139240506327], [0.8146075949367088, 0.3579620253164557, 0.8994177215189872, 0.44277215189873426]], "class": 4}