{"image": "a2c70a11-759d-11ee-bfe6-fcb3bc5cd112.jpg", "bboxes": [[0.31825316455696184, 0.21697468354430383, 0.4866075949367088, 0.35748101265822785], [0.47268354430379744, 0.16887341772151898, 0.5967341772151897, 0.33469620253164567], [0.8764810126582278, 0.3954556962025316, 1.0, 0.5473544303797468], [0.5081265822784811, 0.5460886075949367, 0.587873417721519, 0.6271012658227848], [0.5866075949367088, 0.5372278481012658, 0.6714177215189873, 0.6220379746835443]], "class": 5}