{"image": "a2c70a11-759d-11ee-bfe6-fcb3bc5cd112.jpg", "bboxes": [[0.06625316455696184, 0.6595189873417722, 0.2346075949367088, 0.8000253164556962], [0.22068354430379744, 0.6823037974683543, 0.34473417721518984, 0.848126582278481], [0.6244810126582278, 0.46964556962025317, 0.7485316455696203, 0.6215443037974684], [0.7510632911392404, 0.46837974683544303, 0.8510632911392404, 0.6228101265822785], [0.25612658227848106, 0.3898987341772152, 0.335873417721519, 0.4709113924050633], [0.3346075949367088, 0.3949620253164557, 0.41941772151898726, 0.47977215189873423]], "class": 6}