{"image": "a2c70a11-759d-11ee-bfe6-fcb3bc5cd112.jpg", "bboxes": [[0.9012531645569618, 0.22097468354430383, 1.0, 0.36148101265822785]], "class": 1}