{"image": "a2c70a11-759d-11ee-bfe6-fcb3bc5cd112.jpg", "bboxes": [[0.11825316455696178, 0.23897468354430385, 0.28660759493670873, 0.37948101265822787], [0.2726835443037975, 0.190873417721519, 0.3967341772151898, 0.3566962025316457], [0.6764810126582277, 0.41745569620253165, 0.8005316455696202, 0.5693544303797469], [0.8030632911392404, 0.4161898734177215, 0.9030632911392404, 0.570620253164557], [0.308126582278481, 0.5680886075949367, 0.38787341772151895, 0.6491012658227848], [0.3866075949367088, 0.5592278481012658, 0.4714177215189873, 0.6440379746835443]], "class": 6}