{"image": "a2c70a11-759d-11ee-bfe6-fcb3bc5cd112.jpg", "bboxes": [[0.4022531645569618, 0.6195189873417721, 0.5706075949367088, 0.7600253164556962], [0.5566835443037974, 0.6423037974683543, 0.6807341772151898, 0.808126582278481], [0.9604810126582277, 0.4296455696202532, 1.0, 0.5815443037974684], [0.592126582278481, 0.3498987341772152, 0.671873417721519, 0.43091139240506326], [0.6706075949367087, 0.3549620253164557, 0.7554177215189872, 0.43977215189873425]], "class": 5}