{"image": "a2c70a11-759d-11ee-bfe6-fcb3bc5cd112.jpg", "bboxes": [[0.09139240506329122, 0.6375189873417721, 0.2597468354430382, 0.7780253164556962], [0.0, 0.6603037974683543, 0.10531645569620253, 0.826126582278481], [0.0, 0.3678987341772152, 0.06987341772151899, 0.4489113924050633]], "class": 3}