{"image": "a2c70a11-759d-11ee-bfe6-fcb3bc5cd112.jpg", "bboxes": [[0.5383924050632912, 0.6175189873417721, 0.7067468354430382, 0.7580253164556962], [0.42826582278481024, 0.6403037974683543, 0.5523164556962026, 0.806126582278481], [0.024468354430379806, 0.4276455696202532, 0.14851898734177224, 0.5795443037974684], [0.0, 0.42637974683544305, 0.02193670886075961, 0.5808101265822785], [0.437126582278481, 0.34789873417721523, 0.516873417721519, 0.42891139240506326], [0.35358227848101276, 0.3529620253164557, 0.43839240506329125, 0.43777215189873425]], "class": 6}