{"image": "a2c70a11-759d-11ee-bfe6-fcb3bc5cd112.jpg", "bboxes": [[0.7213924050632913, 0.5975189873417721, 0.8897468354430382, 0.7380253164556961], [0.6112658227848102, 0.6203037974683543, 0.7353164556962025, 0.786126582278481], [0.2074683544303798, 0.40764556962025317, 0.3315189873417722, 0.5595443037974683], [0.10493670886075958, 0.40637974683544303, 0.2049367088607596, 0.5608101265822785], [0.620126582278481, 0.3278987341772152, 0.699873417721519, 0.4089113924050633], [0.5365822784810127, 0.3329620253164557, 0.6213924050632912, 0.41777215189873423]], "class": 6}