{"image": "a2c70a11-759d-11ee-bfe6-fcb3bc5cd112.jpg", "bboxes": [[0.5813924050632913, 0.2709746835443039, 0.7497468354430382, 0.4114810126582279], [0.4712658227848102, 0.22287341772151903, 0.5953164556962025, 0.3886962025316457], [0.06746835443037981, 0.44945569620253156, 0.19151898734177222, 0.6013544303797469], [0.0, 0.44818987341772154, 0.06493670886075961, 0.602620253164557], [0.480126582278481, 0.6000886075949368, 0.559873417721519, 0.6811012658227849], [0.39658227848101274, 0.5912278481012658, 0.48139240506329123, 0.6760379746835443]], "class": 6}