{"image": "a3eba6df-6b44-11ee-87cf-fcb3bc5cd112.jpg", "bboxes": [[0.5389268292682925, 0.38185365853658537, 0.5730731707317073, 0.4184390243902439]], "class": 1}