{"image": "a3eba6df-6b44-11ee-87cf-fcb3bc5cd112.jpg", "bboxes": [[0.2729268292682925, 0.4548536585365854, 0.30707317073170726, 0.4914390243902439]], "class": 1}