{"image": "a3eba6df-6b44-11ee-87cf-fcb3bc5cd112.jpg", "bboxes": [[0.25492682926829274, 0.5245609756097561, 0.28907317073170746, 0.5611463414634146]], "class": 1}