{"image": "a3eba6df-6b44-11ee-87cf-fcb3bc5cd112.jpg", "bboxes": [[0.5379268292682925, 0.44185365853658537, 0.5720731707317073, 0.4784390243902439]], "class": 1}