{"image": "a3eba6df-6b44-11ee-87cf-fcb3bc5cd112.jpg", "bboxes": [[0.8569268292682926, 0.4008536585365854, 0.8910731707317072, 0.4374390243902439]], "class": 1}