{"image": "a3eba6df-6b44-11ee-87cf-fcb3bc5cd112.jpg", "bboxes": [[0.48592682926829256, 0.574560975609756, 0.5200731707317072, 0.6111463414634146]], "class": 1}