{"image": "a3eba6df-6b44-11ee-87cf-fcb3bc5cd112.jpg", "bboxes": [[0.6989268292682927, 0.560560975609756, 0.7330731707317075, 0.5971463414634146]], "class": 1}