{"image": "a3eba6df-6b44-11ee-87cf-fcb3bc5cd112.jpg", "bboxes": [[0.2929268292682928, 0.5125609756097561, 0.3270731707317075, 0.5491463414634146]], "class": 1}