{"image": "a3eba6df-6b44-11ee-87cf-fcb3bc5cd112.jpg", "bboxes": [[0.8439268292682925, 0.3908536585365854, 0.8780731707317072, 0.4274390243902439]], "class": 1}