{"image": "a3eba6df-6b44-11ee-87cf-fcb3bc5cd112.jpg", "bboxes": [[0.6819268292682927, 0.5115609756097561, 0.7160731707317075, 0.5481463414634147]], "class": 1}