{"image": "a3eba6df-6b44-11ee-87cf-fcb3bc5cd112.jpg", "bboxes": [[0.23992682926829256, 0.43785365853658537, 0.2740731707317072, 0.4744390243902439]], "class": 1}