{"image": "a3eba6df-6b44-11ee-87cf-fcb3bc5cd112.jpg", "bboxes": [[0.17892682926829276, 0.4448536585365854, 0.21307317073170748, 0.4814390243902439]], "class": 1}