{"image": "a41dcd79-759c-11ee-8120-fcb3bc5cd112.jpg", "bboxes": [[0.7016329113924052, 0.4088481012658228, 0.7358101265822786, 0.44555696202531647], [0.6737848101265824, 0.41391139240506336, 0.7003670886075952, 0.4468227848101266]], "class": 2}