{"image": "a41dcd79-759c-11ee-8120-fcb3bc5cd112.jpg", "bboxes": [[0.2996329113924053, 0.5304430379746835, 0.3338101265822786, 0.5671518987341772], [0.27178481012658245, 0.5291772151898735, 0.2983670886075952, 0.5620886075949366]], "class": 2}