{"image": "a41dcd79-759c-11ee-8120-fcb3bc5cd112.jpg", "bboxes": [[0.7071898734177213, 0.5074430379746835, 0.7413670886075947, 0.5441518987341771], [0.7426329113924048, 0.5061772151898735, 0.7692151898734175, 0.5390886075949367]], "class": 2}