{"image": "a41dcd79-759c-11ee-8120-fcb3bc5cd112.jpg", "bboxes": [[0.9676329113924053, 0.43584810126582285, 1.0, 0.4725569620253165], [0.9397848101265824, 0.4409113924050634, 0.9663670886075951, 0.4738227848101265]], "class": 2}