{"image": "a41dcd79-759c-11ee-8120-fcb3bc5cd112.jpg", "bboxes": [[0.45618987341772144, 0.42084810126582284, 0.4903670886075947, 0.4575569620253165], [0.49163291139240484, 0.42591139240506337, 0.5182151898734175, 0.4588227848101266]], "class": 2}