{"image": "a41dcd79-759c-11ee-8120-fcb3bc5cd112.jpg", "bboxes": [[0.6916329113924052, 0.49944303797468353, 0.7258101265822786, 0.5361518987341771], [0.6637848101265824, 0.49817721518987346, 0.6903670886075952, 0.5310886075949367]], "class": 2}