{"image": "a41dcd79-759c-11ee-8120-fcb3bc5cd112.jpg", "bboxes": [[0.21063291139240528, 0.5544430379746835, 0.2448101265822786, 0.5911518987341772], [0.18278481012658243, 0.5531772151898734, 0.20936708860759518, 0.5860886075949366]], "class": 2}