{"image": "a41dcd79-759c-11ee-8120-fcb3bc5cd112.jpg", "bboxes": [[0.6271898734177215, 0.45684810126582287, 0.6613670886075947, 0.4935569620253165], [0.6626329113924048, 0.4619113924050633, 0.6892151898734176, 0.49482278481012654]], "class": 2}