{"image": "a41dcd79-759c-11ee-8120-fcb3bc5cd112.jpg", "bboxes": [[0.5361898734177214, 0.3938481012658228, 0.5703670886075947, 0.43055696202531646], [0.5716329113924048, 0.39891139240506335, 0.5982151898734176, 0.4318227848101266]], "class": 2}