{"image": "a41dcd79-759c-11ee-8120-fcb3bc5cd112.jpg", "bboxes": [[0.17463291139240528, 0.5444430379746835, 0.2088101265822786, 0.5811518987341772], [0.14678481012658245, 0.5431772151898734, 0.17336708860759517, 0.5760886075949366]], "class": 2}