{"image": "a41dcd79-759c-11ee-8120-fcb3bc5cd112.jpg", "bboxes": [[0.6616329113924053, 0.5704430379746835, 0.6958101265822786, 0.6071518987341772], [0.6337848101265824, 0.5691772151898734, 0.6603670886075952, 0.6020886075949367]], "class": 2}