{"image": "a41dcd79-759c-11ee-8120-fcb3bc5cd112.jpg", "bboxes": [[0.2911898734177214, 0.5604430379746835, 0.3253670886075948, 0.5971518987341772], [0.3266329113924048, 0.5591772151898734, 0.3532151898734176, 0.5920886075949366]], "class": 2}