{"image": "a41dcd79-759c-11ee-8120-fcb3bc5cd112.jpg", "bboxes": [[0.06918987341772143, 0.42284810126582284, 0.10336708860759469, 0.4595569620253165], [0.10463291139240483, 0.4279113924050634, 0.13121518987341751, 0.4608227848101266]], "class": 2}