{"image": "a41dcd79-759c-11ee-8120-fcb3bc5cd112.jpg", "bboxes": [[0.8726329113924053, 0.5264430379746835, 0.9068101265822786, 0.5631518987341771], [0.8447848101265825, 0.5251772151898735, 0.8713670886075952, 0.5580886075949366]], "class": 2}