{"image": "a41dcd79-759c-11ee-8120-fcb3bc5cd112.jpg", "bboxes": [[0.9936329113924053, 0.5564430379746835, 1.0, 0.5931518987341772], [0.9657848101265825, 0.5551772151898734, 0.9923670886075951, 0.5880886075949366]], "class": 2}