{"image": "a4a0188f-6b40-11ee-9cf9-fcb3bc5cd112.jpg", "bboxes": [[0.6477804878048781, 0.5868536585365853, 0.720951219512195, 0.6795365853658537], [0.5514390243902437, 0.5880731707317074, 0.6050975609756096, 0.6673414634146342], [0.47217073170731716, 0.5173414634146342, 0.5233902439024389, 0.5649024390243902]], "class": 3}