{"image": "a4a0188f-6b40-11ee-9cf9-fcb3bc5cd112.jpg", "bboxes": [[0.323780487804878, 0.27546341463414625, 0.3969512195121949, 0.36814634146341463], [0.22743902439024374, 0.2876585365853658, 0.2810975609756097, 0.3669268292682927], [0.14817073170731715, 0.39009756097560977, 0.1993902439024389, 0.4376585365853658]], "class": 3}