{"image": "a4a0188f-6b40-11ee-9cf9-fcb3bc5cd112.jpg", "bboxes": [[0.3660487804878051, 0.6438536585365854, 0.439219512195122, 0.7365365853658538], [0.48190243902439034, 0.6450731707317073, 0.5355609756097564, 0.7243414634146341], [0.563609756097561, 0.5743414634146342, 0.6148292682926828, 0.6219024390243902]], "class": 3}