{"image": "a4a0188f-6b40-11ee-9cf9-fcb3bc5cd112.jpg", "bboxes": [[0.9281707317073171, 0.5143414634146342, 0.9793902439024389, 0.5619024390243902]], "class": 1}