{"image": "a4a0188f-6b40-11ee-9cf9-fcb3bc5cd112.jpg", "bboxes": [[0.285780487804878, 0.6038536585365853, 0.35895121951219494, 0.6965365853658537], [0.18943902439024374, 0.6050731707317074, 0.24309756097560967, 0.6843414634146342], [0.11017073170731714, 0.5343414634146342, 0.1613902439024389, 0.5819024390243902]], "class": 3}