{"image": "a4a0188f-6b40-11ee-9cf9-fcb3bc5cd112.jpg", "bboxes": [[0.9454390243902437, 0.5790731707317074, 0.9990975609756096, 0.6583414634146342], [0.8661707317073172, 0.5083414634146342, 0.917390243902439, 0.5559024390243902]], "class": 2}