{"image": "a4a0188f-6b40-11ee-9cf9-fcb3bc5cd112.jpg", "bboxes": [[0.9711707317073172, 0.5153414634146342, 1.0, 0.5629024390243902]], "class": 1}