{"image": "a4a0188f-6b40-11ee-9cf9-fcb3bc5cd112.jpg", "bboxes": [[0.448780487804878, 0.5928536585365853, 0.5219512195121949, 0.6855365853658537], [0.3524390243902437, 0.5940731707317074, 0.4060975609756097, 0.6733414634146342], [0.27317073170731715, 0.5233414634146342, 0.3243902439024389, 0.5709024390243902]], "class": 3}