{"image": "a4a0188f-6b40-11ee-9cf9-fcb3bc5cd112.jpg", "bboxes": [[0.1390487804878051, 0.3094634146341463, 0.21221951219512203, 0.40214634146341466], [0.25490243902439036, 0.3216585365853658, 0.30856097560975626, 0.4009268292682926], [0.33660975609756105, 0.4240975609756098, 0.3878292682926828, 0.47165853658536583]], "class": 3}