{"image": "a4a0188f-6b40-11ee-9cf9-fcb3bc5cd112.jpg", "bboxes": [[0.9084390243902437, 0.6070731707317074, 0.9620975609756097, 0.6863414634146342], [0.8291707317073171, 0.5363414634146342, 0.8803902439024389, 0.5839024390243902]], "class": 2}