{"image": "a4a0188f-6b40-11ee-9cf9-fcb3bc5cd112.jpg", "bboxes": [[0.08304878048780506, 0.27446341463414625, 0.15621951219512198, 0.3671463414634146], [0.1989024390243903, 0.2866585365853658, 0.2525609756097563, 0.3659268292682927], [0.2806097560975611, 0.38909756097560977, 0.3318292682926829, 0.4366585365853658]], "class": 3}