{"image": "a4a0188f-6b40-11ee-9cf9-fcb3bc5cd112.jpg", "bboxes": [[0.3460487804878051, 0.3104634146341463, 0.419219512195122, 0.40314634146341466], [0.4619024390243903, 0.3226585365853658, 0.5155609756097563, 0.4019268292682926], [0.5436097560975611, 0.4250975609756098, 0.5948292682926828, 0.47265853658536583]], "class": 3}