{"image": "a50f3c48-759d-11ee-802b-fcb3bc5cd112.jpg", "bboxes": [[0.8868354430379748, 0.17262025316455698, 0.9741772151898735, 0.27262025316455696], [0.7893670886075951, 0.18401265822784807, 0.8906329113924053, 0.2675569620253164], [0.570379746835443, 0.3637594936708861, 0.6248101265822785, 0.42325316455696205], [0.5210126582278481, 0.36502531645569625, 0.5754430379746837, 0.42325316455696205], [0.9665822784810127, 0.43464556962025314, 1.0, 0.4890759493670884], [0.8526582278481013, 0.452367088607595, 0.8994936708860762, 0.5181898734177215], [0.8070886075949367, 0.45869620253164556, 0.8577215189873418, 0.5156582278481013]], "class": 7}