{"image": "a50f3c48-759d-11ee-802b-fcb3bc5cd112.jpg", "bboxes": [[0.038822784810126465, 0.204620253164557, 0.12616455696202522, 0.304620253164557], [0.12236708860759471, 0.2160126582278481, 0.22363291139240493, 0.29955696202531645], [0.3881898734177215, 0.39575949367088603, 0.442620253164557, 0.45525316455696196], [0.43755696202531635, 0.3970253164556963, 0.49198734177215175, 0.45525316455696196], [0.0, 0.46664556962025316, 0.046417721518987265, 0.5210759493670885], [0.11350632911392378, 0.4843670886075949, 0.1603417721518987, 0.5501898734177215], [0.15527848101265818, 0.4906962025316456, 0.20591139240506318, 0.5476582278481013]], "class": 7}