{"image": "a50f3c48-759d-11ee-802b-fcb3bc5cd112.jpg", "bboxes": [[0.8858354430379748, 0.713379746835443, 0.9731772151898735, 0.813379746835443], [0.7883670886075951, 0.7184430379746836, 0.8896329113924053, 0.8019873417721519], [0.569379746835443, 0.5627468354430379, 0.6238101265822785, 0.622240506329114], [0.5200126582278481, 0.5627468354430379, 0.5744430379746837, 0.6209746835443037], [0.9655822784810127, 0.4969240506329115, 1.0, 0.5513544303797469], [0.8516582278481013, 0.4678101265822785, 0.8984936708860762, 0.5336329113924051], [0.8060886075949367, 0.4703417721518987, 0.8567215189873418, 0.5273037974683544]], "class": 7}