{"image": "a50f3c48-759d-11ee-802b-fcb3bc5cd112.jpg", "bboxes": [[0.37883544303797473, 0.717379746835443, 0.46617721518987354, 0.817379746835443], [0.2813670886075951, 0.7224430379746836, 0.3826329113924053, 0.8059873417721519], [0.06237974683544303, 0.5667468354430379, 0.11681012658227849, 0.626240506329114], [0.013012658227848192, 0.5667468354430379, 0.06744303797468365, 0.6249746835443037], [0.5092151898734177, 0.5034556962025316, 0.5598481012658229, 0.5578860759493671], [0.45858227848101274, 0.5009240506329116, 0.5092151898734177, 0.5553544303797469], [0.3446582278481013, 0.4718101265822785, 0.3914936708860762, 0.5376329113924051], [0.2990886075949368, 0.47434177215189866, 0.34972151898734183, 0.5313037974683544]], "class": 8}