{"image": "a50f3c48-759d-11ee-802b-fcb3bc5cd112.jpg", "bboxes": [[0.3668354430379748, 0.692379746835443, 0.45417721518987353, 0.792379746835443], [0.26936708860759506, 0.6974430379746835, 0.3706329113924053, 0.7809873417721519], [0.05037974683544303, 0.541746835443038, 0.10481012658227848, 0.601240506329114], [0.001012658227848192, 0.541746835443038, 0.05544303797468365, 0.5999746835443037], [0.4972151898734178, 0.4784556962025316, 0.5478481012658228, 0.5328860759493671], [0.44658227848101273, 0.47592405063291154, 0.4972151898734178, 0.5303544303797468], [0.33265822784810134, 0.4468101265822785, 0.37949367088607616, 0.5126329113924051], [0.28708860759493676, 0.4493417721518987, 0.3377215189873418, 0.5063037974683544]], "class": 8}