{"image": "a50f3c48-759d-11ee-802b-fcb3bc5cd112.jpg", "bboxes": [[0.5048227848101264, 0.186620253164557, 0.5921645569620253, 0.28662025316455697], [0.5883670886075947, 0.19801265822784808, 0.6896329113924049, 0.28155696202531644], [0.8541898734177216, 0.377759493670886, 0.908620253164557, 0.43725316455696206], [0.9035569620253163, 0.37902531645569626, 0.9579873417721518, 0.43725316455696206], [0.4111518987341771, 0.4461139240506329, 0.46178481012658223, 0.5005443037974684], [0.46178481012658223, 0.44864556962025315, 0.5124177215189873, 0.5030759493670884], [0.5795063291139237, 0.4663670886075949, 0.6263417721518987, 0.5321898734177215], [0.6212784810126581, 0.47269620253164557, 0.6719113924050633, 0.5296582278481012]], "class": 8}