{"image": "a50f3c48-759d-11ee-802b-fcb3bc5cd112.jpg", "bboxes": [[0.4908227848101264, 0.740379746835443, 0.5781645569620253, 0.840379746835443], [0.5743670886075947, 0.7454430379746836, 0.6756329113924049, 0.8289873417721519], [0.8401898734177216, 0.589746835443038, 0.894620253164557, 0.6492405063291139], [0.8895569620253163, 0.589746835443038, 0.9439873417721518, 0.6479746835443038], [0.3971518987341771, 0.5264556962025316, 0.4477848101265822, 0.580886075949367], [0.4477848101265822, 0.5239240506329115, 0.4984177215189872, 0.5783544303797469], [0.5655063291139237, 0.49481012658227846, 0.6123417721518987, 0.560632911392405], [0.6072784810126581, 0.4973417721518987, 0.6579113924050632, 0.5543037974683545]], "class": 8}