{"image": "a6094c05-759c-11ee-94d6-fcb3bc5cd112.jpg", "bboxes": [[0.3955443037974685, 0.3201645569620254, 0.5474430379746836, 0.4606708860759494], [0.5044050632911394, 0.38092405063291146, 0.6208607594936709, 0.4948481012658228]], "class": 2}