{"image": "a6094c05-759c-11ee-94d6-fcb3bc5cd112.jpg", "bboxes": [[0.6665443037974685, 0.3671645569620253, 0.8184430379746837, 0.5076708860759493], [0.7754050632911395, 0.4279240506329114, 0.8918607594936709, 0.5418481012658228]], "class": 2}