{"image": "a6094c05-759c-11ee-94d6-fcb3bc5cd112.jpg", "bboxes": [[0.2505569620253163, 0.5213291139240506, 0.4024556962025315, 0.6618354430379746], [0.17713924050632912, 0.4871518987341772, 0.2935949367088606, 0.6010759493670886]], "class": 2}