{"image": "a6094c05-759c-11ee-94d6-fcb3bc5cd112.jpg", "bboxes": [[0.2815316455696203, 0.6324303797468355, 0.3625443037974684, 0.708379746835443], [0.18532911392405071, 0.6298987341772152, 0.2714050632911393, 0.7045822784810127], [0.09418987341772163, 0.7628101265822784, 0.11824050632911405, 0.7855949367088607]], "class": 3}