{"image": "a6094c05-759c-11ee-94d6-fcb3bc5cd112.jpg", "bboxes": [[0.5584556962025315, 0.27562025316455696, 0.6394683544303796, 0.3515696202531645], [0.6495949367088607, 0.2794177215189873, 0.7356708860759493, 0.3541012658227848], [0.802759493670886, 0.19840506329113927, 0.8268101265822784, 0.22118987341772153], [0.9445316455696202, 0.20600000000000002, 0.9609873417721517, 0.22878481012658228]], "class": 4}