{"image": "a6094c05-759c-11ee-94d6-fcb3bc5cd112.jpg", "bboxes": [[0.9495443037974685, 0.5263291139240506, 1.0, 0.6668354430379746], [0.1685316455696203, 0.289620253164557, 0.2495443037974684, 0.36556962025316453], [0.07232911392405071, 0.2934177215189873, 0.1584050632911393, 0.3681012658227848], [0.0, 0.21240506329113928, 0.005240506329114055, 0.23518987341772155]], "class": 4}