{"image": "a6094c05-759c-11ee-94d6-fcb3bc5cd112.jpg", "bboxes": [[0.5485443037974685, 0.4873291139240506, 0.7004430379746837, 0.6278354430379747], [0.6574050632911395, 0.45315189873417716, 0.773860759493671, 0.5670759493670886]], "class": 2}