{"image": "a6094c05-759c-11ee-94d6-fcb3bc5cd112.jpg", "bboxes": [[0.2235316455696203, 0.6484303797468355, 0.3045443037974684, 0.724379746835443], [0.12732911392405072, 0.6458987341772152, 0.2134050632911393, 0.7205822784810128], [0.036189873417721626, 0.7788101265822784, 0.060240506329114055, 0.8015949367088607]], "class": 3}