{"image": "a6094c05-759c-11ee-94d6-fcb3bc5cd112.jpg", "bboxes": [[0.4335443037974685, 0.4733291139240506, 0.5854430379746837, 0.6138354430379747], [0.5424050632911395, 0.43915189873417715, 0.658860759493671, 0.5530759493670886]], "class": 2}