{"image": "a6094c05-759c-11ee-94d6-fcb3bc5cd112.jpg", "bboxes": [[0.8115443037974684, 0.38116455696202534, 0.9634430379746837, 0.5216708860759494], [0.9204050632911394, 0.4419240506329114, 1.0, 0.5558481012658228], [0.03053164556962031, 0.6824303797468354, 0.1115443037974684, 0.7583797468354431], [0.0, 0.6798987341772151, 0.0204050632911393, 0.7545822784810127]], "class": 4}