{"image": "a808a37a-759c-11ee-af70-fcb3bc5cd112.jpg", "bboxes": [[0.6337721518987341, 0.502746835443038, 0.6957974683544303, 0.5597088607594937], [0.7008607594936708, 0.49641772151898733, 0.7552911392405063, 0.5533797468354431], [0.37807594936708844, 0.6837594936708861, 0.4122531645569618, 0.7179367088607596], [0.4147848101265822, 0.682493670886076, 0.4426329113924048, 0.7154050632911393], [0.2565569620253163, 0.712873417721519, 0.2755443037974683, 0.7457848101265823], [0.27427848101265817, 0.7103417721518988, 0.2919999999999998, 0.7407215189873417], [0.21984810126582266, 0.7369240506329114, 0.24263291139240484, 0.7584430379746836]], "class": 7}