{"image": "a808a37a-759c-11ee-af70-fcb3bc5cd112.jpg", "bboxes": [[0.0022025316455697064, 0.4672911392405063, 0.06422784810126586, 0.524253164556962], [0.2857468354430382, 0.3090632911392405, 0.3199240506329115, 0.34324050632911396], [0.25536708860759516, 0.31159493670886074, 0.28321518987341776, 0.34450632911392404], [0.4224556962025317, 0.2812151898734177, 0.44144303797468365, 0.314126582278481], [0.40600000000000025, 0.28627848101265824, 0.42372151898734184, 0.31665822784810127], [0.45536708860759517, 0.2685569620253165, 0.4781518987341774, 0.2900759493670886]], "class": 6}