{"image": "a808a37a-759c-11ee-af70-fcb3bc5cd112.jpg", "bboxes": [[0.4142025316455697, 0.4662911392405063, 0.47622784810126584, 0.523253164556962], [0.35470886075949376, 0.47262025316455697, 0.4091392405063292, 0.5295822784810126], [0.6977468354430382, 0.3080632911392405, 0.7319240506329115, 0.34224050632911396], [0.6673670886075952, 0.31059493670886074, 0.6952151898734178, 0.34350632911392404], [0.8344556962025317, 0.2802151898734177, 0.8534430379746837, 0.313126582278481], [0.8180000000000003, 0.28527848101265824, 0.8357215189873418, 0.31565822784810127], [0.8673670886075951, 0.2675569620253165, 0.8901518987341774, 0.2890759493670886]], "class": 7}