{"image": "a808a37a-759c-11ee-af70-fcb3bc5cd112.jpg", "bboxes": [[0.2102025316455697, 0.513746835443038, 0.2722278481012659, 0.5707088607594937], [0.15070886075949375, 0.5074177215189875, 0.2051392405063292, 0.564379746835443], [0.4937468354430382, 0.6947594936708861, 0.5279240506329115, 0.7289367088607595], [0.4633670886075952, 0.6934936708860759, 0.4912151898734178, 0.7264050632911392], [0.6304556962025317, 0.7238734177215189, 0.6494430379746836, 0.7567848101265823], [0.6140000000000002, 0.7213417721518988, 0.6317215189873419, 0.7517215189873417], [0.6633670886075952, 0.7479240506329115, 0.6861518987341774, 0.7694430379746835]], "class": 7}