{"image": "a808a37a-759c-11ee-af70-fcb3bc5cd112.jpg", "bboxes": [[0.3872025316455697, 0.46474683544303796, 0.44922784810126587, 0.5217088607594937], [0.32770886075949374, 0.4584177215189874, 0.3821392405063292, 0.5153797468354431], [0.6707468354430383, 0.645759493670886, 0.7049240506329115, 0.6799367088607595], [0.6403670886075952, 0.644493670886076, 0.6682151898734178, 0.6774050632911393], [0.8074556962025318, 0.674873417721519, 0.8264430379746837, 0.7077848101265822], [0.7910000000000003, 0.6723417721518987, 0.8087215189873418, 0.7027215189873417], [0.8403670886075951, 0.6989240506329114, 0.8631518987341774, 0.7204430379746836]], "class": 7}