{"image": "a808a37a-759c-11ee-af70-fcb3bc5cd112.jpg", "bboxes": [[0.1697468354430382, 0.2650632911392405, 0.20392405063291152, 0.2992405063291139], [0.13936708860759517, 0.26759493670886075, 0.1672151898734178, 0.30050632911392405], [0.3064556962025317, 0.23721518987341772, 0.32544303797468366, 0.270126582278481], [0.2900000000000002, 0.24227848101265823, 0.30772151898734185, 0.2726582278481013], [0.3393670886075952, 0.22455696202531647, 0.3621518987341774, 0.24607594936708857]], "class": 5}