{"image": "a808a37a-759c-11ee-af70-fcb3bc5cd112.jpg", "bboxes": [[0.3712025316455697, 0.44229113924050634, 0.43322784810126586, 0.499253164556962], [0.3117088607594937, 0.44862025316455695, 0.3661392405063292, 0.5055822784810127], [0.6547468354430382, 0.2840632911392405, 0.6889240506329115, 0.31824050632911394], [0.6243670886075952, 0.28659493670886077, 0.6522151898734178, 0.319506329113924], [0.7914556962025318, 0.25621518987341774, 0.8104430379746836, 0.28912658227848104], [0.7750000000000002, 0.2612784810126582, 0.7927215189873418, 0.29165822784810125], [0.8243670886075952, 0.24355696202531646, 0.8471518987341774, 0.26507594936708856]], "class": 7}