{"image": "aa1e4a59-759c-11ee-a647-fcb3bc5cd112.jpg", "bboxes": [[0.38573417721519015, 0.33974683544303796, 0.4477594936708863, 0.4270886075949367], [0.32750632911392424, 0.34227848101265834, 0.38953164556962044, 0.42455696202531645], [0.49839240506329135, 0.5055696202531645, 0.5452278481012659, 0.5587341772151899], [0.6211772151898736, 0.5764556962025317, 0.6604177215189875, 0.609367088607595], [0.5882658227848103, 0.5751898734177215, 0.6262405063291142, 0.6043037974683545], [0.6933291139240507, 0.609367088607595, 0.7249746835443038, 0.6448101265822784]], "class": 6}