{"image": "aa1e4a59-759c-11ee-a647-fcb3bc5cd112.jpg", "bboxes": [[0.4667341772151901, 0.5689113924050633, 0.5287594936708863, 0.656253164556962], [0.40850632911392426, 0.5714430379746835, 0.4705316455696204, 0.6537215189873418], [0.5793924050632914, 0.4372658227848101, 0.6262278481012659, 0.49043037974683545], [0.7021772151898735, 0.3866329113924051, 0.7414177215189874, 0.4195443037974683], [0.6692658227848103, 0.39169620253164555, 0.7072405063291142, 0.4208101265822785], [0.7743291139240507, 0.35118987341772157, 0.8059746835443038, 0.3866329113924051]], "class": 6}