{"image": "aa1e4a59-759c-11ee-a647-fcb3bc5cd112.jpg", "bboxes": [[0.43173417721519014, 0.5449113924050633, 0.4937594936708863, 0.632253164556962], [0.3735063291139243, 0.5474430379746835, 0.43553164556962043, 0.6297215189873417], [0.5443924050632913, 0.4132658227848101, 0.5912278481012658, 0.46643037974683543], [0.6671772151898735, 0.36263291139240506, 0.7064177215189875, 0.39554430379746836], [0.6342658227848104, 0.36769620253164553, 0.6722405063291141, 0.3968101265822785], [0.7393291139240508, 0.32718987341772154, 0.7709746835443039, 0.36263291139240506]], "class": 6}