{"image": "aa1e4a59-759c-11ee-a647-fcb3bc5cd112.jpg", "bboxes": [[0.30873417721519014, 0.5019113924050632, 0.3707594936708863, 0.589253164556962], [0.2505063291139243, 0.5044430379746835, 0.31253164556962043, 0.5867215189873417], [0.42139240506329134, 0.3702658227848101, 0.4682278481012659, 0.42343037974683545], [0.5441772151898735, 0.3196329113924051, 0.5834177215189875, 0.3525443037974683], [0.5112658227848104, 0.32469620253164555, 0.5492405063291141, 0.3538101265822785], [0.6163291139240508, 0.28418987341772156, 0.6479746835443039, 0.3196329113924051]], "class": 6}