{"image": "aa1e4a59-759c-11ee-a647-fcb3bc5cd112.jpg", "bboxes": [[0.2782405063291137, 0.5409113924050633, 0.3402658227848099, 0.628253164556962], [0.3364683544303796, 0.5434430379746835, 0.3984936708860757, 0.6257215189873417], [0.1807721518987342, 0.4092658227848101, 0.22760759493670868, 0.46243037974683543], [0.0655822784810125, 0.35863291139240505, 0.10482278481012641, 0.39154430379746835], [0.09975949367088588, 0.36369620253164553, 0.13773417721518966, 0.3928101265822785], [0.0010253164556961458, 0.3231898734177216, 0.03267088607594926, 0.35863291139240505]], "class": 6}