{"image": "aa1e4a59-759c-11ee-a647-fcb3bc5cd112.jpg", "bboxes": [[0.5317341772151901, 0.402746835443038, 0.5937594936708863, 0.4900886075949368], [0.47350632911392426, 0.4052784810126583, 0.5355316455696204, 0.4875569620253165], [0.6443924050632913, 0.5685696202531645, 0.6912278481012659, 0.6217341772151899], [0.7671772151898736, 0.6394556962025317, 0.8064177215189875, 0.672367088607595], [0.7342658227848103, 0.6381898734177215, 0.7722405063291141, 0.6673037974683544], [0.8393291139240507, 0.672367088607595, 0.8709746835443039, 0.7078101265822785]], "class": 6}