{"image": "aa1e4a59-759c-11ee-a647-fcb3bc5cd112.jpg", "bboxes": [[0.8507341772151902, 0.4959113924050632, 0.9127594936708863, 0.583253164556962], [0.7925063291139243, 0.49844303797468353, 0.8545316455696205, 0.5807215189873417], [0.9633924050632914, 0.3642658227848101, 1.0, 0.41743037974683544]], "class": 3}