{"image": "ac40cad3-759c-11ee-906f-fcb3bc5cd112.jpg", "bboxes": [[0.4643924050632912, 0.4938607594936709, 0.49983544303797467, 0.5331012658227847], [0.42768354430379746, 0.4938607594936709, 0.4656582278481013, 0.5267721518987343]], "class": 2}