{"image": "ac40cad3-759c-11ee-906f-fcb3bc5cd112.jpg", "bboxes": [[0.19039240506329122, 0.5118607594936709, 0.22583544303797465, 0.5511012658227847], [0.15368354430379746, 0.5118607594936709, 0.19165822784810133, 0.5447721518987342]], "class": 2}