{"image": "ac40cad3-759c-11ee-906f-fcb3bc5cd112.jpg", "bboxes": [[0.03439240506329122, 0.4748607594936709, 0.06983544303797465, 0.5141012658227848], [0.0, 0.4748607594936709, 0.03565822784810132, 0.5077721518987341]], "class": 2}