{"image": "ac40cad3-759c-11ee-906f-fcb3bc5cd112.jpg", "bboxes": [[0.6073924050632912, 0.4508987341772152, 0.6428354430379747, 0.49013924050632907], [0.5706835443037975, 0.4572278481012658, 0.6086582278481013, 0.49013924050632907]], "class": 2}