{"image": "ac40cad3-759c-11ee-906f-fcb3bc5cd112.jpg", "bboxes": [[0.4241645569620254, 0.4768607594936709, 0.4596075949367088, 0.5161012658227848], [0.45834177215189864, 0.4768607594936709, 0.49631645569620253, 0.5097721518987341]], "class": 2}