{"image": "ac40cad3-759c-11ee-906f-fcb3bc5cd112.jpg", "bboxes": [[0.8591645569620254, 0.4388987341772152, 0.8946075949367087, 0.4781392405063291], [0.8933417721518987, 0.4452278481012658, 0.9313164556962026, 0.4781392405063291]], "class": 2}