{"image": "ac40cad3-759c-11ee-906f-fcb3bc5cd112.jpg", "bboxes": [[0.7161645569620254, 0.4778607594936709, 0.7516075949367088, 0.5171012658227848], [0.7503417721518987, 0.4778607594936709, 0.7883164556962026, 0.5107721518987343]], "class": 2}