{"image": "ac40cad3-759c-11ee-906f-fcb3bc5cd112.jpg", "bboxes": [[0.7301645569620254, 0.4598987341772152, 0.7656075949367087, 0.4991392405063291], [0.7643417721518987, 0.46622784810126583, 0.8023164556962026, 0.4991392405063291]], "class": 2}