{"image": "ac40cad3-759c-11ee-906f-fcb3bc5cd112.jpg", "bboxes": [[0.5551645569620254, 0.4788987341772152, 0.5906075949367088, 0.5181392405063291], [0.5893417721518988, 0.4852278481012658, 0.6273164556962025, 0.5181392405063291]], "class": 2}