{"image": "ac40cad3-759c-11ee-906f-fcb3bc5cd112.jpg", "bboxes": [[0.5693924050632913, 0.4358987341772152, 0.6048354430379747, 0.4751392405063291], [0.5326835443037975, 0.4422278481012658, 0.5706582278481013, 0.4751392405063291]], "class": 2}