{"image": "ac40cad3-759c-11ee-906f-fcb3bc5cd112.jpg", "bboxes": [[0.6423924050632912, 0.4808607594936709, 0.6778354430379746, 0.5201012658227848], [0.6056835443037974, 0.4808607594936709, 0.6436582278481013, 0.5137721518987342]], "class": 2}