{"image": "ac40cad3-759c-11ee-906f-fcb3bc5cd112.jpg", "bboxes": [[0.9231645569620254, 0.5398607594936708, 0.9586075949367088, 0.5791012658227848], [0.9573417721518986, 0.5398607594936708, 0.9953164556962025, 0.5727721518987342]], "class": 2}