{"image": "ac40cad3-759c-11ee-906f-fcb3bc5cd112.jpg", "bboxes": [[0.5301645569620254, 0.4378987341772152, 0.5656075949367088, 0.4771392405063291], [0.5643417721518986, 0.4442278481012658, 0.6023164556962025, 0.4771392405063291]], "class": 2}