{"image": "ac40cad3-759c-11ee-906f-fcb3bc5cd112.jpg", "bboxes": [[0.8293924050632913, 0.4208987341772152, 0.8648354430379747, 0.4601392405063291], [0.7926835443037975, 0.4272278481012658, 0.8306582278481013, 0.4601392405063291]], "class": 2}