{"image": "ad90f228-759d-11ee-81e2-fcb3bc5cd112.jpg", "bboxes": [[0.0, 0.33139240506329115, 0.017291139240506292, 0.38582278481012655], [0.12362025316455671, 0.3162025316455696, 0.18691139240506327, 0.37443037974683546], [0.18564556962025314, 0.31240506329113926, 0.24134177215189856, 0.37316455696202533], [0.26412658227848074, 0.2858227848101266, 0.3122278481012656, 0.34025316455696203], [0.3514683544303797, 0.26556962025316455, 0.39324050632911367, 0.30734177215189873], [0.4375443037974682, 0.26936708860759495, 0.48058227848101265, 0.3187341772151898], [0.4793164556962025, 0.26556962025316455, 0.5299493670886075, 0.3225316455696203], [0.5096962025316456, 0.32379746835443035, 0.574253164556962, 0.38708860759493674], [0.5704556962025316, 0.32126582278481003, 0.6388101265822785, 0.38582278481012655], [0.4413417721518986, 0.22632911392405067, 0.47805063291139227, 0.2617721518987342], [0.6261518987341772, 0.2048101265822785, 0.6603291139240506, 0.23898734177215192], [0.6565316455696202, 0.20734177215189878, 0.694506329113924, 0.24784810126582277], [0.8577974683544303, 0.18202531645569625, 0.8843797468354431, 0.20227848101265827], [0.8856455696202531, 0.17696202531645575, 0.9160253164556962, 0.21113924050632915], [0.9957721518987341, 0.17189873417721524, 1.0, 0.19848101265822787], [0.8236202531645569, 0.1756962025316456, 0.8603291139240505, 0.19848101265822787]], "class": 16}