{"image": "ad90f228-759d-11ee-81e2-fcb3bc5cd112.jpg", "bboxes": [[0.053227848101265685, 0.2876708860759494, 0.1772784810126582, 0.45349367088607595], [0.17094936708860742, 0.32944303797468355, 0.32664556962025315, 0.46488607594936704], [0.3089240506329113, 0.6281772151898735, 0.35829113924050626, 0.6826075949367089], [0.4646202531645568, 0.6395696202531646, 0.5279113924050632, 0.6977974683544304], [0.5266455696202531, 0.6408354430379747, 0.5823417721518986, 0.7015949367088608], [0.6051265822784808, 0.673746835443038, 0.6532278481012657, 0.7281772151898734], [0.6924683544303797, 0.7066582278481013, 0.7342405063291138, 0.7484303797468355], [0.7785443037974683, 0.6952658227848101, 0.8215822784810126, 0.7446329113924051], [0.8203164556962025, 0.6914683544303797, 0.8709493670886076, 0.7484303797468355], [0.8506962025316456, 0.6269113924050633, 0.915253164556962, 0.6902025316455697], [0.9114556962025316, 0.6281772151898735, 0.9798101265822785, 0.69273417721519], [0.7823417721518987, 0.7522278481012659, 0.8190506329113924, 0.7876708860759494], [0.9671518987341772, 0.775012658227848, 1.0, 0.8091898734177214], [0.9975316455696202, 0.7661518987341772, 1.0, 0.8066582278481013]], "class": 14}