{"image": "ad90f228-759d-11ee-81e2-fcb3bc5cd112.jpg", "bboxes": [[0.0, 0.4474177215189874, 0.026810126582278326, 0.5562784810126582], [0.10022784810126562, 0.26767088607594935, 0.22427848101265813, 0.43349367088607593], [0.21794936708860746, 0.30944303797468353, 0.3736455696202531, 0.444886075949367], [0.3559240506329113, 0.6081772151898734, 0.4052911392405063, 0.6626075949367088], [0.5116202531645567, 0.6195696202531645, 0.5749113924050633, 0.6777974683544303], [0.5736455696202531, 0.6208354430379748, 0.6293417721518986, 0.6815949367088607], [0.6521265822784807, 0.653746835443038, 0.7002278481012656, 0.7081772151898734], [0.7394683544303797, 0.6866582278481013, 0.7812405063291137, 0.7284303797468354], [0.8255443037974682, 0.6752658227848102, 0.8685822784810127, 0.724632911392405], [0.8673164556962025, 0.6714683544303797, 0.9179493670886075, 0.7284303797468354], [0.8976962025316455, 0.6069113924050633, 0.962253164556962, 0.6702025316455696], [0.9584556962025316, 0.6081772151898734, 1.0, 0.67273417721519], [0.8293417721518987, 0.7322278481012658, 0.8660506329113923, 0.7676708860759494]], "class": 13}