{"image": "ad90f228-759d-11ee-81e2-fcb3bc5cd112.jpg", "bboxes": [[0.0, 0.3026708860759494, 0.07027848101265821, 0.46849367088607596], [0.06394936708860743, 0.34444303797468356, 0.21964556962025317, 0.47988607594936705], [0.2019240506329113, 0.6431772151898734, 0.2512911392405063, 0.6976075949367089], [0.3576202531645567, 0.6545696202531646, 0.42091139240506326, 0.7127974683544305], [0.4196455696202531, 0.6558354430379747, 0.47534177215189855, 0.7165949367088608], [0.49812658227848083, 0.6887468354430379, 0.5462278481012657, 0.7431772151898735], [0.5854683544303797, 0.7216582278481012, 0.6272405063291138, 0.7634303797468355], [0.6715443037974682, 0.7102658227848102, 0.7145822784810126, 0.7596329113924051], [0.7133164556962025, 0.7064683544303798, 0.7639493670886076, 0.7634303797468355], [0.7436962025316456, 0.6419113924050632, 0.8082531645569621, 0.7052025316455697], [0.8044556962025315, 0.6431772151898734, 0.8728101265822785, 0.7077341772151899], [0.6753417721518986, 0.7672278481012658, 0.7120506329113923, 0.8026708860759493], [0.8601518987341772, 0.790012658227848, 0.8943291139240506, 0.8241898734177215], [0.8905316455696202, 0.7811518987341772, 0.9285063291139241, 0.8216582278481013]], "class": 14}