{"image": "ad90f228-759d-11ee-81e2-fcb3bc5cd112.jpg", "bboxes": [[0.0, 0.5091139240506329, 0.0026455696202530854, 0.6445569620253164], [0.0, 0.29139240506329117, 0.03429113924050631, 0.34582278481012657], [0.14062025316455673, 0.27620253164556957, 0.20391139240506317, 0.3344303797468355], [0.20264556962025315, 0.2724050632911392, 0.2583417721518986, 0.3331645569620253], [0.28112658227848075, 0.24582278481012657, 0.3292278481012656, 0.300253164556962], [0.36846835443037973, 0.22556962025316454, 0.4102405063291137, 0.26734177215189875], [0.45454430379746824, 0.22936708860759494, 0.49758227848101266, 0.27873417721518984], [0.49631645569620253, 0.22556962025316454, 0.5469493670886076, 0.28253164556962024], [0.5266962025316455, 0.28379746835443037, 0.5912531645569621, 0.3470886075949367], [0.5874556962025317, 0.28126582278481005, 0.6558101265822784, 0.34582278481012657], [0.45834177215189864, 0.18632911392405066, 0.4950506329113923, 0.2217721518987342], [0.6431518987341771, 0.1648101265822785, 0.6773291139240506, 0.1989873417721519], [0.6735316455696202, 0.16734177215189877, 0.7115063291139241, 0.2078481012658228], [0.8747974683544303, 0.14202531645569624, 0.901379746835443, 0.16227848101265827], [0.9026455696202531, 0.13696202531645574, 0.9330253164556962, 0.17113924050632914], [0.8406202531645568, 0.1356962025316456, 0.8773291139240507, 0.1584810126582279]], "class": 16}