{"image": "ad90f228-759d-11ee-81e2-fcb3bc5cd112.jpg", "bboxes": [[0.09562025316455669, 0.3112025316455696, 0.15891139240506325, 0.36943037974683546], [0.1576455696202531, 0.30740506329113926, 0.21334177215189853, 0.3681645569620253], [0.23612658227848082, 0.28082278481012657, 0.28422784810126567, 0.335253164556962], [0.3234683544303797, 0.26056962025316455, 0.36524050632911376, 0.3023417721518987], [0.4095443037974683, 0.26436708860759495, 0.4525822784810126, 0.31373417721518987], [0.4513164556962025, 0.26056962025316455, 0.5019493670886076, 0.31753164556962027], [0.4816962025316456, 0.31879746835443035, 0.546253164556962, 0.38208860759493674], [0.5424556962025315, 0.31626582278481, 0.6108101265822785, 0.38082278481012655], [0.4133417721518987, 0.22132911392405066, 0.45005063291139236, 0.2567721518987342], [0.5981518987341772, 0.1998101265822785, 0.6323291139240506, 0.2339873417721519], [0.6285316455696202, 0.20234177215189877, 0.666506329113924, 0.24284810126582276], [0.8297974683544302, 0.17702531645569625, 0.856379746835443, 0.19727848101265827], [0.8576455696202532, 0.17196202531645574, 0.8880253164556962, 0.20613924050632915], [0.9677721518987341, 0.16689873417721524, 0.9880253164556961, 0.19348101265822787], [0.9892911392405063, 0.17196202531645574, 1.0, 0.19094936708860763], [0.7956202531645569, 0.1706962025316456, 0.8323291139240506, 0.19348101265822787]], "class": 16}