{"image": "ad90f228-759d-11ee-81e2-fcb3bc5cd112.jpg", "bboxes": [[0.020227848101265655, 0.527506329113924, 0.14427848101265817, 0.6933291139240506], [0.1379493670886075, 0.5161139240506329, 0.2936455696202531, 0.6515569620253164], [0.27592405063291126, 0.2983924050632912, 0.32529113924050623, 0.3528227848101266], [0.43162025316455677, 0.2832025316455696, 0.4949113924050632, 0.34143037974683543], [0.4936455696202531, 0.27940506329113923, 0.5493417721518985, 0.3401645569620253], [0.5721265822784808, 0.25282278481012654, 0.6202278481012656, 0.307253164556962], [0.6594683544303797, 0.23256962025316455, 0.7012405063291137, 0.27434177215189876], [0.7455443037974683, 0.23636708860759495, 0.7885822784810126, 0.28573417721518984], [0.7873164556962025, 0.23256962025316455, 0.8379493670886076, 0.28953164556962024], [0.8176962025316455, 0.2907974683544304, 0.882253164556962, 0.3540886075949367], [0.8784556962025316, 0.28826582278481006, 0.9468101265822785, 0.3528227848101266], [0.7493417721518987, 0.19332911392405067, 0.7860506329113923, 0.2287721518987342], [0.9341518987341771, 0.1718101265822785, 0.9683291139240506, 0.20598734177215192], [0.9645316455696202, 0.17434177215189878, 1.0, 0.21484810126582277]], "class": 14}