{"image": "ad90f228-759d-11ee-81e2-fcb3bc5cd112.jpg", "bboxes": [[0.8487215189873418, 0.5665063291139241, 0.9727721518987343, 0.7323291139240506], [0.6993544303797469, 0.555113924050633, 0.8550506329113925, 0.6905569620253165], [0.6677088607594938, 0.33739240506329116, 0.7170759493670887, 0.39182278481012656], [0.4980886075949368, 0.3222025316455696, 0.5613797468354432, 0.38043037974683547], [0.44365822784810144, 0.31840506329113927, 0.49935443037974686, 0.3791645569620253], [0.37277215189873436, 0.2918227848101266, 0.4208734177215192, 0.34625316455696203], [0.29175949367088627, 0.27156962025316456, 0.3335316455696203, 0.31334177215189873], [0.20441772151898738, 0.27536708860759496, 0.24745569620253172, 0.3247341772151898], [0.15505063291139243, 0.27156962025316456, 0.20568354430379748, 0.3285316455696203], [0.11074683544303798, 0.32979746835443036, 0.17530379746835445, 0.39308860759493675], [0.046189873417721516, 0.32726582278481003, 0.11454430379746838, 0.39182278481012656], [0.2069493670886077, 0.23232911392405067, 0.24365822784810132, 0.2677721518987342], [0.024670886075949396, 0.21081012658227852, 0.058848101265822836, 0.24498734177215192], [0.0, 0.21334177215189876, 0.028468354430379806, 0.2538481012658228]], "class": 14}