{"image": "ad90f228-759d-11ee-81e2-fcb3bc5cd112.jpg", "bboxes": [[0.8320886075949367, 0.6605696202531646, 0.8953797468354433, 0.7187974683544305], [0.7776582278481015, 0.6618354430379747, 0.8333544303797469, 0.7225949367088608], [0.7067721518987343, 0.694746835443038, 0.7548734177215192, 0.7491772151898735], [0.6257594936708862, 0.7276582278481012, 0.6675316455696203, 0.7694303797468355], [0.5384177215189874, 0.7162658227848102, 0.5814556962025317, 0.7656329113924051], [0.48905063291139245, 0.7124683544303798, 0.5396835443037975, 0.7694303797468355], [0.444746835443038, 0.6479113924050632, 0.5093037974683544, 0.7112025316455697], [0.38018987341772154, 0.6491772151898734, 0.4485443037974684, 0.71373417721519], [0.5409493670886076, 0.7732278481012658, 0.5776582278481013, 0.8086708860759493], [0.3586708860759494, 0.7960126582278481, 0.3928481012658228, 0.8301898734177215], [0.32449367088607595, 0.7871518987341772, 0.3624683544303798, 0.8276582278481013], [0.13462025316455697, 0.8327215189873417, 0.16120253164556972, 0.8529746835443037], [0.10297468354430385, 0.8238607594936709, 0.13335443037974687, 0.8580379746835443], [0.0029746835443038434, 0.8365189873417721, 0.023227848101265863, 0.8631012658227848], [0.0, 0.8390506329113924, 0.0017088607594937457, 0.8580379746835443], [0.1586708860759494, 0.8365189873417721, 0.19537974683544315, 0.8593037974683544]], "class": 16}