{"image": "ad90f228-759d-11ee-81e2-fcb3bc5cd112.jpg", "bboxes": [[0.9371898734177216, 0.4494177215189874, 1.0, 0.5582784810126582], [0.7397215189873418, 0.26967088607594936, 0.8637721518987344, 0.43549367088607593], [0.5903544303797469, 0.31144303797468353, 0.7460506329113925, 0.446886075949367], [0.5587088607594938, 0.6101772151898734, 0.6080759493670886, 0.6646075949367088], [0.3890886075949368, 0.6215696202531645, 0.45237974683544324, 0.6797974683544303], [0.33465822784810145, 0.6228354430379748, 0.3903544303797469, 0.6835949367088607], [0.2637721518987344, 0.655746835443038, 0.3118734177215192, 0.7101772151898734], [0.18275949367088629, 0.6886582278481013, 0.2245316455696203, 0.7304303797468354], [0.09541772151898738, 0.6772658227848102, 0.13845569620253173, 0.726632911392405], [0.04605063291139243, 0.6734683544303797, 0.09668354430379747, 0.7304303797468354], [0.0017468354430379804, 0.6089113924050633, 0.06630379746835445, 0.6722025316455696], [0.0, 0.6101772151898734, 0.005544303797468388, 0.67473417721519], [0.09794936708860769, 0.7342278481012658, 0.13465822784810133, 0.7696708860759494]], "class": 13}