{"image": "ad90f228-759d-11ee-81e2-fcb3bc5cd112.jpg", "bboxes": [[0.9503544303797469, 0.4921139240506329, 1.0, 0.6275569620253164], [0.9187088607594938, 0.27439240506329116, 0.9680759493670887, 0.32882278481012656], [0.7490886075949368, 0.2592025316455696, 0.8123797468354432, 0.31743037974683547], [0.6946582278481014, 0.25540506329113927, 0.7503544303797469, 0.3161645569620253], [0.6237721518987344, 0.22882278481012655, 0.6718734177215192, 0.28325316455696203], [0.5427594936708863, 0.20856962025316456, 0.5845316455696203, 0.25034177215189873], [0.45541772151898735, 0.21236708860759496, 0.4984556962025317, 0.2617341772151898], [0.40605063291139243, 0.20856962025316456, 0.4566835443037975, 0.2655316455696203], [0.361746835443038, 0.26679746835443036, 0.42630379746835445, 0.33008860759493674], [0.2971898734177215, 0.26426582278481003, 0.3655443037974684, 0.32882278481012656], [0.4579493670886077, 0.16932911392405067, 0.4946582278481013, 0.20477215189873418], [0.2756708860759494, 0.14781012658227852, 0.30984810126582285, 0.18198734177215192], [0.24149367088607596, 0.15034177215189876, 0.2794683544303798, 0.19084810126582277], [0.05162025316455697, 0.12502531645569623, 0.0782025316455697, 0.14527848101265825], [0.019974683544303845, 0.11996202531645574, 0.05035443037974687, 0.15413924050632916], [0.07567088607594939, 0.11869620253164562, 0.11237974683544315, 0.14148101265822788]], "class": 16}