{"image": "ad90f228-759d-11ee-81e2-fcb3bc5cd112.jpg", "bboxes": [[0.004126582278480728, 0.643746835443038, 0.052227848101265684, 0.6981772151898734], [0.0914683544303797, 0.6766582278481013, 0.13324050632911366, 0.7184303797468354], [0.17754430379746833, 0.6652658227848102, 0.22058227848101264, 0.714632911392405], [0.2193164556962025, 0.6614683544303798, 0.2699493670886076, 0.7184303797468354], [0.2496962025316456, 0.5969113924050633, 0.31425316455696206, 0.6602025316455696], [0.31045569620253166, 0.5981772151898734, 0.37881012658227853, 0.66273417721519], [0.18134177215189873, 0.7222278481012658, 0.21805063291139226, 0.7576708860759493], [0.3661518987341772, 0.745012658227848, 0.4003291139240506, 0.7791898734177215], [0.3965316455696202, 0.7361518987341773, 0.43450632911392406, 0.7766582278481012], [0.5977974683544303, 0.7817215189873418, 0.6243797468354431, 0.8019746835443038], [0.6256455696202532, 0.7728607594936708, 0.6560253164556962, 0.8070379746835443], [0.7357721518987341, 0.7855189873417721, 0.7560253164556962, 0.8121012658227847], [0.7572911392405063, 0.7880506329113923, 0.7750126582278479, 0.8070379746835443], [0.8762784810126582, 0.7779240506329114, 0.9066582278481012, 0.8045063291139241], [0.5636202531645569, 0.7855189873417721, 0.6003291139240505, 0.8083037974683545]], "class": 15}