{"image": "ad90f228-759d-11ee-81e2-fcb3bc5cd112.jpg", "bboxes": [[0.9880886075949368, 0.2872025316455696, 1.0, 0.34543037974683544], [0.9336582278481015, 0.28340506329113924, 0.9893544303797469, 0.3441645569620253], [0.8627721518987344, 0.25682278481012655, 0.9108734177215192, 0.311253164556962], [0.7817594936708863, 0.23656962025316455, 0.8235316455696203, 0.27834177215189876], [0.6944177215189874, 0.24036708860759495, 0.7374556962025317, 0.28973417721518985], [0.6450506329113924, 0.23656962025316455, 0.6956835443037975, 0.29353164556962025], [0.600746835443038, 0.2947974683544303, 0.6653037974683544, 0.3580886075949367], [0.5361898734177215, 0.29226582278481006, 0.6045443037974684, 0.3568227848101266], [0.6969493670886077, 0.19732911392405067, 0.7336582278481013, 0.23277215189873418], [0.5146708860759494, 0.17581012658227851, 0.5488481012658228, 0.20998734177215192], [0.480493670886076, 0.17834177215189875, 0.5184683544303798, 0.21884810126582277], [0.290620253164557, 0.15302531645569625, 0.3172025316455697, 0.17327848101265825], [0.25897468354430386, 0.14796202531645575, 0.2893544303797469, 0.18213924050632915], [0.15897468354430383, 0.14289873417721524, 0.17922784810126585, 0.16948101265822788], [0.13998734177215202, 0.14796202531645575, 0.15770886075949375, 0.16694936708860764], [0.008341772151898822, 0.150493670886076, 0.03872151898734185, 0.17707594936708865], [0.3146708860759494, 0.14669620253164561, 0.35137974683544315, 0.16948101265822788]], "class": 17}