{"image": "ad90f228-759d-11ee-81e2-fcb3bc5cd112.jpg", "bboxes": [[0.8151898734177216, 0.5024177215189873, 0.9012658227848104, 0.6112784810126582], [0.8987341772151899, 0.49988607594936707, 0.9784810126582278, 0.6024177215189874], [0.6177215189873418, 0.3226708860759494, 0.7417721518987344, 0.488493670886076], [0.4683544303797469, 0.3644430379746836, 0.6240506329113925, 0.49988607594936707], [0.4367088607594937, 0.6631772151898734, 0.4860759493670887, 0.7176075949367089], [0.2670886075949368, 0.6745696202531646, 0.33037974683544324, 0.7327974683544304], [0.21265822784810143, 0.6758354430379747, 0.2683544303797469, 0.7365949367088608], [0.14177215189873438, 0.708746835443038, 0.18987341772151922, 0.7631772151898735], [0.06075949367088629, 0.7416582278481012, 0.10253164556962031, 0.7834303797468355], [0.0, 0.7302658227848102, 0.016455696202531726, 0.779632911392405], [0.0, 0.7872278481012658, 0.01265822784810132, 0.8226708860759493]], "class": 11}