{"image": "ad90f228-759d-11ee-81e2-fcb3bc5cd112.jpg", "bboxes": [[0.9917215189873418, 0.26567088607594935, 1.0, 0.43149367088607593], [0.8423544303797469, 0.30744303797468353, 0.9980506329113925, 0.442886075949367], [0.8107088607594938, 0.6061772151898734, 0.8600759493670886, 0.6606075949367088], [0.6410886075949368, 0.6175696202531645, 0.7043797468354432, 0.6757974683544303], [0.5866582278481014, 0.6188354430379748, 0.6423544303797468, 0.6795949367088607], [0.5157721518987344, 0.651746835443038, 0.5638734177215192, 0.7061772151898734], [0.4347594936708863, 0.6846582278481013, 0.4765316455696203, 0.7264303797468354], [0.34741772151898737, 0.6732658227848102, 0.39045569620253173, 0.722632911392405], [0.29805063291139244, 0.6694683544303798, 0.3486835443037975, 0.7264303797468354], [0.253746835443038, 0.6049113924050633, 0.31830379746835447, 0.6682025316455696], [0.1891898734177215, 0.6061772151898734, 0.2575443037974684, 0.67073417721519], [0.3499493670886077, 0.7302278481012658, 0.38665822784810133, 0.7656708860759494], [0.1676708860759494, 0.753012658227848, 0.20184810126582284, 0.7871898734177215], [0.13349367088607597, 0.7441518987341772, 0.1714683544303798, 0.7846582278481012], [0.0, 0.7935189873417721, 0.004379746835443143, 0.8163037974683544]], "class": 15}