{"image": "ad90f228-759d-11ee-81e2-fcb3bc5cd112.jpg", "bboxes": [[0.0, 0.6698354430379747, 0.04734177215189861, 0.7305949367088608], [0.07012658227848079, 0.702746835443038, 0.11822784810126563, 0.7571772151898735], [0.15746835443037965, 0.7356582278481012, 0.19924050632911372, 0.7774303797468355], [0.24354430379746828, 0.7242658227848102, 0.2865822784810126, 0.7736329113924051], [0.28531645569620256, 0.7204683544303798, 0.33594936708860756, 0.7774303797468355], [0.31569620253164554, 0.6559113924050632, 0.380253164556962, 0.7192025316455697], [0.3764556962025316, 0.6571772151898734, 0.4448101265822785, 0.72173417721519], [0.24734177215189868, 0.7812278481012658, 0.2840506329113923, 0.8166708860759493], [0.43215189873417714, 0.8040126582278481, 0.46632911392405063, 0.8381898734177216], [0.46253164556962023, 0.7951518987341772, 0.500506329113924, 0.8356582278481013], [0.6637974683544303, 0.8407215189873417, 0.690379746835443, 0.8609746835443037], [0.6916455696202531, 0.8318607594936709, 0.7220253164556962, 0.8660379746835443], [0.8017721518987342, 0.8445189873417721, 0.8220253164556961, 0.8711012658227848], [0.8232911392405062, 0.8470506329113924, 0.841012658227848, 0.8660379746835443], [0.9422784810126581, 0.8369240506329114, 0.9726582278481012, 0.863506329113924], [0.6296202531645568, 0.8445189873417721, 0.6663291139240506, 0.8673037974683544]], "class": 16}