{"image": "ae30749c-6b40-11ee-be49-fcb3bc5cd112.jpg", "bboxes": [[0.7884878048780486, 0.4550731707317073, 0.8506829268292682, 0.5282439024390244], [0.8762926829268293, 0.44531707317073177, 0.953121951219512, 0.5270243902439025], [0.5506829268292681, 0.4770243902439024, 0.6262926829268293, 0.538], [0.4909268292682925, 0.4745853658536585, 0.5519024390243901, 0.5343414634146342]], "class": 4}