{"image": "ae30749c-6b40-11ee-be49-fcb3bc5cd112.jpg", "bboxes": [[0.14170731707317075, 0.44199999999999995, 0.2173170731707319, 0.5029756097560976], [0.21609756097560995, 0.44565853658536586, 0.27707317073170745, 0.5054146341463416]], "class": 2}