{"image": "ae30749c-6b40-11ee-be49-fcb3bc5cd112.jpg", "bboxes": [[0.7104878048780485, 0.43375609756097555, 0.7726829268292681, 0.5069268292682928], [0.7982926829268292, 0.4349756097560975, 0.8751219512195121, 0.5166829268292682], [0.4726829268292681, 0.42399999999999993, 0.5482926829268292, 0.4849756097560976], [0.4129268292682925, 0.4276585365853659, 0.4739024390243901, 0.48741463414634156]], "class": 4}