{"image": "ae30749c-6b40-11ee-be49-fcb3bc5cd112.jpg", "bboxes": [[0.15370731707317076, 0.4820243902439024, 0.2293170731707319, 0.543], [0.22809756097560985, 0.4795853658536584, 0.28907317073170746, 0.5393414634146341]], "class": 2}