{"image": "ae30749c-6b40-11ee-be49-fcb3bc5cd112.jpg", "bboxes": [[0.8076829268292681, 0.5020243902439024, 0.8832926829268293, 0.5630000000000001], [0.7479268292682926, 0.4995853658536584, 0.8089024390243901, 0.5593414634146341]], "class": 2}