{"image": "ae30749c-6b40-11ee-be49-fcb3bc5cd112.jpg", "bboxes": [[0.0, 0.44575609756097556, 0.05651219512195138, 0.5189268292682927], [0.21870731707317081, 0.43599999999999994, 0.29431707317073186, 0.49697560975609756], [0.2930975609756099, 0.43965853658536586, 0.3540731707317075, 0.4994146341463415]], "class": 3}