{"image": "ae30749c-6b40-11ee-be49-fcb3bc5cd112.jpg", "bboxes": [[0.0, 0.4650731707317073, 0.011512195121951452, 0.5382439024390244], [0.17370731707317077, 0.4870243902439024, 0.24931707317073193, 0.548], [0.24809756097560987, 0.4845853658536584, 0.3090731707317075, 0.5443414634146342]], "class": 3}