{"image": "ae30749c-6b40-11ee-be49-fcb3bc5cd112.jpg", "bboxes": [[0.0, 0.4725853658536585, 0.017073170731707443, 0.5323414634146342]], "class": 1}