{"image": "ae30749c-6b40-11ee-be49-fcb3bc5cd112.jpg", "bboxes": [[0.7706829268292681, 0.4119999999999999, 0.8462926829268292, 0.4729756097560976], [0.7109268292682925, 0.4156585365853659, 0.7719024390243902, 0.47541463414634155]], "class": 2}