{"image": "ae30749c-6b40-11ee-be49-fcb3bc5cd112.jpg", "bboxes": [[0.9996829268292682, 0.5190243902439025, 1.0, 0.5800000000000001], [0.9399268292682925, 0.5165853658536584, 1.0, 0.5763414634146341]], "class": 2}