{"image": "ae586a97-759c-11ee-a81c-fcb3bc5cd112.jpg", "bboxes": [[0.37191666666666656, 0.6104791666666667, 0.4000416666666665, 0.6354791666666667]], "class": 1}