{"image": "ae586a97-759c-11ee-a81c-fcb3bc5cd112.jpg", "bboxes": [[0.2989583333333335, 0.6124791666666666, 0.3270833333333335, 0.6374791666666667]], "class": 1}