{"image": "ae586a97-759c-11ee-a81c-fcb3bc5cd112.jpg", "bboxes": [[0.5779583333333335, 0.5704791666666666, 0.6060833333333335, 0.5954791666666668]], "class": 1}