{"image": "ae586a97-759c-11ee-a81c-fcb3bc5cd112.jpg", "bboxes": [[0.4199166666666665, 0.4075208333333332, 0.44804166666666656, 0.43252083333333335]], "class": 1}