{"image": "ae586a97-759c-11ee-a81c-fcb3bc5cd112.jpg", "bboxes": [[0.14891666666666648, 0.6114791666666666, 0.17704166666666654, 0.6364791666666667]], "class": 1}