{"image": "ae586a97-759c-11ee-a81c-fcb3bc5cd112.jpg", "bboxes": [[0.4379583333333335, 0.5754791666666667, 0.46608333333333346, 0.6004791666666668]], "class": 1}