{"image": "ae586a97-759c-11ee-a81c-fcb3bc5cd112.jpg", "bboxes": [[0.3139583333333335, 0.6364791666666666, 0.34208333333333346, 0.6614791666666667]], "class": 1}