{"image": "af91a325-759d-11ee-8fa5-fcb3bc5cd112.jpg", "bboxes": [[0.9131518987341773, 0.4302278481012659, 0.9751772151898735, 0.49731645569620253], [0.8485949367088608, 0.442886075949367, 0.9169493670886076, 0.49858227848101266], [0.9751772151898735, 0.4846582278481013, 1.0, 0.531493670886076], [0.7397341772151899, 0.4884556962025316, 0.7878354430379747, 0.532759493670886], [0.700493670886076, 0.4884556962025316, 0.7422658227848102, 0.532759493670886]], "class": 5}