{"image": "af91a325-759d-11ee-8fa5-fcb3bc5cd112.jpg", "bboxes": [[0.5738481012658229, 0.3139113924050634, 0.6738481012658228, 0.4151772151898734], [0.45865822784810145, 0.32024050632911394, 0.5725822784810127, 0.41770886075949365], [0.2181518987341774, 0.4392278481012659, 0.28017721518987354, 0.5063164556962025], [0.15359493670886082, 0.451886075949367, 0.22194936708860769, 0.5075822784810127], [0.28017721518987354, 0.4936582278481013, 0.3308101265822786, 0.5404936708860759], [0.0447341772151899, 0.4974556962025316, 0.09283544303797475, 0.541759493670886], [0.005493670886075961, 0.4974556962025316, 0.04726582278481021, 0.541759493670886]], "class": 7}