{"image": "af91a325-759d-11ee-8fa5-fcb3bc5cd112.jpg", "bboxes": [[0.9581518987341774, 0.47422784810126584, 1.0, 0.5413164556962025], [0.8935949367088608, 0.48688607594936706, 0.9619493670886077, 0.5425822784810126], [0.7847341772151899, 0.5324556962025316, 0.8328354430379747, 0.5767594936708861], [0.745493670886076, 0.5324556962025316, 0.7872658227848102, 0.5767594936708861]], "class": 4}