{"image": "af91a325-759d-11ee-8fa5-fcb3bc5cd112.jpg", "bboxes": [[0.04715189873417713, 0.3719113924050633, 0.1471518987341771, 0.47317721518987343], [0.14841772151898724, 0.378240506329114, 0.2623417721518986, 0.4757088607594936], [0.4408227848101265, 0.49722784810126586, 0.5028481012658226, 0.5643164556962026], [0.4990506329113923, 0.5098860759493671, 0.5674050632911392, 0.5655822784810126], [0.3901898734177214, 0.5516582278481013, 0.4408227848101265, 0.598493670886076], [0.6281645569620252, 0.5554556962025317, 0.6762658227848102, 0.5997594936708861], [0.6737341772151898, 0.5554556962025317, 0.7155063291139241, 0.5997594936708861]], "class": 7}