{"image": "af91a325-759d-11ee-8fa5-fcb3bc5cd112.jpg", "bboxes": [[0.0, 0.5572911392405063, 0.08334177215189853, 0.654759493670886], [0.26182278481012644, 0.4686835443037975, 0.32384810126582264, 0.5357721518987342], [0.32005063291139235, 0.46741772151898736, 0.3884050632911392, 0.523113924050633], [0.21118987341772144, 0.43450632911392406, 0.26182278481012644, 0.48134177215189866], [0.4491645569620253, 0.43324050632911393, 0.49726582278481013, 0.4775443037974684], [0.49473417721518975, 0.43324050632911393, 0.536506329113924, 0.4775443037974684]], "class": 6}