{"image": "af91a325-759d-11ee-8fa5-fcb3bc5cd112.jpg", "bboxes": [[0.08315189873417717, 0.3419113924050633, 0.18315189873417714, 0.4431772151898734], [0.18441772151898728, 0.34824050632911396, 0.2983417721518986, 0.4457088607594937], [0.4768227848101264, 0.46722784810126583, 0.5388481012658226, 0.5343164556962026], [0.5350506329113923, 0.47988607594936705, 0.6034050632911392, 0.5355822784810127], [0.4261898734177214, 0.5216582278481013, 0.4768227848101264, 0.5684936708860759], [0.6641645569620253, 0.5254556962025316, 0.7122658227848101, 0.5697594936708861], [0.7097341772151897, 0.5254556962025316, 0.751506329113924, 0.5697594936708861]], "class": 7}