{"image": "af91a325-759d-11ee-8fa5-fcb3bc5cd112.jpg", "bboxes": [[0.9001518987341774, 0.4292278481012659, 0.9621772151898735, 0.49631645569620253], [0.8355949367088609, 0.441886075949367, 0.9039493670886077, 0.49758227848101266], [0.9621772151898735, 0.4836582278481013, 1.0, 0.5304936708860759], [0.7267341772151898, 0.4874556962025316, 0.7748354430379748, 0.531759493670886], [0.6874936708860759, 0.4874556962025316, 0.7292658227848102, 0.531759493670886]], "class": 5}