{"image": "af91a325-759d-11ee-8fa5-fcb3bc5cd112.jpg", "bboxes": [[0.8808481012658228, 0.3059113924050634, 0.9808481012658228, 0.4071772151898735], [0.7656582278481014, 0.31224050632911393, 0.8795822784810128, 0.40970886075949364], [0.5251518987341774, 0.4312278481012659, 0.5871772151898735, 0.49831645569620253], [0.4605949367088608, 0.443886075949367, 0.5289493670886077, 0.49958227848101266], [0.5871772151898735, 0.4856582278481013, 0.6378101265822786, 0.5324936708860759], [0.3517341772151899, 0.4894556962025316, 0.39983544303797475, 0.533759493670886], [0.31249367088607594, 0.4894556962025316, 0.3542658227848102, 0.533759493670886]], "class": 7}