{"image": "af91a325-759d-11ee-8fa5-fcb3bc5cd112.jpg", "bboxes": [[0.6338481012658228, 0.3139113924050634, 0.7338481012658228, 0.4151772151898734], [0.5186582278481014, 0.32024050632911394, 0.6325822784810128, 0.41770886075949365], [0.2781518987341774, 0.4392278481012659, 0.34017721518987354, 0.5063164556962025], [0.21359493670886082, 0.451886075949367, 0.2819493670886077, 0.5075822784810127], [0.34017721518987354, 0.4936582278481013, 0.3908101265822786, 0.5404936708860759], [0.1047341772151899, 0.4974556962025316, 0.15283544303797475, 0.541759493670886], [0.06549367088607597, 0.4974556962025316, 0.10726582278481021, 0.541759493670886]], "class": 7}