{"image": "af91a325-759d-11ee-8fa5-fcb3bc5cd112.jpg", "bboxes": [[0.0, 0.5538227848101266, 0.08915189873417717, 0.6550886075949367], [0.0904177215189873, 0.5512911392405063, 0.20434177215189853, 0.648759493670886], [0.38282278481012644, 0.4626835443037975, 0.44484810126582264, 0.5297721518987342], [0.44105063291139235, 0.46141772151898736, 0.5094050632911391, 0.517113924050633], [0.33218987341772144, 0.42850632911392406, 0.38282278481012644, 0.47534177215189866], [0.5701645569620253, 0.4272405063291139, 0.6182658227848101, 0.47154430379746837], [0.6157341772151899, 0.4272405063291139, 0.657506329113924, 0.47154430379746837]], "class": 7}