{"image": "af91a325-759d-11ee-8fa5-fcb3bc5cd112.jpg", "bboxes": [[0.8811518987341774, 0.49268354430379746, 0.9431772151898735, 0.5597721518987341], [0.8165949367088609, 0.4914177215189874, 0.8849493670886077, 0.547113924050633], [0.9431772151898735, 0.458506329113924, 0.9938101265822786, 0.5053417721518987], [0.7077341772151899, 0.45724050632911395, 0.7558354430379748, 0.5015443037974684], [0.6684936708860759, 0.45724050632911395, 0.7102658227848102, 0.5015443037974684]], "class": 5}