{"image": "af91a325-759d-11ee-8fa5-fcb3bc5cd112.jpg", "bboxes": [[0.0, 0.6032911392405064, 0.07934177215189853, 0.7007594936708861], [0.25782278481012644, 0.5146835443037975, 0.31984810126582264, 0.5817721518987341], [0.31605063291139235, 0.5134177215189873, 0.3844050632911392, 0.5691139240506329], [0.20718987341772144, 0.48050632911392405, 0.25782278481012644, 0.5273417721518987], [0.4451645569620253, 0.47924050632911397, 0.4932658227848101, 0.5235443037974684], [0.49073417721518975, 0.47924050632911397, 0.532506329113924, 0.5235443037974684]], "class": 6}