{"image": "af91a325-759d-11ee-8fa5-fcb3bc5cd112.jpg", "bboxes": [[0.06415189873417715, 0.3079113924050634, 0.16415189873417713, 0.4091772151898735], [0.16541772151898726, 0.31424050632911393, 0.2793417721518986, 0.41170886075949364], [0.4578227848101265, 0.4332278481012659, 0.5198481012658226, 0.5003164556962025], [0.5160506329113923, 0.445886075949367, 0.5844050632911392, 0.5015822784810127], [0.4071898734177214, 0.4876582278481013, 0.4578227848101265, 0.5344936708860759], [0.6451645569620252, 0.4914556962025316, 0.6932658227848101, 0.535759493670886], [0.6907341772151898, 0.4914556962025316, 0.732506329113924, 0.535759493670886]], "class": 7}