{"image": "af91a325-759d-11ee-8fa5-fcb3bc5cd112.jpg", "bboxes": [[0.5188481012658228, 0.5478227848101266, 0.6188481012658228, 0.6490886075949367], [0.40365822784810146, 0.5452911392405063, 0.5175822784810127, 0.642759493670886], [0.1631518987341774, 0.4566835443037975, 0.22517721518987355, 0.5237721518987342], [0.09859493670886081, 0.45541772151898735, 0.1669493670886077, 0.5111139240506329], [0.22517721518987355, 0.42250632911392405, 0.2758101265822786, 0.4693417721518987], [0.0, 0.4212405063291139, 0.03783544303797476, 0.46554430379746836]], "class": 6}