{"image": "b0144812-6b44-11ee-acfa-fcb3bc5cd112.jpg", "bboxes": [[0.6939268292682927, 0.6782439024390244, 0.7805121951219514, 0.7599512195121951], [0.7792926829268292, 0.6843414634146342, 0.8658780487804878, 0.7587317073170732]], "class": 2}