{"image": "b0144812-6b44-11ee-acfa-fcb3bc5cd112.jpg", "bboxes": [[0.3854878048780487, 0.6742439024390244, 0.47207317073170724, 0.7559512195121951], [0.3001219512195122, 0.6803414634146342, 0.3867073170731708, 0.7547317073170732]], "class": 2}