{"image": "b0144812-6b44-11ee-acfa-fcb3bc5cd112.jpg", "bboxes": [[0.12148780487804868, 0.2700487804878048, 0.20807317073170725, 0.3517560975609756], [0.0361219512195122, 0.27126829268292685, 0.12270731707317077, 0.3456585365853658]], "class": 2}