{"image": "b0144812-6b44-11ee-acfa-fcb3bc5cd112.jpg", "bboxes": [[0.7429268292682927, 0.6692439024390244, 0.8295121951219513, 0.7509512195121951], [0.8282926829268292, 0.6753414634146342, 0.9148780487804878, 0.7497317073170732]], "class": 2}