{"image": "b0144812-6b44-11ee-acfa-fcb3bc5cd112.jpg", "bboxes": [[0.18548780487804867, 0.6612439024390244, 0.2720731707317072, 0.7429512195121951], [0.1001219512195122, 0.6673414634146342, 0.18670731707317076, 0.7417317073170732]], "class": 2}