{"image": "b0144812-6b44-11ee-acfa-fcb3bc5cd112.jpg", "bboxes": [[0.6094878048780487, 0.6412439024390244, 0.6960731707317073, 0.7229512195121952], [0.5241219512195122, 0.6473414634146342, 0.6107073170731707, 0.7217317073170731]], "class": 2}