{"image": "b0144812-6b44-11ee-acfa-fcb3bc5cd112.jpg", "bboxes": [[0.30692682926829273, 0.6582439024390244, 0.39351219512195135, 0.7399512195121951], [0.3922926829268293, 0.6643414634146342, 0.4788780487804878, 0.7387317073170732]], "class": 2}