{"image": "b0144812-6b44-11ee-acfa-fcb3bc5cd112.jpg", "bboxes": [[0.7999268292682927, 0.3080487804878048, 0.8865121951219513, 0.3897560975609756], [0.8852926829268293, 0.30926829268292677, 0.9718780487804878, 0.38365853658536586]], "class": 2}