{"image": "b353cc5c-759d-11ee-a175-fcb3bc5cd112.jpg", "bboxes": [[0.054734177215189694, 0.6207215189873417, 0.17625316455696183, 0.7662911392405063], [0.17372151898734156, 0.613126582278481, 0.2990379746835442, 0.7561645569620252], [0.5686582278481012, 0.4181898734177215, 0.656, 0.5093291139240506], [0.6737215189873418, 0.41059493670886077, 0.7522025316455696, 0.4890759493670886], [0.43574683544303794, 0.3460379746835443, 0.4724556962025316, 0.38654430379746835], [0.3294177215189874, 0.31945569620253167, 0.36739240506329107, 0.34856962025316457], [0.36612658227848105, 0.31945569620253167, 0.3927088607594936, 0.34856962025316457], [0.23475000000000001, 0.3014375, 0.25349999999999995, 0.3274791666666667], [0.25454166666666667, 0.3003958333333333, 0.2732916666666666, 0.3274791666666667], [0.05766666666666653, 0.2733125, 0.07433333333333325, 0.29518750000000005], [0.0712083333333332, 0.2764375, 0.09204166666666647, 0.3014375], [0.14412499999999995, 0.2899791666666667, 0.16912499999999997, 0.3201875], [0.16808333333333325, 0.2899791666666667, 0.1868333333333333, 0.3170625], [0.16808333333333325, 0.2608125, 0.1889166666666665, 0.2816458333333333]], "class": 14}