{"image": "b353cc5c-759d-11ee-a175-fcb3bc5cd112.jpg", "bboxes": [[0.2827468354430382, 0.6117215189873417, 0.4042658227848103, 0.7572911392405063], [0.15996202531645576, 0.604126582278481, 0.2852784810126584, 0.7471645569620252], [0.0, 0.3370379746835443, 0.023253164556962018, 0.37754430379746834], [0.09160759493670889, 0.31045569620253166, 0.1295822784810126, 0.33956962025316456], [0.06629113924050636, 0.31045569620253166, 0.092873417721519, 0.33956962025316456], [0.2055, 0.2924375, 0.22425, 0.3184791666666667], [0.18570833333333336, 0.2913958333333333, 0.20445833333333338, 0.3184791666666667], [0.38466666666666677, 0.2643125, 0.4013333333333335, 0.28618750000000004], [0.3669583333333335, 0.2674375, 0.38779166666666676, 0.2924375], [0.289875, 0.28097916666666667, 0.314875, 0.3111875], [0.2721666666666667, 0.28097916666666667, 0.29091666666666677, 0.3080625], [0.2700833333333335, 0.2518125, 0.29091666666666677, 0.2726458333333333]], "class": 12}