{"image": "b353cc5c-759d-11ee-a175-fcb3bc5cd112.jpg", "bboxes": [[0.3727468354430382, 0.5957215189873417, 0.49426582278481035, 0.7412911392405063], [0.24996202531645575, 0.588126582278481, 0.3752784810126584, 0.7311645569620252], [0.07654430379746839, 0.3210379746835443, 0.11325316455696202, 0.3615443037974683], [0.1816075949367089, 0.29445569620253165, 0.2195822784810126, 0.32356962025316455], [0.15629113924050636, 0.29445569620253165, 0.182873417721519, 0.32356962025316455], [0.2955, 0.2764375, 0.31425, 0.3024791666666667], [0.2757083333333334, 0.27539583333333334, 0.2944583333333334, 0.3024791666666667], [0.47466666666666674, 0.2483125, 0.4913333333333335, 0.2701875000000001], [0.45695833333333347, 0.2514375, 0.4777916666666667, 0.2764375], [0.379875, 0.2649791666666667, 0.404875, 0.2951875], [0.36216666666666675, 0.2649791666666667, 0.38091666666666674, 0.2920625], [0.3600833333333335, 0.2358125, 0.38091666666666674, 0.2566458333333333]], "class": 12}