{"image": "b353cc5c-759d-11ee-a175-fcb3bc5cd112.jpg", "bboxes": [[0.9037468354430382, 0.5927215189873417, 1.0, 0.7382911392405063], [0.7809620253164558, 0.585126582278481, 0.9062784810126584, 0.7281645569620252], [0.424, 0.3901898734177215, 0.5113417721518988, 0.4813291139240506], [0.3277974683544304, 0.38259493670886074, 0.4062784810126583, 0.46107594936708857], [0.6075443037974684, 0.3180379746835443, 0.644253164556962, 0.3585443037974683], [0.7126075949367089, 0.29145569620253164, 0.7505822784810127, 0.32056962025316454], [0.6872911392405063, 0.29145569620253164, 0.713873417721519, 0.32056962025316454], [0.8265, 0.2734375, 0.84525, 0.2994791666666667], [0.8067083333333334, 0.27239583333333334, 0.8254583333333334, 0.2994791666666667], [0.9879583333333335, 0.2484375, 1.0, 0.2734375], [0.910875, 0.2619791666666667, 0.935875, 0.2921875], [0.8931666666666668, 0.2619791666666667, 0.9119166666666667, 0.2890625], [0.8910833333333334, 0.2328125, 0.9119166666666667, 0.2536458333333333]], "class": 13}