{"image": "b353cc5c-759d-11ee-a175-fcb3bc5cd112.jpg", "bboxes": [[0.0, 0.2037088607594938, 0.003253164556961785, 0.34927848101265824], [0.0007215189873416294, 0.21383544303797475, 0.12603797468354427, 0.35687341772151904], [0.39565822784810123, 0.4606708860759494, 0.483, 0.5518101265822785], [0.5007215189873417, 0.48092405063291144, 0.5792025316455696, 0.5594050632911393], [0.262746835443038, 0.5834556962025317, 0.29945569620253165, 0.6239620253164557], [0.15641772151898736, 0.6214303797468355, 0.19439240506329114, 0.6505443037974683], [0.193126582278481, 0.6214303797468355, 0.21970886075949358, 0.6505443037974683], [0.06174999999999997, 0.6425208333333333, 0.08050000000000002, 0.6685625], [0.08154166666666662, 0.6425208333333333, 0.10029166666666667, 0.6696041666666667], [0.0, 0.6529375, 0.013833333333333253, 0.6800208333333333], [0.0, 0.6883541666666667, 0.015916666666666468, 0.7091875000000001]], "class": 11}