{"image": "b353cc5c-759d-11ee-a175-fcb3bc5cd112.jpg", "bboxes": [[0.0, 0.6067215189873417, 0.09825316455696176, 0.7522911392405063], [0.0957215189873416, 0.599126582278481, 0.22103797468354425, 0.7421645569620252], [0.4906582278481012, 0.4041898734177215, 0.5780000000000001, 0.4953291139240506], [0.5957215189873417, 0.39659493670886076, 0.6742025316455695, 0.4750759493670886], [0.357746835443038, 0.3320379746835443, 0.3944556962025316, 0.37254430379746833], [0.25141772151898734, 0.30545569620253166, 0.2893924050632911, 0.33456962025316456], [0.288126582278481, 0.30545569620253166, 0.31470886075949367, 0.33456962025316456], [0.15674999999999994, 0.2874375, 0.1755, 0.3134791666666667], [0.1765416666666666, 0.2863958333333333, 0.19529166666666664, 0.3134791666666667], [0.0, 0.2624375, 0.014041666666666508, 0.2874375], [0.06612499999999999, 0.27597916666666666, 0.09112500000000001, 0.3061875], [0.0900833333333333, 0.27597916666666666, 0.10883333333333323, 0.3030625], [0.0900833333333333, 0.2468125, 0.11091666666666655, 0.2676458333333333]], "class": 13}