{"image": "b353cc5c-759d-11ee-a175-fcb3bc5cd112.jpg", "bboxes": [[0.9569620253164558, 0.590126582278481, 1.0, 0.7331645569620252], [0.6, 0.3951898734177215, 0.6873417721518988, 0.4863291139240506], [0.5037974683544304, 0.38759493670886075, 0.5822784810126583, 0.46607594936708857], [0.7835443037974684, 0.3230379746835443, 0.8202531645569621, 0.3635443037974683], [0.8886075949367089, 0.29645569620253165, 0.9265822784810126, 0.32556962025316455], [0.8632911392405064, 0.29645569620253165, 0.889873417721519, 0.32556962025316455], [0.9827083333333334, 0.27739583333333334, 1.0, 0.3044791666666667]], "class": 7}