{"image": "b353cc5c-759d-11ee-a175-fcb3bc5cd112.jpg", "bboxes": [[0.11673417721518964, 0.27570886075949375, 0.23825316455696177, 0.4212784810126583], [0.23572151898734162, 0.2858354430379747, 0.36103797468354426, 0.428873417721519], [0.6306582278481012, 0.5326708860759495, 0.718, 0.6238101265822784], [0.7357215189873417, 0.5529240506329114, 0.8142025316455697, 0.6314050632911392], [0.497746835443038, 0.6554556962025317, 0.5344556962025316, 0.6959620253164558], [0.39141772151898735, 0.6934303797468355, 0.4293924050632911, 0.7225443037974684], [0.428126582278481, 0.6934303797468355, 0.4547088607594937, 0.7225443037974684], [0.29674999999999996, 0.7145208333333333, 0.3155, 0.7405625], [0.3165416666666666, 0.7145208333333333, 0.33529166666666665, 0.7416041666666666], [0.11966666666666648, 0.7468124999999999, 0.1363333333333333, 0.7686875], [0.13320833333333326, 0.7405625, 0.15404166666666652, 0.7655625], [0.206125, 0.7218125, 0.23112500000000002, 0.7520208333333334], [0.2300833333333333, 0.7249375, 0.24883333333333324, 0.7520208333333334], [0.2300833333333333, 0.7603541666666667, 0.25091666666666657, 0.7811875]], "class": 14}