{"image": "b353cc5c-759d-11ee-a175-fcb3bc5cd112.jpg", "bboxes": [[0.6517341772151897, 0.6407215189873418, 0.7732531645569618, 0.7862911392405063], [0.7707215189873415, 0.6331265822784811, 0.8960379746835443, 0.7761645569620252], [0.9264177215189874, 0.3394556962025317, 0.9643924050632912, 0.36856962025316453], [0.963126582278481, 0.3394556962025317, 0.9897088607594936, 0.36856962025316453], [0.83175, 0.3214375, 0.8505, 0.3474791666666667], [0.8515416666666666, 0.3203958333333333, 0.8702916666666667, 0.3474791666666667], [0.6546666666666665, 0.2933125, 0.6713333333333333, 0.31518750000000006], [0.6682083333333333, 0.2964375, 0.6890416666666666, 0.3214375], [0.741125, 0.3099791666666667, 0.766125, 0.3401875], [0.7650833333333332, 0.3099791666666667, 0.7838333333333333, 0.3370625], [0.7650833333333332, 0.2808125, 0.7859166666666665, 0.30164583333333334]], "class": 11}