{"image": "b353cc5c-759d-11ee-a175-fcb3bc5cd112.jpg", "bboxes": [[0.3017468354430382, 0.24970886075949372, 0.42326582278481034, 0.3952784810126583], [0.17896202531645578, 0.2598354430379748, 0.3042784810126584, 0.40287341772151897], [0.005544303797468388, 0.6294556962025317, 0.04225316455696202, 0.6699620253164558], [0.1106075949367089, 0.6674303797468355, 0.14858227848101263, 0.6965443037974683], [0.08529113924050637, 0.6674303797468355, 0.11187341772151899, 0.6965443037974683], [0.2245, 0.6885208333333332, 0.24325, 0.7145625], [0.20470833333333338, 0.6885208333333332, 0.22345833333333337, 0.7156041666666667], [0.40366666666666673, 0.7208125, 0.4203333333333335, 0.7426875], [0.38595833333333346, 0.7145625, 0.4067916666666667, 0.7395625], [0.308875, 0.6958125, 0.333875, 0.7260208333333333], [0.29116666666666674, 0.6989375, 0.30991666666666673, 0.7260208333333333], [0.28908333333333347, 0.7343541666666666, 0.30991666666666673, 0.7551875]], "class": 12}