{"image": "b353cc5c-759d-11ee-a175-fcb3bc5cd112.jpg", "bboxes": [[0.2047468354430382, 0.24070886075949371, 0.3262658227848103, 0.38627848101265827], [0.08196202531645577, 0.2508354430379748, 0.20727848101265842, 0.39387341772151896], [0.013607594936708892, 0.6584303797468354, 0.05158227848101262, 0.6875443037974683], [0.0, 0.6584303797468354, 0.01487341772151899, 0.6875443037974683], [0.1275, 0.6795208333333334, 0.14625, 0.7055625], [0.10770833333333338, 0.6795208333333334, 0.12645833333333337, 0.7066041666666667], [0.30666666666666675, 0.7118125, 0.3233333333333335, 0.7336875], [0.2889583333333335, 0.7055625, 0.30979166666666674, 0.7305625], [0.211875, 0.6868125, 0.236875, 0.7170208333333333], [0.19416666666666674, 0.6899375, 0.21291666666666675, 0.7170208333333333], [0.1920833333333335, 0.7253541666666667, 0.21291666666666675, 0.7461875]], "class": 11}