{"image": "b353cc5c-759d-11ee-a175-fcb3bc5cd112.jpg", "bboxes": [[0.3617468354430382, 0.2087088607594938, 0.48326582278481034, 0.35427848101265824], [0.23896202531645577, 0.21883544303797475, 0.3642784810126584, 0.36187341772151904], [0.06554430379746838, 0.5884556962025317, 0.10225316455696203, 0.6289620253164557], [0.1706075949367089, 0.6264303797468355, 0.20858227848101263, 0.6555443037974683], [0.14529113924050638, 0.6264303797468355, 0.17187341772151898, 0.6555443037974683], [0.2845, 0.6475208333333333, 0.30325, 0.6735625000000001], [0.2647083333333334, 0.6475208333333333, 0.28345833333333337, 0.6746041666666667], [0.4636666666666667, 0.6798124999999999, 0.4803333333333335, 0.7016875], [0.4459583333333335, 0.6735625000000001, 0.4667916666666667, 0.6985625], [0.368875, 0.6548125, 0.393875, 0.6850208333333333], [0.35116666666666674, 0.6579375000000001, 0.3699166666666667, 0.6850208333333333], [0.34908333333333347, 0.6933541666666667, 0.3699166666666667, 0.7141875]], "class": 12}