{"image": "b353cc5c-759d-11ee-a175-fcb3bc5cd112.jpg", "bboxes": [[0.4177468354430382, 0.5887215189873417, 0.5392658227848103, 0.7342911392405063], [0.29496202531645577, 0.581126582278481, 0.4202784810126584, 0.7241645569620252], [0.0, 0.38618987341772154, 0.025341772151898794, 0.4773291139240506], [0.12154430379746839, 0.3140379746835443, 0.158253164556962, 0.3545443037974683], [0.2266075949367089, 0.2874556962025317, 0.2645822784810126, 0.31656962025316454], [0.20129113924050637, 0.2874556962025317, 0.22787341772151898, 0.31656962025316454], [0.3405, 0.2694375, 0.35925, 0.2954791666666667], [0.3207083333333334, 0.26839583333333333, 0.33945833333333336, 0.2954791666666667], [0.5196666666666667, 0.2413125, 0.5363333333333334, 0.2631875000000001], [0.5019583333333335, 0.2444375, 0.5227916666666668, 0.2694375], [0.424875, 0.2579791666666667, 0.449875, 0.2881875], [0.40716666666666673, 0.2579791666666667, 0.4259166666666667, 0.2850625], [0.40508333333333346, 0.2288125, 0.4259166666666667, 0.24964583333333332]], "class": 13}