{"image": "b46b4ebd-759c-11ee-890f-fcb3bc5cd112.jpg", "bboxes": [[0.7848101265822784, 0.44835443037974687, 0.8113924050632912, 0.4749367088607595], [0.7506329113924052, 0.45215189873417716, 0.7822784810126583, 0.4825316455696202]], "class": 2}