{"image": "b46b4ebd-759c-11ee-890f-fcb3bc5cd112.jpg", "bboxes": [[0.0, 0.18201265822784807, 0.05432911392405049, 0.29720253164556965], [0.07837974683544302, 0.17821518987341778, 0.178379746835443, 0.27315189873417733], [0.4695189873417721, 0.3187215189873418, 0.5543291139240505, 0.4073291139240506]], "class": 3}