{"image": "b46b4ebd-759c-11ee-890f-fcb3bc5cd112.jpg", "bboxes": [[0.9396708860759495, 0.18601265822784807, 1.0, 0.30120253164556954], [0.815620253164557, 0.18221518987341778, 0.915620253164557, 0.2771518987341772], [0.4396708860759495, 0.3227215189873418, 0.5244810126582279, 0.4113291139240506]], "class": 3}