{"image": "b46b4ebd-759c-11ee-890f-fcb3bc5cd112.jpg", "bboxes": [[0.40760759493670873, 0.48335443037974685, 0.43418987341772153, 0.5099367088607595], [0.4367215189873417, 0.4871518987341772, 0.4683670886075948, 0.5175316455696202]], "class": 2}