{"image": "b46b4ebd-759c-11ee-890f-fcb3bc5cd112.jpg", "bboxes": [[0.7578101265822785, 0.4613544303797469, 0.7843924050632912, 0.4879367088607595], [0.7236329113924052, 0.46515189873417717, 0.7552784810126583, 0.4955316455696202]], "class": 2}