{"image": "b46b4ebd-759c-11ee-890f-fcb3bc5cd112.jpg", "bboxes": [[0.0, 0.19701265822784808, 0.07832911392405051, 0.31220253164556955], [0.10237974683544304, 0.1932151898734178, 0.20237974683544302, 0.28815189873417724], [0.49351898734177213, 0.3337215189873418, 0.5783291139240505, 0.4223291139240506]], "class": 3}