{"image": "b46b4ebd-759c-11ee-890f-fcb3bc5cd112.jpg", "bboxes": [[0.5998101265822785, 0.5370632911392406, 0.6263924050632912, 0.5636455696202531], [0.5656329113924051, 0.5294683544303798, 0.5972784810126582, 0.5598481012658229]], "class": 2}