{"image": "b46b4ebd-759c-11ee-890f-fcb3bc5cd112.jpg", "bboxes": [[0.7876708860759495, 0.6246708860759494, 0.8724810126582279, 0.7132784810126582], [0.2788101265822785, 0.49935443037974686, 0.30539240506329124, 0.5259367088607595], [0.24463291139240517, 0.5031518987341772, 0.2762784810126583, 0.5335316455696202]], "class": 3}