{"image": "b46b4ebd-759c-11ee-890f-fcb3bc5cd112.jpg", "bboxes": [[0.6008101265822785, 0.5350632911392406, 0.6273924050632912, 0.5616455696202531], [0.5666329113924051, 0.5274683544303798, 0.5982784810126582, 0.5578481012658228]], "class": 2}