{"image": "b46b4ebd-759c-11ee-890f-fcb3bc5cd112.jpg", "bboxes": [[0.8736708860759496, 0.2987215189873418, 0.9584810126582279, 0.38732911392405056], [0.36481012658227846, 0.4860632911392405, 0.3913924050632912, 0.5126455696202532], [0.33063291139240514, 0.4784683544303798, 0.3622784810126583, 0.5088481012658228]], "class": 3}