{"image": "b46b4ebd-759c-11ee-890f-fcb3bc5cd112.jpg", "bboxes": [[0.30260759493670875, 0.44235443037974687, 0.32918987341772155, 0.4689367088607595], [0.3317215189873417, 0.44615189873417715, 0.3633670886075948, 0.4765316455696202]], "class": 2}