{"image": "b46b4ebd-759c-11ee-890f-fcb3bc5cd112.jpg", "bboxes": [[0.2085189873417721, 0.3017215189873418, 0.2933291139240505, 0.39032911392405056], [0.7756075949367087, 0.4890632911392405, 0.8021898734177215, 0.5156455696202531], [0.8047215189873417, 0.48146835443037983, 0.8363670886075949, 0.5118481012658228]], "class": 3}