{"image": "b46b4ebd-759c-11ee-890f-fcb3bc5cd112.jpg", "bboxes": [[0.9806708860759495, 0.6186708860759494, 1.0, 0.7072784810126582], [0.4718101265822785, 0.49335443037974686, 0.49839240506329124, 0.5199367088607595], [0.4376329113924052, 0.49715189873417714, 0.4692784810126583, 0.5275316455696202]], "class": 3}