{"image": "b46b4ebd-759c-11ee-890f-fcb3bc5cd112.jpg", "bboxes": [[0.28351898734177217, 0.3247215189873418, 0.36832911392405054, 0.4133291139240506], [0.8506075949367088, 0.5120632911392404, 0.8771898734177215, 0.5386455696202531], [0.8797215189873417, 0.5044683544303799, 0.9113670886075949, 0.5348481012658228]], "class": 3}