{"image": "b76ec84a-759d-11ee-8033-fcb3bc5cd112.jpg", "bboxes": [[0.6792784810126582, 0.6410886075949367, 0.8261139240506328, 0.7803291139240507], [0.8590253164556961, 0.6309620253164556, 1.0, 0.784126582278481]], "class": 2}