{"image": "b76ec84a-759d-11ee-8033-fcb3bc5cd112.jpg", "bboxes": [[0.25727848101265816, 0.1906708860759493, 0.40411392405063284, 0.3299113924050633], [0.4370253164556962, 0.186873417721519, 0.5825949367088608, 0.34003797468354435], [0.6370253164556962, 0.4729493670886076, 0.7218354430379746, 0.5349746835443038], [0.7079113924050633, 0.46029113924050635, 0.7876582278481012, 0.5311772151898735], [0.9458860759493669, 0.4742151898734178, 1.0, 0.5539620253164557]], "class": 5}