{"image": "b76ec84a-759d-11ee-8033-fcb3bc5cd112.jpg", "bboxes": [[0.6082784810126582, 0.17867088607594928, 0.7551139240506328, 0.3179113924050634], [0.7880253164556962, 0.174873417721519, 0.9335949367088607, 0.32803797468354434], [0.9880253164556961, 0.46094936708860756, 1.0, 0.5229746835443038]], "class": 3}