{"image": "b76ec84a-759d-11ee-8033-fcb3bc5cd112.jpg", "bboxes": [[0.2328860759493672, 0.6310886075949367, 0.3797215189873418, 0.7703291139240507], [0.0544050632911393, 0.6209620253164556, 0.19997468354430384, 0.774126582278481]], "class": 2}