{"image": "b76ec84a-759d-11ee-8033-fcb3bc5cd112.jpg", "bboxes": [[0.4488860759493672, 0.2156708860759493, 0.5957215189873418, 0.3549113924050633], [0.2704050632911393, 0.21187341772151902, 0.41597468354430384, 0.3650379746835444], [0.13116455696202536, 0.4979493670886076, 0.21597468354430385, 0.5599746835443038], [0.06534177215189879, 0.4852911392405064, 0.14508860759493677, 0.5561772151898734]], "class": 4}