{"image": "b9d14229-759b-11ee-b482-fcb3bc5cd112.jpg", "bboxes": [[0.6131518987341774, 0.4264556962025316, 0.6928987341772154, 0.49101265822784806], [0.6422658227848103, 0.5454430379746835, 0.7359367088607596, 0.6327848101265822], [0.5498607594936709, 0.5365822784810126, 0.6460632911392405, 0.6416455696202531]], "class": 3}