{"image": "b9d14229-759b-11ee-b482-fcb3bc5cd112.jpg", "bboxes": [[0.0741518987341774, 0.4454556962025316, 0.15389873417721536, 0.510012658227848], [0.10326582278481021, 0.5644430379746835, 0.19693670886075962, 0.6517848101265822], [0.010860759493670913, 0.5555822784810126, 0.1070632911392405, 0.6606455696202531]], "class": 3}