{"image": "b9d14229-759b-11ee-b482-fcb3bc5cd112.jpg", "bboxes": [[0.7821012658227846, 0.3974556962025316, 0.8618481012658226, 0.4620126582278481], [0.7390632911392404, 0.5164430379746835, 0.8327341772151897, 0.6037848101265822], [0.8289367088607595, 0.5075822784810127, 0.9251392405063291, 0.6126455696202531]], "class": 3}