{"image": "b9d14229-759b-11ee-b482-fcb3bc5cd112.jpg", "bboxes": [[0.6211012658227846, 0.5419873417721519, 0.7008481012658225, 0.6065443037974684], [0.5780632911392404, 0.40021518987341775, 0.6717341772151898, 0.4875569620253165], [0.6679367088607595, 0.3913544303797468, 0.7641392405063291, 0.49641772151898733]], "class": 3}