{"image": "b9d14229-759b-11ee-b482-fcb3bc5cd112.jpg", "bboxes": [[0.1761518987341774, 0.5429873417721519, 0.25589873417721537, 0.6075443037974684], [0.2052658227848102, 0.40121518987341775, 0.2989367088607596, 0.4885569620253165], [0.11286075949367091, 0.3923544303797468, 0.2090632911392405, 0.49741772151898733]], "class": 3}