{"image": "b9d14229-759b-11ee-b482-fcb3bc5cd112.jpg", "bboxes": [[0.6821012658227846, 0.49698734177215187, 0.7618481012658226, 0.5615443037974683], [0.6390632911392404, 0.3552151898734178, 0.7327341772151899, 0.44255696202531647], [0.7289367088607595, 0.3463544303797469, 0.8251392405063291, 0.4514177215189874]], "class": 3}