{"image": "b9d14229-759b-11ee-b482-fcb3bc5cd112.jpg", "bboxes": [[0.6651012658227846, 0.3794556962025316, 0.7448481012658226, 0.4440126582278481], [0.6220632911392404, 0.49844303797468353, 0.7157341772151897, 0.5857848101265822], [0.7119367088607595, 0.4895822784810126, 0.8081392405063291, 0.5946455696202532]], "class": 3}