{"image": "b9d14229-759b-11ee-b482-fcb3bc5cd112.jpg", "bboxes": [[0.5431012658227846, 0.47898734177215196, 0.6228481012658227, 0.5435443037974683], [0.5000632911392404, 0.3372151898734178, 0.5937341772151898, 0.42455696202531645], [0.5899367088607594, 0.3283544303797469, 0.6861392405063291, 0.4334177215189874]], "class": 3}