{"image": "b9d14229-759b-11ee-b482-fcb3bc5cd112.jpg", "bboxes": [[0.5501518987341774, 0.5399873417721519, 0.6298987341772154, 0.6045443037974684], [0.5792658227848102, 0.39821518987341775, 0.6729367088607596, 0.4855569620253165], [0.4868607594936709, 0.3893544303797468, 0.5830632911392405, 0.49441772151898733]], "class": 3}