{"image": "b9d14229-759b-11ee-b482-fcb3bc5cd112.jpg", "bboxes": [[0.32610126582278465, 0.4194556962025316, 0.4058481012658226, 0.48401265822784806], [0.28306329113924034, 0.5384430379746835, 0.37673417721518976, 0.6257848101265823], [0.37293670886075947, 0.5295822784810126, 0.46913924050632905, 0.6346455696202531]], "class": 3}