{"image": "b9d14229-759b-11ee-b482-fcb3bc5cd112.jpg", "bboxes": [[0.8521012658227847, 0.5529873417721519, 0.9318481012658226, 0.6175443037974684], [0.8090632911392404, 0.41121518987341776, 0.9027341772151898, 0.4985569620253165], [0.8989367088607595, 0.40235443037974683, 0.9951392405063291, 0.5074177215189875]], "class": 3}