{"image": "b9d14229-759b-11ee-b482-fcb3bc5cd112.jpg", "bboxes": [[0.21010126582278466, 0.4204556962025316, 0.2898481012658226, 0.48501265822784806], [0.16706329113924034, 0.5394430379746835, 0.26073417721518977, 0.6267848101265823], [0.2569367088607595, 0.5305822784810126, 0.35313924050632906, 0.6356455696202531]], "class": 3}