{"image": "be0aa8dc-6b42-11ee-bf4a-fcb3bc5cd112.jpg", "bboxes": [[0.8592439024390244, 0.2483170731707316, 0.989731707317073, 0.3678292682926828], [0.9836341463414634, 0.23490243902439023, 1.0, 0.36417073170731706], [0.8629024390243902, 0.42636585365853663, 0.942170731707317, 0.5202682926829268]], "class": 3}