{"image": "be0aa8dc-6b42-11ee-bf4a-fcb3bc5cd112.jpg", "bboxes": [[0.0, 0.5971707317073172, 0.0367560975609756, 0.7166829268292684], [0.0, 0.4447317073170731, 0.03309756097560978, 0.5386341463414634]], "class": 2}