{"image": "be0aa8dc-6b42-11ee-bf4a-fcb3bc5cd112.jpg", "bboxes": [[0.25226829268292694, 0.29531707317073164, 0.3827560975609756, 0.41482926829268285], [0.14617073170731715, 0.28190243902439027, 0.2583658536585366, 0.411170731707317], [0.29982926829268297, 0.47336585365853656, 0.37909756097560976, 0.5672682926829269]], "class": 3}