{"image": "be0aa8dc-6b42-11ee-bf4a-fcb3bc5cd112.jpg", "bboxes": [[0.5712439024390243, 0.5841707317073171, 0.701731707317073, 0.7036829268292684], [0.6956341463414635, 0.587829268292683, 0.8078292682926829, 0.7170975609756097], [0.5749024390243902, 0.4317317073170731, 0.6541707317073171, 0.5256341463414634]], "class": 3}