{"image": "be0aa8dc-6b42-11ee-bf4a-fcb3bc5cd112.jpg", "bboxes": [[0.529268292682927, 0.2533170731707316, 0.6597560975609756, 0.3728292682926828], [0.42317073170731717, 0.23990243902439023, 0.5353658536585366, 0.36917073170731707], [0.576829268292683, 0.43136585365853664, 0.6560975609756098, 0.5252682926829269]], "class": 3}