{"image": "be0aa8dc-6b42-11ee-bf4a-fcb3bc5cd112.jpg", "bboxes": [[0.0, 0.2313170731707317, 0.0987560975609756, 0.3508292682926829], [0.01582926829268297, 0.4093658536585366, 0.09509756097560979, 0.5032682926829268]], "class": 2}