{"image": "be0aa8dc-6b42-11ee-bf4a-fcb3bc5cd112.jpg", "bboxes": [[0.16826829268292692, 0.6141707317073172, 0.2987560975609756, 0.7336829268292684], [0.06217073170731714, 0.6178292682926829, 0.1743658536585366, 0.7470975609756098], [0.21582926829268298, 0.46173170731707314, 0.2950975609756098, 0.5556341463414634]], "class": 3}