{"image": "be0aa8dc-6b42-11ee-bf4a-fcb3bc5cd112.jpg", "bboxes": [[0.05626829268292693, 0.6401707317073172, 0.1867560975609756, 0.7596829268292683], [0.0, 0.6438292682926829, 0.06236585365853659, 0.7730975609756098], [0.10382926829268296, 0.4877317073170731, 0.18309756097560978, 0.5816341463414634]], "class": 3}