{"image": "c0aa68a0-6b42-11ee-982e-fcb3bc5cd112.jpg", "bboxes": [[0.4315853658536585, 0.5236341463414633, 0.4840243902439024, 0.5797317073170731], [0.3840243902439024, 0.5187560975609756, 0.4352439024390244, 0.5748536585365853]], "class": 2}