{"image": "c0aa68a0-6b42-11ee-982e-fcb3bc5cd112.jpg", "bboxes": [[0.7125853658536585, 0.3972682926829268, 0.7650243902439025, 0.4533658536585366], [0.6650243902439024, 0.4021463414634146, 0.7162439024390244, 0.4582439024390244]], "class": 2}