{"image": "c0aa68a0-6b42-11ee-982e-fcb3bc5cd112.jpg", "bboxes": [[0.0, 0.5267560975609755, 0.0469756097560976, 0.5828536585365853]], "class": 1}