{"image": "c0aa68a0-6b42-11ee-982e-fcb3bc5cd112.jpg", "bboxes": [[0.0, 0.5377560975609756, 0.017975609756097577, 0.5938536585365854]], "class": 1}