{"image": "c0aa68a0-6b42-11ee-982e-fcb3bc5cd112.jpg", "bboxes": [[0.40458536585365845, 0.5486341463414635, 0.4570243902439024, 0.6047317073170733], [0.3570243902439024, 0.5437560975609756, 0.4082439024390244, 0.5998536585365855]], "class": 2}