{"image": "c0aa68a0-6b42-11ee-982e-fcb3bc5cd112.jpg", "bboxes": [[0.7119756097560976, 0.5396341463414633, 0.7644146341463416, 0.5957317073170731], [0.7607560975609756, 0.5347560975609755, 0.8119756097560976, 0.5908536585365853]], "class": 2}