{"image": "c0aa68a0-6b42-11ee-982e-fcb3bc5cd112.jpg", "bboxes": [[0.9660243902439024, 0.5217560975609756, 1.0, 0.5778536585365854]], "class": 1}