{"image": "c0aa68a0-6b42-11ee-982e-fcb3bc5cd112.jpg", "bboxes": [[0.7475853658536584, 0.5476341463414633, 0.8000243902439024, 0.6037317073170732], [0.7000243902439024, 0.5427560975609755, 0.7512439024390244, 0.5988536585365853]], "class": 2}