{"image": "c0aa68a0-6b42-11ee-982e-fcb3bc5cd112.jpg", "bboxes": [[0.5459756097560976, 0.4012682926829268, 0.5984146341463416, 0.4573658536585366], [0.5947560975609756, 0.4061463414634146, 0.6459756097560976, 0.4622439024390244]], "class": 2}