{"image": "c0aa68a0-6b42-11ee-982e-fcb3bc5cd112.jpg", "bboxes": [[0.7225853658536585, 0.4522682926829268, 0.7750243902439025, 0.5083658536585366], [0.6750243902439024, 0.4571463414634146, 0.7262439024390244, 0.5132439024390244]], "class": 2}