{"image": "c4f66f3b-6b44-11ee-a010-fcb3bc5cd112.jpg", "bboxes": [[0.45129268292682934, 0.36278048780487804, 0.48665853658536573, 0.42131707317073175], [0.3927560975609756, 0.35790243902439023, 0.4476341463414634, 0.4103414634146342], [0.07568292682926836, 0.3810731707317072, 0.1232439024390244, 0.43595121951219507], [0.03300000000000011, 0.37497560975609756, 0.07568292682926836, 0.4298536585365854]], "class": 4}