{"image": "c4f66f3b-6b44-11ee-a010-fcb3bc5cd112.jpg", "bboxes": [[0.7853414634146343, 0.5536829268292682, 0.8207073170731707, 0.6122195121951219], [0.8243658536585365, 0.5646585365853658, 0.8792439024390244, 0.6170975609756097]], "class": 2}