{"image": "c4f66f3b-6b44-11ee-a010-fcb3bc5cd112.jpg", "bboxes": [[0.2723414634146343, 0.37178048780487805, 0.30770731707317067, 0.43031707317073176], [0.31136585365853664, 0.36690243902439024, 0.3662439024390244, 0.4193414634146342], [0.6357560975609756, 0.3900731707317072, 0.6833170731707316, 0.4449512195121951], [0.6833170731707316, 0.38397560975609757, 0.7259999999999999, 0.4388536585365854]], "class": 4}