{"image": "c4f66f3b-6b44-11ee-a010-fcb3bc5cd112.jpg", "bboxes": [[0.7292926829268294, 0.39878048780487807, 0.7646585365853658, 0.4573170731707318], [0.6707560975609757, 0.39390243902439026, 0.7256341463414634, 0.4463414634146342], [0.35368292682926833, 0.41707317073170724, 0.4012439024390244, 0.4719512195121951], [0.3110000000000001, 0.4109756097560976, 0.35368292682926833, 0.46585365853658534]], "class": 4}