{"image": "c4f66f3b-6b44-11ee-a010-fcb3bc5cd112.jpg", "bboxes": [[0.27929268292682935, 0.5526829268292682, 0.3146585365853657, 0.6112195121951219], [0.2207560975609756, 0.5636585365853658, 0.2756341463414634, 0.6160975609756097]], "class": 2}