{"image": "c4f66f3b-6b44-11ee-a010-fcb3bc5cd112.jpg", "bboxes": [[0.18229268292682935, 0.38778048780487806, 0.21765853658536571, 0.44631707317073177], [0.12375609756097561, 0.38290243902439025, 0.1786341463414634, 0.4353414634146342]], "class": 2}