{"image": "c4f66f3b-6b44-11ee-a010-fcb3bc5cd112.jpg", "bboxes": [[0.6172926829268294, 0.418780487804878, 0.6526585365853657, 0.4773170731707318], [0.5587560975609756, 0.41390243902439017, 0.6136341463414634, 0.4663414634146342], [0.24168292682926834, 0.43707317073170726, 0.28924390243902437, 0.491951219512195], [0.19900000000000012, 0.4309756097560976, 0.24168292682926834, 0.48585365853658535]], "class": 4}