{"image": "c4f66f3b-6b44-11ee-a010-fcb3bc5cd112.jpg", "bboxes": [[0.9782926829268294, 0.432780487804878, 1.0, 0.4913170731707318], [0.9197560975609756, 0.4279024390243902, 0.9746341463414634, 0.48034146341463413], [0.6026829268292684, 0.4510731707317073, 0.6502439024390244, 0.5059512195121951], [0.5600000000000002, 0.4449756097560976, 0.6026829268292684, 0.49985365853658537]], "class": 4}