{"image": "c4f66f3b-6b44-11ee-a010-fcb3bc5cd112.jpg", "bboxes": [[0.6622926829268293, 0.37978048780487805, 0.6976585365853657, 0.43831707317073176], [0.6037560975609756, 0.37490243902439024, 0.6586341463414634, 0.4273414634146342], [0.2866829268292684, 0.3980731707317072, 0.3342439024390244, 0.4529512195121951], [0.2440000000000001, 0.3919756097560976, 0.2866829268292684, 0.44685365853658543]], "class": 4}