{"image": "cdc8fd95-6b44-11ee-a9d7-fcb3bc5cd112.jpg", "bboxes": [[0.35253658536585364, 0.3867317073170732, 0.4013170731707316, 0.4294146341463414], [0.30253658536585365, 0.39039024390243904, 0.3537560975609756, 0.43307317073170726]], "class": 2}