{"image": "cdc8fd95-6b44-11ee-a9d7-fcb3bc5cd112.jpg", "bboxes": [[0.4816829268292684, 0.5855853658536586, 0.5304634146341464, 0.6282682926829268], [0.5292439024390244, 0.5819268292682928, 0.5804634146341463, 0.624609756097561]], "class": 2}