{"image": "cdc8fd95-6b44-11ee-a9d7-fcb3bc5cd112.jpg", "bboxes": [[0.7316829268292684, 0.4017317073170732, 0.7804634146341464, 0.4444146341463414], [0.7792439024390244, 0.40539024390243905, 0.8304634146341464, 0.44807317073170727]], "class": 2}