{"image": "cdc8fd95-6b44-11ee-a9d7-fcb3bc5cd112.jpg", "bboxes": [[0.9525365853658536, 0.6025853658536586, 1.0, 0.6452682926829268], [0.9025365853658536, 0.5989268292682928, 0.9537560975609756, 0.641609756097561]], "class": 2}