{"image": "cdc8fd95-6b44-11ee-a9d7-fcb3bc5cd112.jpg", "bboxes": [[0.7496829268292684, 0.36373170731707316, 0.7984634146341464, 0.4064146341463414], [0.7972439024390244, 0.367390243902439, 0.8484634146341463, 0.41007317073170724]], "class": 2}