{"image": "cdc8fd95-6b44-11ee-a9d7-fcb3bc5cd112.jpg", "bboxes": [[0.1376829268292683, 0.35673170731707315, 0.1864634146341464, 0.3994146341463414], [0.18524390243902444, 0.360390243902439, 0.23646341463414633, 0.40307317073170723]], "class": 2}