{"image": "cdc8fd95-6b44-11ee-a9d7-fcb3bc5cd112.jpg", "bboxes": [[0.35653658536585364, 0.34073170731707314, 0.4053170731707316, 0.38341463414634147], [0.3065365853658536, 0.344390243902439, 0.3577560975609756, 0.3870731707317072]], "class": 2}