{"image": "d4c9fbd3-6b42-11ee-a8cc-fcb3bc5cd112.jpg", "bboxes": [[0.5395121951219514, 0.6592682926829269, 0.6175609756097562, 0.7531707317073171], [0.45292682926829275, 0.6629268292682927, 0.5151219512195122, 0.7495121951219512]], "class": 2}