{"image": "d4c9fbd3-6b42-11ee-a8cc-fcb3bc5cd112.jpg", "bboxes": [[0.7554390243902438, 0.6732682926829269, 0.8334878048780487, 0.7671707317073171], [0.8578780487804878, 0.6769268292682926, 0.9200731707317072, 0.7635121951219512]], "class": 2}