{"image": "d4c9fbd3-6b42-11ee-a8cc-fcb3bc5cd112.jpg", "bboxes": [[0.22643902439024388, 0.6512682926829269, 0.3044878048780487, 0.7451707317073171], [0.32887804878048776, 0.6549268292682927, 0.3910731707317072, 0.7415121951219512]], "class": 2}