{"image": "d4c9fbd3-6b42-11ee-a8cc-fcb3bc5cd112.jpg", "bboxes": [[0.32251219512195134, 0.6852682926829269, 0.4005609756097562, 0.7791707317073171], [0.23592682926829275, 0.6889268292682926, 0.2981219512195122, 0.7755121951219512]], "class": 2}