{"image": "d4c9fbd3-6b42-11ee-a8cc-fcb3bc5cd112.jpg", "bboxes": [[0.4255121951219513, 0.6632682926829269, 0.5035609756097561, 0.7571707317073171], [0.33892682926829276, 0.6669268292682927, 0.4011219512195122, 0.7535121951219512]], "class": 2}