{"image": "d4c9fbd3-6b42-11ee-a8cc-fcb3bc5cd112.jpg", "bboxes": [[0.43451219512195133, 0.2308292682926829, 0.5125609756097561, 0.3247317073170731], [0.34792682926829277, 0.2344878048780488, 0.41012195121951217, 0.3210731707317073]], "class": 2}