{"image": "d4c9fbd3-6b42-11ee-a8cc-fcb3bc5cd112.jpg", "bboxes": [[0.7444390243902439, 0.2188292682926829, 0.8224878048780486, 0.3127317073170731], [0.8468780487804878, 0.22248780487804878, 0.9090731707317072, 0.3090731707317073]], "class": 2}