{"image": "d4c9fbd3-6b42-11ee-a8cc-fcb3bc5cd112.jpg", "bboxes": [[0.6175121951219513, 0.24482926829268292, 0.6955609756097562, 0.33873170731707314], [0.5309268292682927, 0.24848780487804878, 0.5931219512195122, 0.3350731707317073]], "class": 2}