{"image": "d71b0181-6b44-11ee-ba1e-fcb3bc5cd112.jpg", "bboxes": [[0.710780487804878, 0.5951463414634146, 0.7278536585365853, 0.609780487804878], [0.7278536585365853, 0.585390243902439, 0.7485853658536585, 0.6085609756097561]], "class": 2}