{"image": "d71b0181-6b44-11ee-ba1e-fcb3bc5cd112.jpg", "bboxes": [[0.843780487804878, 0.5951463414634146, 0.8608536585365852, 0.609780487804878], [0.8608536585365852, 0.585390243902439, 0.8815853658536584, 0.6085609756097561]], "class": 2}