{"image": "d71b0181-6b44-11ee-ba1e-fcb3bc5cd112.jpg", "bboxes": [[0.6737804878048781, 0.3902195121951219, 0.6908536585365852, 0.40485365853658534], [0.6908536585365852, 0.3914390243902439, 0.7115853658536584, 0.41460975609756096]], "class": 2}