{"image": "d71b0181-6b44-11ee-ba1e-fcb3bc5cd112.jpg", "bboxes": [[0.4631463414634147, 0.37121951219512195, 0.480219512195122, 0.3858536585365853], [0.4424146341463415, 0.3724390243902439, 0.4631463414634147, 0.39560975609756094]], "class": 2}