{"image": "d71b0181-6b44-11ee-ba1e-fcb3bc5cd112.jpg", "bboxes": [[0.904780487804878, 0.6021463414634147, 0.9218536585365853, 0.6167804878048782], [0.9218536585365853, 0.5923902439024391, 0.9425853658536585, 0.6155609756097561]], "class": 2}