{"image": "d71b0181-6b44-11ee-ba1e-fcb3bc5cd112.jpg", "bboxes": [[0.5611463414634147, 0.6161463414634147, 0.578219512195122, 0.630780487804878], [0.5404146341463415, 0.6063902439024391, 0.5611463414634147, 0.6295609756097561]], "class": 2}