{"image": "d71b0181-6b44-11ee-ba1e-fcb3bc5cd112.jpg", "bboxes": [[0.3291463414634147, 0.6441463414634147, 0.346219512195122, 0.6587804878048781], [0.3084146341463415, 0.6343902439024391, 0.3291463414634147, 0.6575609756097561]], "class": 2}