{"image": "d71b0181-6b44-11ee-ba1e-fcb3bc5cd112.jpg", "bboxes": [[0.5327804878048781, 0.6271463414634146, 0.5498536585365853, 0.6417804878048781], [0.5498536585365853, 0.617390243902439, 0.5705853658536584, 0.6405609756097561]], "class": 2}