{"image": "d81e7ada-6b42-11ee-9845-fcb3bc5cd112.jpg", "bboxes": [[0.6339268292682928, 0.3461463414634146, 0.7095365853658537, 0.41687804878048773], [0.5461219512195123, 0.34736585365853656, 0.6205121951219513, 0.43151219512195116]], "class": 2}