{"image": "d81e7ada-6b42-11ee-9845-fcb3bc5cd112.jpg", "bboxes": [[0.2979268292682927, 0.3571463414634146, 0.3735365853658537, 0.42787804878048774], [0.2101219512195123, 0.3583658536585365, 0.2845121951219513, 0.44251219512195117]], "class": 2}