{"image": "d81e7ada-6b42-11ee-9845-fcb3bc5cd112.jpg", "bboxes": [[0.6369268292682928, 0.3611463414634146, 0.7125365853658537, 0.43187804878048774], [0.5491219512195123, 0.3623658536585365, 0.6235121951219513, 0.44651219512195117]], "class": 2}