{"image": "d81e7ada-6b42-11ee-9845-fcb3bc5cd112.jpg", "bboxes": [[0.8084634146341463, 0.3851463414634146, 0.8840731707317072, 0.45587804878048777], [0.8974878048780487, 0.38636585365853654, 0.9718780487804877, 0.47051219512195114]], "class": 2}