{"image": "d81e7ada-6b42-11ee-9845-fcb3bc5cd112.jpg", "bboxes": [[0.6749268292682927, 0.4081463414634146, 0.7505365853658538, 0.47887804878048773], [0.5871219512195123, 0.40936585365853656, 0.6615121951219514, 0.49351219512195116]], "class": 2}