{"image": "d81e7ada-6b42-11ee-9845-fcb3bc5cd112.jpg", "bboxes": [[0.30992682926829274, 0.5431219512195122, 0.3855365853658537, 0.6138536585365855], [0.2221219512195123, 0.5284878048780488, 0.2965121951219513, 0.6126341463414635]], "class": 2}