{"image": "d81e7ada-6b42-11ee-9845-fcb3bc5cd112.jpg", "bboxes": [[0.33092682926829275, 0.38214634146341464, 0.40653658536585374, 0.45287804878048776], [0.2431219512195123, 0.38336585365853654, 0.31751219512195133, 0.46751219512195114]], "class": 2}