{"image": "d81e7ada-6b42-11ee-9845-fcb3bc5cd112.jpg", "bboxes": [[0.5594634146341463, 0.5051219512195122, 0.6350731707317072, 0.5758536585365854], [0.6484878048780487, 0.4904878048780489, 0.7228780487804877, 0.5746341463414635]], "class": 2}