{"image": "da076150-6b44-11ee-b768-fcb3bc5cd112.jpg", "bboxes": [[0.27082926829268283, 0.5630975609756098, 0.28912195121951206, 0.6155365853658537], [0.2671707317073169, 0.5557804878048781, 0.2866829268292681, 0.5728536585365853], [0.24643902439024373, 0.5509024390243903, 0.2744878048780488, 0.5691951219512196]], "class": 3}