{"image": "da076150-6b44-11ee-b768-fcb3bc5cd112.jpg", "bboxes": [[0.41282926829268285, 0.36146341463414633, 0.4311219512195121, 0.41390243902439017], [0.40917073170731694, 0.4041463414634146, 0.4286829268292681, 0.42121951219512194], [0.38843902439024375, 0.40780487804878046, 0.4164878048780488, 0.42609756097560975]], "class": 3}