{"image": "da076150-6b44-11ee-b768-fcb3bc5cd112.jpg", "bboxes": [[0.37582926829268287, 0.4094634146341463, 0.3941219512195121, 0.46190243902439015], [0.3721707317073169, 0.4521463414634146, 0.39168292682926814, 0.4692195121951219], [0.3514390243902437, 0.45580487804878045, 0.3794878048780488, 0.47409756097560973]], "class": 3}