{"image": "dbba2e88-6b42-11ee-aae6-fcb3bc5cd112.jpg", "bboxes": [[0.6763170731707316, 0.6228048780487805, 0.7629024390243903, 0.713048780487805], [0.7763170731707317, 0.6313414634146342, 0.8555853658536585, 0.7142682926829269]], "class": 2}