{"image": "dbba2e88-6b42-11ee-aae6-fcb3bc5cd112.jpg", "bboxes": [[0.40870731707317076, 0.5613658536585366, 0.5062682926829271, 0.7381951219512196]], "class": 1}