{"image": "dbba2e88-6b42-11ee-aae6-fcb3bc5cd112.jpg", "bboxes": [[0.8367317073170729, 0.4953658536585366, 0.9342926829268292, 0.6721951219512196], [0.022097560975609783, 0.2319512195121951, 0.10868292682926835, 0.3221951219512195], [0.0, 0.23073170731707313, 0.008682926829268297, 0.3136585365853658]], "class": 3}