{"image": "dbba2e88-6b42-11ee-aae6-fcb3bc5cd112.jpg", "bboxes": [[0.23509756097560977, 0.24395121951219512, 0.32168292682926836, 0.33419512195121953], [0.14241463414634148, 0.24273170731707314, 0.2216829268292683, 0.3256585365853658]], "class": 2}