{"image": "dbba2e88-6b42-11ee-aae6-fcb3bc5cd112.jpg", "bboxes": [[0.6017317073170729, 0.5243658536585366, 0.6992926829268292, 0.7011951219512196]], "class": 1}