{"image": "dbba2e88-6b42-11ee-aae6-fcb3bc5cd112.jpg", "bboxes": [[0.0, 0.5333658536585366, 0.04626829268292709, 0.7101951219512196], [0.7743170731707316, 0.2699512195121951, 0.8609024390243902, 0.3601951219512195], [0.8743170731707317, 0.26873170731707313, 0.9535853658536585, 0.35165853658536583]], "class": 3}