{"image": "dbba2e88-6b42-11ee-aae6-fcb3bc5cd112.jpg", "bboxes": [[0.2027073170731708, 0.2538048780487805, 0.300268292682927, 0.43063414634146335]], "class": 1}