{"image": "dbba2e88-6b42-11ee-aae6-fcb3bc5cd112.jpg", "bboxes": [[0.0, 0.5483658536585366, 0.09626829268292703, 0.7251951219512196], [0.8243170731707317, 0.2849512195121951, 0.9109024390243903, 0.3751951219512195], [0.9243170731707318, 0.28373170731707315, 1.0, 0.36665853658536585]], "class": 3}