{"image": "dd102637-6b41-11ee-9831-fcb3bc5cd112.jpg", "bboxes": [[0.5830731707317075, 0.4645853658536585, 0.6757560975609755, 0.5816585365853659], [0.8086829268292683, 0.580439024390244, 0.8842926829268293, 0.6401951219512196], [0.9245365853658536, 0.8304390243902439, 0.9708780487804878, 0.8658048780487805], [0.986731707317073, 0.8255609756097562, 1.0, 0.8584878048780488]], "class": 4}