{"image": "dd102637-6b41-11ee-9831-fcb3bc5cd112.jpg", "bboxes": [[0.7182439024390244, 0.47934146341463413, 0.8109268292682925, 0.5964146341463415], [0.5097073170731707, 0.4208048780487804, 0.5853170731707317, 0.4805609756097561], [0.4231219512195122, 0.19519512195121952, 0.46946341463414637, 0.2305609756097561], [0.37190243902439035, 0.2025121951219512, 0.4072682926829269, 0.2354390243902439]], "class": 4}