{"image": "dd102637-6b41-11ee-9831-fcb3bc5cd112.jpg", "bboxes": [[0.3060731707317075, 0.4675853658536585, 0.39875609756097563, 0.5846585365853658], [0.5316829268292684, 0.5834390243902439, 0.6072926829268293, 0.6431951219512195], [0.6475365853658537, 0.8334390243902439, 0.6938780487804879, 0.8688048780487805], [0.709731707317073, 0.8285609756097561, 0.7450975609756096, 0.8614878048780488]], "class": 4}