{"image": "dd102637-6b41-11ee-9831-fcb3bc5cd112.jpg", "bboxes": [[0.39407317073170745, 0.4463414634146341, 0.4867560975609756, 0.5634146341463415], [0.6196829268292683, 0.38780487804878044, 0.6952926829268292, 0.4475609756097561], [0.7355365853658536, 0.16219512195121952, 0.7818780487804878, 0.1975609756097561], [0.7977317073170731, 0.1695121951219512, 0.8330975609756097, 0.2024390243902439]], "class": 4}