{"image": "dd102637-6b41-11ee-9831-fcb3bc5cd112.jpg", "bboxes": [[0.9212439024390244, 0.41258536585365846, 1.0, 0.5296585365853659], [0.7127073170731708, 0.5284390243902439, 0.7883170731707316, 0.5881951219512196], [0.6261219512195122, 0.7784390243902439, 0.6724634146341464, 0.8138048780487805], [0.5749024390243903, 0.7735609756097561, 0.6102682926829269, 0.8064878048780488]], "class": 4}