{"image": "dd102637-6b41-11ee-9831-fcb3bc5cd112.jpg", "bboxes": [[0.0, 0.4705853658536585, 0.040756097560975646, 0.5876585365853659], [0.17368292682926834, 0.586439024390244, 0.24929268292682927, 0.6461951219512196], [0.2895365853658536, 0.8364390243902439, 0.33587804878048777, 0.8718048780487805], [0.35173170731707304, 0.8315609756097561, 0.38709756097560966, 0.8644878048780488]], "class": 4}