{"image": "dd102637-6b41-11ee-9831-fcb3bc5cd112.jpg", "bboxes": [[0.5650731707317075, 0.48434146341463413, 0.6577560975609755, 0.6014146341463416], [0.7906829268292683, 0.4258048780487804, 0.8662926829268293, 0.4855609756097561], [0.9065365853658536, 0.2001951219512195, 0.9528780487804878, 0.2355609756097561], [0.968731707317073, 0.2075121951219512, 1.0, 0.2404390243902439]], "class": 4}