{"image": "dd102637-6b41-11ee-9831-fcb3bc5cd112.jpg", "bboxes": [[0.40507317073170745, 0.4603414634146341, 0.4977560975609756, 0.5774146341463415], [0.6306829268292684, 0.40180487804878046, 0.7062926829268292, 0.4615609756097561], [0.7465365853658537, 0.1761951219512195, 0.7928780487804878, 0.2115609756097561], [0.8087317073170731, 0.18351219512195122, 0.8440975609756096, 0.2164390243902439]], "class": 4}