{"image": "dd102637-6b41-11ee-9831-fcb3bc5cd112.jpg", "bboxes": [[0.9832439024390244, 0.4543414634146341, 1.0, 0.5714146341463415], [0.7747073170731708, 0.39580487804878045, 0.8503170731707317, 0.4555609756097561], [0.6881219512195123, 0.1701951219512195, 0.7344634146341463, 0.20556097560975609], [0.6369024390243904, 0.1775121951219512, 0.6722682926829269, 0.2104390243902439]], "class": 4}