{"image": "dd102637-6b41-11ee-9831-fcb3bc5cd112.jpg", "bboxes": [[0.01768292682926831, 0.3648048780487804, 0.09329268292682924, 0.4245609756097561], [0.13353658536585367, 0.1391951219512195, 0.17987804878048785, 0.17456097560975609], [0.19573170731707312, 0.1465121951219512, 0.23109756097560963, 0.1794390243902439]], "class": 3}