{"image": "dd102637-6b41-11ee-9831-fcb3bc5cd112.jpg", "bboxes": [[0.7082439024390244, 0.4295853658536585, 0.8009268292682925, 0.5466585365853659], [0.4997073170731708, 0.5454390243902438, 0.5753170731707317, 0.6051951219512195], [0.4131219512195122, 0.7954390243902438, 0.45946341463414636, 0.8308048780487804], [0.36190243902439034, 0.7905609756097561, 0.3972682926829269, 0.8234878048780487]], "class": 4}