{"image": "dd102637-6b41-11ee-9831-fcb3bc5cd112.jpg", "bboxes": [[0.10607317073170752, 0.4575853658536585, 0.19875609756097556, 0.5746585365853658], [0.33168292682926837, 0.5734390243902439, 0.4072926829268292, 0.6331951219512195], [0.4475365853658536, 0.8234390243902439, 0.4938780487804878, 0.8588048780487805], [0.5097317073170731, 0.818560975609756, 0.5450975609756097, 0.8514878048780488]], "class": 4}