{"image": "dd102637-6b41-11ee-9831-fcb3bc5cd112.jpg", "bboxes": [[0.7652439024390244, 0.43234146341463414, 0.8579268292682926, 0.5494146341463415], [0.5567073170731708, 0.37380487804878043, 0.6323170731707316, 0.4335609756097561], [0.4701219512195122, 0.1481951219512195, 0.5164634146341464, 0.1835609756097561], [0.41890243902439034, 0.15551219512195122, 0.4542682926829269, 0.1884390243902439]], "class": 4}