{"image": "dd102637-6b41-11ee-9831-fcb3bc5cd112.jpg", "bboxes": [[0.7422439024390244, 0.4405853658536585, 0.8349268292682925, 0.5576585365853659], [0.5337073170731708, 0.556439024390244, 0.6093170731707317, 0.6161951219512196], [0.4471219512195122, 0.806439024390244, 0.4934634146341464, 0.8418048780487805], [0.3959024390243903, 0.8015609756097561, 0.43126829268292693, 0.8344878048780489]], "class": 4}