{"image": "dd24029b-6b41-11ee-ad36-fcb3bc5cd112.jpg", "bboxes": [[0.07617073170731714, 0.4774634146341463, 0.17860975609756113, 0.5762439024390243], [0.2151951219512196, 0.4762439024390243, 0.29324390243902443, 0.5896585365853658], [0.41519512195121944, 0.19941463414634145, 0.4590975609756097, 0.23965853658536582], [0.4725121951219512, 0.20917073170731706, 0.5225121951219511, 0.24209756097560972]], "class": 4}