{"image": "dd24029b-6b41-11ee-ad36-fcb3bc5cd112.jpg", "bboxes": [[0.9157560975609756, 0.4433414634146342, 0.9938048780487805, 0.5567560975609757], [0.7499024390243904, 0.7933414634146342, 0.7938048780487805, 0.8335853658536585], [0.6864878048780488, 0.7909024390243903, 0.7364878048780488, 0.8238292682926829]], "class": 3}