{"image": "dd24029b-6b41-11ee-ad36-fcb3bc5cd112.jpg", "bboxes": [[0.7223902439024389, 0.4977560975609756, 0.8248292682926829, 0.5965365853658537], [0.6077560975609756, 0.48434146341463413, 0.6858048780487804, 0.5977560975609757], [0.44190243902439036, 0.8343414634146342, 0.48580487804878053, 0.8745853658536585], [0.3784878048780488, 0.8319024390243903, 0.4284878048780488, 0.8648292682926829]], "class": 4}