{"image": "dd24029b-6b41-11ee-ad36-fcb3bc5cd112.jpg", "bboxes": [[0.9493902439024389, 0.4554634146341463, 1.0, 0.5542439024390244], [0.8347560975609756, 0.45424390243902435, 0.9128048780487804, 0.5676585365853658], [0.6689024390243903, 0.17741463414634145, 0.7128048780487806, 0.21765853658536582], [0.6054878048780488, 0.18717073170731707, 0.6554878048780488, 0.22009756097560973]], "class": 4}