{"image": "dd24029b-6b41-11ee-ad36-fcb3bc5cd112.jpg", "bboxes": [[0.9693902439024389, 0.4727560975609756, 1.0, 0.5715365853658536], [0.8547560975609756, 0.4593414634146342, 0.9328048780487804, 0.5727560975609757], [0.6889024390243903, 0.8093414634146342, 0.7328048780487806, 0.8495853658536585], [0.6254878048780488, 0.8069024390243903, 0.6754878048780488, 0.8398292682926829]], "class": 4}