{"image": "dd24029b-6b41-11ee-ad36-fcb3bc5cd112.jpg", "bboxes": [[0.9017560975609756, 0.47034146341463423, 0.9798048780487805, 0.5837560975609757], [0.7359024390243903, 0.8203414634146342, 0.7798048780487805, 0.8605853658536585], [0.6724878048780488, 0.8179024390243903, 0.7224878048780488, 0.8508292682926829]], "class": 3}