{"image": "dd24029b-6b41-11ee-ad36-fcb3bc5cd112.jpg", "bboxes": [[0.0, 0.42746341463414633, 0.04760975609756113, 0.5262439024390244], [0.08419512195121959, 0.4262439024390243, 0.16224390243902442, 0.5396585365853658], [0.28419512195121943, 0.14941463414634146, 0.3280975609756097, 0.18965853658536583], [0.3415121951219512, 0.15917073170731705, 0.39151219512195123, 0.19209756097560973]], "class": 4}