{"image": "dd24029b-6b41-11ee-ad36-fcb3bc5cd112.jpg", "bboxes": [[0.2733902439024389, 0.4044634146341463, 0.37582926829268287, 0.5032439024390244], [0.1587560975609756, 0.40324390243902436, 0.23680487804878045, 0.5166585365853659], [0.0, 0.12641463414634146, 0.03680487804878055, 0.16665853658536584]], "class": 3}