{"image": "dd24029b-6b41-11ee-ad36-fcb3bc5cd112.jpg", "bboxes": [[0.2933902439024389, 0.42946341463414633, 0.39582926829268283, 0.5282439024390244], [0.1787560975609756, 0.4282439024390243, 0.25680487804878044, 0.5416585365853658], [0.012902439024390333, 0.15141463414634146, 0.05680487804878055, 0.19165853658536583]], "class": 3}