{"image": "dd24029b-6b41-11ee-ad36-fcb3bc5cd112.jpg", "bboxes": [[0.9757560975609756, 0.4762439024390243, 1.0, 0.5896585365853658], [0.8099024390243903, 0.19941463414634145, 0.8538048780487806, 0.23965853658536582], [0.7464878048780488, 0.20917073170731706, 0.7964878048780488, 0.24209756097560972]], "class": 3}