{"image": "dd24029b-6b41-11ee-ad36-fcb3bc5cd112.jpg", "bboxes": [[0.07817073170731714, 0.4937560975609756, 0.18060975609756114, 0.5925365853658537], [0.2171951219512196, 0.48034146341463413, 0.29524390243902443, 0.5937560975609757], [0.41719512195121944, 0.8303414634146342, 0.4610975609756097, 0.8705853658536585], [0.4745121951219512, 0.8279024390243903, 0.5245121951219511, 0.8608292682926829]], "class": 4}