{"image": "dd24029b-6b41-11ee-ad36-fcb3bc5cd112.jpg", "bboxes": [[0.20617073170731715, 0.45575609756097557, 0.30860975609756114, 0.5545365853658537], [0.3451951219512196, 0.4423414634146342, 0.42324390243902443, 0.5557560975609757], [0.5451951219512194, 0.7923414634146342, 0.5890975609756097, 0.8325853658536586], [0.6025121951219512, 0.7899024390243903, 0.6525121951219512, 0.822829268292683]], "class": 4}