{"image": "dd813501-6b41-11ee-b349-fcb3bc5cd112.jpg", "bboxes": [[0.8805121951219512, 0.3814146341463414, 0.9829512195121949, 0.48995121951219517], [0.762219512195122, 0.3826341463414634, 0.8439268292682925, 0.4997073170731708], [0.587829268292683, 0.118, 0.6317317073170732, 0.1570243902439024], [0.5207560975609756, 0.1228780487804878, 0.5707560975609756, 0.16678048780487803]], "class": 4}