{"image": "dd813501-6b41-11ee-b349-fcb3bc5cd112.jpg", "bboxes": [[0.398048780487805, 0.41741463414634145, 0.5004878048780488, 0.5259512195121951], [0.5370731707317075, 0.4186341463414634, 0.618780487804878, 0.5357073170731708], [0.7492682926829268, 0.154, 0.793170731707317, 0.19302439024390242], [0.8102439024390244, 0.1588780487804878, 0.8602439024390244, 0.20278048780487803]], "class": 4}