{"image": "dd813501-6b41-11ee-b349-fcb3bc5cd112.jpg", "bboxes": [[0.3375121951219512, 0.4334146341463414, 0.43995121951219496, 0.5419512195121952], [0.21921951219512198, 0.4346341463414634, 0.3009268292682925, 0.5517073170731708], [0.04482926829268297, 0.17, 0.0887317073170732, 0.20902439024390243], [0.0, 0.1748780487804878, 0.027756097560975603, 0.21878048780487802]], "class": 4}