{"image": "dd813501-6b41-11ee-b349-fcb3bc5cd112.jpg", "bboxes": [[0.0, 0.46704878048780485, 0.060487804878048834, 0.5755853658536585], [0.09707317073170751, 0.45729268292682923, 0.17878048780487799, 0.5743658536585365], [0.30926829268292677, 0.7999756097560976, 0.35317073170731705, 0.839], [0.3702439024390244, 0.790219512195122, 0.42024390243902443, 0.8341219512195122]], "class": 4}