{"image": "dd813501-6b41-11ee-b349-fcb3bc5cd112.jpg", "bboxes": [[0.1190487804878051, 0.4284146341463414, 0.22148780487804876, 0.5369512195121952], [0.25807317073170744, 0.4296341463414634, 0.339780487804878, 0.5467073170731708], [0.4702682926829268, 0.165, 0.514170731707317, 0.20402439024390243], [0.5312439024390244, 0.1698780487804878, 0.5812439024390244, 0.21378048780487802]], "class": 4}