{"image": "dd813501-6b41-11ee-b349-fcb3bc5cd112.jpg", "bboxes": [[0.7605121951219512, 0.49204878048780487, 0.8629512195121949, 0.6005853658536586], [0.642219512195122, 0.48229268292682925, 0.7239268292682925, 0.5993658536585367], [0.46782926829268295, 0.8249756097560976, 0.5117317073170732, 0.864], [0.4007560975609756, 0.815219512195122, 0.4507560975609756, 0.8591219512195122]], "class": 4}