{"image": "dd813501-6b41-11ee-b349-fcb3bc5cd112.jpg", "bboxes": [[0.18004878048780504, 0.40541463414634143, 0.2824878048780488, 0.5139512195121951], [0.3190731707317075, 0.4066341463414634, 0.40078048780487807, 0.5237073170731708], [0.5312682926829269, 0.142, 0.575170731707317, 0.1810243902439024], [0.5922439024390245, 0.1468780487804878, 0.6422439024390244, 0.19078048780487802]], "class": 4}