{"image": "dd813501-6b41-11ee-b349-fcb3bc5cd112.jpg", "bboxes": [[0.511048780487805, 0.4524146341463414, 0.6134878048780488, 0.5609512195121952], [0.6500731707317075, 0.45363414634146343, 0.731780487804878, 0.5707073170731708], [0.8622682926829268, 0.189, 0.906170731707317, 0.22802439024390242], [0.9232439024390244, 0.1938780487804878, 0.9732439024390244, 0.237780487804878]], "class": 4}