{"image": "ddbdd61e-6b41-11ee-9942-fcb3bc5cd112.jpg", "bboxes": [[0.04526829268292709, 0.38280487804878044, 0.15990243902439039, 0.47670731707317077], [0.18673170731707323, 0.3876829268292683, 0.27087804878048793, 0.48890243902439023], [0.3989268292682926, 0.10353658536585365, 0.45136585365853654, 0.145]], "class": 3}