{"image": "ddbdd61e-6b41-11ee-9942-fcb3bc5cd112.jpg", "bboxes": [[0.24309756097560967, 0.4218048780487804, 0.35773170731707293, 0.5157073170731707], [0.1321219512195121, 0.4266829268292683, 0.2162682926829268, 0.5279024390243903], [0.0, 0.14253658536585365, 0.004073170731707364, 0.184]], "class": 3}