{"image": "ddbdd61e-6b41-11ee-9942-fcb3bc5cd112.jpg", "bboxes": [[0.11826829268292705, 0.39780487804878045, 0.23290243902439034, 0.4917073170731708], [0.2597317073170732, 0.4026829268292683, 0.3438780487804879, 0.5039024390243902], [0.47192682926829266, 0.11853658536585365, 0.5243658536585366, 0.16]], "class": 3}