{"image": "ddbdd61e-6b41-11ee-9942-fcb3bc5cd112.jpg", "bboxes": [[0.21726829268292702, 0.5002926829268293, 0.3319024390243903, 0.5941951219512196], [0.35873170731707316, 0.48809756097560975, 0.44287804878048787, 0.5893170731707317], [0.5709268292682926, 0.832, 0.6233658536585366, 0.8734634146341463]], "class": 3}