{"image": "ddbdd61e-6b41-11ee-9942-fcb3bc5cd112.jpg", "bboxes": [[0.5600975609756097, 0.3598048780487804, 0.674731707317073, 0.45370731707317075], [0.4491219512195121, 0.3646829268292683, 0.5332682926829269, 0.4659024390243902], [0.26863414634146343, 0.08053658536585365, 0.3210731707317074, 0.122]], "class": 3}