{"image": "ddbdd61e-6b41-11ee-9942-fcb3bc5cd112.jpg", "bboxes": [[0.33609756097560967, 0.3648048780487804, 0.45073170731707296, 0.45870731707317075], [0.2251219512195121, 0.3696829268292683, 0.3092682926829268, 0.4709024390243902], [0.044634146341463406, 0.08553658536585365, 0.09707317073170736, 0.127]], "class": 3}