{"image": "ddbdd61e-6b41-11ee-9942-fcb3bc5cd112.jpg", "bboxes": [[0.44109756097560965, 0.34780487804878046, 0.555731707317073, 0.4417073170731708], [0.3301219512195121, 0.3526829268292683, 0.4142682926829268, 0.4539024390243902], [0.1496341463414634, 0.06853658536585365, 0.20207317073170736, 0.11]], "class": 3}