{"image": "ddbdd61e-6b41-11ee-9942-fcb3bc5cd112.jpg", "bboxes": [[0.7190975609756096, 0.3538048780487804, 0.8337317073170729, 0.4477073170731708], [0.6081219512195121, 0.3586829268292683, 0.6922682926829268, 0.4599024390243902], [0.4276341463414634, 0.07453658536585366, 0.48007317073170735, 0.116]], "class": 3}