{"image": "ddbdd61e-6b41-11ee-9942-fcb3bc5cd112.jpg", "bboxes": [[0.9681219512195121, 0.4036829268292683, 1.0, 0.5049024390243902], [0.7876341463414634, 0.11953658536585365, 0.8400731707317074, 0.161]], "class": 2}