{"image": "de9ccd2c-6b42-11ee-acf7-fcb3bc5cd112.jpg", "bboxes": [[0.01241463414634154, 0.6063658536585366, 0.09046341463414638, 0.6917317073170732]], "class": 1}