{"image": "de9ccd2c-6b42-11ee-acf7-fcb3bc5cd112.jpg", "bboxes": [[0.38941463414634153, 0.3552682926829268, 0.46746341463414637, 0.4406341463414634], [0.3064878048780489, 0.3638048780487805, 0.37356097560975615, 0.42965853658536585]], "class": 2}