{"image": "de9ccd2c-6b42-11ee-acf7-fcb3bc5cd112.jpg", "bboxes": [[0.5525365853658537, 0.3022682926829268, 0.6305853658536584, 0.3876341463414634], [0.6464390243902438, 0.3108048780487805, 0.7135121951219511, 0.3766585365853658]], "class": 2}