{"image": "de9ccd2c-6b42-11ee-acf7-fcb3bc5cd112.jpg", "bboxes": [[0.15241463414634154, 0.3592682926829268, 0.23046341463414638, 0.4446341463414634], [0.06948780487804891, 0.3678048780487805, 0.13656097560975616, 0.43365853658536585]], "class": 2}