{"image": "de9ccd2c-6b42-11ee-acf7-fcb3bc5cd112.jpg", "bboxes": [[0.09641463414634154, 0.2982682926829268, 0.17446341463414639, 0.3836341463414634], [0.013487804878048905, 0.3068048780487805, 0.08056097560975616, 0.3726585365853658]], "class": 2}