{"image": "de9ccd2c-6b42-11ee-acf7-fcb3bc5cd112.jpg", "bboxes": [[0.5144146341463416, 0.5573658536585366, 0.5924634146341464, 0.6427317073170732], [0.4314878048780489, 0.5683414634146342, 0.49856097560975615, 0.6341951219512195]], "class": 2}