{"image": "de9ccd2c-6b42-11ee-acf7-fcb3bc5cd112.jpg", "bboxes": [[0.13341463414634155, 0.31526829268292683, 0.21146341463414636, 0.4006341463414634], [0.05048780487804891, 0.3238048780487805, 0.11756097560975616, 0.3896585365853658]], "class": 2}