{"image": "e5bd36b3-6b44-11ee-80af-fcb3bc5cd112.jpg", "bboxes": [[0.24014634146341474, 0.6894146341463414, 0.3011219512195122, 0.7589268292682927]], "class": 1}