{"image": "e5bd36b3-6b44-11ee-80af-fcb3bc5cd112.jpg", "bboxes": [[0.15114634146341474, 0.7164146341463414, 0.2121219512195122, 0.7859268292682926]], "class": 1}