{"image": "e5bd36b3-6b44-11ee-80af-fcb3bc5cd112.jpg", "bboxes": [[0.8588780487804878, 0.7124146341463414, 0.9198536585365853, 0.7819268292682926]], "class": 1}