{"image": "e5bd36b3-6b44-11ee-80af-fcb3bc5cd112.jpg", "bboxes": [[0.28587804878048784, 0.7294146341463414, 0.34685365853658523, 0.7989268292682926]], "class": 1}