{"image": "e5bd36b3-6b44-11ee-80af-fcb3bc5cd112.jpg", "bboxes": [[0.1218780487804878, 0.6764146341463414, 0.1828536585365853, 0.7459268292682927]], "class": 1}