{"image": "e5bd36b3-6b44-11ee-80af-fcb3bc5cd112.jpg", "bboxes": [[0.1238780487804878, 0.7194146341463414, 0.1848536585365853, 0.7889268292682926]], "class": 1}