{"image": "e5bd36b3-6b44-11ee-80af-fcb3bc5cd112.jpg", "bboxes": [[0.8151463414634147, 0.6874146341463414, 0.8761219512195122, 0.7569268292682927]], "class": 1}