{"image": "e5bd36b3-6b44-11ee-80af-fcb3bc5cd112.jpg", "bboxes": [[0.22814634146341473, 0.7014146341463414, 0.2891219512195122, 0.7709268292682926]], "class": 1}