{"image": "e5bd36b3-6b44-11ee-80af-fcb3bc5cd112.jpg", "bboxes": [[0.9268780487804877, 0.7174146341463414, 0.9878536585365852, 0.7869268292682926]], "class": 1}