{"image": "e5bd36b3-6b44-11ee-80af-fcb3bc5cd112.jpg", "bboxes": [[0.8171463414634147, 0.7044146341463414, 0.8781219512195122, 0.7739268292682926]], "class": 1}