{"image": "e5bd36b3-6b44-11ee-80af-fcb3bc5cd112.jpg", "bboxes": [[0.45287804878048776, 0.7424146341463415, 0.5138536585365853, 0.8119268292682926]], "class": 1}