{"image": "e5bd36b3-6b44-11ee-80af-fcb3bc5cd112.jpg", "bboxes": [[0.6841463414634147, 0.7214146341463414, 0.7451219512195122, 0.7909268292682926]], "class": 1}