{"image": "e5bd36b3-6b44-11ee-80af-fcb3bc5cd112.jpg", "bboxes": [[0.8748780487804878, 0.7344146341463414, 0.9358536585365853, 0.8039268292682926]], "class": 1}