{"image": "e5bd36b3-6b44-11ee-80af-fcb3bc5cd112.jpg", "bboxes": [[0.3548780487804878, 0.6844146341463414, 0.4158536585365853, 0.7539268292682927]], "class": 1}