{"image": "e5bd36b3-6b44-11ee-80af-fcb3bc5cd112.jpg", "bboxes": [[0.7458780487804878, 0.7224146341463414, 0.8068536585365853, 0.7919268292682926]], "class": 1}