{"image": "e630621c-6b3f-11ee-971c-fcb3bc5cd112.jpg", "bboxes": [[0.7920975609756097, 0.1548536585365854, 0.9884390243902438, 0.337780487804878], [0.6933170731707317, 0.42314634146341457, 0.8299024390243901, 0.562170731707317], [0.4518536585365854, 0.3999756097560976, 0.5933170731707318, 0.5450975609756098]], "class": 3}