{"image": "e630621c-6b3f-11ee-971c-fcb3bc5cd112.jpg", "bboxes": [[0.07368292682926825, 0.5059024390243902, 0.2151463414634146, 0.6510243902439025]], "class": 1}