{"image": "e630621c-6b3f-11ee-971c-fcb3bc5cd112.jpg", "bboxes": [[0.08031707317073189, 0.1331219512195122, 0.27787804878048794, 0.3416585365853658], [0.32056097560975627, 0.1538536585365854, 0.5169024390243904, 0.336780487804878], [0.47909756097560985, 0.42214634146341456, 0.6156829268292683, 0.561170731707317], [0.7156829268292683, 0.3989756097560976, 0.8571463414634146, 0.5440975609756098]], "class": 4}