{"image": "e630621c-6b3f-11ee-971c-fcb3bc5cd112.jpg", "bboxes": [[0.4961219512195121, 0.7033414634146342, 0.6936829268292681, 0.9118780487804878], [0.25709756097560965, 0.708219512195122, 0.45343902439024375, 0.8911463414634146], [0.15831707317073165, 0.48382926829268297, 0.2949024390243901, 0.6228536585365854], [0.0, 0.5009024390243902, 0.05831707317073176, 0.6460243902439025]], "class": 4}