{"image": "e630621c-6b3f-11ee-971c-fcb3bc5cd112.jpg", "bboxes": [[0.8001219512195121, 0.6943414634146342, 0.9976829268292682, 0.9028780487804878], [0.5610975609756097, 0.699219512195122, 0.7574390243902437, 0.8821463414634146], [0.4623170731707317, 0.47482926829268296, 0.5989024390243901, 0.6138536585365854], [0.2208536585365854, 0.49190243902439024, 0.36231707317073175, 0.6370243902439024]], "class": 4}