{"image": "e630621c-6b3f-11ee-971c-fcb3bc5cd112.jpg", "bboxes": [[0.14931707317073184, 0.7103414634146342, 0.3468780487804879, 0.9188780487804878], [0.3895609756097562, 0.715219512195122, 0.5859024390243903, 0.8981463414634147], [0.5480975609756099, 0.490829268292683, 0.6846829268292683, 0.6298536585365854], [0.7846829268292682, 0.5079024390243903, 0.9261463414634146, 0.6530243902439025]], "class": 4}