{"image": "e630621c-6b3f-11ee-971c-fcb3bc5cd112.jpg", "bboxes": [[0.0, 0.07412195121951215, 0.04187804878048795, 0.28265853658536577], [0.08456097560975628, 0.09485365853658534, 0.2809024390243904, 0.2777804878048781], [0.24309756097560986, 0.3631463414634146, 0.3796829268292684, 0.502170731707317], [0.4796829268292683, 0.33997560975609753, 0.6211463414634146, 0.48509756097560974]], "class": 4}