{"image": "e630621c-6b3f-11ee-971c-fcb3bc5cd112.jpg", "bboxes": [[0.03831707317073185, 0.7073414634146342, 0.2358780487804879, 0.9158780487804878], [0.27856097560975623, 0.712219512195122, 0.47490243902439033, 0.8951463414634147], [0.4370975609756099, 0.48782926829268297, 0.5736829268292684, 0.6268536585365854], [0.6736829268292682, 0.5049024390243902, 0.8151463414634146, 0.6500243902439025]], "class": 4}