{"image": "e630621c-6b3f-11ee-971c-fcb3bc5cd112.jpg", "bboxes": [[0.06568292682926824, 0.4649024390243902, 0.2071463414634146, 0.6100243902439024]], "class": 1}