{"image": "e630621c-6b3f-11ee-971c-fcb3bc5cd112.jpg", "bboxes": [[0.6691219512195121, 0.10512195121951218, 0.8666829268292682, 0.3136585365853658], [0.4300975609756097, 0.12585365853658537, 0.6264390243902437, 0.308780487804878], [0.33131707317073167, 0.39414634146341465, 0.4679024390243901, 0.5331707317073171], [0.08985365853658539, 0.37097560975609756, 0.23131707317073175, 0.5160975609756098]], "class": 4}