{"image": "edeb4e4d-6b42-11ee-815f-fcb3bc5cd112.jpg", "bboxes": [[0.3191951219512196, 0.5222682926829268, 0.4301707317073171, 0.6466585365853659], [0.19358536585365857, 0.5295853658536586, 0.2960243902439025, 0.6527560975609756]], "class": 2}