{"image": "edeb4e4d-6b42-11ee-815f-fcb3bc5cd112.jpg", "bboxes": [[0.9858292682926828, 0.4892682926829268, 1.0, 0.6136585365853658]], "class": 1}