{"image": "edeb4e4d-6b42-11ee-815f-fcb3bc5cd112.jpg", "bboxes": [[0.4608292682926829, 0.5242682926829269, 0.5718048780487804, 0.6486585365853659], [0.5949756097560975, 0.5315853658536586, 0.6974146341463414, 0.6547560975609756]], "class": 2}