{"image": "edeb4e4d-6b42-11ee-815f-fcb3bc5cd112.jpg", "bboxes": [[0.5358292682926828, 0.3373414634146342, 0.6468048780487805, 0.46173170731707314], [0.6699756097560976, 0.33124390243902435, 0.7724146341463414, 0.4544146341463414]], "class": 2}