{"image": "edeb4e4d-6b42-11ee-815f-fcb3bc5cd112.jpg", "bboxes": [[0.5498292682926829, 0.3273414634146342, 0.6608048780487805, 0.45173170731707324], [0.6839756097560975, 0.32124390243902434, 0.7864146341463414, 0.4444146341463414]], "class": 2}