{"image": "f10e287f-6b42-11ee-a489-fcb3bc5cd112.jpg", "bboxes": [[0.383829268292683, 0.48765853658536584, 0.45821951219512197, 0.5376585365853659], [0.3277317073170732, 0.44985365853658543, 0.4021219512195122, 0.5218048780487805]], "class": 2}