{"image": "f10e287f-6b42-11ee-a489-fcb3bc5cd112.jpg", "bboxes": [[0.600780487804878, 0.47365853658536583, 0.675170731707317, 0.5236585365853659], [0.6568780487804877, 0.4358536585365854, 0.7312682926829268, 0.5078048780487805]], "class": 2}