{"image": "f10e287f-6b42-11ee-a489-fcb3bc5cd112.jpg", "bboxes": [[0.656780487804878, 0.4276585365853658, 0.7311707317073171, 0.47765853658536583], [0.7128780487804878, 0.3898536585365854, 0.7872682926829269, 0.46180487804878045]], "class": 2}