{"image": "f10e287f-6b42-11ee-a489-fcb3bc5cd112.jpg", "bboxes": [[0.439829268292683, 0.4893414634146342, 0.514219512195122, 0.5393414634146342], [0.3837317073170732, 0.5051951219512195, 0.4581219512195122, 0.5771463414634146]], "class": 2}