{"image": "f10e287f-6b42-11ee-a489-fcb3bc5cd112.jpg", "bboxes": [[0.750780487804878, 0.5233414634146342, 0.825170731707317, 0.5733414634146342], [0.8068780487804879, 0.5391951219512195, 0.8812682926829268, 0.6111463414634146]], "class": 2}