{"image": "f10e287f-6b42-11ee-a489-fcb3bc5cd112.jpg", "bboxes": [[0.875780487804878, 0.4226585365853658, 0.950170731707317, 0.47265853658536583], [0.9318780487804879, 0.3848536585365854, 1.0, 0.45680487804878045]], "class": 2}