{"image": "f9f68f9b-6b3f-11ee-8fc6-fcb3bc5cd112.jpg", "bboxes": [[0.14156097560975603, 0.6699512195121952, 0.17570731707317055, 0.7114146341463414], [0.1049756097560977, 0.6626341463414633, 0.15131707317073165, 0.7053170731707317], [0.0, 0.5638536585365854, 0.03790243902439033, 0.6406829268292683]], "class": 3}