{"image": "f9f68f9b-6b3f-11ee-8fc6-fcb3bc5cd112.jpg", "bboxes": [[0.526560975609756, 0.2995853658536585, 0.5607073170731706, 0.34104878048780485], [0.4899756097560977, 0.3056829268292683, 0.5363170731707316, 0.3483658536585366], [0.3326585365853659, 0.3703170731707317, 0.42290243902439034, 0.4471463414634146], [0.22778048780487814, 0.39592682926829265, 0.3021707317073171, 0.46178048780487807]], "class": 4}