{"image": "f9f68f9b-6b3f-11ee-8fc6-fcb3bc5cd112.jpg", "bboxes": [[0.563560975609756, 0.7009512195121952, 0.5977073170731706, 0.7424146341463415], [0.5269756097560977, 0.6936341463414635, 0.5733170731707317, 0.7363170731707317], [0.36965853658536596, 0.5948536585365853, 0.4599024390243903, 0.6716829268292683], [0.2647804878048781, 0.5802195121951219, 0.33917073170731715, 0.6460731707317073]], "class": 4}