{"image": "f9f68f9b-6b3f-11ee-8fc6-fcb3bc5cd112.jpg", "bboxes": [[0.8222926829268294, 0.6619512195121952, 0.856439024390244, 0.7034146341463414], [0.8466829268292684, 0.6546341463414633, 0.8930243902439023, 0.6973170731707317], [0.9600975609756097, 0.5558536585365854, 1.0, 0.6326829268292683]], "class": 3}