{"image": "f9f68f9b-6b3f-11ee-8fc6-fcb3bc5cd112.jpg", "bboxes": [[0.4882926829268295, 0.25258536585365854, 0.5224390243902439, 0.2940487804878048], [0.5126829268292683, 0.2586829268292683, 0.5590243902439023, 0.3013658536585366], [0.6260975609756096, 0.3233170731707317, 0.7163414634146341, 0.4001463414634146], [0.7468292682926829, 0.34892682926829266, 0.8212195121951219, 0.4147804878048781]], "class": 4}