{"image": "f9f68f9b-6b3f-11ee-8fc6-fcb3bc5cd112.jpg", "bboxes": [[0.07029268292682944, 0.2905853658536585, 0.104439024390244, 0.33204878048780484], [0.09468292682926838, 0.2966829268292683, 0.14102439024390234, 0.3393658536585366], [0.20809756097560972, 0.3613170731707317, 0.2983414634146341, 0.43814634146341463], [0.3288292682926829, 0.38692682926829264, 0.40321951219512187, 0.45278048780487806]], "class": 4}