{"image": "f9f68f9b-6b3f-11ee-8fc6-fcb3bc5cd112.jpg", "bboxes": [[0.283560975609756, 0.30458536585365853, 0.31770731707317057, 0.34604878048780485], [0.2469756097560977, 0.3106829268292683, 0.29331707317073163, 0.35336585365853657], [0.08965853658536593, 0.3753170731707317, 0.17990243902439032, 0.4521463414634146], [0.0, 0.40092682926829265, 0.05917073170731715, 0.4667804878048781]], "class": 4}