{"image": "f9f68f9b-6b3f-11ee-8fc6-fcb3bc5cd112.jpg", "bboxes": [[0.0, 0.6496341463414634, 0.018024390243902344, 0.6923170731707318], [0.08509756097560972, 0.5508536585365854, 0.17534146341463408, 0.6276829268292683], [0.2058292682926829, 0.5362195121951219, 0.28021951219512187, 0.6020731707317073]], "class": 3}