{"image": "f9f68f9b-6b3f-11ee-8fc6-fcb3bc5cd112.jpg", "bboxes": [[0.0032926829268294933, 0.6879512195121952, 0.037439024390243936, 0.7294146341463414], [0.027682926829268317, 0.6806341463414634, 0.07402439024390228, 0.7233170731707317], [0.14109756097560966, 0.5818536585365854, 0.23134146341463402, 0.6586829268292683], [0.2618292682926828, 0.5672195121951219, 0.3362195121951219, 0.6330731707317074]], "class": 4}