{"image": "f9f68f9b-6b3f-11ee-8fc6-fcb3bc5cd112.jpg", "bboxes": [[0.878560975609756, 0.2995853658536585, 0.9127073170731705, 0.34104878048780485], [0.8419756097560976, 0.3056829268292683, 0.8883170731707316, 0.3483658536585366], [0.6846585365853659, 0.3703170731707317, 0.7749024390243904, 0.4471463414634146], [0.5797804878048781, 0.39592682926829265, 0.6541707317073171, 0.46178048780487807]], "class": 4}