{"image": "fcc8ee1f-6b41-11ee-8de3-fcb3bc5cd112.jpg", "bboxes": [[0.9304146341463413, 0.602390243902439, 1.0, 0.7145853658536586], [0.8060243902439024, 0.604829268292683, 0.8950487804878048, 0.7133658536585366], [0.7511463414634147, 0.5353170731707317, 0.8084634146341463, 0.602390243902439], [0.667, 0.2950731707317073, 0.7109024390243903, 0.3401951219512195], [0.6145609756097562, 0.3072682926829268, 0.6621219512195122, 0.3450731707317073]], "class": 5}