{"image": "fcc8ee1f-6b41-11ee-8de3-fcb3bc5cd112.jpg", "bboxes": [[0.4943658536585367, 0.614390243902439, 0.5955853658536587, 0.7265853658536586], [0.6309512195121951, 0.6168292682926829, 0.7199756097560976, 0.7253658536585366], [0.7175365853658537, 0.5473170731707317, 0.7748536585365853, 0.614390243902439], [0.8150975609756097, 0.3070731707317073, 0.859, 0.3521951219512195], [0.8638780487804878, 0.31926829268292684, 0.9114390243902438, 0.3570731707317073]], "class": 5}