{"image": "fcc8ee1f-6b41-11ee-8de3-fcb3bc5cd112.jpg", "bboxes": [[0.20736585365853666, 0.583390243902439, 0.3085853658536587, 0.6955853658536586], [0.3439512195121952, 0.585829268292683, 0.4329756097560976, 0.6943658536585366], [0.4305365853658537, 0.5163170731707317, 0.48785365853658524, 0.583390243902439], [0.5280975609756097, 0.2760731707317073, 0.5720000000000001, 0.3211951219512195], [0.5768780487804879, 0.2882682926829268, 0.6244390243902438, 0.32607317073170733]], "class": 5}