{"image": "fcc8ee1f-6b41-11ee-8de3-fcb3bc5cd112.jpg", "bboxes": [[0.9120243902439025, 0.3386341463414634, 1.0, 0.447170731707317], [0.8571463414634147, 0.44960975609756104, 0.9144634146341463, 0.5166829268292683], [0.773, 0.7118048780487805, 0.8169024390243903, 0.7569268292682927], [0.7205609756097562, 0.7069268292682926, 0.7681219512195122, 0.7447317073170732]], "class": 4}