{"image": "fcc8ee1f-6b41-11ee-8de3-fcb3bc5cd112.jpg", "bboxes": [[0.41041463414634133, 0.557390243902439, 0.5116341463414633, 0.6695853658536586], [0.2860243902439024, 0.559829268292683, 0.3750487804878048, 0.6683658536585366], [0.23114634146341473, 0.49031707317073175, 0.28846341463414626, 0.557390243902439], [0.147, 0.2500731707317073, 0.19090243902439033, 0.2951951219512195], [0.09456097560975615, 0.26226829268292684, 0.1421219512195122, 0.3000731707317073]], "class": 5}