{"image": "fcc8ee1f-6b41-11ee-8de3-fcb3bc5cd112.jpg", "bboxes": [[0.18836585365853675, 0.3264146341463414, 0.2895853658536587, 0.43860975609756103], [0.3249512195121952, 0.3276341463414634, 0.4139756097560976, 0.436170731707317], [0.4115365853658537, 0.43860975609756103, 0.4688536585365852, 0.5056829268292682], [0.5090975609756097, 0.7008048780487806, 0.5529999999999999, 0.7459268292682927], [0.5578780487804877, 0.6959268292682927, 0.6054390243902439, 0.7337317073170733]], "class": 5}