{"image": "fcc8ee1f-6b41-11ee-8de3-fcb3bc5cd112.jpg", "bboxes": [[0.9214146341463413, 0.2974146341463414, 1.0, 0.409609756097561], [0.7970243902439024, 0.29863414634146346, 0.8860487804878049, 0.407170731707317], [0.7421463414634147, 0.409609756097561, 0.7994634146341463, 0.47668292682926827], [0.658, 0.6718048780487804, 0.7019024390243903, 0.7169268292682927], [0.6055609756097562, 0.6669268292682927, 0.6531219512195122, 0.7047317073170731]], "class": 5}