{"image": "fcc8ee1f-6b41-11ee-8de3-fcb3bc5cd112.jpg", "bboxes": [[0.5284146341463413, 0.5393902439024391, 0.6296341463414633, 0.6515853658536586], [0.4040243902439024, 0.541829268292683, 0.4930487804878048, 0.6503658536585366], [0.3491463414634147, 0.47231707317073174, 0.40646341463414626, 0.5393902439024391], [0.265, 0.2320731707317073, 0.30890243902439035, 0.2771951219512195], [0.21256097560975615, 0.24426829268292682, 0.2601219512195122, 0.2820731707317073]], "class": 5}