{"image": "fcc8ee1f-6b41-11ee-8de3-fcb3bc5cd112.jpg", "bboxes": [[0.024365853658536718, 0.2994146341463414, 0.12558536585365865, 0.411609756097561], [0.16095121951219515, 0.30063414634146346, 0.24997560975609756, 0.409170731707317], [0.24753658536585377, 0.411609756097561, 0.3048536585365853, 0.4786829268292683], [0.3450975609756096, 0.6738048780487804, 0.389, 0.7189268292682927], [0.3938780487804878, 0.6689268292682926, 0.44143902439024385, 0.7067317073170731]], "class": 5}