{"image": "fcc8ee1f-6b41-11ee-8de3-fcb3bc5cd112.jpg", "bboxes": [[0.030365853658536723, 0.576390243902439, 0.13158536585365865, 0.6885853658536586], [0.16695121951219516, 0.578829268292683, 0.25597560975609757, 0.6873658536585366], [0.2535365853658538, 0.5093170731707317, 0.3108536585365853, 0.576390243902439], [0.3510975609756096, 0.26907317073170733, 0.395, 0.3141951219512195], [0.3998780487804878, 0.2812682926829268, 0.44743902439024386, 0.3190731707317073]], "class": 5}