{"image": "fcc8ee1f-6b41-11ee-8de3-fcb3bc5cd112.jpg", "bboxes": [[0.8964146341463413, 0.2754146341463414, 0.9976341463414633, 0.387609756097561], [0.7720243902439025, 0.27663414634146344, 0.8610487804878049, 0.3851707317073171], [0.7171463414634147, 0.387609756097561, 0.7744634146341463, 0.45468292682926825], [0.633, 0.6498048780487805, 0.6769024390243903, 0.6949268292682926], [0.5805609756097562, 0.6449268292682927, 0.6281219512195122, 0.6827317073170731]], "class": 5}