{"image": "fcc8ee1f-6b41-11ee-8de3-fcb3bc5cd112.jpg", "bboxes": [[0.5983658536585368, 0.2864146341463414, 0.6995853658536587, 0.398609756097561], [0.7349512195121952, 0.28763414634146345, 0.8239756097560975, 0.396170731707317], [0.8215365853658537, 0.398609756097561, 0.8788536585365853, 0.46568292682926826], [0.9190975609756097, 0.6608048780487805, 0.963, 0.7059268292682928], [0.9678780487804878, 0.6559268292682927, 1.0, 0.6937317073170732]], "class": 5}