{"image": "fcc8ee1f-6b41-11ee-8de3-fcb3bc5cd112.jpg", "bboxes": [[0.0, 0.586390243902439, 0.08458536585365872, 0.6985853658536586], [0.11995121951219512, 0.588829268292683, 0.20897560975609764, 0.6973658536585365], [0.20653658536585373, 0.5193170731707317, 0.26385365853658527, 0.586390243902439], [0.3040975609756097, 0.2790731707317073, 0.348, 0.3241951219512195], [0.3528780487804878, 0.2912682926829268, 0.4004390243902438, 0.32907317073170733]], "class": 5}