{"image": "fcc8ee1f-6b41-11ee-8de3-fcb3bc5cd112.jpg", "bboxes": [[0.5764146341463413, 0.609390243902439, 0.6776341463414632, 0.7215853658536586], [0.4520243902439024, 0.6118292682926829, 0.5410487804878048, 0.7203658536585366], [0.3971463414634147, 0.5423170731707317, 0.45446341463414625, 0.609390243902439], [0.313, 0.3020731707317073, 0.35690243902439034, 0.3471951219512195], [0.26056097560975616, 0.31426829268292683, 0.3081219512195122, 0.3520731707317073]], "class": 5}