{"image": "fcc8ee1f-6b41-11ee-8de3-fcb3bc5cd112.jpg", "bboxes": [[0.1914146341463413, 0.581390243902439, 0.2926341463414633, 0.6935853658536586], [0.06702439024390242, 0.583829268292683, 0.15604878048780482, 0.6923658536585366], [0.012146341463414728, 0.5143170731707317, 0.06946341463414626, 0.581390243902439]], "class": 3}