{"image": "fcc8ee1f-6b41-11ee-8de3-fcb3bc5cd112.jpg", "bboxes": [[0.32536585365853665, 0.2914146341463414, 0.4265853658536587, 0.403609756097561], [0.4619512195121952, 0.29263414634146345, 0.5509756097560976, 0.401170731707317], [0.5485365853658537, 0.403609756097561, 0.6058536585365852, 0.47068292682926827], [0.6460975609756097, 0.6658048780487804, 0.69, 0.7109268292682926], [0.6948780487804878, 0.6609268292682927, 0.7424390243902439, 0.6987317073170731]], "class": 5}