{"image": "fcc8ee1f-6b41-11ee-8de3-fcb3bc5cd112.jpg", "bboxes": [[0.3434146341463413, 0.33541463414634143, 0.4446341463414633, 0.44760975609756104], [0.2190243902439024, 0.3366341463414634, 0.3080487804878048, 0.445170731707317], [0.16414634146341472, 0.44760975609756104, 0.22146341463414626, 0.5146829268292683], [0.08, 0.7098048780487805, 0.12390243902439033, 0.7549268292682927], [0.027560975609756157, 0.7049268292682926, 0.07512195121951219, 0.7427317073170732]], "class": 5}