{"image": "fcc8ee1f-6b41-11ee-8de3-fcb3bc5cd112.jpg", "bboxes": [[0.8780243902439024, 0.608829268292683, 0.9670487804878048, 0.7173658536585366], [0.8231463414634147, 0.5393170731707317, 0.8804634146341462, 0.606390243902439], [0.739, 0.2990731707317073, 0.7829024390243904, 0.3441951219512195], [0.6865609756097562, 0.31126829268292683, 0.7341219512195122, 0.3490731707317073]], "class": 4}